PuzzleId,FEN,Moves,Rating,Themes
0Z5vT,2rq1rk1/1p1bbppp/4p3/4P3/1pPP2P1/3Q1N2/5P1P/RB3R1K b - - 1 20,d7c6 d3h7,400,kingsideAttack
H6zTb,8/8/1p6/1P1K4/p3N3/8/1k6/8 w - - 1 74,d5c6 a4a3 c6b6 a3a2 b6c6 a2a1q,400,promotion
0PPPx,r1b2r2/4bppk/ppp4p/5P2/2q1P1n1/2N3Q1/PPP3PP/R1B2R1K w - - 0 17,g3g4 c4f1,404,kingsideAttack
0Fb5d,1Q2kb1r/p1prpppp/6b1/4q3/6P1/2N4P/PPn3K1/R1BR4 b k - 1 16,d7d8 d1d8,407,mateIn1
0BQPl,r3R1k1/5n1p/p2p1Bp1/1ppP4/2P2P2/7q/P3Q3/6K1 b - - 1 29,a8e8 e2e8,408,mateIn1
088yl,1rk1q3/1p1n3p/p2Prnp1/2p5/P4B2/1Q3B1P/1P3PP1/R4RK1 w - - 2 25,f1e1 e6e1 a1e1 e8e1,414,kingsideAttack
1OKO0,4r2k/1p4pp/p3Qb2/3p4/8/PP4PP/2R4K/8 b - - 0 37,e8e6 c2c8 f6d8 c8d8 e6e8 d8e8,415,backRankMate
0vTpF,3r2k1/6p1/2b4p/b3p3/P7/1P2B3/5PPP/2R3K1 w - - 0 44,c1c6 d8d1,418,backRankMate
0YtJI,2R3k1/p4ppp/4rb2/1r1p4/8/PP2P2P/5PP1/4RK2 b - - 1 28,e6e8 c8e8,419,backRankMate
0FxWD,2r2rk1/pp1b1pp1/5q1p/3pp3/1Pn5/P2QPP2/1PB1N1PP/2R2RK1 b - - 3 20,c4b2 d3h7,424,mateIn1
0C7r0,4r1kB/pp3p1p/1np5/8/3R4/6P1/P3QP1P/6K1 b - - 0 23,e8e2 d4d8 e2e8 d8e8,429,mateIn2
0Xrd8,1q3rk1/p1pQ1ppp/3b4/4p3/2P5/4B3/P2R1PPP/Rr4K1 w - - 1 19,a1b1 b8b1 d2d1 b1d1,431,backRankMate mateIn2
48Lni,4r1k1/1pp2ppp/1p6/4Q3/8/2P5/PP3PPP/3R2K1 b - - 0 21,e8e5 d1d8 e5e8 d8e8,431,rookEndgame
4UWlh,3k4/1R3p2/3Kp2p/8/p1r5/1p3P2/5P2/8 b - - 1 39,d8e8 b7b8 c4c8 b8c8,436,rookEndgame
0URgB,3r3k/pq4pp/4Qr2/3R4/2p1p3/8/P1P2PPP/3R2K1 b - - 0 30,f6e6 d5d8 e6e8 d8e8,438,backRankMate hangingPiece mateIn2
08FDm,4r1k1/2p2ppp/3pq3/1Q6/2r5/2P5/P4PPP/R4RK1 w - - 3 23,f1e1 e6e1 a1e1 e8e1,441,backRankMate mateIn2
29wyw,8/p5kp/r5p1/2r5/8/4P3/5PPP/2R3K1 w - - 0 31,c1c5 a6a1 c5c1 a1c1,446,rookEndgame
06IuL,1r4k1/p1p2ppp/3p4/2pRR3/8/1P6/PqP2PPP/3Q2K1 b - - 0 20,d6e5 d5d8 b8d8 d1d8,447,backRankMate mateIn2
0AcJu,2k5/5r2/R1P1p3/6Pb/8/8/P7/4K3 b - - 0 47,f7c7 a6a8,449,mateIn1
BQFpb,8/8/8/1K1p1P2/3k4/8/8/8 b - - 0 47,d4e4 f5f6 d5d4 f6f7 d4d3 f7f8q,449,advancedPawn pawnEndgame promotion
0YPDM,k5r1/pp3Q2/1p6/1q6/1P6/8/Pb2RPP1/5KNr b - - 1 32,g8e8 f7e8 b5e8 e2e8,450,backRankMate mateIn2
06XTF,r4r1k/1p1R2pn/p3Q3/8/8/1P6/P5PP/4Rq1K w - - 2 26,e1f1 f8f1,451,backRankMate mateIn1
0yWBt,7k/pp4p1/8/5p2/1P1b1P2/P1r5/5PPP/3R3K w - - 0 27,d1d4 c3c1 d4d1 c1d1,451,backRankMate mateIn2 rookEndgame
155f3,2Q3k1/q2b1ppp/1b1p4/p2Pp3/Pp2P3/1P1N2nP/2R2PB1/6K1 b - - 1 33,d7c8 c2c8 b6d8 c8d8,451,backRankMate
07lbv,5rk1/p2r1ppp/2Q2n2/8/3Pp3/P1P1R3/P4PPP/R1Bq2K1 w - - 1 18,e3e1 d1e1,454,kingsideAttack mateIn1
0n4IE,6k1/5ppb/p6p/8/BP2n3/4PN2/6PP/2rR2K1 b - - 2 30,c1c3 d1d8,454,backRankMate
4QNH1,8/8/4P3/1R6/P7/1P4kP/4r3/6K1 w - - 4 55,a4a5 e2e1,456,rookEndgame
0xOUn,rR4k1/5pp1/p2P3p/4P3/4BP2/2r5/3p3P/1R4K1 b - - 1 31,a8b8 b1b8 c3c8 b8c8,457,mateIn2
0uVXw,r1b2rk1/ppppn1p1/7p/4P3/8/1PN5/P5PP/R1BQ1q1K w - - 2 16,d1f1 f8f1,464,backRankMate
12Vj1,2r5/4R2p/3b2pk/1pP5/8/1B6/P4PPP/6K1 w - - 0 31,c5d6 c8c1 b3d1 c1d1 e7e1 d1e1,464,backRankMate
AyiML,1r4k1/1pp2ppp/R1p5/5P2/4r3/5N2/1R4PP/6K1 b - - 0 23,b7a6 b2b8 e4e8 b8e8,468,hangingPiece
4IIbg,k6r/pp3pp1/7p/5B2/8/1PR1R3/5PPP/qQ1r2K1 w - - 1 25,b1d1 a1d1 e3e1 d1e1,469,hangingPiece
0l7TR,8/8/1p4P1/p4k1K/P3p3/8/1P2R3/5r2 w - - 1 42,e2g2 f1h1 g2h2 h1h2,470,mateIn2 rookEndgame
2FnxR,8/8/3k2pp/8/5PP1/3pK2P/2r5/3R4 b - - 5 52,c2c3 d1d3 c3d3 e3d3,470,rookEndgame
15Fdq,1k4r1/ppp1n3/7r/3P4/5p2/8/PBP1RKP1/4R3 b - - 0 28,e7d5 e2e8 g8e8 e1e8,471,backRankMate
DBoQx,8/7p/p7/2k1KP2/1p5P/8/8/8 b - - 0 50,b4b3 f5f6 c5c4 f6f7 b3b2 f7f8q,471,pawnEndgame promotion
08uwL,4Rq1k/nr4p1/pp1p3p/2pP1BbQ/1PP5/P7/5P1P/6K1 b - - 1 31,f8e8 h5e8,475,kingsideAttack mateIn1
0CjII,4rrk1/2qn1ppp/1ppp1R1B/p7/P2PP1Q1/2N5/1PP3PP/R5K1 b - - 0 19,d7f6 g4g7,475,kingsideAttack mateIn1
00CFp,rn1q3k/pp4pp/1b2B3/4N3/5r2/2p5/PP4PP/RN3Q1K w - - 0 16,f1f4 d8d1 f4f1 d1f1,477,kingsideAttack mateIn2
08wWv,2k5/ppp2ppp/1r6/8/2P3q1/N3Q1Pb/PP3P1P/R5K1 b - - 0 20,b6b2 e3e8,478,mateIn1
0LY3P,r4rk1/pp2pp1p/3p2p1/1B4N1/4P3/7Q/5P2/bq3NK1 b - - 3 24,b1b5 h3h7,478,mateIn1
1I20Z,2r3k1/qB3ppp/4p3/8/8/6P1/P2Q1P1P/3R2K1 b - - 0 27,a7b7 d2d8 c8d8 d1d8,479,backRankMate
1SEgI,1k6/2p4r/8/2P5/1p1p4/p7/PPP5/1K2R3 w - - 0 46,e1e4 h7h1 e4e1 h1e1,479,rookEndgame
08CSo,6k1/p7/1pp1r3/6P1/2n1BP2/2P5/P1P4R/2K5 w - - 5 31,e4d3 e6e1,480,mateIn1
17SqN,2r2k1r/pR2ppbp/2B3p1/8/8/4BNP1/P4P1P/6K1 b - - 0 25,c8c6 b7b8 c6c8 b8c8,480,backRankMate
A7PrR,1r2B2k/2p2rpp/3p2q1/8/QP2n3/5pPP/Pb3P2/2B2RK1 b - - 1 28,b8e8 a4e8 f7f8 e8f8,481,hangingPiece
06Ql3,4r1k1/5pbp/2r2NpB/p5P1/Pp1p3P/2p2K2/2P5/3RR3 b - - 5 35,g7f6 e1e8,482,mateIn1
0nqQk,6k1/R3R1p1/5p1p/8/1n6/8/PP3PrP/1K6 w - - 0 28,a2a3 g2g1 e7e1 g1e1,484,mateIn2
0OidU,5k2/1r3pbp/p2N4/PbpN1p2/1p6/1P4P1/1PK4P/4R3 b - - 9 44,b7d7 e1e8,485,mateIn1
0OELt,k1r5/p4p2/q6p/4B3/1R4P1/4P3/5P2/1R4K1 b - - 0 35,a6e6 b4b8 c8b8 b1b8,487,mateIn2
0zq7G,4r2k/1p4pp/p7/2p3Q1/P3nP2/1P2R3/1P4PP/6K1 b - - 0 27,e4g5 e3e8,487,backRankMate
4RP9y,2k5/2prrp2/1R2p1pp/p7/P2PP3/4K3/7P/2R5 b - - 0 35,c8d8 b6b8,487,rookEndgame
6r9T4,8/8/5kP1/K4P2/7N/1p6/8/8 w - - 0 59,a5a4 b3b2 a4b3 b2b1q,487,advancedPawn promotion
0My1q,2r2k2/6p1/2p2p1p/b3p3/4Q3/1qPP4/1P3PPP/R5K1 w - - 0 27,a1a5 b3d1 e4e1 d1e1,489,mateIn2
7q9uc,8/8/8/4K3/p3P3/1k2N3/8/8 w - - 2 56,e5d6 a4a3 e4e5 a3a2,489,advancedPawn
CQKR9,8/6K1/6P1/5P1k/8/8/b7/8 b - - 4 53,h5g5 f5f6 a2b1 f6f7 b1g6 f7f8q,489,promotion
09p8L,8/R7/5p2/P5p1/4r3/4r1k1/6P1/3R2K1 w - - 16 42,a7f7 e3e1 d1e1 e4e1,491,mateIn2 rookEndgame
1LFlv,4r1k1/pp3ppp/8/4p3/8/2q5/Pr3PPP/1R2Q1K1 w - - 0 25,e1c3 b2b1 c3c1 b1c1,491,backRankMate hangingPiece
9DFJ3,2b3k1/p1r1Nppp/8/1PR5/P2NnPP1/3pr2P/8/3R2K1 b - - 2 28,c7e7 c5c8 e7e8 c8e8,491,hangingPiece
0857U,r2qk2r/ppp2p2/3p3p/4p3/1bB1P1n1/2NP1QBb/PPP2P2/R3R1K1 b kq - 1 14,b4c5 f3f7,492,mateIn1
4PVuK,8/pkp3R1/8/6P1/8/4p3/PPP2r2/2K5 w - - 0 28,g7e7 f2f1,492,rookEndgame
0b6N0,3q2k1/rr4p1/2p1p2p/p1ppBp1b/P4P2/1P1PP1QP/2P2RP1/R5K1 b - - 2 22,h5f7 g3g7,493,kingsideAttack
0vE3P,6k1/6pp/r1p5/2P1N3/3P1p2/2R2PbP/6P1/6K1 w - - 0 47,c3b3 a6a1 b3b1 a1b1,494,mateIn2
NqR4f,8/7p/8/1PK1k1p1/8/8/8/8 b - - 0 54,g5g4 b5b6 e5e4 b6b7 g4g3 b7b8q,495,pawnEndgame
4F2JS,3R4/4P1kp/p5p1/1p1P4/5Pn1/P6b/1P5P/2rB2K1 w - - 3 37,e7e8q c1d1 e8e1 d1e1,497,hangingPiece
NeurC,8/8/4K3/1k2P3/5p2/8/8/8 w - - 0 62,e6f6 f4f3 e5e6 f3f2 e6e7 f2f1q,499,pawnEndgame
2mSWg,6k1/6P1/3p1PK1/3P4/1p4B1/8/7r/8 b - - 3 53,h2g2 f6f7,500,advancedPawn
4oxu9,2r4k/p5pp/8/1p6/3N4/PPR3PP/1KP5/4q3 b - - 2 40,e1f2 c3c8 f2f8 c8f8,500,hangingPiece
c3krl,4r2k/1bp2Q1p/3p2p1/p7/2N5/1P6/P5qP/6RK w - - 0 29,g1g2 e8e1 f7f1 e1f1,501,pin
0WL2F,5r2/ppb2rk1/2n3pp/P7/3pp3/1Q5P/1PPB2P1/R3Rq1K w - - 4 32,e1f1 f7f1 a1f1 f8f1,502,kingsideAttack mateIn2
2hNDo,5rk1/pb3ppp/1p2pn2/8/3N3Q/r3P3/1q3PPP/RR4K1 w - - 0 22,b1b2 a3a1 b2b1 a1b1,502,hangingPiece
9uX5g,3B4/8/k2b4/3K4/P7/6p1/8/8 w - - 0 55,d5d6 g3g2 a4a5 g2g1q,502,advancedPawn promotion
0PRMD,3r1rk1/pp2bppp/4p3/4P3/4q3/2P1pN2/PP4QP/R1K3R1 b - - 5 22,e3e2 g2g7,503,kingsideAttack
7u9Nq,1Q6/p2knp1p/2r1p3/3pq3/8/8/PP3PPP/2R3K1 w - - 0 29,b8e5 c6c1 e5e1 c1e1,504,hangingPiece
0FiCr,7k/pp3p1p/2q2QnB/2pr4/P4P2/6P1/1PP4P/4R1K1 b - - 0 25,c6f6 e1e8 g6f8 e8f8,505,mateIn2
0yX1Z,2R2b1r/1Q1nkpp1/3ppn2/4q1p1/4P3/P3B3/1P3PPP/5RK1 w - - 1 21,e3b6 e5h2,505,kingsideAttack
2zAjb,3rr1k1/1R4p1/p6p/8/1P6/P4pP1/5P1P/2Rq2K1 w - - 1 29,c1d1 d8d1,506,rookEndgame
0DUcv,r3k2r/4npp1/p2q2p1/1p1p4/4p3/2P2N2/PP2QPPP/R1B2RK1 w kq - 0 18,f3d4 d6h2,507,kingsideAttack mateIn1
0tcBo,5rk1/pp3rp1/2p5/4P3/4p1Q1/4b3/PPP3PP/R4RK1 w - - 0 23,g1h1 f7f1 a1f1 f8f1,507,backRankMate mateIn2
4EUxq,8/8/8/p7/P7/6k1/4p2p/4Rr1K w - - 1 52,e1f1 e2f1q,507,advancedPawn promotion
08igm,r5k1/1b2rppp/1p3n2/1B1qp3/3p4/P6P/NPP1QPP1/3R1RK1 w - - 2 18,c2c4 d5g2,508,kingsideAttack mateIn1
09LTe,1r3k2/r4pbp/2pNp1p1/q2nP3/8/P4Q2/1B3PPP/R3R1K1 w - - 4 25,b2c1 a5e1,508,kingsideAttack mateIn1
3Ckij,8/3R1pk1/7p/p7/1p4n1/1P6/P1K5/8 w - - 0 51,d7d5 g4e3 c2d3 e3d5,508,fork
Hdf9F,8/1K6/8/P1p5/2k5/8/8/8 b - - 0 51,c4b5 a5a6 c5c4 a6a7 c4c3 a7a8q,510,pawnEndgame
0bS3x,4r2k/pp4pp/2bq4/4r3/1P1p1Q2/8/P1P1N1PP/R4R1K b - - 2 22,d6g6 f4f8 e8f8 f1f8,512,backRankMate mateIn2
4BL4G,r1q1bnk1/4R1p1/p5rp/1p1pBp1Q/3PpN2/P7/1P3PPP/2R3K1 w - - 2 31,f4g6 c8c1 h5d1 c1d1,512,hangingPiece
ubXiZ,r1b2rk1/ppp2Npp/5n2/8/8/P7/BPP2PPP/3RK2R b K - 0 14,f8f7 d1d8 f6e8 d8e8,512,pin
5q5BO,B2qkb1r/p3nppp/8/2p5/4Q3/6Pb/PP3P1P/RNB2K2 w k - 1 14,f1g1 d8d1 e4e1 d1e1,513,fork
3UtVR,8/8/8/p7/1k4KP/8/8/8 w - - 0 58,g4f3 a5a4 h4h5 a4a3 h5h6 a3a2 h6h7 a2a1q,514,advancedPawn pawnEndgame promotion
Ckeqm,8/8/8/2K1P3/3p4/3k4/8/8 b - - 0 48,d3e3 e5e6 d4d3 e6e7 d3d2 e7e8q,514,pawnEndgame promotion
qJIOk,5k2/7K/6P1/5n2/7P/8/8/8 b - - 8 62,f5h4 g6g7 f8e7 g7g8q,514,deflection
2GN0V,8/8/7p/7P/1pk2PP1/5K2/n7/2N5 w - - 3 61,c1a2 b4b3 a2c1 b3b2,515,advancedPawn
EuVs3,6k1/1p6/8/2P2KP1/p2P4/8/8/8 w - - 0 67,f5e4 a4a3 d4d5 a3a2,515,pawnEndgame
G2E2l,8/2k5/1pp2p1p/pP1p1Pp1/P1PP2P1/1K4P1/8/8 b - - 0 51,d5c4 b3c4 c6b5 c4b5,516,pawnEndgame
LwtKx,4r1k1/1p3pp1/p3b1p1/3p4/3N4/2P3P1/PP3P1P/4R1K1 w - - 0 21,g1f1 e6h3 f1g1 e8e1,517,deflection
0LVez,8/1p4pk/1p1p3p/4p2q/2P1P3/5bPn/PP5P/R4Q1K w - - 1 26,f1f3 h5f3,518,mateIn1
4gxRB,4r3/pp3p1p/2k3p1/3pr3/8/2P5/PP1R1PPP/3R2K1 w - - 6 21,b2b3 e5e1 d1e1 e8e1,518,rookEndgame
K3muX,3r4/pp2kpp1/3n2p1/8/3R1P2/1P4P1/P4KBP/8 w - - 3 33,d4d2 d6e4 g2e4 d8d2,518,discoveredAttack
106nv,4r1k1/pp2qp1p/2pb1p2/3p1Q2/3P4/1PP2N1P/P4PP1/R5K1 w - - 9 22,a1e1 e7e1 f3e1 e8e1,519,kingsideAttack
5hEs4,3r4/p3bk2/1p4p1/8/1P2q2p/8/P4PPP/B3R1K1 w - - 0 33,e1e4 d8d1 e4e1 d1e1,519,fork
0ss3I,r2qr1kb/pp1bpp1p/3p2pB/3Q3n/2B1P3/2N5/PPP2PP1/R4RK1 b - - 1 14,d7c6 d5f7,520,kingsideAttack
1Wb7S,8/8/2p5/4p1pk/r3P3/p4K2/R7/8 b - - 3 62,h5h4 a2h2,520,rookEndgame
1sqOQ,5k2/5p1p/2P2Kp1/7r/1PR5/8/5P2/8 w - - 1 38,c6c7 h5f5,521,rookEndgame
23LqA,8/8/R1R5/5p2/5P2/5kP1/1r6/6K1 w - - 3 61,g1f1 b2b1 c6c1 b1c1,521,rookEndgame
8rF2g,8/7K/3k2p1/p5P1/4p2P/P7/8/8 w - - 0 56,h7g6 e4e3 h4h5 e3e2 h5h6 e2e1q,521,advancedPawn pawnEndgame promotion
0Fje7,2q2bk1/5p2/6pQ/8/4p3/pP2P3/r5PP/2R4K w - - 0 37,c1c8 a2a1 c8c1 a1c1,522,backRankMate mateIn2
0opJy,8/8/2K5/1P3p2/2k1p1p1/6P1/6P1/8 b - - 0 58,c4b4 b5b6 e4e3 b6b7 e3e2 b7b8q,522,advancedPawn pawnEndgame promotion
20E67,7k/5p1p/ppp5/4P3/P1n2P1P/6P1/2B4K/8 w - - 0 37,h2g2 c4e3 g2f3 e3c2,522,fork
hiFEx,2K4k/3R2p1/2P5/8/5q1P/8/8/8 b - - 7 86,f4f8 d7d8 f8d8 c8d8,522,defensiveMove pin
0byVn,1r5k/R5p1/7p/8/4B2K/7P/p5P1/r7 b - - 1 37,b8b2 a7a8 b2b8 a8b8,523,mateIn2
8WMQG,4R3/pkp2ppp/1pn2q2/3Q1p2/2P2B2/3P4/P1P2PPP/R5K1 w - - 1 20,c4c5 f6a1 f4c1 a1c1 e8e1 c1e1,523,hangingPiece
BAxaO,r1br2k1/pp3ppp/2n1p3/8/8/P2BPP2/1P3KPP/3R2NR b - - 4 15,c6e5 d3h7 g8h7 d1d8,523,discoveredAttack
22PsY,5k2/8/1r2BKP1/8/5P2/8/1p6/8 b - - 0 61,b2b1q g6g7 f8e8 g7g8q,524,advancedPawn deflection promotion
8FqNF,4r2k/ppp4p/2P3pP/5q2/3B3b/2N5/PP1r1PBN/4R1K1 b - - 1 27,d2d4 e1e8 f5f8 e8f8,524,hangingPiece
8u6ob,8/6kp/3p2p1/3q4/p6Q/5P2/P1P3PP/4R2K w - - 2 33,e1d1 d5d1 h4e1 d1e1,524,hangingPiece
0BdQV,2kr3r/ppp1np2/3qp3/P2p2p1/1P1P2np/2PQP3/3NNPPP/R4RK1 w - - 2 17,h2h3 d6h2,526,mateIn1
01lVf,2r3k1/p4p2/1p4pp/3p4/3Bq3/P6P/5QP1/5RK1 b - - 1 36,c8c2 f2f7,527,mateIn1
0khdh,5rk1/p4rpp/Q1R5/3p4/3Pp3/4P1Pb/PP1N3P/2RN1qK1 w - - 3 24,d2f1 f7f1 a6f1 f8f1,527,kingsideAttack mateIn2
CGVfM,8/ppp2pkp/1b2q3/4Np2/3P2b1/1PPQ4/1P4PP/4R2K w - - 2 23,e5g4 e6e1 d3f1 e1f1,527,hangingPiece
Omexz,8/8/8/P7/1K5p/7k/8/8 b - - 0 58,h3g3 a5a6 g3f2 a6a7 h4h3 a7a8q,527,pawnEndgame
2848Q,8/8/8/3k2KP/4p3/8/8/8 b - - 0 44,d5d4 h5h6 e4e3 h6h7 e3e2 h7h8q,528,advancedPawn pawnEndgame promotion
40mS4,1k2r3/1p6/4p3/p3P2p/P7/5q2/1P1p2Q1/6RK b - - 3 45,e8g8 g2f3 g8g1 h1g1,529,hangingPiece
1Cwwp,5k2/3KP3/5Pp1/3p2Pp/p1p4P/r7/8/8 b - - 0 46,f8f7 e7e8q,530,advancedPawn promotion
1Rpa2,r1r3k1/5ppp/3R4/Q7/pp5P/4P1P1/5P2/3R2K1 b - - 0 30,a8a5 d6d8 c8d8 d1d8,530,rookEndgame
Bhw5c,4r2k/pp4pp/2pqr3/5p1Q/8/6PR/PP3P1K/8 b - - 0 31,e6h6 h5e8 d6f8 e8f8,531,hangingPiece
0ZsVl,8/5rk1/6p1/7p/3R1K1P/4P1P1/5P2/8 w - - 2 53,f4g5 f7f5,532,rookEndgame
0a73M,7k/1p4pp/pb3p2/3p4/5P2/P2r1q2/1P1B4/1KQ5 b - - 9 44,f3e4 c1c8 b6d8 c8d8 e4e8 d8e8,532,backRankMate
CvMKj,2r3k1/p4ppp/1p6/3p4/3Pr2P/P1q1P2Q/4K3/R1B5 b - - 1 22,c3a1 h3c8 e4e8 c8e8,532,hangingPiece
18nX5,r3k2r/pp3ppp/2p5/4N3/Q1Pqn1b1/8/PP1B2PP/RN3BKR w kq - 3 14,d2e3 d4e3,533,kingsideAttack
8s1Ty,r1b1Qbk1/pp4rp/2p1pN2/3p4/5P2/3q2P1/P5KP/5R2 b - - 3 29,g8h8 e8f8 g7g8 f8g8,533,hangingPiece
D8Oi2,8/2N5/5K2/8/6p1/5k2/8/8 w - - 2 71,c7d5 g4g3 f6e5 g3g2 d5f4 g2g1q,534,promotion
0Dekd,7r/p6p/5R2/6pk/6P1/2Nr1P2/PP5P/6K1 b - - 0 30,h5h4 f6h6,535,mateIn1
0yQ5U,4rr2/pp1b1pbk/3p2p1/3n2Pp/3NPPnP/3B4/PPPR4/1K4BR w - - 0 21,e4d5 e8e1 d2d1 e1d1,535,backRankMate mateIn2
05wuR,3r4/2k3b1/2p4p/5Qp1/8/PP6/2P3PP/1K1rR3 w - - 3 31,e1d1 d8d1 b1a2 d1a1,536,mateIn2
ID7El,8/8/5pk1/3p3p/3P1KpP/6P1/8/8 b - - 2 45,g6h6 f4f5 h6g7 f5e6 g7g6 e6d5,536,pawnEndgame
0APU7,r7/ppp2kpp/3p4/2b2b2/3BR3/5Q2/PPP2PPP/RNq3K1 w - - 1 14,e4e1 c1e1,537,kingsideAttack mateIn1
1vxf1,2R5/P7/8/8/5K1k/r5pp/8/8 b - - 3 66,a3a7 c8h8 a7h7 h8h7,537,rookEndgame
Gv1bD,8/8/3k4/p2P2p1/P2K3p/8/5P1P/8 w - - 0 41,h2h3 g5g4 h3g4 h4h3 g4g5 h3h2,537,pawnEndgame
09ZcB,6k1/p1r2pp1/4p2p/3p4/2nP4/3B1PP1/7P/1R4K1 b - - 5 38,c4d2 b1b8 c7c8 b8c8,539,mateIn2
1E5ff,8/8/4R3/3p4/1P1P4/1kP1n3/p5r1/K7 w - - 1 51,e6e3 g2g1 e3e1 g1e1,539,rookEndgame
0boOL,r1b3k1/ppp2ppp/8/b7/3n2P1/1B1Pr1B1/PP6/R2K1Q2 b - - 14 24,e3g3 f1f7 g8h8 f7e8,540,backRankMate mateIn2
25Q4m,r5k1/3b1ppp/8/3p4/p2r2P1/1R5P/4KP2/R2N4 b - - 0 39,a4b3 a1a8 d7c8 a8c8,540,hangingPiece
3WrPg,8/6K1/5Q1p/1p6/8/1kq3P1/7P/8 w - - 0 47,f6c3 b3c3 g7h6 b5b4 g3g4 b4b3 g4g5 b3b2 g5g6 b2b1q,540,advancedPawn promotion
C73TJ,3r2k1/pp3ppp/4p3/6R1/3r1Pq1/2P3P1/PP4P1/4Q1K1 w - - 0 26,g5g4 d4d1 e1d1 d8d1,540,pin
GDTQC,4k3/7R/1pr1P2p/p2K2bP/P2P4/1pP5/1P6/8 b - - 0 40,c6c8 h7h8 e8e7 h8c8,540,skewer
gGlij,5rk1/p4pp1/4Q2p/8/3P4/2P3qP/P4RP1/4B2K b - - 0 37,f7e6 f2f8 g8f8 e1g3,540,discoveredAttack
4AWvK,8/3n4/P2k4/1K6/8/8/8/8 b - - 0 67,d7b8 a6a7 b8c6 a7a8q,541,advancedPawn promotion
zhuO9,3r2k1/ppp3pp/4p3/3n4/8/6N1/PPP2PPP/3R2K1 w - - 0 19,g1f1 d5e3 f2e3 d8d1,541,discoveredAttack
B96RG,2r3k1/2P5/4Nbp1/5p1p/7P/5P2/2pK1BP1/8 b - - 1 42,c8c7 e6c7 c2c1b d2c1,542,hangingPiece
03eid,r3kb1r/ppp3p1/2nq1np1/3p4/2PPp3/8/PP2BPPP/RNBQ1RK1 w kq - 1 11,c4c5 d6h2,543,kingsideAttack mateIn1
0jw8X,r3k2r/p1pp2pp/1p3p2/1P2n3/Pq2P3/5N2/1nQ2PPP/RN2R1K1 w kq - 0 18,f3e5 b4e1,543,kingsideAttack
0nLyH,6k1/5p1p/5bpB/R7/p1r5/7P/5PP1/6K1 b - - 3 40,f6d4 a5a8 c4c8 a8c8,543,mateIn2
14fKi,1k1r3r/1Pp1np1p/p6b/3pP3/P2P1pq1/2PQ1p2/2N3PP/R1B2RK1 w - - 1 17,d3a6 g4g2,543,kingsideAttack
L81qU,4r1k1/1p4p1/p1p1bp2/3p4/7R/1P1P2P1/1PP2P1P/4RK2 w - - 2 27,h4b4 e6h3 f1g1 e8e1,543,deflection
0KQ44,r2q1rk1/ppp1bppp/2n2B2/5Q2/3P4/2NB3P/PPP3P1/R3R1K1 b - - 0 16,e7f6 f5h7,544,kingsideAttack mateIn1
0mlzb,rn4k1/5ppp/2p5/1p1q4/pB6/P3PP1P/6P1/2RQ1K2 b - - 3 25,d5b3 d1d8,547,backRankMate
0xV0F,8/B7/4k3/p2nr3/7P/4p1PK/P3R3/8 w - - 5 53,g3g4 d5f4 h3g3 f4e2,547,fork
1BhAe,4r2k/pp2Np1p/5bp1/1b6/P7/1P4N1/5PPP/4R1K1 b - - 0 28,b5a6 e7g6 h7g6 e1e8,547,discoveredAttack
5EDbL,8/7p/P4pk1/8/8/1p6/1P1p1PPP/1K2rR2 w - - 1 39,f1e1 d2e1q,547,advancedPawn promotion
7YY1Y,rn2r1k1/p5pp/1p6/3p4/2pP2Q1/B7/P4nPP/4RR1K w - - 1 24,f1f2 e8e1 f2f1 e1f1,547,hangingPiece
LfIUN,8/8/7K/4p3/8/8/5k1P/8 w - - 0 57,h6g5 e5e4 h2h4 e4e3 h4h5 e3e2 h5h6 e2e1q,547,pawnEndgame
0E0md,3r4/5pkp/6p1/1pNPp3/2n5/2P3P1/5P1P/3R2K1 b - - 2 33,f7f5 c5e6 g7f6 e6d8,549,fork
0luc0,2k5/R1P5/2K5/8/3P4/6q1/pr6/8 b - - 8 61,g3f4 a7a8 b2b8 a8b8,549,mateIn2
AMkjm,2r3k1/5p2/q5p1/2P1R2p/2p5/2Q5/5PP1/5K2 b - - 3 37,a6f6 e5e8 c8e8 c3f6,549,discoveredAttack
Q3LHs,8/r3k3/6pp/8/5p2/2R1N2P/3p2P1/6K1 w - - 0 46,e3d1 a7a1 c3d3 a1d1,549,pin
0CweW,4R3/pp5k/3p2p1/3P4/P1r2bP1/2r5/P1B5/1KR5 w - - 0 38,c2g6 h7g6 c1c3 c4c3,550,hangingPiece
BCFt3,8/2p1kP2/1pP5/pP2p1p1/P4pP1/5P1b/3rBR1P/7K b - - 2 34,e7f7 e2c4 f7f6 f2d2,550,discoveredAttack
0Gu8m,6k1/p3rppp/6r1/2pp2q1/PP2n3/4P1PP/5P2/2R1QRK1 b - - 0 26,c5b4 c1c8 e7e8 c8e8,551,backRankMate mateIn2
3L7Op,r7/5p2/8/5k1p/7K/PR2P3/6P1/8 w - - 2 36,h4h5 a8h8,551,rookEndgame
AQU45,5k2/5ppp/1p6/PP1p4/4p3/1b2P1KP/6P1/8 b - - 0 39,b6a5 b5b6 b3c4 b6b7,551,advancedPawn
BXcnb,8/1p6/3k1K2/2p5/P7/6P1/8/8 w - - 0 58,g3g4 c5c4 g4g5 c4c3 g5g6 c3c2,551,advancedPawn pawnEndgame
0955R,8/1r2k3/R3p3/4Kp1p/3pbBpP/P3P1P1/8/8 w - - 0 76,e3d4 b7b5 d4d5 b5d5,552,mateIn2
0ezOU,2r3k1/p4ppb/2q2N1p/2p1Q3/6P1/1P4BP/P3R2K/8 b - - 0 36,c6f6 e5e8 c8e8 e2e8,552,backRankMate mateIn2
1BJ3T,r2qr1k1/1ppb1ppp/3bp3/1pn5/1n2P3/2QP1N2/PB2BPPP/RN3RK1 b - - 4 14,b4a2 c3g7,552,kingsideAttack
F4kO1,8/8/2P5/8/4R3/1P2pk1K/P2n4/8 b - - 0 54,f3e4 c6c7 d2f3 c7c8q,552,promotion
J3blE,8/8/4k1p1/6P1/5p2/2K3P1/8/8 w - - 0 52,g3f4 e6f5 c3d2 f5f4 d2e1 f4g5,552,pawnEndgame
044Sh,r2q1rk1/1pp2ppp/1bn5/p2b4/P2P1p2/2PQ1N1P/1PB2PP1/RN2R1K1 b - - 2 15,d5f3 d3h7,554,kingsideAttack mateIn1
0M2Lc,rn1qr1k1/pp3pp1/2p1bb1p/3p4/3P3P/2NB1N2/PPP1QPP1/2K1R2R b - - 0 12,e6g4 e2e8 d8e8 e1e8,554,kingsideAttack mateIn2
14jRS,3n4/3p1k1p/3P1P2/1K2B2P/1p6/8/8/8 w - - 9 60,b5b4 d8c6 b4c5 c6e5,554,fork
46uJS,2R4R/kp2K3/1p2p3/1p6/8/3r1r1P/8/8 b - - 9 41,b5b4 c8a8,554,rookEndgame
3b6S4,5k2/8/5K2/R1ppp3/6P1/1P1P4/2r5/8 b - - 1 50,e5e4 a5a8,555,rookEndgame
bHtLp,5k1r/R5p1/3b1p2/7p/8/5P2/P1P4P/7K b - - 0 27,h5h4 a7a8 f8e7 a8h8,555,skewer
00Xn1,3r2k1/5pp1/2p3np/2b5/1p2P1b1/1BN3B1/1PP3PP/4KR2 w - - 0 21,c3a4 d8d1,556,mateIn1
0JfkT,rn2r1k1/pp3ppp/2p3b1/3p4/3PnPPq/2B1Q2P/PPP1B3/2KR3R b - - 0 15,e4f2 e3e8,556,kingsideAttack mateIn1
bTjmN,1r6/1P6/8/8/2K2k1p/7P/1R4P1/8 w - - 1 70,c4b5 b8b7 b5c6 b7b2,556,skewer
1IPSc,8/5k2/8/p7/3p2K1/8/PP6/8 w - - 0 59,g4f5 d4d3 f5f4 d3d2,557,advancedPawn pawnEndgame
7KX84,1k6/1P6/1K6/P3p3/3n4/8/8/8 b - - 1 61,d4e6 a5a6 e5e4 a6a7,557,advancedPawn
95RDl,3r4/6k1/1p6/p1p2p2/P1P2P2/1Pb5/3NK3/3R4 b - - 2 53,g7f6 d2e4 f5e4 d1d8,557,discoveredAttack
A2X95,2r3k1/1Q3ppp/n4q2/4p3/3pP3/P4NP1/1P2PKBP/2r5 b - - 3 25,a6c5 b7c8 f6d8 c8d8,558,hangingPiece
FwVYy,8/8/8/K4k2/2p5/8/1p6/7R w - - 0 52,h1b1 c4c3 a5a4 c3c2 b1b2 c2c1q,558,promotion
QAHZF,r2r2k1/p4ppp/1p2pn2/2p5/8/3BPP2/PP3P1P/1K1R3R b - - 2 18,d8d6 d3h7 g8h7 d1d6,558,discoveredAttack
kIJec,8/1p6/p1p5/P4p2/1P2rk2/7R/7K/8 b - - 0 58,e4b4 h3h4 f4e5 h4b4,558,skewer
02tO7,1r1k1bnr/1bppq2p/p4p2/1p4BQ/3p4/1B6/PPPN1PPP/R3R1K1 b - - 5 15,e7g7 h5e8,559,mateIn1
0MQVb,1r1R2k1/2p1Qppp/8/5P2/8/1Pq3P1/P4P1P/6K1 b - - 1 26,b8d8 e7d8,559,backRankMate mateIn1
Ga1xx,8/8/6K1/6P1/6kp/8/8/8 w - - 0 52,g6h6 h4h3 g5g6 h3h2 g6g7 h2h1q,559,pawnEndgame promotion
gV2cE,3R1Rk1/p4ppp/6nq/2p5/8/6PN/r4PP1/3Q2K1 b - - 0 32,g6f8 d8f8 g8f8 d1d8,559,attraction
3B2Xx,k7/7p/1pn3pb/3pP3/3P3N/3B4/4KP1P/8 w - - 0 28,d3b5 c6d4 e2d3 d4b5,560,fork
4QQ23,1k6/pp6/2p1qNK1/2p1P3/6P1/8/8/8 b - - 2 36,e6e5 f6d7 b8c7 d7e5,560,fork
D3QXR,5k2/5pp1/p6p/2KQ2q1/1P6/5P2/6PP/8 b - - 6 44,g5e7 d5d6 e7d6 c5d6,560,defensiveMove
WkvTo,8/p4k2/2p5/2Pp3R/1P6/P2r4/3B1K1n/8 w - - 0 41,h5h2 d3d2 f2e1 d2h2,560,skewer
fTWmu,5rk1/5Qpp/bp6/p7/8/1B5P/Pq3PP1/R2R2K1 b - - 0 24,f8f7 d1d8,560,pin
yMXCf,rb3Q2/8/p1k2qp1/2p1P1Pp/2Pp4/P7/3B3P/6K1 w - - 0 35,e5f6 b8h2 g1h2 a8f8,560,discoveredAttack
5fN9j,5k2/2P5/6pp/8/3N4/7P/5P2/2q2BK1 b - - 2 54,c1c7 d4e6 f8e7 e6c7,561,fork
0Jpus,5r1k/1p3qpp/p2bQ3/3Pp3/8/8/PP3PPP/2BR2K1 w - - 3 22,e6d6 f7f2 g1h1 f2f1 d1f1 f8f1,562,backRankMate
1da9y,8/6k1/R5Np/7P/1K6/pP6/8/7r w - - 6 52,b4a3 h1a1 a3b4 a1a6,562,skewer
2DkXX,4r1k1/3r1ppp/p7/2R1R3/Ppp5/3P4/1PP3PP/7K b - - 3 26,e8e5 c5c8 d7d8 c8d8 e5e8 d8e8,562,rookEndgame
2uss0,8/1p3kP1/8/1P2pN2/p3Kp2/2b2P2/1P6/8 w - - 1 44,b2c3 a4a3 e4e5 a3a2,562,advancedPawn
9oCvU,8/8/8/8/2b2p1P/5N2/2k1p1P1/4K3 b - - 0 56,c2d3 f3e5 d3e4 e5c4,562,deflection
15Z82,r1bq1rk1/p4ppn/2n4p/1pp1pPbN/3pP1QP/P1PP4/BP4P1/RNB2RK1 b - - 0 14,g5h4 g4g7,563,kingsideAttack
0LN5x,r4rk1/p4pb1/1p1Np1p1/1P1bP1qp/8/B7/P3QPPP/2RR2K1 w - - 2 22,d1e1 g5g2,564,kingsideAttack mateIn1
0dbAZ,1k2rb2/ppp3pp/6q1/4p3/4b3/2PQB3/PPP2PPP/R4RK1 w - - 0 18,d3c4 g6g2,564,kingsideAttack
1N3vY,6k1/pR4pp/8/3R1KP1/P3r3/7P/4r3/8 b - - 4 37,e4a4 d5d8 e2e8 d8e8,564,rookEndgame
5vj0V,2r3k1/p4pp1/Q3p2p/3pP1b1/b7/3BqP2/P3N1PP/3R3K b - - 8 33,a4d1 a6c8 g5d8 c8d8,564,hangingPiece
BF2Rf,8/8/8/2k3P1/3pK3/8/8/8 b - - 1 60,c5c4 g5g6 d4d3 g6g7 d3d2 g7g8q,564,advancedPawn pawnEndgame promotion
Ifp5X,8/8/3k1p1p/1p4pP/1P1KP1P1/8/8/8 b - - 0 41,d6c6 e4e5 f6e5 d4e5,564,pawnEndgame
TfozC,R7/P1k1n3/1p4p1/8/1P1b4/8/7K/8 b - - 0 46,e7c8 a8c8 c7c8 a7a8q,564,attraction
002vV,8/6k1/2R4p/5p1P/5P1K/6P1/8/r7 w - - 2 58,c6b6 a1h1,565,mateIn1 rookEndgame
9Rmdn,6k1/p1q2p2/1p2nQ1p/4N3/3R4/4P1Pb/PP3P1P/1BR3K1 w - - 1 30,d4d7 c7c1 d7d1 c1d1,565,hangingPiece
00awK,r5k1/2p2Qpp/p7/4b3/8/8/1PP1KR2/2q5 b - - 0 24,g8h8 f7f8 a8f8 f2f8,566,backRankMate mateIn2
5SNzC,5rk1/p4p2/2pN1P2/5Bnp/4Pn2/7p/PPP2P2/2KR4 w - - 0 32,d1g1 f4e2 c1d2 e2g1,566,fork
6RJeZ,8/8/8/5pPK/2n1k3/8/1B6/8 b - - 0 52,c4b2 g5g6 f5f4 g6g7 f4f3 g7g8q,566,advancedPawn promotion
PLf9i,7r/1Rpk2p1/p2p1p2/3Pp1p1/B1P1Pn2/8/P2K1P2/8 b - - 4 36,d7d8 b7b8 d8e7 b8h8,566,skewer
03vYt,1r4k1/3q1pPp/3Pr3/p2B4/P5P1/1p1P3P/1P3Q2/5RK1 b - - 2 28,d7d6 f2f7,567,mateIn1
0FvQ7,3r4/4p3/4k1p1/1p2Pp1p/5P1P/1P1p4/6P1/3R2K1 b - - 0 40,e6d5 d1d3 d5e4 d3d8,567,rookEndgame skewer
0Su2h,1bk4r/pp3ppp/3qPp2/2n5/8/3B4/PPQ1NPPP/R4RK1 w - - 0 17,e6f7 d6h2,567,kingsideAttack
0iG71,N5k1/3r1ppp/p7/8/4n3/1P4Pb/PB3b1P/2R1R2K b - - 1 25,f2e1 c1c8 d7d8 c8d8,567,mateIn2
26Aol,q4k2/pp3p1p/2n1b1P1/4b3/4P3/3B2P1/PPP4Q/1K5R b - - 0 28,h7g6 h2h8 e5h8 h1h8 f8e7 h8a8,567,skewer
2ZPxG,2b5/5p2/2p1k1p1/3pP1P1/NK1P4/8/8/8 b - - 8 46,c8a6 a4c5 e6f5 c5a6,567,fork
4PaHW,3r1rk1/4R2p/6p1/8/2p5/2R5/P5PP/6K1 w - - 4 35,c3c4 d8d1 e7e1 d1e1,567,rookEndgame
KbRR7,6k1/1p1r1pp1/pB1b3p/3p4/8/1P5P/P1P2PP1/3R2K1 w - - 1 26,d1d5 d6h2 g1h2 d7d5,567,discoveredAttack
MhxI1,8/5pk1/2r4p/7R/5P2/5K2/5P2/8 b - - 14 52,g7f6 h5h6 f6e7 h6c6,567,skewer
TsC09,r2qr1k1/ppp3pp/3p2p1/3P2N1/6b1/4R3/PP1Q1PPP/R5K1 b - - 3 16,d8g5 e3e8 a8e8 d2g5,567,discoveredAttack
3RRcJ,8/pp3k2/1n6/3pP2P/3K4/8/P7/8 b - - 0 44,f7e6 h5h6 b6d7 h6h7 d7e5 h7h8q,568,advancedPawn promotion
3nCLb,8/8/p4r1k/1pP4p/3R4/1P6/2K5/8 b - - 0 45,f6c6 d4d6 c6d6 c5d6 h6g6 d6d7,568,advancedPawn rookEndgame
O5hR4,8/p1p5/P1Pk1p2/4p3/5p1P/5K2/8/8 b - - 4 35,d6c6 h4h5 c6d5 h5h6 d5e6 h6h7,568,pawnEndgame
bd2N8,r5k1/pp3pPp/6R1/8/8/5P2/1PP4R/2K5 b - - 0 28,h7g6 h2h8 g8g7 h8a8,568,skewer
47Aqn,7r/8/1p6/1k6/2R3P1/p3N3/4PP2/5K2 w - - 0 37,c4c1 h8h1 f1g2 h1c1,569,skewer
BjKrq,k5n1/p5R1/Ppp3p1/3pr3/2P5/8/5K2/8 b - - 5 39,e5e4 g7g8 e4e8 g8e8,569,hangingPiece
HkUJz,8/8/5p2/5P2/7K/5k2/8/8 w - - 1 73,h4h5 f3f4 h5h4 f4f5,569,pawnEndgame
155Vt,2b5/5N2/5pp1/pk1p1p1p/3P1P1P/2K1P1P1/8/8 b - - 1 61,a5a4 f7d6 b5b6 d6c8,570,fork
2OfS7,5rk1/p1p2ppp/1p3n2/5b2/1P1rN3/P2BKP2/2P3PP/R5R1 b - - 1 16,f8d8 e4f6 g7f6 d3f5,570,discoveredAttack
4RkrZ,8/pp4p1/3r3p/2P2k2/7P/1PK3P1/1P2N3/8 b - - 0 39,d6e6 e2d4 f5g4 d4e6,570,fork
5wxhJ,8/8/1p1k4/1K6/PP1P1p2/8/8/8 w - - 0 43,b5b6 f4f3 a4a5 f3f2 a5a6 f2f1q,570,advancedPawn pawnEndgame promotion
6TAJR,8/5k2/p1q5/5p2/5B2/3R1PP1/P4K2/8 b - - 2 38,f7g6 d3d6 c6d6 f4d6,570,fork
9AphU,8/8/3K4/2P5/1p6/1k6/8/8 b - - 0 61,b3c4 c5c6 b4b3 c6c7 b3b2 c7c8q,570,advancedPawn pawnEndgame promotion
UoF6V,4r3/8/8/5p2/4k1n1/8/3K4/4R3 b - - 13 67,g4e3 e1e3 e4d5 e3e8,570,skewer
r1kUA,5rk1/p4Qpp/2p5/7n/5p1q/1BP2P2/P1P1R2P/7K b - - 0 27,f8f7 e2e8,570,pin
0oJYc,r3k2r/ppqn1pp1/2p1pn2/8/NPPP2b1/P3BNb1/4B2P/R2Q1RK1 w kq - 0 15,h2g3 c7g3,571,kingsideAttack
7MNwe,8/4kp2/p1pp1p1r/4p2P/P1P5/5QNB/5bRP/1q5K w - - 2 33,g3f1 b1f1 g2g1 f1g1,571,hangingPiece
AO6Pk,8/8/7p/7P/4kNP1/3ppn2/B7/3K4 w - - 4 54,a2d5 e4f4 d5f3 f4f3,571,hangingPiece
zEThK,rn3rk1/5Qpp/p1q5/1p2P3/8/1BN5/PPP2PPP/1K1R4 b - - 0 20,f8f7 d1d8 c6e8 d8e8,571,pin
840FV,r1b1k2r/pp3pp1/4p2p/q1b1Q3/2B5/2N5/PP3PPP/R3R1K1 b kq - 0 15,c5f2 g1f2 a5e5 e1e5,572,hangingPiece
LMQNv,8/8/8/2K3p1/p1P2k2/P7/8/8 w - - 0 52,c5b6 g5g4 b6b7 g4g3 c4c5 g3g2,572,pawnEndgame
1FEC8,8/1kp5/ppn5/8/8/R7/P3K3/8 w - - 0 50,a3b3 c6d4 e2e3 d4b3,573,fork
8hzeJ,4r1k1/pp1Q1bpp/2p2p2/2bp4/8/P2P1PN1/BqP3PP/1R2B2K w - - 0 25,b1b2 e8e1 g3f1 e1f1,573,hangingPiece
0kTL9,r3r1k1/p6p/bpn3p1/5p2/2NNqn2/PP6/3RBPPP/Q3R1K1 w - - 3 22,d4c6 e4g2,574,kingsideAttack
1zb9Z,r2q2k1/2p2ppp/bp1p4/8/5P2/2P2Q1P/PP3BPK/5r2 b - - 1 24,d8f6 f3a8 a6c8 a8c8 f6d8 c8d8,574,fork hangingPiece
5cMiF,4Rq2/6pk/7p/7Q/2b5/8/6PP/r3B2K w - - 4 38,e8f8 a1e1 f8f1 e1f1,574,hangingPiece
PCMQO,8/8/3k3p/K1p3p1/P5P1/7P/8/8 w - - 0 44,a5b6 c5c4 a4a5 c4c3 a5a6 c3c2,574,pawnEndgame
h5Ein,6rk/6Qp/p2b4/P1p5/1p6/1P4PP/1B2RP1K/5q2 b - - 0 36,g8g7 e2e8 d6f8 e8f8,574,pin
1K12E,8/2q4k/5RBp/8/3p4/6P1/5P1P/6K1 b - - 0 44,h7g7 f6f7 c7f7 g6f7,575,fork
1L3zv,7k/1q3ppp/p1b5/n2nP3/1B1Q4/1P4RP/P1r3BK/8 b - - 0 34,d5b4 d4d8 c6e8 d8e8,575,fork
GogwM,2k5/8/p1P1p1p1/P1KpP1p1/6P1/7P/5P2/8 w - - 1 43,c5d6 d5d4 d6e6 d4d3 e6f6 d3d2 e5e6 d2d1q,575,pawnEndgame promotion
sy7Oc,5rk1/5Rpp/5b2/2p5/2B1R3/5P2/P2r1P1P/6K1 b - - 0 24,f8f7 e4e8,575,pin
04R7e,5rk1/P4pp1/7p/8/4P3/6Q1/r3q1PP/R4R1K w - - 2 26,a1a2 e2f1,577,mateIn1
0HMqc,6k1/2R2p2/p5p1/3pBq1p/P2PP3/3b3P/3r1PPK/8 b - - 0 28,f5f2 c7c8 g8h7 c8h8,577,mateIn2
0lzdL,r3kb2/1b3p2/p3p1N1/1p5Q/5P2/4B1n1/PPq3PP/R4R1K w q - 1 22,h2g3 c2g2,577,kingsideAttack
3zW7Z,1r2r1k1/pp3pp1/2p3qp/2Pp4/6R1/4P3/P3QPPP/5RK1 b - - 5 23,g6h5 g4g7 g8g7 e2h5,577,discoveredAttack
64MtN,5B1k/pppq1p2/8/7N/8/8/P3B2P/4K3 b - - 2 36,h8g8 h5f6 g8f8 f6d7,577,fork
7dwnD,2bk4/8/p1PP4/P3Kp1p/7P/8/8/8 b - - 0 46,d8e8 d6d7 c8d7 c6d7,577,advancedPawn
DSB9m,8/8/3R2Pk/8/2Kp4/2p5/2r5/8 w - - 0 65,c4d4 c2d2 d4c3 d2d6,577,skewer
LLVTu,8/p6p/2r4P/2P2k2/4pp2/8/5K2/7R b - - 0 47,c6c5 h1h5 f5g4 h5c5,577,skewer
gtxhZ,5r2/pp4p1/2p4k/5r1b/2Np4/3P3Q/PP3PB1/5K2 w - - 2 38,f2f3 f5f3 g2f3 f8f3 h3f3 h5f3,577,exposedKing
009bn,2kr2r1/ppb2ppp/3qbn2/2Np2B1/P7/2P2Q1P/1PB2PP1/R4RK1 w - - 5 18,c5e6 d6h2,578,mateIn1
1eLgz,5k2/5p1p/3n2p1/1N1P4/2p4P/P7/6K1/8 w - - 0 37,b5d6 c4c3 d6e4 c3c2,578,advancedPawn
2mcMQ,2r5/1b3p1p/p7/4nk2/8/1P6/P1P2PPP/R2N2K1 b - - 0 27,c8c2 d1e3 f5e4 e3c2,578,fork
JD9Vg,8/8/2k5/2p5/7r/R3KP2/8/8 w - - 1 60,f3f4 h4h3 e3e4 h3a3,578,skewer
pOQSB,2r5/2P2k2/5p2/7R/3K1P1p/4P3/8/8 b - - 4 51,c8c7 h5h7 f7g6 h7c7,578,skewer
116H6,2R5/p4pp1/8/3P1kP1/1P6/P1p3n1/8/6K1 w - - 2 52,c8c3 g3e2 g1f2 e2c3,579,fork
1Lk9R,5r1k/p4Rpp/8/5p2/4P3/8/PP1r2PP/2R3K1 b - - 0 25,f8f7 c1c8 d2d8 c8d8 f7f8 d8f8,579,backRankMate rookEndgame
3z88b,5rk1/p4pp1/2p4p/3p4/3P4/1P4nP/P5P1/2R2RK1 w - - 0 25,f1f3 g3e2 g1f2 e2c1,579,fork
KhI5g,8/p7/8/P2K2k1/1P1b1rp1/8/8/5Q2 w - - 6 64,f1b5 f4f5 d5c6 f5b5,579,skewer
MTvA6,8/p7/8/2PK2p1/7p/7P/PP4k1/8 b - - 0 46,g2h3 c5c6 h3g3 c6c7 h4h3 c7c8q,579,pawnEndgame
AAc34,1r6/4R3/n2p4/k1pP4/2P5/2P3Pp/P4P1P/R5K1 w - - 3 35,a1b1 b8b1 e7e1 b1e1,580,hangingPiece
DIOeo,6r1/3k1p2/ppbP2q1/8/1P3Q2/P3RP1P/6P1/6K1 w - - 3 40,f4f7 g6f7 e3e7 f7e7,580,hangingPiece
HEo66,8/8/8/p3p3/Pr2k3/8/5KR1/8 b - - 0 51,b4a4 g2g4 e4d3 g4a4,580,skewer
foYew,7r/p1p5/4k1p1/4Pp2/2p5/P3P3/1P4P1/3R1K2 w - - 0 33,d1c1 h8h1 f1e2 h1c1,580,skewer
r5lMz,2kr4/2p5/4b3/3P4/R3Pppr/8/7N/5NK1 b - - 0 40,e6d7 a4a8 c8b7 a8d8,580,deflection
0A32R,4k3/1p2np2/p3p3/8/1bPQ4/6Pq/P4P2/3R2K1 b - - 2 30,e7f5 d4d8,581,mateIn1
0b9zJ,5r1k/6b1/pp4Qp/2p5/3p4/P2P2R1/1PP2qPP/1R4K1 w - - 4 31,g1h1 f2f1 b1f1 f8f1,581,backRankMate mateIn2
1SR45,8/8/1kr5/p2K1Rp1/P4pPp/5P1P/8/8 w - - 6 51,f5g5 c6c5 d5e4 c5g5,581,rookEndgame skewer
1aiXh,8/8/8/3k4/5R2/5p2/2p5/2r1BK2 w - - 0 75,f4f3 c1e1 f1e1 c2c1q,581,advancedPawn attraction promotion
1r67D,1Q4k1/5ppp/2R1pq2/3p4/P2P1b2/5N2/1P3PPP/6K1 b - - 0 23,f4b8 c6c8 f6d8 c8d8,581,fork
38ACb,rk6/2pp4/ppb4q/3pP1rp/3P1Q2/7B/PP3PP1/R3R1K1 w - - 0 29,e1e3 g5g2 h3g2 h6f4,581,discoveredAttack
62z8R,8/8/7p/K3p3/P6P/3k4/8/8 w - - 0 42,a5b4 e5e4 a4a5 e4e3,581,pawnEndgame
E1Dbg,1rb1n3/5k1p/p1B1p1p1/8/8/1P4P1/P4P1P/2R3K1 b - - 4 28,b8b6 c6e8 f7e8 c1c8,581,attraction discoveredAttack
FLvwL,8/2K3p1/6b1/1P1p4/3k4/8/8/8 b - - 0 47,d4c5 b5b6 g6e4 b6b7 d5d4 b7b8q,581,promotion
uKXfE,7k/1R6/2p1p2p/2PpPp1P/p4P2/P1K1P3/r7/8 w - - 2 64,c3b4 a2b2 b4a4 b2b7,581,skewer
0L16J,6b1/k7/1pB5/p2P1p2/2K1rP2/2R1P3/8/8 w - - 1 43,c4b5 e4b4,582,mateIn1
6RUps,4r1k1/pp4pp/4Np2/2qn3b/Q7/P1PB1P2/1P4PP/4R2K w - - 2 24,e6c5 e8e1 d3f1 e1f1,582,hangingPiece
LS18h,8/2N5/bp3kp1/p2p4/8/8/PP3PrP/1R2K3 w - - 0 42,c7a6 g2g1 e1d2 g1b1,582,skewer
00Cfq,6k1/ppR2pp1/4p1p1/4P1N1/3r2P1/1P4K1/P6r/8 b - - 5 30,h2e2 c7c8 d4d8 c8d8,583,mateIn2
2GvgS,8/1p1r1p2/3kp1pp/8/P2P4/3KP2P/5PP1/2R5 w - - 6 34,d3c4 d7c7 c4d3 c7c1,583,rookEndgame skewer
5TD72,8/8/8/8/8/8/krK5/5R2 w - - 13 112,c2c1 b2b1 c1d2 b1f1,583,skewer
CmDP8,8/5p2/4p1p1/p1r3P1/k3PK1P/P4R2/8/8 w - - 4 41,f4e3 c5c3 e3d4 c3f3,583,deflection
L7Mmo,1R3bk1/6pp/p6r/3N1P2/4PP2/1p3K1P/8/8 w - - 1 47,b8b3 h6h3 f3g4 h3b3,583,skewer
0J1zL,8/5p1r/2k1pP2/8/6P1/P7/1R3K2/8 w - - 0 41,a3a4 h7h2 f2e1 h2b2,584,rookEndgame skewer
02Lqe,3r2k1/5ppp/R2R4/p3r3/8/1P4P1/5P1P/6K1 b - - 0 24,d8d6 a6a8 d6d8 a8d8 e5e8 d8e8,585,backRankMate rookEndgame
28Lte,5rk1/6p1/4pp1p/1Rq2b2/2P1p3/r3P2P/2Q2PPB/R5K1 w - - 0 25,b5c5 a3a1 c2b1 a1b1,585,hangingPiece
5i15B,2r3k1/5ppp/Q3p3/2B3q1/1P2p3/P5Pn/3r1P2/R4R1K b - - 0 27,g5h5 a6c8 d2d8 c8d8,585,hangingPiece
SCh0x,8/8/3k4/3Pp3/2P4r/4KP2/2R5/8 w - - 10 60,e3f2 h4h2 f2e3 h2c2,585,skewer
ptCqP,R4rk1/5p2/R3pPpK/7p/1p2P3/7P/pr6/8 b - - 1 43,b2d2 a8f8 g8f8 a6a8 d2d8 a8d8,585,attraction
01xow,6k1/ppq3pp/2pNQpn1/2Pp4/8/6P1/PP4PP/3rN1K1 b - - 0 24,g8h8 e6e8 g6f8 e8f8,586,kingsideAttack mateIn2
6dX52,r4rk1/1ppq1pp1/pbnp3B/4pb2/2P1N3/1P1P2PP/P3PPBK/R2Q1R2 b - - 0 14,g7h6 e4f6 g8g7 f6d7,586,fork
9RXTn,1r4k1/5pp1/p3p1p1/3pP3/2pP2P1/qrP4P/1P2R3/1RQ3K1 w - - 0 26,b2a3 b3b1 c1b1 b8b1,586,pin
BJdlJ,4r3/Q1R1nk1p/B2p1pp1/3P2q1/PP2P3/5P1b/6P1/2R3K1 w - - 0 36,c7e7 e8e7 a7e7 f7e7,586,pin
OSAKU,8/8/2p3K1/8/3k4/6Pp/7P/8 w - - 1 44,g6f6 c6c5 g3g4 c5c4 g4g5 c4c3 g5g6 c3c2 g6g7 c2c1q,586,pawnEndgame
YOq0t,8/6k1/2r2N2/5ppR/8/7P/8/7K b - - 2 46,g7f6 h5h6 f6e5 h6c6,586,skewer
s1FGq,rnbq1k1r/pp2ppbp/4N1pB/1B6/8/2P5/P1P3PP/R2Q1RK1 b - - 3 13,c8e6 d1d8,586,pin
0ibAq,4R3/kp6/p6r/8/1P5p/3n3P/P5P1/4R2K w - - 1 41,e1d1 d3f2 h1h2 f2d1,587,fork
4oZ6a,8/8/2P5/p5p1/Pp1bpkP1/1P2p3/4K3/8 b - - 0 62,f4g4 c6c7 g4f4 c7c8q,587,advancedPawn promotion
62bdR,8/7p/6p1/2KP1p2/2p5/2k3P1/5PP1/8 b - - 0 46,c3d3 d5d6 c4c3 d6d7 d3e2 d7d8q,587,advancedPawn pawnEndgame promotion
IGhBn,2r3k1/p5pp/1p2p3/3pn3/1P6/P4P2/6KP/RB6 b - - 0 27,c8c1 b1h7 g8h7 a1c1,587,discoveredAttack
OHSVo,8/8/3K4/6p1/2P3k1/8/8/8 b - - 0 70,g4h3 c4c5 h3h2 c5c6 g5g4 c6c7 g4g3 c7c8q,587,pawnEndgame
VkX99,r1b2rk1/ppp2Qpp/1q6/8/PnB5/B7/5PPP/3RR1K1 b - - 0 18,f8f7 e1e8,587,pin
eDvn3,2r2k2/5p1p/pp1p2pP/6q1/8/P3R3/1PP2P2/1KQ5 b - - 2 36,g5h6 e3e8 c8e8 c1h6,587,discoveredAttack
01uI5,rn1Br1k1/pp3ppp/2p5/3p3b/3P4/5B1P/PPP2PP1/RN2R1K1 b - - 0 14,h5f3 e1e8,588,backRankMate mateIn1
0HyRG,r3kb1r/pR1npppp/3p4/2q5/Q3P3/5P2/P1nB2PP/3K2NR b kq - 1 17,a8c8 a4d7,588,mateIn1
1jhes,7r/q3Pp2/7k/1p4p1/p1p1Q2r/1P3N2/1PPN4/2K3R1 w - - 1 35,f3h4 a7g1 d2f1 g1f1,588,hangingPiece
4lRJs,1b6/8/8/3KP3/5p2/5Pk1/6P1/8 b - - 0 61,g3g2 e5e6 g2f3 e6e7 f3g2 e7e8q,588,advancedPawn promotion
D0Ir1,q7/4k3/KQ4p1/8/8/P7/8/8 w - - 3 48,b6a7 a8a7 a6a7 g6g5,588,defensiveMove
0Mzil,5r2/1b4p1/p2k4/1p4Q1/2p2r1P/4p3/PPP5/2K3R1 w - - 2 32,g5g7 f4f1 g1f1 f8f1,589,mateIn2
0NNR1,r4rk1/p4ppp/b1p1pq2/3n2N1/4Q3/5N2/PPP2PPP/3RR1K1 b - - 4 16,h7h6 e4h7,589,mateIn1
1JhXD,3r2k1/5pp1/Q6p/3q4/P1p5/4P3/5PPP/5RK1 w - - 0 29,f1c1 d5d1 c1d1 d8d1,589,backRankMate
1ct8h,4k3/pp1r3p/5p2/2pB1p2/2Pb4/1P6/P4PPP/3R2K1 w - - 0 26,d5e6 d4f2 g1f2 d7d1,589,discoveredAttack
2vXSK,k7/8/p6r/1p1NP3/3p4/5P2/5K2/8 b - - 1 47,h6e6 d5c7 a8b7 c7e6,589,fork
5vUzw,8/8/8/1P6/6p1/N6p/5k1K/8 w - - 1 53,a3c2 g4g3 h2h3 g3g2 h3g4 g2g1q,589,advancedPawn promotion
MKGXy,6k1/p7/1p6/2p5/6nB/3P4/PPr5/4K2R w - - 0 39,h1g1 c2c1 e1d2 c1g1,589,skewer
0fIB2,2r3k1/p5p1/2p3N1/2Pp4/6Pp/5P1P/nPP2B2/5K2 b - - 0 28,a2b4 g6e7 g8f7 e7c8,590,fork
10TDQ,5r1k/1q5p/p2Q2p1/1pp2r2/2Pb1p2/P2P3P/1P1B2P1/1R3R1K b - - 0 22,f5h5 d6f8,590,kingsideAttack
4q2B7,2r3k1/5pp1/4p2p/1p2R3/3N4/8/1B3PPP/r5K1 w - - 1 30,b2a1 c8c1 e5e1 c1e1,590,fork
5REgp,8/2p2pk1/5p1p/P3p3/2P5/r4P2/4K1PP/4B3 b - - 3 35,g7f8 e1b4 f8e8 b4a3,590,fork
Cir2C,5rk1/pp4bp/3p1q2/2p1pRp1/4P1Q1/3P2P1/PPP3PP/6K1 b - - 0 21,f6e6 f5f8 g7f8 g4e6,590,discoveredAttack
GWM5h,4r1k1/4rpp1/R6p/2P5/1P3b2/P7/3p1PBP/3R1K2 w - - 1 31,c5c6 e7e1 d1e1 d2e1q,590,promotion
LoOjH,8/8/4K3/pp3p2/3P1k2/PP6/8/8 b - - 0 52,f4e4 d4d5 f5f4 d5d6 f4f3 d6d7,590,pawnEndgame
e9gIk,r4rk1/2p3p1/Bp3p1p/2p4P/4PPP1/1P2B3/8/2K4R w - - 1 24,a6b5 a8a1 c1c2 a1h1,590,skewer
eCAju,r1b1k3/pp3p1p/2pp4/4p3/P1P1P2r/6R1/1P1NBP1n/2B1K3 b q - 1 24,c8e6 g3g8 e8d7 g8a8,590,skewer
f2ffP,r1br4/pp3p1k/4p2p/4Pp2/8/P1PB4/5PPP/3RK2R b K - 2 20,b7b6 d3f5 e6f5 d1d8,590,discoveredAttack
jjVH8,8/5p1k/3bp3/p2p3p/3P1P1P/5KB1/1P6/8 b - - 0 46,h7g6 f4f5 g6f5 g3d6,590,discoveredAttack
Bd1YW,6KQ/8/p7/8/k5P1/8/8/q7 b - - 2 60,a1h8 g8h8 a6a5 g4g5 a4b3 g5g6 a5a4 g6g7 a4a3 g7g8q,591,promotion
0jsde,r1b1r1k1/pn3ppp/2Q5/1p6/5N2/P3BPP1/1q4B1/4RK2 b - - 1 24,b7a5 c6e8,592,kingsideAttack
2Vxxk,1k6/p4b2/1p4p1/1N3p2/8/P7/1P4P1/6K1 b - - 1 38,b8b7 b5d6 b7c6 d6f7,592,fork
Eg8LJ,8/3K1k2/5P2/p3P2p/P6b/8/8/8 b - - 1 59,h4g5 e5e6 f7f6 e6e7 f6e5 e7e8q,592,promotion
pzrfl,8/6r1/3k2Pp/3n4/R5P1/5K2/8/8 b - - 0 52,g7g6 a4a6 d6c5 a6g6,592,skewer
sXpLt,5rk1/5Qpp/p7/1p2q3/8/P5P1/BP5P/2R3K1 b - - 0 27,f8f7 c1c8 e5e8 c8e8,592,pin
0Qi9H,6k1/pp3ppp/1qr2nb1/3Q4/8/P1N4P/1PP2PP1/1R2R1K1 b - - 0 21,f6d5 e1e8,593,backRankMate
1AP2r,4r1k1/1R3p1p/p5pP/3r4/P7/8/1P2R1P1/6K1 b - - 0 32,e8e2 b7b8 d5d8 b8d8 e2e8 d8e8,593,rookEndgame
2x0rF,5r1k/R5pp/2p5/3p2PK/3P2P1/8/8/8 b - - 0 41,f8f2 a7a8 f2f8 a8f8,593,rookEndgame
3csye,2R5/rr3p2/4pkp1/7p/8/8/5PPP/1R4K1 w - - 0 35,b1b7 a7a1 b7b1 a1b1 c8c1 b1c1,593,rookEndgame
7pMlu,3b4/p7/P2p2k1/2pN2p1/4P2p/2BP1Kr1/2R5/8 w - - 1 48,f3e2 g3g2 e2f1 g2c2,593,skewer
Fttey,r5k1/pp4pp/5r2/n2p2q1/3Pp1B1/1PP1P2P/P2Q4/6RK b - - 2 28,a8f8 g4e6 f6e6 g1g5,593,discoveredAttack
Z8yhD,3r4/1p5p/6p1/pP1n1k2/2B5/6P1/PP5P/1K2R3 w - - 1 29,e1d1 d5c3 b2c3 d8d1,593,discoveredAttack
2aQuO,8/8/8/5b2/1k4p1/1P4P1/2NK4/8 b - - 2 73,b4b3 c2d4 b3c4 d4f5,594,fork
3V1DH,8/1pp3pk/1b2Q2p/p4N2/3r4/P7/5qPP/5RK1 w - - 0 30,f1f2 d4d1 e6e1 d1e1,594,pin
KNRqX,8/8/1p6/p3K3/k4P2/8/8/8 b - - 0 58,a4b4 f4f5 a5a4 f5f6 a4a3 f6f7 a3a2 f7f8q,594,pawnEndgame
NkJkB,8/8/6K1/1p6/8/2k2P1P/8/8 w - - 2 56,h3h4 b5b4 h4h5 b4b3 h5h6 b3b2 h6h7 b2b1q,594,pawnEndgame
fQiMf,3r2k1/R7/2R3p1/8/2P5/5p2/5P1P/3r1NK1 w - - 0 30,c6f6 d1f1 g1f1 d8d1,594,attraction
iKtpv,8/8/8/p4rp1/R1PK2k1/8/P7/8 w - - 2 41,c4c5 f5f4 d4d3 f4a4,594,skewer
manxs,8/8/8/b1k5/7R/2p5/2Kp4/8 b - - 9 56,c5d5 h4h5 d5d4 h5a5,594,skewer
0DMIm,r3r1Qk/1p1qb1pp/p1np1n2/6N1/8/P1N5/BP3PPP/R1B3K1 b - - 4 19,e8g8 g5f7,595,mateIn1
13Vbp,3r4/2q2pk1/p3rn1p/1p1B2p1/1P6/P2Q2P1/6PP/2R4K w - - 0 29,c1c7 e6e1 d3f1 e1f1,595,backRankMate
3ZWbo,8/8/8/3R4/4p1P1/6K1/3pk3/8 w - - 2 61,d5d2 e2d2 g4g5 e4e3 g5g6 e3e2 g3f4 e2e1q,595,advancedPawn hangingPiece promotion
49KZJ,8/6p1/5p2/4n1k1/4P1p1/6P1/1R2K2P/8 w - - 4 45,e2e3 e5c4 e3d4 c4b2,595,fork
FcZyk,3r4/2pP1k1p/1p4p1/p4pP1/2P2P1P/1P2K3/P7/3R4 w - - 1 41,e3d4 d8d7 d4c3 d7d1,595,skewer
b729F,r1r3k1/p3bpp1/1p5p/3p4/8/2n1PB2/2QN1PPP/4K2R w K - 0 23,e1g1 c3e2 f3e2 c8c2,595,discoveredAttack
nz6nm,r2q1nk1/pp2rpp1/2p4p/3p3b/3P1Q2/2NB4/PPP2PPP/R3R1K1 w - - 2 17,f4h4 e7e1 a1e1 d8h4,595,discoveredAttack
uye3V,q2Q1k2/4rpb1/pp4pn/n7/5PP1/B1N5/PPN5/2KR1B2 b - - 0 27,a8d8 d1d8,595,pin
0jm8p,r5k1/p2n4/1p1b3p/3p1qP1/8/1Q2P2P/PP1B1PRK/6R1 w - - 1 23,h2h1 f5h3 g2h2 h3h2,596,kingsideAttack mateIn2
3K2mc,2R5/8/8/8/8/1k6/7r/1K6 w - - 16 58,c8g8 h2h1 g8g1 h1g1,596,rookEndgame
4WoBa,2r3k1/5ppp/R2p4/8/8/4P2P/P1P3P1/6K1 b - - 0 24,c8c2 a6a8 c2c8 a8c8,596,rookEndgame
4ZdAz,2kr2r1/1ppq4/p1pb3p/4p2b/2P1N3/P6P/1PQ2PPK/R4RN1 b - - 0 20,d7f5 e4d6 c7d6 c2f5,596,discoveredAttack
UF4qp,2k2r1r/ppp3pp/3b4/3pp3/3P2q1/2P1PRB1/PP2Q1K1/7R b - - 0 23,e5e4 f3f8 d6f8 e2g4,596,discoveredAttack
WAl2p,4q1k1/4br2/4Qp1p/2p5/5P2/4B3/PPP3PP/3R1RK1 w - - 0 23,e3c5 e7c5 g1h1 e8e6,596,discoveredAttack
nsBts,r4k2/p6R/bp2p1p1/3pP3/2p2PP1/2P5/PP1K4/8 b - - 3 31,a6b5 h7h8 f8e7 h8a8,596,skewer
0zOse,rn5k/5qpp/p2rp3/1p1N4/3PQ3/3B3P/PP3PP1/4R1K1 b - - 1 26,d6d5 e4h7,597,kingsideAttack
3ZAcc,8/5p2/2k2K2/5P2/3p2P1/8/8/8 w - - 0 58,f6f7 d4d3 g4g5 d3d2 g5g6 d2d1q,597,advancedPawn pawnEndgame promotion
JWNcY,8/8/1p6/3p2P1/4P3/1k6/2p5/2K5 b - - 0 68,d5e4 g5g6 b6b5 g6g7 b3c3 g7g8q,597,pawnEndgame
PeRob,8/p5pk/1p1p3p/3P1q2/2p1rp2/P1PQ1R1P/5BP1/6K1 w - - 0 31,d3c2 e4e1 f2e1 f5c2,597,discoveredAttack
1BTCm,r3r1k1/pp3ppp/2pb4/3p1q2/5P2/1PB1P1Q1/P2P2PP/R4RK1 b - - 4 16,e8e6 g3g7,598,kingsideAttack
1fMM7,8/2r3k1/4B3/5PK1/6P1/8/8/8 b - - 1 62,c7e7 f5f6 g7f8 f6e7,598,advancedPawn fork
2z5OQ,6k1/1bR2ppp/p7/8/2P1r3/P5P1/5P1P/5K2 b - - 4 26,b7a8 c7c8 e4e8 c8e8,598,fork
4FD1d,1Q4k1/p2n1ppp/4pn2/3p4/3P4/1P2P3/P2qNPPP/2R3K1 b - - 0 18,d7b8 c1c8 f6e8 c8e8,598,fork
6BITp,8/2N4p/6p1/2k2pP1/5P2/5K1P/1b6/8 b - - 6 50,b2g7 c7e6 c5d5 e6g7,598,fork
6afkw,8/k7/3p4/PB1Pp3/4Pp1p/5Pp1/6P1/4K3 w - - 4 53,e1d2 h4h3 g2h3 g3g2,598,advancedPawn
rgmaC,r2r4/p3bk1p/1p4p1/3b1p2/8/P3B2B/1P3PPP/2RR3K w - - 0 24,c1c7 d5g2 h1g2 d8d1,598,discoveredAttack
0GlLG,3r2k1/5ppp/1p6/p7/8/6KP/2RR1PP1/4r3 b - - 0 33,d8d2 c2c8 d2d8 c8d8 e1e8 d8e8,599,backRankMate rookEndgame
0vawh,6k1/r4ppp/4p3/3p4/1P1P4/1bp1P3/2R2PPP/1Q4K1 w - - 0 33,b1b3 a7a1 c2c1 a1c1 b3d1 c1d1,599,backRankMate
26zr4,8/8/8/3K4/5P2/2pkb1R1/8/8 w - - 0 64,f4f5 c3c2 g3g4 c2c1q,599,advancedPawn promotion
28r0i,8/p7/8/3p4/1P6/P3K3/4N2p/5k2 b - - 5 46,h2h1q e2g3 f1g2 g3h1,599,fork
3kMLH,8/6k1/8/p2p1K2/P1p5/2P5/8/8 b - - 0 61,g7f7 f5e5 f7e7 e5d5,599,pawnEndgame
4QI5N,8/6p1/3k1pP1/5P2/1K2n3/5R2/8/8 w - - 9 57,b4c4 e4d2 c4d3 d2f3,599,fork
4pF1w,3r2k1/p5pp/1b2R3/6N1/1P6/P6P/1B3pP1/1BRq1K2 w - - 2 26,c1d1 d8d1 e6e1 f2e1q,599,advancedPawn fork promotion
7ErfR,6k1/pbP3P1/8/6r1/3K4/8/1R6/8 b - - 2 47,b7c8 b2b8 g8h7 b8c8,599,pin
9S6NI,6k1/6b1/p2QP1p1/1p1p4/2r1p1B1/8/Pq3P2/KR6 w - - 0 32,b1b2 c4c1,599,pin
KUYuR,6R1/8/1p6/p2p1k2/P2P1rp1/1PKP4/8/8 b - - 1 42,f4f1 g8f8 f5g5 f8f1,599,skewer
imPDZ,8/5R2/1p6/k1p4p/r4P2/4K3/8/8 b - - 0 38,a4a1 f7a7 a5b5 a7a1,599,skewer
CND57,4Rrk1/6pp/p2N4/8/P7/8/2rn1P2/4R2K b - - 1 34,d2f3 e8f8 g8f8 e1e8,601,attraction
0ZMBz,2r5/7p/2N1pk1b/1p6/4P3/1P3P2/PP1p2P1/1K1R4 w - - 1 32,c6d4 c8c1 d1c1 d2c1q,602,advancedPawn promotion
Bf8Iy,8/8/8/4p3/8/8/1P1k1K2/8 w - - 0 54,b2b4 e5e4 b4b5 e4e3 f2f3 e3e2,602,exposedKing
IHdDt,8/8/7R/5Qp1/r6P/2r2Pk1/8/2R3K1 w - - 0 41,c1c3 a4a1 f5b1 a1b1 c3c1 b1c1,603,exposedKing
0OJXS,4r1k1/ppq1r2p/2p2npQ/3p4/3P1b1P/3B4/PPP1NP2/1K2R1R1 w - - 2 22,e2f4 e7e1 g1e1 e8e1,606,backRankMate
0jlPV,1k6/2p5/1p1p1p2/p7/P2Np2r/2P5/4PP2/R4K2 w - - 0 34,e2e3 h4h1 f1g2 h1a1,607,skewer
3ppwl,8/8/p5p1/7p/1KN4k/8/P7/8 w - - 0 39,b4a5 g6g5 a5a6 g5g4,607,defensiveMove
5qoYj,2R2rk1/5p1b/3p1Ppp/p7/P1R3P1/7P/1PP3K1/2r5 b - - 0 41,g6g5 c8f8 g8f8 c4c8,607,attraction
01o70,8/8/q7/P7/1K6/1N6/4k3/8 b - - 0 58,e2d3 b3c5 d3d4 c5a6,609,fork
01J5O,r4r1k/1pp1NppR/3p4/p3n3/4P3/1PPP2P1/1P1K2P1/3R4 b - - 0 22,h8h7 d1h1,610,mateIn1
07fRV,8/6k1/3p1p2/p2B1Kn1/1p1P2P1/1P2P3/P3R3/2r5 w - - 1 39,e3e4 c1f1 e2f2 f1f2,610,mateIn2
0EFWi,r5k1/1pp2ppp/p1n5/3p4/3P2Qb/2P5/PPB2qPP/R1B2NK1 w - - 0 19,g1h1 f2f1,610,kingsideAttack
GbHyR,3R2rk/4P1pp/p1q2p2/1p2p3/8/8/P5PP/3R3K b - - 1 31,g8e8 d8e8 c6e8 d1d8 h8g8 d8e8,610,attraction
0ZRD7,r2r2k1/1p3p2/p1b1pPp1/4B1Qp/2pP4/2q5/P1B2RPP/4R2K w - - 0 26,g5h6 c3e1 f2f1 e1f1,611,hangingPiece
1b5IU,r5k1/1p3pb1/2pp3p/1N4p1/n1PPP3/p5B1/K5PP/3R1B2 w - - 0 31,b5d6 a4c3 a2a1 c3d1,613,pin
04Mpq,r2k3r/p1p1qp1p/1p1p1p2/1B2P3/8/2P2Q2/P1P3PP/1R5K b - - 0 18,f6e5 f3a8,614,mateIn1
1lb7I,5r2/5p1k/8/P3ppqp/1Q6/1P2R3/5PPP/2R3K1 w - - 2 32,e3g3 g5c1 b4e1 c1e1,614,hangingPiece
000rZ,2kr1b1r/p1p2pp1/2pqb3/7p/3N2n1/2NPB3/PPP2PPP/R2Q1RK1 w - - 2 13,d4e6 d6h2,616,kingsideAttack mateIn1
0EWqO,r2q1rk1/pp2b1pp/4p1n1/2ppP1N1/3n3P/2NQ2P1/PPPB4/R3K2R b KQ - 2 14,g6e5 d3h7,616,kingsideAttack
00jUu,8/5ppk/p1Q4p/2R4P/1q2P3/5P2/1P4P1/1K1n4 w - - 2 45,c5c1 b4b2,617,mateIn1
0WDig,8/8/5kp1/R6p/5P1P/6r1/p3K3/8 w - - 0 70,a5a2 g3g2 e2e3 g2a2,617,rookEndgame skewer
09TPs,4r3/p4kp1/1p2qp1p/2p5/P2p3P/1P1P1R2/2P2PP1/3Q1K2 b - - 1 27,e6g4 f3f6 f7f6 d1g4,618,discoveredAttack
02qfr,8/4Rpk1/Rp1p1rp1/2p3r1/P1P5/3P4/2P4P/6K1 w - - 1 29,g1h1 f6f1,619,mateIn1 rookEndgame
1G8hs,7k/p4RrP/1p2p3/3rq2Q/3p2p1/3B2P1/PPP3K1/8 b - - 0 37,e5h5 f7f8 g7g8 h7g8q,620,advancedPawn promotion
7wvxG,4rnrk/p1q2p1Q/3p1Pp1/1p1P4/2p1PR1R/1P4NP/P5P1/6K1 b - - 0 29,f8h7 h4h7 h8h7 f4h4,621,attraction
2d0pS,5K2/7p/5k1P/8/8/8/8/8 w - - 5 64,f8g8 f6g6 g8f8 g6h6,622,pawnEndgame
0WoUZ,8/7p/8/7P/5k1K/1P6/P6R/3r4 w - - 3 49,h2c2 d1h1 c2h2 h1h2,623,rookEndgame
Bx86c,r5kr/pp4p1/4p1QP/3pP1B1/3n2p1/2q5/P4P2/R4K1R b - - 1 21,c3a1 f1g2 a1h1 g2h1,623,defensiveMove
02ARe,rq3rk1/2p2ppp/4pn2/p2pP3/b7/1PP1P1P1/P1QN1PP1/2KR3R b - - 0 17,f6d7 c2h7,624,kingsideAttack mateIn1
02Cjp,3r2k1/pp3pp1/8/8/4bqnR/PB6/2P3PP/5Q1K w - - 0 31,f1f4 d8d1 f4f1 d1f1,624,mateIn2
02LWp,rr6/Q4Rp1/k3p2q/2Bp4/P6p/7P/2P3P1/6K1 b - - 0 27,a8a7 f7a7,625,mateIn1
26Tg4,8/7B/7N/6pP/6P1/2k1p3/8/6K1 w - - 0 62,h7e4 e3e2 e4f3 e2e1q,625,promotion
098qS,8/8/8/p3ppk1/1p6/1P3KPP/P7/8 b - - 1 48,g5h5 g3g4 f5g4 h3g4,628,pawnEndgame
1Txju,2Q5/5ppk/1B5p/4p3/1P2P3/8/1q3PPP/R5K1 w - - 2 35,c8c7 b2a1 c7c1 a1c1,628,hangingPiece
04OnZ,2kr2r1/1pp2p1p/2qp1p2/Qpb5/4P1b1/3B4/PPP2PPP/R4R1K b - - 3 15,g4d7 a5a8,629,mateIn1
09VqE,r5rk/2p2p1p/p3p3/1p1bR2Q/3P1q2/P1PB3K/1P3P2/6R1 b - - 1 29,g8g1 h5h7,630,kingsideAttack
7X9d1,8/8/1p2p1k1/4p1p1/1p2P1PP/1P4K1/8/8 b - - 0 50,g5h4 g3h4 g6h6 g4g5 h6g6 h4g4,630,defensiveMove exposedKing
1qNV3,8/5k1p/6p1/p1pq4/3p1r2/1P1P4/P4RPP/5Q1K b - - 0 37,d5f5 f2f4 f5f4 f1f4,631,pin
00CpR,4r1k1/B7/2p2pK1/3n3p/8/1Q3PP1/P6r/8 b - - 0 31,e8e5 b3b8 e5e8 b8e8,632,mateIn2
0DTOh,3r1rk1/3R1p2/p2nN1pq/3p3p/P7/5Q2/1P3PPP/2R3K1 w - - 1 29,e6d8 h6c1 f3d1 c1d1,632,backRankMate hangingPiece
0cWZJ,8/3R4/6p1/pp1K1k2/2r2P2/2P5/PP6/8 b - - 3 35,c4f4 d7f7 f5g5 f7f4,632,rookEndgame
0A0WE,1r4k1/5ppb/p6p/qp1QP2P/5bP1/P1P2B2/1K6/3R4 b - - 2 33,a5a4 d5d8 b8d8 d1d8,634,backRankMate mateIn2
0LIcT,2r1r1k1/5Rp1/p3p2p/1p1nb3/1P4R1/P3P3/1B3PPP/1B4K1 w - - 0 28,b2e5 c8c1,634,backRankMate
1hfX7,8/8/8/4q1P1/1p6/k5Q1/P6K/8 b - - 2 55,e5g3 h2g3 a3a2 g5g6 b4b3 g6g7 b3b2 g7g8q,634,promotion
2Iw2V,8/8/p4p2/1pPK2p1/1P5p/1P2k2P/8/8 b - - 0 40,f6f5 c5c6 f5f4 c6c7 f4f3 c7c8q,634,pawnEndgame promotion
01YDB,8/6p1/4k1N1/5R1P/4n1PK/8/5P2/r7 w - - 11 60,f2f3 a1h1,636,mateIn1
0Iv3q,r1b3k1/pp3pbp/3q1np1/3pr1B1/8/1NPB4/PP3PPP/R2QR1K1 w - - 0 14,g5f4 e5e1 d1e1 d6f4,636,discoveredAttack
0Zott,2k5/pp1rr2p/2p2p1p/5B2/8/5Q2/PPP3PP/3R3K w - - 2 23,d1d7 e7e1 f3f1 e1f1,636,backRankMate
0h81z,r1b1kb1r/ppp2ppp/2n5/4q3/4B3/6P1/PPPPQ2P/R1B1K1NR b KQkq - 0 9,f8c5 e4c6 b7c6 e2e5,636,discoveredAttack
1X3G4,r5k1/1p3ppp/p7/2rB4/P4P2/8/1PP3PP/3R2K1 b - - 0 21,a8d8 d5f7 g8f7 d1d8,636,discoveredAttack
345qZ,8/8/2p1k3/5p2/5P1K/P7/7P/8 w - - 0 52,h4g5 c6c5 a3a4 c5c4,636,defensiveMove pawnEndgame
0mJaU,8/8/8/1p1kpp2/8/1PPK1P2/8/8 b - - 1 36,f5f4 c3c4 b5c4 b3c4,638,pawnEndgame
1YO5m,8/8/8/5p2/6p1/6Pp/4k2P/7K b - - 23 74,f5f4 g3f4 e2f3 f4f5,638,pawnEndgame
03ZLx,8/2N2kp1/3p3p/8/1r4P1/5K1P/8/8 b - - 0 40,f7e7 c7d5 e7e6 d5b4,639,fork
0yBV5,8/6Rp/1k3p2/4p3/8/K4P2/2r3PP/8 b - - 0 48,b6c5 g7c7 c5d4 c7c2,639,skewer
1ne0D,rn3rk1/pp3Npp/2p5/4pb2/2B5/2PR4/PPP2PPP/2K4R b - - 0 13,f8f7 d3d8,639,pin
MBCkO,4b1rk/8/3pP2r/3P3p/2p2p1R/2P2Pp1/P1B5/2K4R b - - 2 50,h6f6 h4h5 e8h5 h1h5 f6h6 h5h6,640,exposedKing
01Uoq,r4rk1/pb3ppp/2q2n2/4p1B1/8/2PB4/P1Q2PPP/R2R2K1 w - - 4 16,g5f6 c6g2,642,kingsideAttack mateIn1
0HzhH,5r2/1bk5/1bpp3p/1P4p1/4P3/8/1P1QRrPP/2R4K w - - 0 30,b5c6 f2f1 c1f1 f8f1,642,backRankMate
0TDwx,6R1/5r1p/p5P1/5p1k/P4K2/8/8/8 b - - 0 46,h7g6 g8h8 f7h7 h8h7,642,rookEndgame
2C6xk,4r2k/p3r2p/1p6/6p1/5b2/1BN5/PPPR3P/2K2R2 w - - 0 27,c3d5 e7e1 f1e1 e8e1,642,pin
2k2Ie,6k1/8/p2p1pPK/Pp1PpP2/1P6/8/8/8 w - - 1 47,g6g7 e5e4 h6g6 e4e3 g6f6 e3e2,642,pawnEndgame
2xYfc,2b2rk1/2b2Qpp/2p5/ppN5/3P3q/1BP4P/PP3PP1/4R1K1 b - - 0 23,f8f7 e1e8,642,pin
0F8Y6,1r3r1k/2p3pp/p1p2n2/2Pp4/PP1PpPP1/4P3/5R1K/1R3N2 w - - 1 30,g4g5 f6g4 h2g3 g4f2,643,fork
02O2z,4r1k1/5ppp/2N5/1p1B4/4N1Pn/P7/2P1rP1P/2R3K1 w - - 1 28,e4g5 e2e1 c1e1 e8e1,644,mateIn2
0NZNb,8/r4kpp/2n1pp2/2Nn4/3PP3/1R6/5PPP/6K1 w - - 1 29,e4d5 a7a1 b3b1 a1b1,644,backRankMate
0eEUg,2r1r1k1/pp3pp1/7p/3p4/6PP/P7/1PR1N3/KB3q2 b - - 3 29,e8e2 c2c8 e2e8 c8e8,644,hangingPiece
EWPDb,1k6/p4p2/KP3P2/8/8/8/8/8 b - - 0 51,a7b6 a6b6 b8c8 b6c6 c8d8 c6d6,644,defensiveMove
HenjL,7r/k4p2/np2p3/p1p1P3/P1P2P1r/1RP5/5RP1/2B3K1 w - - 7 35,f2f1 h4h1 g1f2 h1f1 f2f1 h8h1,644,attraction
LmWls,r4rk1/pp3ppp/2n2n2/3p4/6b1/2NNPBb1/PPPBK1Pq/R2Q3R b - - 5 17,g4f3 e2f3 h2h4 h1h4,645,trappedPiece
03gtp,5rk1/R2P2p1/1p5p/8/3p4/8/PPr3PP/3R2K1 w - - 1 25,d1d4 c2c1 d4d1 c1d1,646,mateIn2 rookEndgame
055H8,2kr3r/ppp2ppp/5n2/3P4/2P1q3/5b2/P4PPP/R1BQR1K1 w - - 0 15,d1f3 e4e1,648,kingsideAttack
0OZEr,1k2r3/pppRR3/8/5p2/2r3p1/2N5/PP4P1/6K1 b - - 3 31,e8e7 d7d8,648,backRankMate
1mgS4,8/8/1pK2k2/p6p/P6P/8/8/8 b - - 2 39,f6f5 c6b6 f5e6 b6a5,648,pawnEndgame
05Kna,r3r1k1/6pp/2p3q1/pp6/4b3/4B2P/1PP2PP1/R2QR1K1 w - - 2 24,c2c3 g6g2,649,kingsideAttack
1QcZi,6k1/5pp1/7p/2PpP3/1Pp4P/6P1/5P2/6K1 w - - 0 38,b4b5 c4c3 g1g2 c3c2 b5b6 c2c1q,649,pawnEndgame promotion
04sLF,r3r1k1/2p2ppp/pp1b3q/n7/3P2Q1/1P2P3/PB2BPPP/2R2RK1 w - - 5 19,e2d3 h6h2,651,kingsideAttack
0WJaJ,8/8/1RP5/5p2/1P4p1/5kP1/2r5/5K2 w - - 1 57,b6b5 c2c1,651,rookEndgame
0e8rX,8/8/P6R/8/4p3/2P1K1kn/1P5p/8 w - - 1 46,h6h3 g3h3 a6a7 h2h1q,651,advancedPawn hangingPiece promotion
355SP,8/8/1p1k2p1/3Pb2p/4P3/8/1pKN3P/8 b - - 7 58,g6g5 d2c4 d6c5 c4e5,651,deflection
0E9h3,2r2rk1/1bq2pp1/p3p2p/8/1bNQn3/1P6/PB3PPP/R1R2BK1 b - - 2 25,b4c5 d4g7,653,kingsideAttack
03Hed,1r3r1k/1b5p/p1qbBnp1/4pNB1/3p4/7Q/PP3PPP/R4RK1 w - - 12 24,h3h6 c6g2,656,kingsideAttack mateIn1
04Ybp,r1b2rk1/1pp2pp1/p2bp2p/3P4/3qQ3/P1NB2P1/1PP2PP1/R3K2R b KQ - 2 14,d4f6 e4h7,656,mateIn1
05zfC,8/8/6p1/1kp2r1p/7K/PNB5/1P6/8 b - - 7 56,c5c4 b3d4 b5c5 d4f5,656,fork
0GN0H,5r1k/p3n2p/1p3Pp1/3B4/7P/5p1K/PB3P2/8 b - - 0 34,e7d5 f6f7 d5c3 b2c3,658,advancedPawn discoveredAttack
11C70,5k2/1p5P/2p1KP2/2P5/8/8/p7/8 b - - 0 53,a2a1q h7h8q,658,advancedPawn promotion
1FdCM,3r3r/ppp1k2p/3bppn1/8/8/1P2P2P/P1P2PP1/2KR1BNR w - - 1 14,g2g4 d6a3 c1b1 d8d1,658,deflection
1I94t,8/8/8/1p2p1k1/4P3/5PP1/rp6/1R3K2 w - - 0 54,f1e1 a2a1 e1d2 a1b1,658,pin
3FEXP,1rq3k1/4br2/2p1p1pp/2NnPp2/3P1P2/4B1PP/1R1Q3K/1R6 b - - 0 30,e7c5 b2b8 c8b8 b1b8,658,pin
AZoNJ,3Rrk2/5p1p/2N1p1pP/4p1n1/2p1P3/5P2/P1r5/3R1K2 b - - 1 31,g5f3 d8e8 f8e8 d1d8,658,attraction
0rBzm,6k1/6b1/4r3/p1P3pq/2P5/1P4B1/P4PPP/3RR1K1 w - - 0 32,e1e6 h5d1 e6e1 d1e1,659,hangingPiece
025Et,2r3k1/1Q3ppp/8/8/4B3/2q1P3/r3RPPP/4R1K1 w - - 0 24,e2a2 c3e1,660,mateIn1
0LtSN,3r4/pp1PR3/8/5k1p/7K/P5P1/8/8 w - - 9 43,h4h5 d8h8 e7h7 h8h7,660,rookEndgame
2Wn7O,4r1k1/1pp3pp/p7/3prb2/8/6QP/PPqR2P1/1K3N1R w - - 0 26,d2c2 e5e1 g3e1 e8e1,660,pin
1mMtF,8/7p/6p1/1k1p4/1p1P1PP1/1K6/8/8 b - - 0 48,b5a5 f4f5 g6f5 g4f5 h7h5 f5f6 h5h4 f6f7,661,pawnEndgame
05gec,5r1k/5pb1/p2pqN1Q/1r4R1/p1p1P1R1/6PP/6PK/8 b - - 0 31,g7h6 g5g8 f8g8 g4g8,662,mateIn2
069SD,8/8/5p2/2kr2p1/R6p/p1Pp1P1P/P2K1P2/8 b - - 2 44,d5f5 a4a5 c5d6 a5f5,662,rookEndgame skewer
0CwF4,6k1/p4p1p/5Qp1/4p3/3b4/P5P1/2r2PKP/8 w - - 4 33,g3g4 c2f2 f6f2 d4f2,664,fork
07BzL,r1bqR1k1/1pp2pp1/p1np1n1p/1N6/8/3B4/PPP1QPPP/4R1K1 b - - 1 18,f6e8 e2e8 d8e8 e1e8,666,kingsideAttack mateIn2
0CmRU,3b4/8/3p1k1p/3n3P/P3R3/8/1P6/1K6 w - - 1 45,b2b4 d5c3 b1c2 c3e4,667,fork
0B8Tz,8/1p6/p1p5/2Pp4/1P6/P1P2p1k/2R3pp/7K w - - 0 53,c2g2 f3g2,669,advancedPawn
0Py7u,4k3/R5p1/4K3/3p2p1/6P1/3r3P/2p2P2/8 b - - 0 46,e8f8 a7a8,669,rookEndgame
EvEXP,8/8/8/N1k2p2/1p3Pp1/4K3/8/8 w - - 2 54,a5b3 c5c4 b3d2 c4c3,669,defensiveMove
07M8L,r5k1/3q2p1/np2p1Np/2p1P2P/p2r2P1/Q2B4/PP6/1K3R2 w - - 2 29,d3a6 d4d1 f1d1 d7d1,670,mateIn2
0j6Mp,8/kp5p/p4R2/3p4/PP1NbK2/2P4P/8/2r5 w - - 1 40,f6f7 c1f1 f4e5 f1f7,671,skewer
19AbW,3r3k/ppp3pp/8/3p2Q1/8/1Bq3P1/P6K/4R3 b - - 0 28,c3e1 g5d8 e1e8 d8e8,671,hangingPiece
1M1PP,8/8/8/4Bp2/P5r1/6P1/R2p3P/2k2K2 w - - 0 39,e5f4 g4f4 g3f4 d2d1q,672,promotion
0JlxL,8/p4p1p/2P2r2/3K2k1/5R2/2P5/7P/8 b - - 0 47,g5f4 c6c7 f6g6 c7c8q,673,advancedPawn promotion rookEndgame
0Q172,5r1k/p3Q1pp/8/8/5q2/1P2N3/P5PP/3R3K w - - 5 30,d1d7 f4f1 e3f1 f8f1,673,backRankMate
50xRZ,3r1k2/R3b3/5p2/2pP3R/1pP1p1rP/1P4P1/6K1/8 b - - 1 36,g4g7 h5h8 g7g8 h8g8 f8g8 a7e7,673,exposedKing
BFUcw,8/p7/1pK3k1/6p1/PP3rQ1/8/8/8 w - - 3 57,g4e6 f4f6 e6f6 g6f6,673,defensiveMove
Jc2o3,3r3k/1bq5/4p1Q1/1p3p2/6p1/6P1/4PP1P/2Rr1BK1 w - - 0 35,c1c7 d1f1 g1f1 d8d1,673,attraction
05zfA,r1b1r1k1/pp2npp1/1q5p/3Q4/3P4/2PB1N2/PP3KPP/R1B1R3 b - - 0 16,e7d5 e1e8,674,kingsideAttack
2yODF,8/4k1p1/1p1nr1P1/8/P2RB2P/3K4/8/8 b - - 8 56,d6e4 d4e4 e6e4 d3e4,674,pin
0DvUB,1r6/4kppp/p3p3/N7/p7/2Pn2P1/5P1P/R5K1 b - - 5 26,d3c5 a5c6 e7d6 c6b8,675,fork
0c5uw,8/1p5p/1pp5/8/1PP2k2/1r6/5RK1/8 b - - 1 44,f4e3 f2f3 e3d4 f3b3,676,rookEndgame skewer
OBvEb,r4qrk/1p3p1p/p3pPp1/3p4/7Q/7R/PP3PPP/R5K1 b - - 6 24,h7h5 h4h5 g6h5 h3h5 f8h6 h5h6,678,exposedKing
8rtlX,8/8/p7/6kp/4q1n1/8/Q7/5R1K w - - 5 43,a2g2 e4g2 h1g2 g4e3 g2g1 e3f1,679,attraction exposedKing
00pCr,6nk/pRQ4p/6p1/5p2/4p3/2b2nP1/q4PKP/5B2 b - - 3 31,c3d4 c7h7,680,mateIn1
0rR9j,r5k1/1pR3pp/1n5q/pP5r/3B4/P2PPpP1/5P1P/5QRK w - - 1 27,h2h4 h5h4 g3h4 h6h4 f1h3 h4h3,680,exposedKing
1H7IA,6k1/8/p2P3p/1p6/1P3p2/2P2r2/P3r1PK/3R4 b - - 0 36,f3c3 d6d7 c3e3 d7d8q,682,advancedPawn promotion
5CpjV,8/8/6k1/p1r5/P4pK1/8/4R1P1/8 b - - 2 47,c5f5 e2e6 f5f6 e6f6 g6f6 g4f4,682,exposedKing
0iWwB,2rr2k1/5ppp/1p3b2/p7/P2pQ3/1P4Pq/2PB1P2/2R1R1K1 b - - 0 30,c8c5 e4e8 d8e8 e1e8,683,backRankMate
134Yx,1N6/3kp3/pK1n4/1p1r4/8/2p5/P1P5/5R2 b - - 11 41,d7c8 f1f8 d6e8 f8e8 d5d8 e8d8,684,exposedKing
03Cnf,8/pp5R/3k4/3Nn3/4P3/1KP5/8/4r3 w - - 12 46,h7b7 e1b1 b3c2 b1b7,685,skewer
00NiV,rn2qrk1/ppp2N1p/3pPpB1/3n4/6b1/8/P1QN1PPP/R4RK1 b - - 0 18,h7g6 c2g6,686,kingsideAttack mateIn1
0nhz9,6k1/8/R4pKp/6p1/P5P1/4r3/2n4q/8 b - - 1 42,h2c7 a6a8 c7d8 a8d8 e3e8 d8e8,686,exposedKing
3hZy3,3r2k1/1b3pP1/p3p2p/1p5q/2n2P2/P5RP/1P4PK/1B1N4 b - - 2 29,d8d1 b1h7 g8h7 g7g8q,686,attraction
1VSxW,3rr1k1/1b3ppp/pQ6/3p1P2/3P2n1/2N3q1/PP2R1B1/R5K1 b - - 2 26,e8e2 b6d8 e2e8 d8e8,687,hangingPiece
0jue8,3q2k1/p4ppp/1p2p3/2n1Q3/2P5/1B3P2/P4P1P/6K1 b - - 1 26,d8f6 e5b8 f6d8 b8d8,688,backRankMate
00A9Q,2rq1rk1/1p3p1p/p1pn2p1/P2p4/1P1PnP2/3NP3/5PBP/R1Q3RK w - - 2 22,d3c5 e4f2,689,kingsideAttack mateIn1
F3EUJ,r2q3k/1b2nprp/p3pN2/1pp1PnPQ/3p1P2/2PP3R/PP5P/R1B3K1 b - - 6 22,h7h6 h5h6 f5h6 h3h6 g7h7 h6h7,689,exposedKing
0RHPN,8/pp2kr2/4p3/6P1/8/1P3PK1/P2B4/8 b - - 0 52,f7f8 d2b4 e7d7 b4f8,690,skewer
3S669,8/8/p1K5/P7/8/1k6/8/8 b - - 5 80,b3a4 c6b6 a4b4 b6a6 b4c5 a6b7,690,pawnEndgame
0jCeA,r4rk1/pp3pp1/5n1p/2pn4/3N2q1/P7/1PQ2PPP/R1BR2K1 w - - 0 18,c2c5 g4d1,691,backRankMate
1HfDw,4r1k1/pp3pp1/3b1q1p/3p3b/P2P4/2B1rP2/1P1Q2PP/2N1RRK1 b - - 2 24,d6h2 g1h2 e3e1 f1e1 e8e1 d2e1,691,hangingPiece
0kdvM,3bk3/5p2/p1q1p1p1/1pPrP3/1Q3P2/1P6/P1R3PP/2R4K w - - 7 35,b4e4 d5d1 c1d1 c6e4,692,discoveredAttack
2Fqgm,8/4k3/5R2/pp2Pp2/5K2/1r3N2/8/8 w - - 0 57,f4f5 b3f3 f5e4 f3f6,692,deflection
2TRHy,R7/1p1b4/4p3/4Pp1B/8/1PpP3R/P2k4/1K6 w - - 0 46,d3d4 c3c2 b1a1 c2c1q,692,deflection
1P42c,7k/6p1/p6p/2N2Q2/2pNp3/q2b4/4rPPP/1BR1R1K1 w - - 2 33,e1e2 a3c1 e2e1 c1e1,693,hangingPiece
1Tdiy,8/5K2/5RP1/8/1p6/8/1k6/5r2 b - - 6 59,f1f6 f7f6 b4b3 g6g7 b2c1 g7g8q,693,promotion
12cxa,8/8/4k1pp/1p6/1P3KPP/8/8/8 b - - 0 47,e6f6 g4g5 f6e6 g5h6,694,pawnEndgame
1VTM6,8/8/6pp/4K3/6PP/5k2/8/8 w - - 6 56,g4g5 h6g5 h4g5 f3g4 e5e4 g4g5,694,pawnEndgame
06q6Y,7Q/p2P4/5rk1/5q1p/8/2P5/P4PPP/3R2K1 w - - 2 34,d7d8q f5f2 g1h1 f2f1 d1f1 f6f1,695,backRankMate
0QSEq,2q4k/pp3Qpp/4p3/3pN3/3Pb3/1P2P2P/P5P1/2r2RK1 b - - 0 26,c1c2 f7f8 c8f8 f1f8,695,backRankMate
0eOQA,6k1/2Rb1ppp/pq1p4/1p2pPP1/3bP2P/1P1B4/PN6/1KR5 b - - 9 29,d4b2 c7c8 d7c8 c1c8 b6d8 c8d8,695,backRankMate
0JjQM,8/K4k2/1p5p/5p1P/1P1P4/P1P5/8/8 w - - 0 48,a7a8 f5f4 a8b7 f4f3,696,pawnEndgame
0kQoW,1rb3k1/1pNr1ppp/p4n2/8/8/3B4/PPP2PPP/2KR3R w - - 2 17,d3f5 d7d1 h1d1 c8f5,696,discoveredAttack
0z3WJ,2R5/8/1k6/8/K7/8/8/5r2 b - - 21 82,f1b1 c8b8 b6c6 b8b1,697,skewer
2op50,8/6pp/4p3/3p4/Pk6/1P1K2P1/7P/8 b - - 2 39,b4b3 a4a5 b3b4 a5a6 b4c5 a6a7,697,pawnEndgame
00ghH,5r1k/6p1/1Q2pq1p/P4r2/3P4/2P1R3/6PP/4R1K1 w - - 1 39,d4d5 f5f1 e1f1 f6f1,698,mateIn2
0MtJs,8/8/7K/8/6k1/7p/6PP/8 w - - 0 61,g2g3 g4f3 h6h5 f3g2 g3g4 g2h2,698,pawnEndgame
B5pfo,3q2k1/6p1/5n2/2R5/4P2Q/1P6/P4PPP/3r1BK1 w - - 5 37,h4f4 d1f1 g1f1 d8d1,698,attraction
0C61V,rb3rk1/1bq2p1p/p3pp2/8/R1N5/1P2PB2/5PPP/3Q1RK1 w - - 2 18,f3b7 c7h2,700,kingsideAttack
1XBCI,8/8/8/5p2/1RP5/1R3bkp/8/6K1 w - - 1 63,c4c5 h3h2 g1f1 h2h1q,700,deflection promotion
1tABw,5rk1/p4ppp/1p2p3/1P1r4/1RPPQ3/q7/5PPP/2R3K1 w - - 1 27,c4d5 a3c1 e4e1 c1e1,700,hangingPiece
01Vbe,2r5/3Qnk1p/8/4B2b/Pp2p3/1P2P3/5PPP/3R2K1 w - - 3 32,d1d6 c8c1 d6d1 c1d1 d7d1 h5d1,701,fork
08Df4,8/8/1p6/p3k3/Pr6/1PN2P2/2K5/8 b - - 0 52,e5f4 c3d5 f4e5 d5b4,702,fork
230wX,7k/2q2pr1/p2b1N2/1p1p3p/3p4/P1P4P/1P2RPP1/4R1K1 b - - 1 32,d4c3 e2e8 d6f8 e8f8 g7g8 f8g8,702,exposedKing
11LnF,8/8/2p5/2Pp4/3B3p/2P2RqP/6P1/3k2K1 b - - 11 51,g3e1 f3f1 e1f1 g1f1,703,pin
BEqAu,5k1r/ppp1np2/6pr/8/3PQ1Bq/2P1P2P/P4PR1/6RK w - - 1 27,e4b7 h4h3 g4h3 h6h3 g2h2 h3h2,703,exposedKing
Oiyge,8/5R2/6pk/4R3/4P3/2P5/p7/rr3BK1 w - - 1 42,e5e6 b1f1 f7f1 a1f1 g1f1 a2a1q,703,exposedKing
0O3pY,5rk1/1b3p2/p3pP1Q/1pp3p1/5r2/1PN5/1PP3qP/6RK w - - 0 28,g1g2 f4f1,704,pin
1HvsO,7k/p5rP/1p3n2/8/6b1/1KPR4/P4q2/7R b - - 9 44,g4f5 d3d8 f6e8 d8e8 g7g8 h7g8q,704,advancedPawn exposedKing promotion
WgDbX,b7/7p/PPkB2p1/5p2/8/6P1/6PP/6K1 b - - 0 41,c6d6 b6b7 a8b7 a6b7,704,trappedPiece
0LAul,8/8/1p2k1rP/2p3PK/p1P5/8/PP6/8 b - - 2 36,e6f7 h6h7 g6g5 h5g5,705,advancedPawn rookEndgame
0dTSY,7B/p6p/8/3k3p/1pp4P/3p1P2/PP5r/3R1K2 w - - 4 36,h8f6 h2h1 f1g2 h1d1,705,skewer
0ogWu,8/8/2pb4/p2p4/P2P2k1/2PNK3/8/8 w - - 2 49,d3c1 d6f4 e3d3 f4c1,705,skewer
KKzQX,8/8/5r2/8/7R/6pK/5kP1/8 w - - 1 73,h4g4 f6h6 g4h4 h6h4 h3h4 f2g2,705,exposedKing
0nEdG,8/pp4Rp/2k1p3/3pB3/3P4/7P/2P1q1P1/6K1 b - - 0 27,e2c2 g7c7 c6b5 c7c2,706,skewer
17p9v,rnb2rk1/pp3Qpp/3p4/2p5/2B5/2q5/P1P2PPP/R1B1R1K1 b - - 0 13,f8f7 e1e8,706,pin
74NKU,3rk2r/pp2p1b1/2p5/7p/5PpP/2nB2B1/Q1P2K1P/3R3R b k - 1 21,c3a2 d3g6 e8f8 d1d8,706,deflection
8WHDb,8/7p/3P2p1/8/2P5/4kP2/1p4PP/1r1BK3 w - - 0 41,d6d7 b1d1 e1d1 b2b1q,706,attraction
085AY,8/4k3/8/p5rp/R7/3KP3/P7/8 w - - 0 38,d3e4 g5g4 e4f3 g4a4,707,rookEndgame skewer
1BRyI,r5k1/p4ppp/4p3/3rR3/q7/5Q1P/5PP1/6K1 b - - 0 34,d5e5 f3a8 a4e8 a8e8,707,hangingPiece
05ad0,r4rk1/pp5Q/4bBp1/2pqN3/2pP1R2/8/PPP3PP/3R2K1 b - - 0 21,g8h7 f4h4 h7g8 h4h8,708,mateIn2
09RCH,8/pb5p/1p3p1N/2b2N2/7P/P4kP1/5P2/R5K1 w - - 0 31,a1e1 c5f2 g1h2 f2e1,708,fork
0KstB,r5k1/ppp2ppp/2n5/8/4N3/2P4P/bBP2PP1/4R1K1 b - - 1 17,a8e8 e4f6 g7f6 e1e8,708,discoveredAttack
18KkJ,8/8/5k1p/3K2pP/6P1/8/8/8 b - - 0 48,f6e7 d5e5 e7f7 e5f5,710,pawnEndgame
0LDjm,2KQ4/8/2P1k2p/3q1p1P/6p1/8/8/8 b - - 0 52,d5d8 c8d8 g4g3 c6c7 g3g2 c7c8q,711,advancedPawn promotion
0EVpu,2r3k1/5ppp/p7/P1p5/1p2Nn2/3P1P2/1P4PP/2R3K1 w - - 4 28,e4c5 f4e2 g1f2 e2c1,713,fork
0R8u2,6k1/6p1/1p5p/p4Q2/4P3/2Pq4/PP1r4/1K2R3 w - - 1 40,b1a1 d2d1 e1d1 d3d1,713,backRankMate
0Bv81,8/7p/5pk1/1pp3p1/8/7Q/1P3PPP/r2rN1K1 w - - 2 35,g2g4 d1e1 g1g2 e1g1,714,hangingPiece
0yBhZ,5rQk/pb2qP2/1p1r3p/2p5/2BPpP2/2P5/PP1B2PP/R5K1 b - - 1 23,f8g8 f7g8q,714,advancedPawn promotion
1aybX,3rr1k1/p5p1/1pQ5/2b3Rp/2P5/8/1B3qPP/5RK1 w - - 0 27,f1f2 d8d1,714,pin
2Nlse,1r1Q2k1/p3Pppp/8/2p5/2p5/8/5PPP/2q2NK1 b - - 1 26,b8d8 e7d8q,714,promotion
2NrFF,8/8/6p1/4k1K1/7p/7P/8/8 w - - 2 46,g5g6 e5f4 g6f6 f4g3 f6e5 g3h3,714,pawnEndgame
00NAM,r5k1/pp3ppp/8/3p4/3P4/4R2P/q1P1QPPK/8 b - - 1 21,a2c4 e3e8 a8e8 e2e8,715,mateIn2
0FIXO,2r2rk1/1pq1ppbp/p2p1np1/2pPn3/P1P1P3/2N1B1Nb/1P1Q1PP1/RR3BK1 w - - 0 17,g2h3 e5f3 g1g2 f3d2,715,fork
01xzs,r5k1/2R3pp/p7/4Pp2/1P3P2/4P3/1P3P1r/R4K2 w - - 1 28,c7c6 h2h1 f1g2 h1a1,716,rookEndgame skewer
02li3,rn2k2r/ppq2pp1/2p1pnp1/8/4N3/P2P1B2/1PP2PP1/R1BQ1RbK w kq - 4 14,h1g1 c7h2,716,mateIn1
1omQ1,3rr1k1/ppp2ppp/8/8/2qRQB2/2P2P2/PP4PP/R6K b - - 0 20,e8e4 d4d8 e4e8 d8e8,716,hangingPiece
020iD,r2qkb1r/2p1pppp/p1n2nb1/1N2N3/B2P2P1/7P/PPP5/R1BQK2R b KQkq - 0 11,c6e5 b5c7,717,mateIn1
0V4cV,4r3/1p4p1/p2k3p/4r3/2P5/3K2P1/1P2R1P1/4R3 w - - 0 33,e2e4 e5e4 e1e4 e8e4,717,rookEndgame
CjBQc,6rk/5p1p/p3RP1Q/1p1p3P/3B1q2/P1P4n/2P3R1/7K b - - 2 41,f4h6 g2g8 h8g8 e6e8 h6f8 e8f8,717,attraction
0OXST,6k1/R4Rp1/2p4p/2p2P2/2P2r2/1P6/Pr6/7K w - - 1 42,f7c7 f4f1,718,rookEndgame
0MIU4,1r6/1kp5/3p3Q/1p6/3q4/1P3P2/P4nPP/3R1R1K w - - 6 38,f1f2 d4d1 f2f1 d1f1,719,hangingPiece
2v7uL,8/4k3/6K1/1p6/6P1/8/8/8 w - - 0 59,g4g5 b5b4 g6f5 b4b3 f5e4 b3b2,719,pawnEndgame
6dft2,8/5p2/8/2BpP2k/3P1K1N/8/1r6/8 w - - 4 42,h4f5 b2f2 f4g3 f2f5,719,deflection
01Mwq,r4b2/1p3R2/3kp1p1/1B1p1b2/P2P4/8/1PP1N2r/2K1R3 b - - 1 27,a8c8 f7d7,720,mateIn1
0CRGH,2r3k1/pp1q2pp/3Bp3/3pP3/P2pp3/1Pb1P3/2P2QPP/5RK1 b - - 7 26,d4e3 f2f8 c8f8 f1f8,720,kingsideAttack
0Fb1N,r1bq1bk1/pp5p/2p2rpQ/3p4/8/2PBB3/PPP3PP/R4RK1 w - - 2 15,h6h4 f6f1 d3f1 d8h4,720,discoveredAttack
0NfBI,8/2p4k/1p1p1bq1/pP1Pp3/P1P4p/5QB1/5PP1/6K1 w - - 0 38,g3h2 g6b1 f3d1 b1d1,720,backRankMate
1CSb4,8/8/6p1/6P1/8/3K2k1/8/8 w - - 3 71,d3e4 g3g4 e4e3 g4g5,720,pawnEndgame
A6IPH,4r1k1/p1p3pp/1p3n2/6B1/1PP5/3n4/P5PP/R2NrRK1 w - - 5 20,a2a3 e1f1 g1f1 e8e1,721,attraction
Ad1jy,8/R7/6k1/6P1/5P2/p1r2PK1/8/4n3 b - - 0 42,c3f3 g3g4 f3f4 g4f4,721,defensiveMove
02vl0,3r4/R3bp2/4p1k1/4P1p1/1Pp1NnP1/5rK1/2R2P2/8 w - - 0 36,g3f3 d8d3,722,mateIn1
005Ep,5kr1/ppR3p1/3R3p/8/1r1n4/8/1P3PPP/2K5 b - - 4 31,d4b5 d6d8,723,mateIn1
04MQ7,r1b2rk1/pp3ppp/2n1p3/3p2N1/8/qB1QP3/P1P3PP/R4RK1 b - - 1 16,a3e7 d3h7,723,kingsideAttack mateIn1
0FyKe,r1bq4/p2n2k1/1ppNprpp/8/3P4/P3P3/1PB2QPP/R4RK1 w - - 0 24,f2h4 f6f1 a1f1 d8h4,723,discoveredAttack
3QSdO,4r2k/1p3q1p/p4p2/2b5/2P2R2/1P1n3P/PB4B1/4R2K w - - 0 36,e1e8 f7e8 b2f6 h8g8 g2d5 g8f8,723,defensiveMove
0Kw3Q,4r1k1/5ppp/p7/8/3RR2P/6q1/6P1/7K b - - 4 31,e8e4 d4d8 e4e8 d8e8,724,backRankMate
86rRi,8/8/8/5p2/3k2p1/5PP1/3K4/8 w - - 0 60,f3g4 f5g4 d2e2 d4e4,724,defensiveMove
013gO,2r5/p3b1k1/8/4pp1K/2Pp2p1/6P1/P1P1Rq1P/R2Q4 w - - 4 29,e2f2 c8h8,725,mateIn1
0CV2L,8/4p3/3pP3/3k3b/1P6/P1KN1p2/8/8 b - - 1 44,d5e6 d3f4 e6f5 f4h5,726,fork
078kF,r7/5ppp/8/1pk5/2b5/5P2/P2R2PP/K1R5 w - - 2 32,a1b2 a8a2 b2b1 a2d2,727,skewer
0QFfu,r2k1bnr/pp3ppp/8/1B1p1p2/8/1P5P/P1KN2P1/R3R3 b - - 1 18,f8b4 e1e8 d8c7 e8a8,727,skewer
0dtiN,5rk1/5p1p/P1p1R1p1/3p4/3P1R2/q1P2Q1P/P5P1/2r2BK1 b - - 0 24,f7e6 f4f8 a3f8 f3f8 g8f8 a6a7,727,advancedPawn
13dY9,8/8/7p/p1k1p1p1/Pp2P1P1/1P1K3P/8/8 b - - 1 40,c5c6 d3c4 c6b6 c4d5,727,pawnEndgame
4dncY,r6k/3RNpbp/6p1/8/4P3/5B2/p1P2PPP/K7 w - - 2 33,e4e5 g7e5 d7d4 e5d4 c2c3 d4c3,727,exposedKing
Pc3ti,2r4k/pp3p1p/5pr1/4b2Q/8/4qP1P/PP4R1/4R2K w - - 0 26,e1e3 c8c1 e3e1 c1e1 g2g1 e1g1,727,exposedKing
03BlZ,3r1r2/2p2pk1/p1p4p/8/3b4/2N4P/PP3PP1/R2R2K1 w - - 0 20,d1d3 d4f2 g1f2 d8d3,728,discoveredAttack
0XeFg,r1R4k/pp4pp/4Qp2/6B1/8/8/P4qPP/7K b - - 1 23,a8c8 e6c8,728,backRankMate
14vzG,4r2r/pQp2kpp/5n2/2b5/2P5/8/PP1P1qPP/R1B2RK1 w - - 0 15,f1f2 e8e1,728,pin
6ewTt,4r1k1/1pq2pp1/5np1/p2B4/8/PP1Q2P1/5P1P/3R2K1 b - - 0 28,e8d8 d5f7 c7f7 d3d8,728,deflection
02MgK,2r3k1/q5pp/4Qp2/8/1Ppb4/5PPP/7K/4BB2 b - - 0 39,g8h8 e6c8,729,backRankMate mateIn1
0Q2Fk,5rk1/p4Qpp/2p5/8/2B5/5P2/P2q1PPP/4R1K1 b - - 0 24,f8f7 e1e8,729,pin
0bFMn,8/8/2kp4/1p2p3/1P3P2/4K3/2P5/8 w - - 0 38,f4e5 d6e5 e3e4 c6d6,729,defensiveMove pawnEndgame
0d4en,2kr3r/pp3pp1/1q2P2p/3pn3/2p3P1/2P1P3/PPBK2P1/1R1Q3R b - - 0 17,b6e6 c2f5 c8b8 f5e6,729,pin
0iDuJ,4rrk1/ppp3pp/8/4n1R1/2P2p2/PPN4P/2P3P1/3R2K1 w - - 2 22,d1e1 e5f3 g2f3 e8e1,729,discoveredAttack
0lmvW,3Q1nk1/pp1b2p1/7p/8/2P1N3/1P1p2P1/P4P1P/6K1 w - - 0 34,e4d6 d3d2 g1g2 d2d1q,729,advancedPawn promotion
1bFd9,2b2rk1/r1q2Npp/2p2b2/1p6/4Q3/7P/BPP2PP1/R4RK1 b - - 0 20,f8f7 e4e8,729,pin
HUBaR,1b5k/8/1PP5/8/6p1/8/2K5/6r1 b - - 0 53,g4g3 c6c7 b8c7 b6c7 g1f1 c7c8q,729,trappedPiece
0ery9,1nb1k2r/4rq1p/4pp2/1Q6/p1BP4/8/1PP3PP/qNK1R1NR b k - 2 22,c8d7 b5b8 d7c8 b8c8,730,hangingPiece
1j1GN,3r4/7p/8/5P2/2k2K2/2p4P/P1Q4P/8 w - - 3 43,c2e4 d8d4 f4f3 d4e4 f3e4 c3c2,730,defensiveMove pin
09kiE,2r3k1/6pp/p1P2p2/3ppN2/1p4P1/7P/1KP5/7R b - - 1 31,g8f7 f5d6 f7e7 d6c8,731,fork
0c9BF,8/4ppkp/2r3p1/p7/2n5/5P1P/P4PK1/2RR4 w - - 0 30,d1d4 c4e3 f2e3 c6c1,731,discoveredAttack
12QKG,8/8/5K1p/7P/8/6k1/8/8 b - - 0 66,g3h4 f6g6 h4g4 g6h6 g4f5 h6g7,731,pawnEndgame
0BDIF,8/4Q2p/5ppk/P7/2p5/4p1P1/4qP1P/6K1 w - - 2 37,e7e3 e2e3 f2e3 c4c3 g1f2 c3c2,732,advancedPawn
0PBiI,8/p3Pk2/1p3P1p/4K3/4p3/P5p1/1P3PP1/8 w - - 1 44,f2g3 e4e3 e7e8q f7e8 e5d4 e3e2,732,advancedPawn pawnEndgame
22Uc9,6k1/pp1r1Qpp/8/4q3/8/1B6/PP4PP/3R3K b - - 0 25,d7f7 d1d8 e5e8 d8e8,732,pin
005x9,r1b1kb1Q/ppp4p/6pB/3P4/2pn4/8/PPP1qPPP/RN1K3R w q - 2 13,d1c1 e2c2,733,mateIn1
01Z5o,8/2R5/2p2bk1/2Np4/4p3/P7/1Pn1K3/8 w - - 1 49,c7c6 c2d4 e2e3 d4c6,733,fork
04BWh,8/1pkn3Q/2pb4/p3q3/8/5R2/PPB2rPP/7K w - - 0 30,f3f2 e5e1 f2f1 e1f1,733,fork mateIn2
0C610,1r4k1/4n1pp/2p5/1p2N2P/p2P4/2P3P1/5P2/1R3K2 b - - 1 34,g8f8 e5d7 f8e8 d7b8,733,fork
0Ix0T,r1br2k1/5ppB/2p1p3/p6q/8/P3PN2/1P2QPPP/3R2K1 b - - 0 18,h5h7 d1d8,733,backRankMate
0DyVP,r5kr/pp4p1/1n2pq1p/4B3/3n2Q1/b7/PP3PPP/R3R1K1 b - - 1 19,f6f5 g4g7,734,kingsideAttack
5nTmS,6k1/4K2p/p3pPp1/3pP3/1p5P/8/1b6/8 b - - 1 38,b2e5 f6f7 g8h8 f7f8q,734,deflection
0YuLu,8/8/1q2kp2/3p3P/6Q1/6P1/r4PK1/8 b - - 2 47,f6f5 g4g6 e6e7 g6b6,735,skewer
0f15g,2R5/3K1k2/5P2/8/8/5r2/8/8 b - - 15 70,f7f6 c8f8 f6e5 f8f3,735,skewer
5LFjL,5R2/8/3p2kp/p1p1p1r1/2P1P2K/1P6/P7/8 b - - 8 40,h6h5 f8g8 g6f7 g8g5,735,deflection
0D3FT,r5k1/1b3q1p/2p1prp1/1p4R1/p2P1n1P/P1PQ4/3B1PP1/1B3RK1 w - - 1 27,d3g3 f4e2 g1h2 e2g3,736,fork
06GSW,r2qr1k1/ppp1bpp1/1n2b2p/4p3/3BQ3/P1NB3P/1PP2PP1/R4RK1 b - - 1 15,e5d4 e4h7 g8f8 h7h8,737,kingsideAttack mateIn2
0DyRd,r1r3k1/pp2qpp1/6p1/4p1NR/3p4/3Q2P1/PPP2PP1/1K5R b - - 0 20,g6h5 d3h7 g8f8 h7h8,737,kingsideAttack
0wctg,8/2K4p/8/6p1/1P6/7P/8/5k2 b - - 0 43,f1g2 b4b5 g2h3 b5b6 g5g4 b6b7,737,advancedPawn pawnEndgame
10Pvr,5r2/2pk1p2/R3p3/P2pr3/1P5p/2P2R2/5KPP/8 b - - 0 34,d7c8 a6a8 c8b7 a8f8,737,skewer
7w77W,8/8/1QK5/2p5/P2r4/2kp4/8/8 w - - 1 53,b6c5 d4c4 c6d6 c4c5,738,defensiveMove
HbJzj,4rr1k/1p4pp/p1pp1p2/4pP2/8/1BPP1R1Q/PP4PK/2q5 b - - 10 32,c1b2 h3h7 h8h7 f3h3,738,attraction
05WPb,rn2k2r/pp2ppbp/3p4/4qP2/6n1/3B4/PPP1N1PP/R1BQK2R w KQkq - 5 12,e1g1 e5h2,739,kingsideAttack
H8kqB,2kr1r2/ppp5/7p/8/PP1p1R2/3P1K2/2P3P1/R7 w - - 1 27,a1f1 f8f4 f3f4 d8f8 f4e4 f8f1,739,attraction exposedKing
Rtf9g,6rr/3kqR2/p1ppp1Q1/4b3/2N1P3/7P/P5P1/7K w - - 3 24,f7e7 d7e7 g6g8 h8g8,739,trappedPiece
0QGHR,3r4/8/5PR1/6p1/7k/5K2/8/8 b - - 2 53,d8f8 g6h6,740,rookEndgame
1Uvqy,8/pkp5/1p1p4/1P6/P1PR3P/8/3pK3/7r b - - 0 42,h1h4 d4h4 d2d1q e2d1,740,hangingPiece
1VkDq,r2q1rk1/pb3ppp/1p1bp3/2p5/2P5/2N2N2/P4PPP/R1BQ1RK1 w - - 0 16,d1d3 d6h2 f3h2 d8d3,740,discoveredAttack
3JV4l,8/B4pp1/7p/3K1P2/6P1/1k5P/1b6/8 b - - 1 40,b3c3 a7d4 c3d3 d4b2,740,deflection
1aJEF,8/p7/1p6/rP5R/1k4K1/7P/8/8 b - - 4 74,a5b5 h5b5 b4b5 h3h4 a7a5 h4h5,741,defensiveMove
3E80f,1r4rk/p5Qp/4R3/3p4/2pB4/7P/P1q2PP1/4R1K1 b - - 0 28,g8g7 e6e8 b8e8 e1e8,741,pin
MDYyL,3q1B1r/5k1p/p1Q1pp2/1p6/8/2P5/PP3PPP/RN1rR1K1 w - - 1 20,e1f1 d1f1 g1f1 d8d1,741,attraction
0TkxL,3rr1k1/ppp2ppp/2n5/6Q1/8/2N5/PP3PPP/R2q2K1 w - - 0 17,a1d1 d8d1 c3d1 e8e1,742,backRankMate
026Uy,1r6/1P4R1/2P5/8/5k1p/7K/8/8 w - - 18 83,h3h4 b8h8 g7h7 h8h7,743,mateIn2 rookEndgame
28MqR,8/8/5k1p/3K2pP/6P1/8/8/8 b - - 5 50,f6e7 d5e5 e7f7 e5f5,743,pawnEndgame
0935i,r4rk1/pb3p1p/5p2/3qp3/8/3B4/PP1Q1PPP/2R2RK1 w - - 0 17,d3h7 g8h7 d2d5 b7d5,744,hangingPiece
18x5k,1k6/p1pr1p2/1p3q2/3Q2p1/8/8/P1P2PPP/R5K1 w - - 0 24,d5d7 f6a1 d7d1 a1d1,744,hangingPiece
0bW2T,8/2p5/1p1p1kp1/pP1Rr2p/P1P1PK1P/6P1/8/8 b - - 2 42,f6e6 d5e5 d6e5 f4g5,745,rookEndgame
0obvo,8/8/4R3/2P2p2/1K3k2/r7/8/8 b - - 2 42,a3e3 e6e3 f4e3 c5c6 f5f4 c6c7 f4f3 c7c8q,745,advancedPawn promotion
1BUft,8/4b3/1p2N3/pP2Pp2/P4Pk1/4K3/8/8 w - - 3 48,e6g7 e7c5 e3e2 g4f4,745,deflection
567vE,2R5/1p4pk/7p/1P1p1n2/3P1P2/5PPP/3Q2K1/1q6 w - - 3 34,d2c2 b1c2 c8c2 f5e3 g2g1 e3c2,745,attraction
5YS3t,6R1/4k3/8/3p2N1/6r1/7p/8/7K w - - 2 51,g8g7 e7f6 g7f7 f6g5,745,defensiveMove
7HeYR,8/8/1p2R1K1/1kr5/5P2/8/8/8 b - - 2 63,c5c6 e6c6 b5c6 f4f5,745,defensiveMove
084ID,2r4k/1p3p1p/p1n1p1pq/3pP1N1/1b1P2Q1/1P6/P4PPP/3R2K1 b - - 13 30,b4e7 g5f7 h8g7 f7h6,746,fork
0AC8g,8/8/1k6/2p5/PpP5/8/2K5/8 w - - 7 63,c2b3 b6a5 b3b2 a5a4,746,pawnEndgame
1oL78,8/pp2kqR1/2p2n1Q/7r/5P2/4r3/1P6/5RK1 w - - 4 35,g7f7 e7f7 h6h5 f6h5,746,trappedPiece
DFhJW,8/8/8/2k5/2r1Rp2/5P2/4K3/8 w - - 3 59,e4c4 c5c4 e2d2 c4d4,746,defensiveMove
04gcx,1r5k/6pp/1p4p1/p3N1P1/Pn1PBP2/4P1nP/8/2R3K1 w - - 1 29,e4g2 g3e2 g1f2 e2c1,747,fork
0W7nz,8/pp1k1p2/4rPp1/3p2Pp/3K3P/2P5/PP6/3R4 w - - 7 38,d4d5 e6d6 d5e4 d6d1,747,rookEndgame skewer
0fGq2,r1b2rk1/pp3pp1/4p2p/2qpP3/3P1P2/3B4/P1PQK1PP/R6R b - - 0 15,c5d4 d3h7 g8h7 d2d4,747,discoveredAttack
1gN8h,4r1k1/p1p2ppp/8/2b5/8/2NP4/PPP2RPP/R3r1K1 w - - 1 20,a1e1 e8e1,747,pin
2GXBS,2kr2n1/2pp1p2/p3p3/P3P2q/1P2N1p1/6P1/1P3PK1/R1R5 b - - 0 22,h5f5 e4d6 c8b8 d6f5,747,pin
129Jg,8/p1p2Qpk/7p/4N3/3rb3/P7/6qP/6RK w - - 0 30,g1g2 d4d1 f7f1 d1f1,748,pin
07MUp,1r4k1/2q2pp1/4R2p/p2p4/2pP4/2P3QP/Pr3PP1/1B2R1K1 b - - 0 28,c7g3 e6e8 b8e8 e1e8,749,kingsideAttack mateIn2
0SBt2,1r3k2/7R/1p3p1p/p6K/8/P7/1P4P1/8 b - - 3 37,b8c8 h7h8 f8e7 h8c8,749,rookEndgame skewer
0VM8E,1R2nk2/5p1p/6p1/8/B1P5/P4NPb/3p1P1P/4r1K1 w - - 2 33,f3e1 d2e1q,749,advancedPawn promotion
17sx5,r1b2rk1/p4ppp/p7/2bPp3/1RP1P1n1/2NQ1N2/6PP/R6K w - - 3 19,b4b1 g4f2 h1g1 f2d3,749,discoveredAttack
AUoyP,8/p1p2p1p/5P1k/5K2/r7/2PP1P2/6r1/2R5 b - - 1 39,g2g3 c1h1 g3h3 h1h3 a4h4 h3h4,749,exposedKing
05hup,r7/1p4pp/2bk4/P2pp3/1Pp5/2P5/2K3PP/3RR3 w - - 0 31,e1f1 c6a4 c2d2 a4d1,750,skewer
1OrhF,6k1/5p1p/3r1p2/5b2/1N6/8/P1p2PPP/2q1Q1K1 w - - 0 30,e1c1 d6d1 c1d1 c2d1q,750,promotion
3aoR3,8/p7/3p4/3P1p2/1pP3k1/1P2r3/P2R2K1/8 b - - 0 39,e3h3 d2d4 f5f4 d4f4 g4f4 g2h3,750,deflection
0EU7Z,7r/5k1P/5p1R/p2pn3/2p2K2/2P1p3/P1P2p2/5R2 w - - 0 41,f4e3 e5g4 e3d4 g4h6,751,fork
0iayv,8/2K5/kp6/1Rb1p3/P3P3/8/8/8 w - - 11 65,b5c5 b6c5 c7d6 c5c4 d6e5 c4c3,751,hangingPiece
0icbc,4r1k1/4P2q/3Bp1pp/3p4/p1bP1Q1P/P5P1/6P1/6K1 b - - 3 39,c4d3 f4f8 e8f8 e7f8q,751,advancedPawn promotion
1QH33,3r2k1/5p1p/p4p2/1p6/2bN4/P4P2/3R1KPP/8 b - - 2 31,g8f8 d4e6 f7e6 d2d8,751,discoveredAttack
1UkQA,8/8/7n/3Pk1KP/8/8/8/8 b - - 2 67,h6f7 g5g6 f7d6 h5h6,751,defensiveMove
Dz4Cw,6k1/5pPp/2p1b3/p6N/Pp1r4/8/1PP4P/2K2R2 w - - 0 29,f1d1 d4d1 c1d1 e6g4 d1d2 g4h5,751,attraction
ONrQG,8/p5Q1/1ppr3p/8/8/1BP4k/PP1r4/7K w - - 4 45,g7e5 d2d1 b3d1 d6d1 e5e1 d1e1,751,exposedKing
0BK1w,5R2/8/8/4k3/4r3/2K5/8/8 b - - 14 73,e4d4 f8e8 e5d5 e8d8,752,rookEndgame
0FOZ0,5k2/p3pp1p/b5p1/3p4/4P3/8/r4PPP/2KR3R w - - 0 20,d1d5 a2a1 c1d2 a1h1,752,skewer
79syS,8/8/8/3pk3/3R4/4KP2/8/4r3 w - - 5 60,e3d3 e1d1 d3e2 d1d4,752,deflection
1GCAp,1r3rk1/1p3ppp/2p2q2/p2pnP2/P7/1B5P/1PP2PP1/R2QR1K1 w - - 0 18,d1d4 e5f3 g2f3 f6d4,753,discoveredAttack
2B7Bq,rnb1k2r/2q2ppp/p2bp3/1ppP4/8/2N2N2/PPPQ1PPP/R3KB1R w KQkq - 0 11,e1c1 d6f4 g2g3 f4d2,753,pin
8z1mg,4r1k1/2p2p1p/1pp2qbp/8/4r3/2Pn2R1/PPQ3PP/5RK1 w - - 0 26,f1f6 e4e1 f6f1 e1f1 g1f1 e8e1,753,attraction
LeYrW,n7/8/1p6/1P1K4/8/5kN1/8/8 b - - 0 51,f3g3 d5c6 g3f4 c6b7 f4e3 b7a8,753,trappedPiece
LwsYM,8/1q3pr1/2bQ4/4pNk1/p3Pb2/1PP5/P1B2P1p/R6K w - - 1 35,f5g7 c6e4 c2e4 b7e4 f2f3 e4f3,753,exposedKing
09Lts,8/8/2p1pk2/p1Pp1p2/1p1P1Np1/1P2P1P1/P1R2n2/3n3K w - - 0 52,h1g2 d1e3 g2f2 e3c2,754,fork
0ALun,1r4k1/5pp1/pNpPp2p/P3P3/5n2/8/1P3PPP/4R1K1 w - - 3 33,e1c1 f4e2 g1f1 e2c1,754,fork
0HEoq,R7/2k5/8/p1p5/8/1r4P1/6PK/8 b - - 1 50,c7b6 a8b8 b6c6 b8b3,754,rookEndgame skewer
0dLGx,8/2N5/3Kp3/4P3/3p4/1n6/k7/8 w - - 0 58,c7e6 d4d3 e6c7 d3d2 c7d5 d2d1q,754,advancedPawn promotion
Coxe3,4r3/5Qpk/6n1/4p3/pBPp2qP/P2P1R2/7K/8 b - - 2 40,g4h4 f3h3 h4h3 h2h3,754,defensiveMove
0135c,8/3n1k2/p3p1p1/3p2P1/2pP2N1/PrP1KP2/1P4R1/8 w - - 4 41,e3d2 b3b2 d2e1 b2g2,755,skewer
0JCIA,r5kR/1p2qpp1/p5n1/2p3P1/P2p1PP1/3Q4/1PP1r3/2K4R b - - 2 28,g6h8 d3h7 g8f8 h7h8,755,deflection
0LbKW,6k1/2p4p/5R2/1P1r4/8/5PP1/r5P1/6RK w - - 1 42,f6c6 d5h5,755,rookEndgame
0tSxb,B7/R4p2/p7/4k3/6p1/6P1/4bPK1/3r4 b - - 8 41,f7f5 a7e7 e5f6 e7e2,755,skewer
9OlmJ,7k/6q1/6Qp/7P/5K2/6P1/8/8 b - - 42 76,g7g6 h5g6 h8g7 f4f5,755,defensiveMove
9XuyL,8/8/6K1/7P/1k6/pp6/1B6/8 w - - 0 48,b2a1 b3b2 a1b2 a3b2 h5h6 b2b1q,755,trappedPiece
04nHB,6k1/p4ppp/2p4q/3p4/3P4/2P2BQ1/Pr3P1p/4R2K b - - 0 27,h6d2 e1e8,756,mateIn1
0CuVU,8/4K1k1/6p1/5pnp/8/7P/5RP1/8 w - - 0 46,e7d6 g5e4 d6e5 e4f2,756,fork
0NTOl,4r1k1/4rq1p/p1p3pQ/1bPp4/1P3p2/2P4P/3R1PPB/R5K1 w - - 0 31,h6f4 e7e1 a1e1 e8e1,756,backRankMate
0Sqea,8/6p1/p5p1/1p6/6P1/r1k4P/P3RPK1/8 b - - 9 44,c3d3 e2e3 d3d4 e3a3,756,rookEndgame skewer
14jlV,8/8/1K3pp1/7p/Pp3P1P/8/1P6/3k4 b - a3 0 44,b4b3 a4a5 d1c1 a5a6 c1b2 a6a7 b2c1 a7a8q,756,advancedPawn pawnEndgame promotion
2jxfb,8/7p/6p1/2K2pP1/p2P1k1P/P7/8/8 b - - 1 33,f4e4 d4d5 f5f4 d5d6 f4f3 d6d7 f3f2 d7d8q,756,pawnEndgame
6GxuN,4k3/p1b2p2/1p3Pp1/2p1P3/2P1KBPp/PP6/8/8 b - - 4 35,e8d7 e5e6 d7e6 f4c7,756,deflection
A03wq,8/2p5/3p2k1/1b1P3p/p2q3P/5QP1/PP6/1K2R3 w - - 2 36,f3e4 d4e4 e1e4 b5d3 b1a1 d3e4,756,attraction
012tD,1Q6/5ppk/7p/2pr4/4p3/4P3/2p2PPP/R5K1 w - - 1 36,b8b2 d5d1 a1d1 c2d1q,757,advancedPawn mateIn2 promotion
0GvbG,3Bk2r/p5pp/1p2p3/n1p1N3/4P3/2P5/P4PPP/2K4R b - - 0 19,e8d8 e5f7 d8e7 f7h8,757,fork
0UI3M,6k1/3b1p1p/q1pb1pp1/8/1N2B3/1P2Q2P/5PP1/r2R2K1 w - - 1 28,b4a6 a1d1 e3e1 d1e1,757,hangingPiece
1cJ8l,r3b1k1/q2P1pp1/6np/1p6/2pQN3/5P2/6PP/3R1BK1 b - - 0 37,a7d4 d1d4 e8d7 d4d7,757,trappedPiece
2BslG,4r1k1/5p1p/6p1/8/N7/4p2P/PP3qP1/2R1Q2K w - - 2 34,e1f2 e3f2 c1f1 e8e1 h1h2 e1f1,757,pin
KNSDU,r1r3k1/5p1p/b3p1p1/p2pP3/3Q4/P5RN/5PPP/RBq4K w - - 1 26,h3g1 c1g1 h1g1 c8c1 d4d1 c1d1,757,attraction
0DSjr,r2qr1k1/5ppp/3p4/p2Pb3/2P1BP2/8/4R1PP/3QR1K1 b - - 0 22,e5c3 e4h7 g8f8 e2e8 d8e8 e1e8,758,fork
4OC8x,8/1p6/1p1k2pp/3nBp2/PPK2P2/6P1/7P/8 b - - 1 41,d6c6 b4b5 c6d7 c4d5,758,deflection
0cZCd,2R4k/6p1/3pr2p/p2Pb3/P4r1q/1P1Q1p1P/5P2/5R1K b - - 1 34,e6e8 c8e8 f4f8 e8f8,759,hangingPiece
19Qch,8/8/pK6/1p6/1P2k3/8/8/8 b - - 5 51,e4d4 b6a6 d4c4 a6a5 c4c3 a5b5,759,pawnEndgame
6T91I,1R6/1P2k1p1/4p2p/2nn1p1P/5P2/8/8/6K1 b - - 0 44,d5f4 b8e8 e7e8 b7b8q,759,attraction
LyylA,4r1k1/R1p2p1p/4q1p1/1R6/2PP4/8/1PQ2PPP/4rNK1 w - - 3 27,a7c7 e1f1 g1f1 e6e1,759,attraction
0Zkvp,8/7r/5kp1/1K4p1/pR4P1/P7/7P/8 w - - 6 42,b4b2 h7b7 b5c6 b7b2,760,rookEndgame skewer
0kB2g,r5k1/5ppp/8/4p3/p2p4/3bNQP1/5PKP/2r5 b - - 1 28,d4e3 f3a8 c1c8 a8c8,760,backRankMate hangingPiece
10nsG,r1b1k2r/1p2q2p/p4np1/2p1n3/2B5/1PP2Q2/P2P1PP1/RNB1R1K1 w kq - 2 16,d2d4 e5f3 g2f3 e7e1,760,discoveredAttack
2mUFc,r7/pp3pbk/2p1b1Pp/8/8/P2PPN2/1P3PP1/2K4R b - - 0 21,f7g6 f3g5 h7g8 g5e6,760,pin
02Np0,1r1q1rk1/1bp1npp1/1p1p1n1p/p2P4/2PQN3/1P4P1/PB3PBP/R4RK1 b - - 1 15,f6e4 d4g7,761,kingsideAttack mateIn1
0wCGa,r4rk1/pp1n1pbp/3q2p1/3B4/8/P6P/1P1Q1PP1/2R2RK1 b - - 0 19,d7f6 d5f7 f8f7 d2d6,761,discoveredAttack
111Yn,8/2K5/5p2/4k3/1P2P3/3B4/3n4/8 b - - 2 55,d2e4 d3e4 e5e4 b4b5,761,defensiveMove
11wL4,8/1p6/2pkp1pp/p4P2/4K1P1/1P5P/1PP5/8 b - - 0 36,g6f5 g4f5 e6f5 e4f5,761,pawnEndgame
12LpA,r2q1rk1/5pp1/p2b3p/1ppp4/4Q3/P4N1P/1PPB1PP1/R4RK1 w - - 0 18,e4d5 d6h2 g1h2 d8d5,761,discoveredAttack
1KS7m,r5k1/pbq3p1/4pr1p/1p6/1n1P2Q1/2P3R1/PP4PP/RNB3K1 w - - 0 21,c3b4 c7c1 g4d1 c1d1,761,hangingPiece
2rTvV,3r1r1k/pb5p/4B2Q/2p1Ppp1/7R/1PB5/P1P3qP/6RK w - - 0 27,g1g2 d8d1 c3e1 d1e1,761,pin
6B7Ut,5b1r/pk3pp1/2p4p/2q1P3/6Q1/8/PPP3PP/RNBr1RK1 w - - 1 17,c1e3 c5e3 g1h1 d1f1,761,deflection
7SUyY,8/1n1BK3/8/6k1/6p1/6P1/8/8 w - - 22 60,e7e6 b7c5 e6d5 c5d7,761,deflection
0CaOX,8/8/3pp1p1/8/1k4KP/1p3P2/1Qr5/8 w - - 8 55,b2d4 c2c4 d4c4 b4c4,762,defensiveMove pin
1Up9A,8/5p2/2B5/2P1k3/1K6/5P1r/8/8 b - - 2 63,h3h1 f3f4 e5f4 c6h1,762,discoveredAttack
1Anm1,5r2/1p4p1/pNnpkb1p/4p3/4P1P1/2BP4/PPP4P/2KR4 w - - 3 21,d1f1 f6g5 c1d1 f8f1,763,discoveredAttack
0E7V6,r6k/3q1p2/p2p1Prp/3Pp2Q/2p1P3/2P2P1R/nP4P1/6K1 b - - 0 35,a8g8 h5h6 g6h6 h3h6,764,kingsideAttack
0clj5,4k3/5R2/6K1/8/r7/8/8/8 w - - 18 65,g6g7 a4g4 g7f6 g4f4 f6e6 f4f7,764,rookEndgame
0k9Em,5qk1/5pr1/4p2Q/1p1p4/p6P/2P1P3/PP3PP1/R5K1 w - - 2 31,g2g3 g7g3 f2g3 f8h6,764,discoveredAttack
5FM9B,4k3/1Pq1P3/6R1/5p2/7p/8/6P1/7K b - - 0 44,c7b7 g6g8 e8e7 g8g7 e7f6 g7b7,764,exposedKing
06TaJ,1R6/R6p/8/2pB4/3b4/2k5/Pr1r2PP/7K w - - 3 34,b8b2 d2d1,765,backRankMate
0NiXl,5rk1/p4p1p/q3r1p1/2P5/7Q/2N5/PP3PRP/R1B2K2 w - - 1 22,f1g1 e6e1,765,backRankMate
0gYo4,8/8/7B/1p1pPk2/2pP4/2Pb4/5K2/8 b - - 4 42,f5e4 e5e6 e4f5 e6e7,765,advancedPawn
0nSDR,6k1/1p4Bp/p3pPp1/1b2q3/2rp4/1P5P/P5P1/5R1K b - - 1 36,c4c2 f6f7 g8g7 f7f8q,765,advancedPawn promotion
0nlxP,2k5/pp2K3/7p/5P2/2p5/7P/Pn4P1/8 b - - 1 36,c4c3 f5f6 c8c7 f6f7,765,advancedPawn
1oon0,4rk1r/p3Qpp1/2p1p3/2B5/7p/1P5P/6P1/3R2K1 b - - 0 24,e8e7 d1d8,765,pin
0LX0d,r5k1/p1p2ppp/2Q5/4rq2/8/1P6/P4PPP/R3R1K1 b - - 0 22,a8e8 c6e8 e5e8 e1e8,766,backRankMate
0ZGhq,2k3nr/pp4pp/2n5/3N4/5B2/8/Pq4PP/2RR2K1 b - - 1 18,g8e7 d5e7,766,pin
03cn7,3r4/pp3B1p/2pB2pk/2P2p2/4nP1P/P3PK2/5P2/R7 w - - 0 30,a1b1 e4d2 f3e2 d2b1,767,fork
05uMR,4q3/4r1kp/p2pB1p1/2pQb3/1pP5/1P1P4/P4PPP/4R1K1 w - - 5 32,e6h3 e5h2 g1h2 e7e1,767,discoveredAttack kingsideAttack
0kBss,5r1k/p2Q2pp/2p4r/3p3q/3P4/4PpP1/PP3P1P/4R1RK w - - 5 24,h2h4 h5h4 g3h4 h6h4 d7h3 h4h3,767,exposedKing
1RfMA,8/p1Nnk2p/1p1N1p2/6p1/PP1P2P1/7P/b5P1/6K1 w - - 3 38,d6c8 e7d8 c8a7 d8c7,767,defensiveMove
7pzWT,r1b1kbnr/ppNp1ppp/3q4/n3p2Q/2B1P3/8/PPPP1PPP/R1B1K1NR b KQkq - 0 6,d6c7 h5f7 e8d8 f7f8,767,deflection
015Ft,8/1k6/p7/2Q4P/p2K1P2/1q6/8/8 w - - 4 55,c5d5 b3d5 d4d5 a4a3 h5h6 a3a2,768,advancedPawn
0F5p4,r2r2k1/q4ppp/8/p2RQ3/8/5P2/1P2R1PP/7K b - - 0 29,d8d5 e5e8 a8e8 e2e8,768,backRankMate
0Go7Y,8/pp5p/8/1PP3P1/5k2/4pp2/P7/5K2 b - - 1 34,f4g5 c5c6 b7c6 b5c6 g5f4 c6c7,768,advancedPawn pawnEndgame
0OMeS,5rk1/pp4pp/5q2/2p5/3P2n1/2P5/PP2QPPP/R5K1 w - - 0 22,e2g4 f6f2 g1h1 f2f1 a1f1 f8f1,768,backRankMate
0YEsf,1r1q2k1/pp2rp2/2pb2pp/5Q2/3P4/2PB1N2/PP3PPP/R3RK2 w - - 0 20,f5f6 e7e1 a1e1 d8f6,768,discoveredAttack
1zSpS,3r2nr/p3Bk1p/2p1b1p1/4P3/4N3/8/PP3PPP/R4RK1 b - - 0 17,g8e7 e4g5 f7g8 g5e6,768,deflection
4OcZx,4rk1r/pp3pp1/3b4/3q1b1p/3P4/4B2P/PP1Q1PP1/R3R1K1 b - - 2 22,g7g6 e3h6 f8g8 e1e8,768,deflection
AEjYp,8/p5kp/6p1/3q4/1P1n1QP1/P6P/5P1K/4R3 w - - 3 37,f4e5 d5e5 e1e5 d4f3 h2g3 f3e5,768,attraction
BRmLf,8/7R/4k3/7P/4K1P1/8/p4r2/8 w - - 0 42,h7h6 f2f6 h6f6 e6f6,768,defensiveMove
069i5,8/6pk/2pBp2p/3PPq2/3P4/8/Q3b1PP/1R5K w - - 2 38,a2e2 f5b1 e2d1 b1d1,769,backRankMate hangingPiece mateIn2
0GyCl,8/8/p4K2/1p1p4/1P1k2P1/8/P7/8 b - - 1 40,d4c4 g4g5 d5d4 g5g6 d4d3 g6g7 d3d2 g7g8q,769,advancedPawn pawnEndgame promotion
42Uwh,5bk1/PQ3ppp/4p3/4N3/1pPP1qP1/5P2/6P1/2n2K2 b - - 0 35,f4d4 b7f7 g8h8 f7f8,769,deflection
7X6u4,5rk1/1p5p/pq4p1/1P1p4/1R2p3/8/2NQ1PPP/2r2BK1 w - - 3 29,d2c1 b6f2 g1h1 f2f1 c1f1 f8f1,769,deflection
ADbvU,8/8/1p2p1RP/p2kP1K1/2p2P2/8/Pr6/8 b - - 0 45,b2g2 g5f6 g2g6 f6g6,769,defensiveMove
Gb7Sq,2kr3r/ppp2pp1/2p5/4n2p/4KN2/2N3Pb/PPPP1P1b/R1B4R b - - 5 17,f7f5 e4e5 h8e8 f4e6 h2g3 f2g3,769,trappedPiece
0bVDU,1r2k3/5nR1/p1p1p3/2Bp2p1/1P4P1/P5K1/8/8 b - - 7 43,e6e5 g7g8 e8d7 g8b8,770,skewer
1Q1SK,r1bq2k1/pppp1ppp/4r3/8/Q1B1PP2/2P5/P1P3PP/R4RK1 b - - 2 14,e6e4 c4f7 g8f7 a4e4,770,discoveredAttack
5JljX,6R1/8/2kr2p1/1p4Kp/5P1P/6P1/8/8 w - - 0 49,g8g6 d6g6 g5g6 b5b4,770,defensiveMove
04F4R,rn3r2/1bb2pkp/2pqp1p1/p3N3/Pp1PB3/1P2P3/1BQ2PPP/2R2RK1 w - - 1 19,e5c6 d6h2,771,kingsideAttack mateIn1
08kv0,6rk/1p4r1/7p/2Pbbp2/1P1p4/P2B1P1P/1R1N4/4RK2 w - - 6 41,e1e5 g7g1 f1f2 g8g2,771,mateIn2
0EST7,3R1q1k/pp2rpnp/5BpQ/4pb2/6P1/1P3P2/P1P4P/1K6 b - - 1 28,f8d8 h6g7,771,kingsideAttack
0Q3qI,8/8/3kpp1p/p4P1P/P2PK3/8/8/8 b - - 0 36,e6e5 d4e5 f6e5 f5f6 d6e6 f6f7 e6f7 e4e5,771,advancedPawn deflection pawnEndgame
1rBJo,r3r1k1/2pQ1ppp/p7/1pb5/8/1P6/1PPP1qPP/R1B2RK1 w - - 0 16,f1f2 e8e1,771,pin
2fUTc,rn4k1/pp5p/5qp1/4b3/6b1/1QP2N2/PP4PP/R1B2K2 b - - 4 17,f6f7 b3f7 g8f7 f3e5,771,attraction
4UdGs,8/5pk1/pp1r2p1/8/P1Pb2P1/8/3Q4/5K2 w - - 1 38,d2e2 d6f6 f1g2 f6f2 e2f2 d4f2,771,exposedKing
7d193,8/8/8/8/8/pKB3p1/p5P1/1k6 b - - 2 62,a2a1q c3a1 b1a1 b3a3 a1b1 a3b3 b1c1 b3c3,771,defensiveMove
01dgp,2kr3r/2pbqpb1/p2p3p/1p1Q2p1/3N4/BP2P2P/P1P2PP1/2R2RK1 b - - 0 21,g7d4 d5a8,772,mateIn1
0EUKq,8/2r3k1/R1p2ppp/1pNn4/3P4/7P/5PP1/5K2 b - - 3 42,d5b4 c5e6 g7f7 e6c7 b4a6 c7a6,772,fork
FFQuz,2k1r1r1/5q2/1nbPRBpp/2p1Q3/3p4/1P6/P1P2PPP/4R1K1 b - - 1 28,b6d7 e6e8 g8e8 e5e8 f7e8 e1e8,772,exposedKing
I3Tcn,5k2/8/p2q1r2/1p1pN1R1/2pPp3/P1P1P2P/1P4P1/1R4K1 w - - 1 38,b1f1 f6f1 g1f1 d6f6,772,attraction
05VUp,5R2/p1p3rk/8/3P2qr/8/1P1Q4/P4KP1/8 b - - 6 42,h7h6 f8h8 g7h7 h8h7,773,mateIn2
0AinJ,8/8/6k1/5R2/4K3/5PP1/8/2r5 w - - 19 78,e4f4 c1c4 f4e5 c4c5 e5e4 c5f5,773,rookEndgame
0I4Wr,2r4k/6pp/Qn1q4/2p1p2P/2Bn1pN1/6P1/P4P2/3R2K1 b - - 0 34,b6c4 a6c8 d6d8 c8d8,773,backRankMate hangingPiece
18oXE,4k3/5p2/P2Q4/2ppbp2/8/8/6Pp/7K w - - 0 41,d6b8 e5b8 a6a7 b8a7,773,hangingPiece
1jaum,8/6p1/pR2pk1p/8/2P1n1P1/1P3N2/1r3PKP/8 w - - 3 49,b6a6 b2f2 g2g1 f2f3,773,deflection
00eCY,8/6p1/5p1p/R5kP/2b3P1/1r3PK1/8/8 b - - 4 61,c4d5 a5d5 f6f5 d5f5,774,hangingPiece mateIn2
0VSkx,8/8/8/2k2p1p/5p1P/3K1P2/8/8 b - - 15 66,c5b4 d3d4 b4b3 d4e5,774,pawnEndgame
2oH2r,rn3rk1/p4Qpp/2pp4/8/3N2bq/1BP5/P1P2PPP/R3R1K1 b - - 0 15,f8f7 e1e8,774,pin
ME5Gf,8/p1b1kp2/2Q1pp2/q7/2PP2R1/1P6/P3Rr1p/7K w - - 0 33,e2f2 a5e1 f2f1 e1f1 g4g1 f1g1,774,exposedKing
03A3f,2kr3r/ppp2p2/2pbb2p/6p1/3N1q2/2NP3P/PPP1QPP1/R4RK1 w - - 2 15,d4e6 f4h2,775,mateIn1
07OAB,2r3k1/p4ppp/3Qb3/8/2qPN3/P3P1P1/1r3RPP/R6K w - - 9 28,f2b2 c4c1 a1c1 c8c1,775,backRankMate mateIn2
1XBB3,r5k1/2p1rppp/p1Qp4/Nq1P4/1b2b3/8/P4PPP/3R1RK1 b - - 5 28,b5a5 c6a8 e7e8 a8e8,775,hangingPiece
461P0,R7/P4p2/3p4/1p1k1p1p/r4P1P/2K1P3/8/8 b - - 2 46,a4a3 c3b4 a3a4 b4b5,775,defensiveMove
6y1fl,8/1r1k3p/1pR3p1/p1n5/P2N4/1P2PP1P/4K1P1/8 w - - 5 39,e2d2 c5b3 d4b3 d7c6,775,deflection
09ZRi,1r1R3k/ppp3pp/2n2p2/2q5/Q1P5/8/PP3PPP/3R2K1 b - - 7 23,b8d8 d1d8 c6d8 a4e8 c5f8 e8f8,776,fork
0QdeU,8/R3kppp/4p3/Prn5/8/7P/5PP1/6K1 b - - 3 35,b5b7 a7b7 c5b7 a5a6 b7c5 a6a7 c5d7 a7a8q,776,advancedPawn promotion
0s102,8/8/5p2/2KP2k1/8/8/p7/Bb6 b - - 3 75,f6f5 d5d6 f5f4 d6d7,776,advancedPawn
1VhCw,4r3/5pk1/3p2p1/p1pB3p/1pPq4/1P2N1P1/P3QPK1/8 b - - 1 33,e8e7 e3f5 g6f5 e2e7,776,discoveredAttack
1pKU4,8/1ppk4/p4B2/7P/8/3P4/r5P1/7K b - - 0 38,d7e8 h5h6 a2f2 h6h7 f2f6 h7h8q,776,promotion
2UkZV,6k1/5n1p/q3pQp1/1pPp1p2/1P3P2/2P5/r4BPP/4R1K1 w - - 1 36,e1e6 a2a1 f2e1 a1e1 e6e1 a6f6,776,deflection
44GNX,5r2/ppq2pPk/6p1/2p3rp/3p4/3P2PP/PPPB3K/1R3R2 w - - 0 27,g7f8q c7g3 h2h1 g3h3,776,deflection
70ESZ,6rk/6r1/4p3/pp2P3/2pP1p2/P1P2R2/1P1p3P/4R2K w - - 0 40,e1d1 g7g1 d1g1 g8g1 h1g1 d2d1q,776,attraction
LcWnO,5rk1/1p3pq1/p3pnp1/3r2N1/7R/2Q3P1/PP3PK1/7R b - - 0 31,d5g5 h4h8 g7h8 h1h8 g8h8 c3f6,776,attraction
H4iKS,2r3k1/ppr2pp1/5n1p/8/2BP4/q4PP1/2RQ1PK1/2R5 b - - 0 24,a3a4 c4f7 g8f7 c2c7 c8c7 c1c7,777,attraction
06t6f,2r3k1/pp1b1p1r/4pPpq/3pP3/3P2Q1/2P2R2/P1B4P/5RK1 w - - 7 25,f3g3 h6h2,778,kingsideAttack
07Sk0,2r2k1r/pQp2ppp/3q4/3P4/4R1b1/3P2P1/PPP2b1P/2K2B1R b - - 2 18,g4f3 b7c8 d6d8 c8d8,778,hangingPiece mateIn2
07WYg,4r1k1/2q4p/p4Rp1/1pp5/8/2P5/PPQ3PP/7K w - - 1 26,h2h3 e8e1 f6f1 e1f1,778,mateIn2
0bT5B,1q4k1/5ppp/1r2p3/8/3P4/1r5P/pBR2PP1/2Q3K1 b - - 3 46,b3b2 c2c8 b8c8 c1c8,778,backRankMate
1v7G2,8/8/8/5kP1/6R1/5K2/8/5r2 w - - 5 75,f3g3 f1g1 g3f2 g1g4,778,deflection
2QRLz,2r3k1/pp3ppp/8/8/8/N6P/PP1p2P1/2rR1R1K w - - 4 31,h1g1 c1d1 f1d1 c8c1 g1f1 c1d1,778,attraction pin
03aeC,r3k2r/1bq1bppp/3ppn2/p5B1/1n1QPP2/1NN5/1PP1B1PP/2KR3R w kq - 0 15,c3b5 c7c2,779,mateIn1
0Cm2x,4rk2/1pp2ppp/p2p1b2/3P4/2Pp3P/1P1P2Pq/PB1Q1P2/4R1K1 w - - 0 20,d2f4 e8e1,779,kingsideAttack
14NRA,r4rk1/1pp2q2/p2p2np/4p3/8/1P1PRN2/1PP2PK1/R6Q b - - 1 20,g8h7 f3g5 h7g7 g5f7,779,pin
08HhT,r5k1/1b4p1/4p2p/ppb1P3/2p3rP/P1Pp1N1K/1P3PB1/3R1R2 b - - 4 31,b7f3 g2f3 g4h4 h3h4,780,fork
0FoVg,2rq1rk1/pp3pp1/2b1p2p/8/3b4/3BB3/PP3PPP/RQ1R2K1 b - - 1 17,d4e3 d3h7 g8h8 d1d8,780,discoveredAttack
1WDbU,3k4/pp3ppp/2b5/8/4p3/1P4P1/P3PPBP/4K3 w - - 0 25,e1d2 e4e3 d2e3 c6g2,780,discoveredAttack
20ZBH,4b3/8/7P/6K1/1p4p1/k5P1/8/8 b - - 0 59,e8c6 h6h7 b4b3 h7h8q,780,promotion
0BjJn,r1b1r1k1/pp2nRpp/1np1P3/8/7q/BBQ5/P1PP2PP/3K4 b - - 3 21,b6d5 c3g7,781,kingsideAttack
0cL2R,8/p4p2/8/P1kb1p1R/1p6/6P1/5K1P/8 w - - 0 37,h5f5 b4b3 f2e3 b3b2,781,advancedPawn
0zs91,r3k2r/pbppqppp/1pn1pn2/8/2PP4/P4NP1/1P1NPPBP/R2Q1RK1 b kq - 0 9,c6d4 f3d4 b7g2 g1g2,781,hangingPiece
1SfHB,8/2k4p/p5p1/8/1r6/4N2P/2p2PP1/R5K1 w - - 0 43,a1c1 b4b1 g1h2 b1c1,781,pin
6UJO9,8/4bBk1/p5pp/p7/3N4/2q5/P4PPP/1Q4K1 b - - 0 27,c3d4 b1g6 g7h8 g6h6,781,deflection
F7uVI,8/8/1pNnk1pp/2bN1p2/p6P/3B4/4KPP1/8 w - - 1 44,d5c7 e6d7 c6e5 d7c7,781,defensiveMove
00KgR,5r1k/1pq3p1/2p2P1p/3pPQ2/1p1P4/7P/1rB4K/5R2 b - - 1 35,f8f6 f5h7,782,mateIn1
02HAo,Q6B/2r1kp2/2Pp4/p6p/P3n1pq/8/1P3PPP/R5K1 w - - 5 28,a1e1 h4f2 g1h1 f2e1,782,backRankMate fork mateIn2
0AYHR,5k2/3R4/5Pp1/1b4P1/8/1p6/2p2KP1/2n1R3 w - - 1 50,d7b7 c1d3 f2g3 d3e1,782,fork
0MqeM,7r/pQ3Npk/1b4bp/4r3/8/8/PP3qPP/R1B2RK1 w - - 0 25,f1f2 e5e1,782,pin
1zZLo,8/pk3p2/8/2p5/3q2P1/5P2/PP2R2R/5B1K w - - 4 36,f1g2 d4d1 e2e1 d1e1 g2f1 e1f1,782,exposedKing
0KFpr,2qr2k1/4ppbp/p5p1/1p2PB2/5B2/1P4Q1/P4PPP/2rR2K1 w - - 0 22,d1c1 c8c1 f4c1 d8d1,783,backRankMate
0aOTM,2q2k2/1p6/p3p3/3p3Q/2PP4/1P5K/6P1/8 b - - 0 49,d5c4 h5h8 f8e7 h8c8,783,skewer
27LUU,2r2k2/3R1P2/2p2K2/8/7p/p3r3/6P1/3R4 b - - 1 43,a3a2 d7d8 c8d8 d1d8 e3e8 f7e8q,783,exposedKing promotion
HCUcg,r4r1k/1b3p1Q/p2ppb2/1pq5/3N4/2NR4/PPP4P/2K3R1 b - - 0 21,h8h7 d3h3 f6h4 h3h4 c5h5 h4h5,783,exposedKing
0BovX,1r6/8/5Rp1/K1P4p/3Pb1kP/8/8/8 b - - 8 44,g4h4 f6f4 h4g3 f4e4,784,fork
0EUQb,8/8/8/6PK/3b4/7P/1pk5/1R6 w - - 1 59,g5g6 c2b1 g6g7 d4g7,784,hangingPiece
0GYwD,2rk4/8/3p2q1/3Q4/pp1P4/5N2/PPP2P2/1K2R3 w - - 1 35,f3e5 g6c2 b1a1 c2c1 e1c1 c8c1,784,backRankMate
2iXrQ,5rk1/1p2nQpp/5b2/p7/1q6/1B2B3/PP3PPP/3R2K1 b - - 0 26,f8f7 d1d8,784,pin
8VREA,8/8/p3k3/7R/7P/2r5/5K2/8 b - - 1 50,c3c6 h5h6 e6d7 h6c6 d7c6 h4h5,784,defensiveMove
JaHY4,1rb1k2r/p4p1p/3Pp1p1/B7/2B2P2/8/PbP3PP/R3K2R w KQk - 0 18,a1b1 b2c3 a5c3 b8b1 e1f2 b1h1,784,exposedKing
09qMn,r4rk1/p2b1p2/1qp2n1p/3p2p1/3N4/3B2PP/PPP3P1/R2Q1R1K b - - 2 17,b6d4 d3h7 g8h7 d1d4,786,discoveredAttack
13aUK,4B3/p7/1p6/P7/1P6/K1kb4/8/8 w - - 17 69,e8g6 d3g6 a5b6 a7b6,786,hangingPiece
1IT5j,8/8/8/pp4K1/6P1/P4k2/8/8 w - - 0 58,g5f5 b5b4 a3b4 a5b4 g4g5 b4b3 g5g6 b3b2 g6g7 b2b1q,786,advancedPawn pawnEndgame promotion
1qrDb,r3kb1r/pp1qpp2/1np2p2/5Q1p/3P4/1B5P/PPP2PP1/R1B2K1R w kq - 2 15,b3f7 e8f7 f5d7 b6d7,786,hangingPiece
3AFr4,8/8/4p3/4P3/2K5/4k3/8/8 w - - 0 54,c4c5 e3e4 c5c4 e4e5,786,pawnEndgame
3ZpIs,6R1/kp4P1/8/3r4/p7/7P/6K1/8 b - - 0 44,a4a3 g8a8 a7a8 g7g8q,786,attraction
GDPpD,r1br3k/ppp2ppp/7n/4R3/3Q1PPq/2NB3P/PPP3K1/4R3 b - - 2 18,d8d4 e5e8 h6g8 e8g8 h8g8 e1e8,786,attraction
051ka,7k/1q1r2Np/1p4p1/p3n3/4P3/1QP1P2P/PP4P1/5RK1 b - - 0 25,d7g7 f1f8 g7g8 f8g8,787,mateIn2
0TNEM,2r3k1/5ppp/Qpr1p3/p2PP3/3q4/1PR5/P5PP/2R2K2 b - - 1 32,c6c3 a6c8 c3c8 c1c8,787,backRankMate
0eExl,2k5/6R1/4p3/1PPpPp1p/5P1K/5r2/8/8 w - - 7 51,h4g5 f3g3 g5f6 g3g7,787,rookEndgame
12vbX,r2k2nr/ppN1pp2/3p4/2p4p/4P1bP/q1NPQpP1/P1P2P2/1R2K2R w K - 4 17,c7a8 a3c3 e3d2 c3d2,787,hangingPiece
1Nw8u,1rr3k1/p4pbp/4p1p1/q1Rp1b2/3P4/1B2B1Q1/PP3PPP/5RK1 b - - 1 20,c8c5 g3b8 c5c8 b8c8,787,hangingPiece
26A32,3r4/q4P1k/p5pp/1p6/3R4/3Q3P/PP4P1/6K1 b - - 0 37,a7d4 d3d4 d8d4 f7f8q,787,promotion
72qUs,8/8/7P/8/2p5/p1knQ3/P6K/8 w - - 3 50,e3f4 d3f4 h6h7 f4g6,787,defensiveMove
08kPY,r2qnr1k/pp3N1P/5nR1/3p4/5P2/2pQ4/PP3P2/2K3R1 b - - 0 24,f8f7 g6g8 f6g8 h7g8q,788,advancedPawn mateIn2 promotion
0AgqV,6k1/N2R1pp1/1p2p1b1/3n2Pp/r7/5P2/5K1P/8 b - - 5 33,g8f8 d7d8 f8e7 a7c6,788,mateIn2
0BeZa,4rrk1/p1p1bp1p/1p1q1p2/3PRQ2/2P5/3B4/PP3PPP/4R1K1 b - - 1 18,f6e5 f5h7,788,kingsideAttack
0GyOM,8/n6K/P3k1p1/4p3/6PP/2N2p2/8/8 w - - 0 42,h7g6 f3f2 c3e4 f2f1q,788,advancedPawn promotion
0XEVv,8/4k3/1r2p2p/p7/2P1KPPp/1P1R4/P7/8 w - - 3 42,e4d4 b6d6 d4c3 d6d3,788,rookEndgame
11bTt,r3nNk1/ppp1ppbp/6p1/4q3/8/2N5/P1P2QPP/R4RK1 b - - 0 17,g7f8 f2f7 g8h8 f7f8,788,deflection
1F1JE,r1b1k1nr/p4ppp/3bp3/3p4/3B4/2qB4/P1P2PPP/R2Q1RK1 b kq - 3 12,c3d4 d3b5 e8e7 d1d4,788,discoveredAttack
1Wumy,2R1nrk1/5p1p/3P2p1/q3b3/2Q1N3/6B1/6PP/4N2K w - - 1 32,g3e5 a5e1 c4f1 e1f1,788,hangingPiece
1immo,2r3k1/1p1P4/p5p1/5p1r/8/6P1/PP3nK1/4R3 b - - 0 35,h5h2 g2h2 c8d8 e1e8 g8f7 e8d8,788,exposedKing hangingPiece
6mw4Z,8/7k/p5r1/8/1Pp2p2/Pb1p1P2/3Q3q/5R1K w - - 0 43,d2h2 g6h6 h2h6 h7h6,788,defensiveMove
OqRaW,6rk/ppqb4/4p1rp/3pP1bQ/3n2P1/3B4/PP3PK1/RN5R b - - 1 25,g6g7 h5h6 g5h6 h1h6 g7h7 h6h7,788,exposedKing
02qPC,r7/6kp/pp1bp3/2p2r2/2P1Q3/1P3P2/P3KP2/7R w - - 1 29,e4e6 f5e5 e6e5 d6e5,789,fork
02xnk,8/6k1/1n2pr2/1R4Kp/p6P/P7/1P2R3/8 w - - 0 43,b5b6 f6f5,789,mateIn1 rookEndgame
04zUx,r1bq1rk1/ppp2p2/2np4/3np1B1/2B1P3/P2P4/1PP2bPP/R2Q1K1R w - - 0 13,g5d8 d5e3 f1f2 e3d1,789,fork
1Sm1g,4R1K1/8/8/1P4p1/8/8/3kp3/8 b - - 0 55,e2e1q e8e1 d2e1 b5b6 g5g4 b6b7 g4g3 b7b8q,789,promotion
3Mh8r,8/1B5p/6p1/1P2k1P1/2n2p1P/5K2/8/8 w - - 2 46,b7e4 c4d2 f3e2 d2e4,789,deflection
A4drJ,k7/P7/8/4pK2/3bP3/7P/8/8 b - - 4 61,d4c3 h3h4 a8a7 h4h5,789,defensiveMove
00mvr,7r/ppp1Nk1p/2n5/8/8/2P2pP1/P6P/R1Br1BK1 b - - 0 20,f7e7 c1g5 e7e6 a1d1,790,discoveredAttack
01y4w,r1b2rk1/ppp2ppp/3p4/4q3/P7/3BP2P/1PPQ1PP1/1R2K2R b K - 1 14,e5d5 d3h7 g8h7 d2d5,790,discoveredAttack kingsideAttack
02T7b,8/2k5/1b1p1p2/p1PQ1P2/1p1PP3/1P5q/6R1/5R1K w - - 8 39,g2h2 h3f1,790,mateIn1
09LYv,5rk1/p3qp1p/4p1pQ/8/4p2R/PP6/2r2PPP/4R1K1 b - - 1 24,f8c8 h6h7 g8f8 h7h8,790,mateIn2
0d3Bn,8/p2R4/1p6/2p1k1p1/P7/1PP1rPK1/8/8 b - - 15 67,a7a5 d7e7 e5d5 e7e3,790,rookEndgame skewer
125bZ,4k3/7R/p7/2pB4/2P1P3/P5P1/1P4K1/4q3 w - - 0 43,g2h3 e1h1 h3g4 h1h7,790,skewer
7CrSH,7r/1Q6/1p1p1k1r/p1p2qp1/P1PP1p2/2P5/5KR1/4R3 b - - 1 37,f5c2 e1e2 c2e2 f2e2,790,defensiveMove
IpJez,r5k1/p4qp1/2p4p/4p2r/1P1b1p2/P1NP1P2/1P2Q1PP/2R1R2K w - - 5 29,c3e4 h5h2 h1h2 f7h5,790,attraction
01czg,4kr2/p3n3/2p4Q/2PpP1N1/2pB1p2/q1P5/1r3PPP/1R4K1 w - - 0 29,b1b2 a3a1 b2b1 a1b1,791,backRankMate fork mateIn2
03R9Y,Qnk5/2p3b1/pp1r3p/3p2p1/NP1P2n1/P3qr1P/1BR3P1/5R1K w - - 0 25,f1f3 e3e1 f3f1 e1f1,791,kingsideAttack mateIn2
09YGk,2r5/8/5R2/rk4R1/p1p5/1p5P/1P4P1/6K1 b - - 11 50,b5b4 f6b6 a5b5 g5b5,791,mateIn2 rookEndgame
0AD6V,5r1k/7p/5Q2/6R1/3p4/P7/1Pq2PPP/4R1K1 b - - 0 29,f8f6 e1e8 f6f8 e8f8,791,mateIn2
0IvPP,8/8/2N2k2/2p2ppp/2Pp4/1P1P2P1/7r/1R3K2 w - - 0 42,b3b4 h2h1 f1g2 h1b1,791,skewer
0eEGb,rn2r3/p6p/2p1pkpP/1p4p1/3P1q2/4R3/PPPQ1P2/2K3R1 b - - 4 21,g5g4 e3e6 e8e6 d2f4,791,discoveredAttack
0ybkc,R7/8/4pk2/p1p5/8/P1KPbP2/2P5/5r2 b - - 2 42,f1f3 a8f8 f6e5 f8f3,791,skewer
1KjIk,8/8/4p3/p7/PP6/2K2k2/8/8 b - - 0 59,a5b4 c3b4 e6e5 a4a5 e5e4 a5a6 e4e3 a6a7 f3f2 a7a8q,791,pawnEndgame promotion
1ZaiE,8/8/4k3/p6p/PpK4P/1P6/8/8 b - - 1 45,e6f5 c4b5 f5g4 b5a5,791,pawnEndgame
2HYr8,8/8/1p6/p6k/2P3Rp/3n1P2/P6K/8 w - - 3 45,h2h3 d3f2 h3h2 f2g4 f3g4 h5g4,791,exposedKing
3j1Tk,4Rrk1/1p3ppp/p2N1p2/8/8/8/Pq3PP1/4RK2 b - - 1 25,b2a2 e8f8 g8f8 e1e8,791,attraction
4rKyz,8/8/8/4K3/5r2/4nk2/8/R7 b - - 29 77,e3f1 a1f1 f3e2 f1f4,791,deflection
07Km1,rnbq1rk1/1p3pp1/p6p/3Nb3/4Q3/3B4/PPP2PPP/R3K2R b KQ - 1 15,f8e8 e4h7 g8f8 h7h8,792,kingsideAttack mateIn2
0Qqvb,8/r7/8/8/5k2/3KR3/8/8 w - - 26 99,d3e2 a7a2 e2d3 a2a3,792,rookEndgame
1ccV5,r5k1/1b2bp2/pp4p1/2pNq2p/2P1p3/4P2P/PP1QBPP1/3R2K1 b - - 1 28,a8d8 d5e7 e5e7 d2d8 e7d8 d1d8,792,discoveredAttack
HXknV,1kr5/2q5/1p4p1/6Pp/1PrppP2/P1P5/1Q2N3/2R1K2R w K - 0 37,c3d4 c4c1 e2c1 c7c1 b2c1 c8c1 e1e2 c1h1,792,exposedKing
03iwX,8/8/8/KP6/4kp1P/8/4bP2/8 b - - 0 49,e4f3 b5b6 e2d3 b6b7,793,advancedPawn
0B9v1,r2qk2r/2p1n1pp/p1pbb3/8/3Q4/8/PPP2PPP/RNB1R1K1 w kq - 0 12,e1e6 d6h2 g1h2 d8d4,793,discoveredAttack kingsideAttack
0yNlf,8/8/3P1R2/4k3/8/6pK/6P1/3r4 w - - 0 47,f6h6 d1h1 h3g3 h1h6,793,skewer
2BmUD,1r6/2rnk3/4p1B1/8/3Q4/1pp2P2/P5R1/1K6 w - - 5 39,a2a3 c3c2 b1c1 b3b2 d4b2 b8b2,793,exposedKing
3ga9V,4k3/5R2/5pK1/8/6r1/8/8/8 w - - 12 54,g6f6 g4f4 f6e5 f4f7,793,deflection
7523Y,1k6/pPp5/3r1p1p/4b1p1/PR6/4BP2/5P1P/6K1 b - - 0 28,a7a6 e3a7 b8a7 b7b8q,793,attraction
7Gs56,8/pp3k1p/2p2P2/3rRK1P/8/8/PP6/8 w - - 5 39,e5d5 c6d5 f5e5 d5d4,793,defensiveMove
00HnR,q5kr/p4p2/3Bb1p1/4p2p/5n2/2P5/P1Q2PPP/3R1RK1 w - - 4 21,d6e5 a8g2,794,mateIn1
0e3MX,7q/3k2r1/p1p1p3/3p3p/3Pb2Q/2P3P1/PP3P1P/R3R1K1 w - - 0 24,h4f6 g7g3 f2g3 h8f6,794,discoveredAttack
7yNMi,2r2nrk/p1q2p1Q/4pP2/1pp1P3/3pPB2/6P1/PPn1KP2/R6R b - - 0 27,f8h7 h1h7 h8h7 a1h1 h7g6 h1h6,794,attraction exposedKing
7zsOc,1r3r1k/p3q1pp/1p1p1p2/2pBbP2/4P3/2PQ3R/P5PP/5R1K b - - 2 23,b6b5 h3h7 h8h7 d3h3,794,attraction
02ioO,4r1k1/1pr2pp1/4q1np/p2pPN2/b1pP3P/4P1Q1/1P4P1/2R2RK1 b - - 0 28,g6e7 g3g7,795,kingsideAttack mateIn1
03MOh,2q4k/2b3p1/R6p/p2Q4/Pp3pP1/1B5P/1P6/6K1 b - - 0 35,c8a6 d5g8,795,mateIn1
05RQN,r3r1k1/1b1nqpp1/4p2p/p2pP1NQ/1p5P/2P5/PPB2PP1/R3R1K1 b - - 1 21,h6g5 h5h7 g8f8 h7h8,795,kingsideAttack mateIn2
07l35,4r1k1/2b2pp1/ppp1q2p/8/3P4/2N2Q1P/PP3PP1/3R2K1 w - - 0 25,d4d5 e6e1 d1e1 e8e1,795,kingsideAttack mateIn2
0DOjF,2r2rk1/p5p1/1b2N1bp/2q5/2p2B2/P1Q4P/1P4P1/2KR1R2 b - - 0 26,c5f5 c3g7,795,kingsideAttack
0O0oS,8/8/5pk1/1r6/4P1K1/5P2/8/3R4 w - - 18 62,d1g1 b5g5 g4f4 g5g1,795,rookEndgame skewer
1YoIv,4r3/pb5k/1p5p/2p2N2/6p1/3Q4/Pb4NP/1R2B2K w - - 0 33,b1b2 e8e1 d3f1 e1f1,795,pin
8pExX,8/8/4pkn1/4N1p1/4K1P1/8/8/8 w - - 2 59,e5g6 f6g6 e4e5 g6f7,795,defensiveMove
Fn1n1,r5k1/pp1P2pp/2p5/3n4/8/2P2R1P/PP2r1P1/5RK1 b - - 0 29,a8d8 f3f8 d8f8 f1f8 g8f8 d7d8q,795,attraction
HNL1y,6k1/pp5p/2b1n1p1/2Pp4/3R2P1/1B5P/PP4K1/8 w - - 1 42,b3d5 c6d5 d4d5 e6f4 g2f3 f4d5,795,attraction
VzDux,r4k2/pp3ppp/3qpn1N/2pr4/5Q2/1P1P2P1/P1P2P1P/R4RK1 w - - 3 22,f4d6 d5d6 h6f7 f8f7,795,trappedPiece
04xSr,8/5k2/4r3/3K4/8/8/8/7R b - - 20 64,f7e7 h1h7 e7f6 h7h6 f6g5 h6e6,796,deflection exposedKing rookEndgame
0B2w7,r2q1rk1/p4pp1/1p1p3p/2p3nn/4P3/P1PPB2P/RP2N1PK/4QR2 w - - 0 19,e1h4 g5f3 f1f3 d8h4,796,discoveredAttack
0CYEU,8/2b5/8/2k2p2/1p3Pp1/1P2N1P1/3K4/8 b - - 15 62,c7f4 g3f4 c5d4 e3f5,796,hangingPiece
0Cuip,r1b2rk1/2p2Qpp/p7/1p6/7q/1BPP3P/PP3nPb/RNB1RK2 b - - 0 17,f8f7 e1e8,796,pin
0O9qU,6k1/p1p1r1bp/2p5/2N2p2/2P1bB2/1P6/P5PP/4R2K w - - 3 29,h2h3 e4g2 h1g2 e7e1,796,discoveredAttack
2PKi7,8/6kP/6P1/5K2/5P2/6r1/8/8 b - - 0 73,g3g6 h7h8q g7h8 f5g6,796,deflection promotion
3OuY0,8/8/1K6/8/p7/P1k5/8/8 w - - 2 58,b6b5 c3b3 b5c5 b3a3 c5c4 a3b2,796,pawnEndgame
53xn0,1k4r1/1br1b3/4p3/R1p5/1pP4p/4B2P/R1P2KP1/5B2 b - - 5 34,b8c8 a5a8 b7a8 a2a8 c8d7 a8g8,796,exposedKing
00LWX,2r4k/5p2/4pNp1/6Pp/q6P/7r/2PQ4/1RKN4 w - - 2 37,d2b4 c8c2,797,mateIn1
06guq,5b1k/7p/bp3pp1/4p3/4P3/2PP1BP1/7P/1R4K1 w - - 0 39,b1b6 f8c5 g1g2 c5b6,797,fork
0CCNM,r1b1k1nr/pp1p4/3N1pp1/8/3n4/8/PPP1BPPP/R3K2R b KQkq - 0 13,e8d8 d6f7 d8e7 f7h8,797,fork
0XnB6,2R5/8/8/6k1/4pp2/8/6r1/4K3 b - - 1 54,e4e3 c8g8 g5f5 g8g2,797,rookEndgame skewer
0ZVv1,3R4/8/3n4/p1kp4/P5P1/1P6/2r2PK1/8 b - - 0 48,d6e4 d8c8 c5b4 c8c2,797,skewer
0bOYd,1k1q4/ppp5/4b2P/4p3/4P3/7P/6B1/5R1K b - - 0 37,d8d7 f1f8 d7c8 f8c8 b8c8 h6h7,797,advancedPawn
1Ot7V,2b1rrk1/p3n2p/1pn3p1/2p5/2PpN3/PP5N/3P1PKP/1BR1R3 b - - 0 26,e7f5 e4f6 f8f6 e1e8,797,deflection
2L7sJ,r3k2r/3b2bp/5qp1/p1B2p2/PpB1p3/1P6/2PRnPPP/1NKQR3 w kq - 1 22,d1e2 f6b2 c1d1 b2b1,797,deflection
5VxUI,6rk/6p1/5nP1/2R2R2/5n2/5P2/1r6/5K2 b - - 12 40,f4g6 f5h5 f6h7 h5h7 h8h7 c5h5,797,attraction
6TK6i,4nk2/6p1/1p1PK3/p5P1/8/1P5P/8/8 b - - 0 44,b6b5 d6d7 e8c7 e6d6,797,defensiveMove
00H8a,5bk1/2R4p/6p1/8/2b1NP1P/4P1K1/r7/8 b - - 2 45,c4d3 e4f6 g8h8 c7h7,798,mateIn2
00jOm,1r6/3Pkppp/4p3/3p4/8/8/P4PPP/2R3K1 w - - 0 29,c1c8 b8b1 c8c1 b1c1,798,backRankMate mateIn2 rookEndgame
01YE9,6k1/7p/6p1/1p6/p2pqb2/P2Nr3/1PP3PP/3QR1K1 w - - 8 35,d3f4 e3e1 d1e1 e4e1,798,fork mateIn2
01fP3,r2qkb1r/p1pnp2p/1p4N1/5p1Q/3P4/2N5/PPP2PbP/R1B1K2R b KQkq - 0 11,h7g6 h5g6,798,mateIn1
045jd,5r1k/3b1ppp/5N2/6P1/pp3P2/3Q4/qPP1R2P/2K5 b - - 1 30,d7g4 d3h7,798,mateIn1
04KbJ,8/pR6/5ppk/8/2P4p/1P3P1P/P5P1/4rnBK w - - 0 43,g1f2 f1g3 h1h2 e1h1,798,mateIn2
0EkC2,8/3b1ppp/8/2p1p1k1/2P1P3/3PK3/6PP/3B4 w - - 7 34,e3f3 d7g4 f3e3 g4d1,798,skewer
0gw8Y,2k5/Kn4pp/1P1P4/4pp2/8/B6P/8/8 b - - 0 58,e5e4 d6d7 c8d7 a7b7,798,advancedPawn deflection
0lLSj,8/6P1/1r2PK2/3k4/8/8/8/8 b - - 0 61,b6e6 f6f7 e6e5 g7g8q,798,advancedPawn defensiveMove promotion
21I1m,2r1r1k1/1b3N1p/p4q1B/1p2np2/1n6/1B6/PP2Q1PP/R3R1K1 b - - 0 26,e5f7 e2e8 c8e8 e1e8,798,pin
5C2Ku,3B4/1p4pp/p1p2kb1/3p4/1P1P1PP1/2P2K2/1P6/8 b - - 4 37,f6f7 f4f5 g6f5 g4f5,798,trappedPiece
8OPnS,8/8/P4R2/4p1p1/4q3/3kP1K1/6P1/8 b - - 4 52,e4e3 f6f3 e5e4 f3e3,798,defensiveMove
lGb9w,8/8/8/1K6/1p6/1P1k4/p1N5/8 w - - 5 57,c2a1 d3c3 b5c5 c3b2 c5b4 b2a1,798,trappedPiece
0GK5A,4rb2/1r6/p1p1p1k1/3p1pPp/PP1P1P1P/2P1R3/7K/4R3 b - - 3 37,f8d6 e3e6 e8e6 e1e6 g6g7 e6d6,799,fork
0OPrQ,r4r1k/2pb2pp/p4q2/1p1QR3/8/2P5/PPB2PPP/RN4K1 w - - 1 18,e5h5 f6f2 g1h1 f2e1,799,backRankMate
0avzF,3R4/5ppp/2k1p3/8/5P2/5K2/2r3PP/8 b - - 8 37,f7f5 d8c8 c6d5 c8c2,799,rookEndgame skewer
1rOFB,1k6/pp5p/3p1P2/3P4/8/1qp5/6PP/5R1K b - - 0 30,c3c2 f6f7 b8c7 f7f8q,799,promotion
FT3xN,6r1/4pknQ/3p2p1/p1r2P2/4q3/2B2R2/PP5P/5RK1 b - - 0 35,e4g4 f3g3 g4g3 h2g3,799,defensiveMove
0pEZk,8/8/8/1Qp3K1/8/6P1/8/3qk3 w - - 6 65,b5a5 d1d2 a5d2 e1d2 g3g4 c5c4,800,defensiveMove
030gZ,4r3/3p2kp/1R1P1pp1/p1r1p3/8/N3KP2/P5PP/5R2 w - - 0 36,f1b1 c5c3 e3f2 c3a3,801,fork
09BH9,8/1p4pp/3N1p2/4q2k/r7/8/P1QB1PPP/R5K1 w - - 6 29,c2a4 e5a1 d2c1 a1c1 a4d1 c1d1,801,backRankMate hangingPiece
09wxt,4r3/kp5p/5Rp1/8/4n3/2P5/PP3PPP/5K2 w - - 1 25,f6f7 e4d2 f1g1 e8e1,802,backRankMate
0Bir2,2k5/pp5p/6p1/2N5/1P5q/P7/6PP/2R4K b - - 1 43,c8b8 c5d7 b8a8 c1c8,803,backRankMate
0Lmrj,4bR1k/4P1bp/6p1/rp1B4/4P3/2N5/PP1r2PP/7K b - - 4 32,g7f8 e7f8q,803,advancedPawn promotion
09FV2,2r2rk1/pp2ppbp/6p1/8/2BPn3/1R2PNP1/5PP1/2R3K1 b - - 0 23,c8c7 c4f7 g8f7 c1c7,804,discoveredAttack
0C587,3rr1k1/Rpp2ppp/8/3qp3/1B6/2P4b/5QP1/5R1K b - - 3 23,e8e6 f2f7 g8h8 f7f8 d8f8 f1f8,804,backRankMate
0CFuR,r6k/1pp1b1r1/5N1p/p3P3/1nP2P1q/P7/1P1Q2BP/3R3K b - - 0 24,a8d8 d2d8 e7d8 d1d8 g7g8 d8g8,804,exposedKing
1bpzg,5rk1/5R1p/5Kp1/4P3/2Q2P2/8/1p3q2/8 b - - 0 38,b2b1q f7f8 g8f8 c4f7,804,attraction
02J2r,5rk1/p1p1nNpp/1pb5/8/8/1B3P2/P5PP/3R2K1 b - - 0 20,f8f7 d1d8 c6e8 d8e8,807,mateIn2 pin
0P9Eq,3rk3/pp3Pr1/8/7B/1n1p1q1b/6B1/PP3PK1/4RR2 b - - 0 29,e8f8 e1e8 d8e8 f7e8q,807,promotion
0R7Yt,8/1p6/p1p1kp2/P1P2p2/1P3P2/4K1P1/8/8 w - - 3 50,e3d3 e6d5 d3e3 d5c4,809,pawnEndgame
08vD8,8/8/3bN1k1/3P1p2/8/1p1n2PP/5P2/2B3K1 w - - 6 38,e6d4 d3c1 d4b3 c1b3,810,hangingPiece
00HEh,3R1rk1/pp3ppp/2p3b1/2n3P1/2B2q1P/5N2/PPP1QP2/4R1K1 b - - 0 23,f8d8 e2e8 d8e8 e1e8,812,kingsideAttack mateIn2
00baZ,r7/8/p1k5/1p1p1pn1/3R3p/2P1P2P/5P2/R5K1 w - - 0 31,d4h4 g5f3 g1g2 f3h4,812,fork
11GLn,6k1/8/6PP/3p4/p3p3/5r2/1p2K3/7R b - - 2 58,f3f6 h6h7 g8h8 g6g7 h8g7 h7h8q,812,attraction
5Ui5h,8/8/3K3p/3P4/8/1kp3P1/1p6/1B6 w - - 0 64,d6e7 c3c2 b1c2 b3c2 d5d6 b2b1q,813,trappedPiece
00aZP,r1b1k2r/p1p2ppp/1pN2n2/2n1b3/2B1P3/P1N5/1PP2PPP/R1BR2K1 b kq - 0 13,e5c3 d1d8,814,mateIn1
036Ir,6r1/8/p2R4/2pP1PPk/4P3/4K3/Pn6/8 w - - 0 46,g5g6 b2c4 e3f4 c4d6,814,fork
086CA,8/1p6/p7/P1pPK1kp/2P3p1/8/1P6/8 b - - 1 48,g4g3 d5d6 g5g4 d6d7 g4f3 d7d8q,815,advancedPawn pawnEndgame promotion
0IkTc,8/3R4/5p2/5P1k/1K6/P4nr1/6P1/8 b - - 5 50,h5g5 d7g7 g5f5 g7g3,816,skewer
00TTm,r4b1r/pppqpkpp/6B1/7Q/2PP4/2N1P2P/PP4P1/R5K1 b - - 0 15,f7g8 g6f7,817,mateIn1
0QCVa,4k3/p4ppb/2PBp2p/1r6/8/7P/5PP1/2R3K1 b - - 0 37,b5d5 c6c7 d5d6 c7c8q,817,promotion
2Kp1g,8/5k2/7P/5KP1/3b1P2/8/8/8 b - - 0 62,d4h8 g5g6 f7e7 g6g7 h8g7 h6g7,818,trappedPiece
01VEo,r3k2r/pp3pp1/2pqpn2/2N3p1/2P5/8/PPP1QPPP/R4RK1 w kq - 1 15,c5b7 d6h2,821,kingsideAttack mateIn1
0BqNv,4Rbk1/p7/3r1PK1/1ppB4/8/8/P1P5/8 b - - 2 44,d6d5 f6f7 g8h8 e8f8,821,advancedPawn deflection
0OGz9,8/7R/5k2/5p2/4p3/4P2K/5P2/6r1 w - - 8 61,h7h8 g1h1 h3g2 h1h8,821,skewer
0E8gL,4r1k1/p4ppp/1b1rp3/1P2N3/P4Q2/3p4/4qPPP/2RR2K1 b - - 3 26,d6d5 f4f7 g8h8 f7e8,822,backRankMate
0E01p,3Rn1k1/1q3ppp/p1b5/3Nn3/pPp1P3/5P2/BBP3PP/5RK1 b - - 2 22,c6d5 d8e8,823,backRankMate
0HAqd,4r2k/1b3R2/1qr3p1/1p2Q2p/2p4P/2P5/6PK/1B3R2 b - - 5 39,e8e5 f7f8 h8g7 f1f7 g7h6 f8h8,823,exposedKing
1QA6g,rnb3k1/p1p2p2/1p1p1p1p/3Pr2N/4p3/2P1P3/P1P2PPP/2KR1B1R w - - 2 14,h5f6 g8g7 f6e4 e5e4,823,trappedPiece
1uIWi,r1b1Rrk1/pppp1ppp/5q2/8/8/1BP1Q3/P1P2PPP/4R1K1 b - - 12 17,d7d6 e8f8 g8f8 e3e8,824,attraction
0Btrc,5r1k/1Q4pp/6n1/5q2/8/N1P5/PP3rPP/R4RK1 w - - 0 21,f1f2 f5f2 g1h1 f2f1 a1f1 f8f1,826,backRankMate
0LaM6,2rR3k/1p2P1pP/6B1/4n3/8/8/7P/7K b - - 2 37,c8d8 e7d8q,826,advancedPawn promotion
00pHb,r5rk/4qp1p/p4N1Q/1p2p3/3pP3/1P1P3P/1PP3P1/5RK1 b - - 2 23,g8g6 h6h7,827,kingsideAttack mateIn1
03AaR,n1b3k1/6pp/p2p1rq1/2bNp3/2P5/3P2P1/PB3P1P/3Q1RK1 b - - 1 27,c8b7 d5e7 g8h8 e7g6,827,fork
0Mpmq,8/p1p2p2/4bk1p/1p6/1Pp1PbP1/2P5/P4NP1/1K1B4 b - - 2 29,f6g5 f2h3 g5h4 h3f4,828,deflection
09H3M,8/8/p1Q5/8/8/KP6/P3r3/1k6 w - - 3 44,c6a6 e2a2 a3b4 a2a6,830,skewer
01VxT,5rk1/R4p1p/4p1p1/4P3/P2PNn2/7P/1r3PP1/3R1K2 w - - 2 30,d1d2 b2b1 d2d1 b1d1,831,mateIn2
0rg51,8/p4p1k/1p6/8/8/2P3qp/PP1R4/3R3K b - - 3 41,f7f5 d2d7 h7h6 d1d6 h6h5 d7h7,831,exposedKing
1ovQE,8/p4k2/1p2p2p/2r2n2/2P2Q1P/8/2K3P1/8 w - - 3 40,g2g4 c5c4 f4c4 f5e3 c2d3 e3c4,831,attraction
0BAk9,2r5/5pk1/4pqp1/p2p3R/3P1PQ1/1PP4R/1r4P1/6K1 b - - 0 33,b2b3 h5h7 g7f8 h7h8 f8e7 h8c8,833,skewer
0LCoH,8/8/8/1p6/1k1p2P1/5r1P/R2K4/8 w - - 0 53,g4g5 f3f2 d2d3 f2a2,834,skewer
01xXd,8/5p2/p3pkp1/1p1b4/1P1R2PP/P3KP2/8/8 w - - 1 48,e3f4 e6e5 f4e3 e5d4,835,fork
02kXH,r3k2r/pq1n1ppb/4p2p/4P3/Q1N3P1/1Pp1P2P/P4P2/R4RK1 b kq - 1 19,a8b8 c4d6 e8e7 d6b7,836,fork pin
0O3V7,4r1k1/4qppp/p2b4/1p6/3B1P2/P1PN1QPb/1P5P/5RK1 w - - 3 26,f1e1 e7e1 d3e1 e8e1 g1f2 e1f1 f2e2 f1f3,836,skewer
07xj3,8/8/8/4p3/R3Pp1p/3k2rP/5K2/8 b - - 4 51,g3h3 a4a3 d3d4 a3h3,837,rookEndgame skewer
0A658,2r3k1/p4p1p/2p3p1/2Q5/2N1q3/8/PP3P1P/1K5R w - - 4 28,b1a1 e4h1,837,backRankMate
00EDa,r1bk3r/ppp1np1p/3p2pP/1N2P1q1/2BP1n2/8/PPP3P1/R1BQ2KR w - - 1 14,e5d6 g5g2,838,kingsideAttack mateIn1
0F53J,r3kb1r/1bq2pp1/p2p4/np2p1P1/4P3/1PN1BP2/1PPQ4/2KR1BR1 w kq - 1 17,c3d5 a5b3 c1b1 b3d2,838,pin
032NX,7k/1ppq1p2/3p1n1p/p2Pp2b/P1P1P2P/3Qb3/1BB3PK/R7 w - - 0 33,d3e3 f6g4 h2g1 g4e3,839,fork
03CME,8/2q5/k7/1p3KP1/8/1Q6/8/8 b - - 2 73,c7d7 b3e6 d7e6 f5e6 b5b4 g5g6 b4b3 g6g7 b3b2 g7g8q,839,advancedPawn promotion
00dEJ,1br2rk1/ppqn2pp/4p3/1P6/P3B3/8/1B3PPP/R2Q1RK1 w - - 1 18,a1c1 c7h2,841,kingsideAttack mateIn1
08dpJ,5k2/4n1p1/p1p2pP1/N1Pp3P/1P1K4/8/1P6/8 w - - 4 54,a5c6 e7c6 d4d5 c6b4,841,hangingPiece
0A0RG,1br2n1k/1pq3pp/pN3p2/5N2/3P4/3Q4/PP3PPP/R5K1 w - - 4 23,d3g3 c7c1 a1c1 c8c1,841,backRankMate
0O2XL,6r1/8/8/6K1/4k3/8/5R2/8 w - - 7 77,g5f6 g8f8 f6e7 f8f2,841,skewer
03TxG,6k1/8/3B1pp1/3P4/2Pp2pP/p2K4/r2N1P2/8 w - - 0 41,c4c5 a2d2 d3d2 a3a2 c5c6 a2a1q,842,advancedPawn promotion
0TEcg,8/4k3/R6P/P5P1/3p4/3Kp3/3r4/8 w - - 4 50,d3e4 e3e2 e4d5 e2e1q,842,promotion
07Sg1,1R3nk1/5ppp/2N5/8/2P1P3/r1N2P1b/5r2/3B3K b - - 0 27,a3c3 c6e7 g8h8 b8f8,843,backRankMate deflection
06s6P,8/7p/3p1R2/4pPk1/4P3/3K1p2/P4P2/4r3 w - - 2 40,f6d6 e1d1 d3e3 d1d6,844,rookEndgame skewer
1txz7,8/6p1/7p/R4k2/br3p2/5N1P/4KPP1/8 b - - 5 36,a4b5 a5b5 b4b5 f3d4 f5e5 d4b5,845,attraction
03AhR,8/8/3R4/2k4P/8/5PK1/2p3P1/8 w - - 1 59,d6c6 c5c6 h5h6 c2c1q,846,advancedPawn hangingPiece promotion
0MWiW,4rk2/p4p1p/1p3p2/8/2Pn4/1P2B1PP/P3bPK1/4R3 b - - 5 26,e2h5 e3h6 f8g8 e1e8,846,deflection
02QUU,4k3/4bppp/pp6/4P3/P2PP3/6P1/5K1P/2B5 w - - 3 28,f2e3 e7g5 e3e2 g5c1,847,skewer
0mJjo,8/1p6/2k4p/6pP/p1K3P1/P2P4/8/8 b - - 2 43,b7b5 c4b4 c6d5 b4b5,847,defensiveMove
001pC,r4rk1/pp3ppp/3b4/2p1pPB1/7N/2PP3n/PP4PP/R2Q1RqK w - - 5 18,f1g1 h3f2,848,mateIn1
0GUyb,8/6R1/2K3p1/4k2p/1rpbN3/5B1P/6P1/8 w - - 0 54,g7g6 b4b6 c6d7 b6g6,848,skewer
0eYhk,8/8/2P1k3/7p/p2p3K/P7/5P2/8 w - - 1 45,c6c7 e6d7 c7c8r d7c8,849,pawnEndgame
02bmv,r4rk1/pp3pbp/5pp1/7q/1Q1PP1b1/3B1N1P/PP1B1P2/R3K2R w KQ - 0 18,h3g4 h5h1 e1e2 h1a1,850,fork hangingPiece skewer
0B5A9,6k1/p5pp/8/1p6/5R2/1P1p2P1/P3r1BP/3n1K2 b - - 4 33,e2a2 g2d5 g8h8 f4f8,850,backRankMate
04Zmz,5rk1/pp6/3pp1pp/8/3pPn2/3P2NQ/PPP2qPP/R6K w - - 6 24,h3h6 f2g2,851,kingsideAttack
08TGD,3r3k/p3RpRp/1p2bP2/8/7P/r1P5/8/6K1 b - - 8 37,d8g8 g7g8 h8g8 e7e8,851,attraction
0WwQ3,3r3r/p1p1k1q1/2Qp1p2/3Bp3/P3P2p/3P1b2/5PPB/R4RK1 w - - 3 23,c6c7 d8d7 c7d7 e7d7,854,defensiveMove
02w6Y,3rr1k1/1b3ppp/pb3q2/1p1p4/1P1Nn3/P1PQ4/B3RPPP/2B1R1K1 b - - 0 22,e4f2 e2e8 d8e8 e1e8,855,kingsideAttack mateIn2
0C2ax,r7/ppqnk3/2p1ppnb/3p1b1B/5P2/3PB2P/PPP3P1/RN1Q1RK1 w - - 0 16,e3c5 d7c5 h5g6 f5g6,856,hangingPiece
0CYwL,r1bq1r1k/1pp3pp/1n3b2/p6R/P7/1B1P3P/1PP2PP1/R1BQ2K1 b - - 4 20,c8d7 h5h7 h8h7 d1h5,857,attraction
01H4V,r5k1/6p1/2N3pp/3p4/P2P4/1P5n/6PP/5RqK w - - 7 34,f1g1 h3f2,858,mateIn1
0LGVv,2k5/ppp5/2p3P1/5r1p/1P3p2/8/P4R2/6K1 b - - 0 33,f5g5 f2g2 g5g6 g2g6,858,defensiveMove
0Gfs3,r3Q1k1/1bq2rpp/ppn2B2/2p5/P1B5/1P6/2PP1PPb/RN2R2K b - - 3 16,a8e8 e1e8,859,pin
0MXGX,5R2/4K3/4P1k1/8/p7/Pr3p2/1P6/8 w - - 5 55,e7e8 b3b8 e8d7 b8f8,859,deflection
0T4nK,8/8/1p1p1pk1/1P1P2Pp/5K1P/5P2/8/8 b - - 0 40,f6g5 h4g5 h5h4 f4g4 h4h3 g4h3,859,pawnEndgame
01rGp,1r6/5pkp/6p1/8/8/8/1pR2PPP/rR4K1 w - - 2 39,c2b2 a1b1 b2b1 b8b1,860,backRankMate mateIn2 rookEndgame
03pZy,r1b2rk1/ppp1q1pp/2nb4/3pN1B1/3P1Pn1/3B3Q/PP4PP/RN3K1R b - - 2 16,e7g5 h3h7,860,kingsideAttack
0O8fL,8/3k4/pb1p1p2/1p3r2/4p3/1PP4P/P1R2PP1/3R1K2 w - - 0 39,f1e2 f5f2 e2e1 f2c2,861,skewer
00dzT,6k1/1Q4p1/p1p4p/3pP3/P3bq2/2N4P/1P4PK/5B2 w - - 1 26,h2h1 f4f1 h1h2 f1g2,862,hangingPiece mateIn2
00Rcs,3k4/ppp2p1r/4p2P/5n2/3Pp1N1/2P2K2/P1P3P1/7R w - - 0 30,f3e4 f5g3 e4f4 g3h1,863,fork
04unO,rn2k1r1/pp3p2/2pbp3/7p/3P3q/4BB1P/PPP2PK1/2RQ1R2 w q - 2 21,g2h1 h4h3,863,kingsideAttack
00ZN7,3q2k1/8/Q2p2p1/3P1p1p/1p2P1nP/1Pp5/2P3P1/5R1K w - - 0 36,e4f5 d8h4 h1g1 h4h2,864,mateIn2
06PAh,8/6p1/r3kp2/7p/5B1P/1p2P3/1Kb2PP1/2R5 w - - 4 34,f4g3 a6a2 b2c3 b3b2,864,advancedPawn
0Ahyx,B7/8/6p1/4bbk1/8/5R1P/4PPK1/8 w - - 3 45,a8e4 f5e4 g2g1 e4f3,864,hangingPiece pin
02IwU,2k5/8/8/3N1P1r/4K3/8/1p6/1Rb5 b - - 0 50,c8d7 d5f6 d7c6 f6h5,865,fork
08eLX,1rr5/5p1p/4pk2/3n3P/3P1pR1/2P4P/PPQ2P2/1K6 w - - 2 30,c2e4 d5c3 b1a1 c3e4,865,pin
5Aqji,rn1q1r2/ppp2ppk/3p1n1p/4p3/2B1PPQ1/2PP3P/P1P3P1/R1B2RK1 w - - 3 13,g4f5 g7g6 f4e5 g6f5,865,trappedPiece
5Hv4O,8/2kN2b1/p2p1pP1/1p1Ppn2/8/2P5/PPK5/7R w - - 7 39,h1f1 f5e3 c2d3 e3f1 d7f6 g7f6,865,trappedPiece
0Lj4k,2r3k1/1p3ppp/p1n5/2N2Q2/1P6/P5bP/6K1/2q5 b - - 1 31,c1f4 f5c8 c6d8 c8d8,866,hangingPiece
02KdL,r5k1/p1p1rp1p/1p3np1/8/1QBq4/P1N3PP/1P3P2/5K1R b - - 2 23,a8e8 c4f7 e7f7 b4d4,867,discoveredAttack kingsideAttack
01Ie5,8/3R3p/6pk/5p2/5PP1/1r5P/r2B1K2/8 b - - 0 46,b3b2 g4g5 h6h5 d7h7,868,deflection mateIn2
02ahl,2k5/ppp2Bpp/8/8/5b2/1KP5/PP3r1P/3R4 b - - 0 22,f2h2 f7e6 c8b8 d1d8,870,backRankMate mateIn2
050MV,8/6pk/R6p/P7/6P1/r5K1/8/8 w - - 3 34,g3h4 g7g5 h4h5 a3h3,870,rookEndgame
06Ipb,8/p3k3/1q2rpp1/8/1p2R3/8/PPP4P/1K3Q2 w - - 0 30,f1e2 b6g1 e2e1 g1e1 e4e1 e6e1,870,backRankMate
0Cu1y,8/5k2/7R/1p6/p2RKPP1/P2P4/1Pr5/4r3 w - - 8 41,e4f5 c2c5 d4d5 c5d5,870,rookEndgame
0Ec3E,8/8/6pk/PQ4qp/2KP4/8/8/8 b - - 8 59,g5b5 c4b5 h5h4 a5a6 h4h3 a6a7,871,advancedPawn
0tNfT,6k1/4rpb1/8/p7/1p5R/7P/P1B5/4r1RK w - - 7 33,g1e1 e7e1 h1g2 e1e2 g2f3 e2c2,871,exposedKing
02I1j,8/8/p7/5PP1/P4K2/2p5/3k4/4r1R1 w - - 5 52,g1e1 d2e1 f5f6 c3c2 f6f7 c2c1q,872,advancedPawn promotion
0BIU2,8/2R3pk/6pp/p2r4/1p4N1/1n1P3P/1P4P1/7K b - - 1 34,d5d3 g4f6 h7h8 c7c8 d3d8 c8d8,872,pin
0100g,8/8/5k2/R7/2P1K2r/8/P7/8 w - - 1 43,e4d5 h4h5 d5d6 h5a5,873,rookEndgame skewer
00GBX,r6k/pp2n1pp/2nN4/4p1Br/1PB5/2P4b/P3Nb1P/R2R3K b - - 1 22,h5g5 d6f7 h8g8 f7g5,874,discoveredAttack fork
01LlS,4rrk1/ppp1qppp/8/6N1/4N1P1/b2Q3P/P4P2/1R4K1 b - - 0 24,h7h6 e4f6 g7f6 d3h7,874,kingsideAttack mateIn2
0Jrpo,8/8/p7/1p4K1/1P2k1p1/1P4P1/8/8 b - - 5 60,e4f3 g5h4 f3e4 h4g4,874,pawnEndgame
02KZc,r7/5pk1/5q1n/1QPp4/pP1PpNp1/P3P1P1/5KP1/8 b - - 0 35,h6f5 f4h5 g7g6 h5f6,875,fork
0AuBt,r1Nq1knr/pp3p1p/2B3p1/2p5/8/2P5/P2B1PPP/3Q1RK1 b - - 0 18,b7c6 d2h6 g8h6 d1d8,875,discoveredAttack
0Nv9M,rn3k1r/ppp3pp/5n2/2b5/4Ppb1/1B3N2/PPP3PP/RNBR3K b - - 0 13,f6e4 d1d8 f8e7 d8h8,875,skewer
008cl,r3k2r/ppp2p1p/2n1pp2/7q/2PN2b1/2BP1Pb1/PP2B1P1/R2Q1RK1 w kq - 1 16,f3g4 h5h2,876,mateIn1
00Zx9,r1b1k1nr/ppp2ppp/3p2q1/4R1B1/2B2P2/7P/P5P1/1N1Q2K1 b kq - 0 14,d6e5 d1d8,876,mateIn1
0CfjW,rn3rk1/pp2R1p1/7p/2q5/8/2P5/P1P2PPP/R1BQ2K1 w - - 1 19,e7b7 c5f2 g1h1 f2f1 d1f1 f8f1,876,backRankMate
0D1rh,8/8/6q1/8/8/3KNQ2/6pk/8 w - - 4 67,d3e2 g2g1n e2f2 g1f3,876,advancedPawn promotion
0KcJG,2k3r1/2p5/pp5p/4P1b1/6K1/2N5/PPP5/5R2 w - - 4 34,g4f5 g8f8 f5e6 f8f1,876,skewer
2ME8g,2r5/pp1k1ppr/4p3/1P1qP3/P2Pp3/2P1Q3/2R3P1/2R3K1 b - - 5 27,c8h8 c3c4 d5e5 d4e5,876,trappedPiece
0J4KQ,8/2n5/2K5/1p3k2/1P6/8/8/8 b - - 2 51,f5e5 c6c7 e5d5 c7b6 d5c4 b6a5,877,hangingPiece
0082f,r4rk1/2q2ppp/3pp3/4Pb1N/pp6/1B4Q1/PPP3PP/1K1RR3 b - - 0 21,a4b3 g3g7,878,kingsideAttack mateIn1
03Naf,4k3/6R1/p2rp3/4N1p1/1p1Pn1P1/7r/PP6/1K1R4 w - - 0 26,d1f1 e4d2 b1c1 d2f1,878,fork
07KDd,1k6/pp6/6n1/PP2p1p1/2R1PpP1/B4P2/4K1Br/3r4 b - - 1 32,d1a1 a3d6 b8a8 c4c8,879,backRankMate
0IoBT,4r3/N5kp/3R2p1/2p5/2n5/8/P4PPP/5K1R w - - 1 28,d6c6 c4d2 f1g1 e8e1,879,backRankMate
1UVLL,5n2/5P1p/1k1K4/2p2P2/8/8/7P/8 b - - 4 48,c5c4 d6e7 c4c3 e7f8,879,trappedPiece
06yy6,4R3/5p1k/6Np/2p3p1/6P1/7P/2r2r2/4R1K1 b - - 0 30,f7g6 e1e7 f2f7 e7f7,880,rookEndgame
0ZMOn,r1bq3k/1pb4P/p1p3p1/3p1B2/5P2/P1P2P2/2PQ4/2K4R b - - 0 23,c8f5 d2d4 c7e5 d4e5 d8f6 e5f6,880,exposedKing
01OgB,r3r1k1/1ppQ1pp1/1p5p/1P6/3P4/2P5/3B1PPP/5qK1 w - - 0 22,g1f1 a8a1 d2c1 a1c1,881,mateIn2
0AnEu,8/1p3Rpk/p5pp/3Np3/8/2B4P/PPP1r1PK/2r5 b - - 6 38,c1c2 d5f6 h7h8 f7f8,881,pin
0AzKx,8/8/6p1/3k1b1p/7P/1pKN2P1/1P6/8 b - - 1 50,f5e6 d3f4 d5e4 f4e6,881,deflection
015fL,8/R7/p1p4P/1p6/1P6/2kP4/3N3r/1K6 w - - 0 50,b1c1 h2h1 d2f1 h1f1,882,mateIn2
09MTi,6r1/p1p4k/3pPQ2/3P3p/8/7P/r3qPP1/R4R1K w - - 0 38,a1a2 e2f1 h1h2 f1g2,882,hangingPiece
01wS5,b5rk/6p1/qNpQR2p/5p2/3P4/5P2/1P4PP/6K1 b - - 1 32,a6b6 e6h6 g7h6 d6h6,883,mateIn2
0254B,r4rk1/1pp2Bp1/pbnp2P1/4p1q1/PP2P1b1/1QPP4/R4PP1/1N2K2R b K - 0 15,f8f7 b3f7,883,kingsideAttack
06Z8B,3r4/1b2kp1p/2q1pp2/1pb5/8/1B3N2/1PP1QPrP/4R1RK w - - 0 20,g1g2 c6f3 e2f3 b7f3,883,pin
0Imhd,2r1r2k/3n1Q2/pq2P1pp/8/1p6/5R2/P5PP/3NR2K w - - 0 34,e6d7 e8e1 f3f1 e1f1,883,hangingPiece
1HlXO,7k/2n1p1qP/3p1r2/2pP1BN1/4PP1Q/8/1P6/6K1 b - - 0 41,f6h6 h4h6 g7h6 g5f7 h8g7 f7h6,883,attraction
01HXY,8/8/1p1P1k1K/1p6/pP6/P7/8/8 w - - 0 42,h6h5 f6e6 d6d7 e6d7,884,pawnEndgame
00EWi,8/8/1R3pkp/1pP5/1P3PKP/r7/8/8 w - - 2 48,b6b5 f6f5,885,mateIn1 rookEndgame
084Ml,1r5k/5p1p/4pPp1/p3P1P1/2p1B3/2P2N2/Pq1Q3P/7K w - - 2 36,h1g2 b2d2 f3d2 b8b2,885,pin
01NVd,8/1K3Npk/5n2/R6p/7r/p7/8/8 b - - 1 48,h4h3 f7g5 h7g6 g5h3,886,fork
01tZS,r5k1/p4pp1/2pB4/6P1/2p3np/P1N5/BPP5/5K2 w - - 0 26,a2c4 g4e3 f1f2 e3c4,887,fork
0Qii6,8/8/8/2k3p1/8/2K2P1P/8/8 w - - 19 87,c3b3 c5d4 b3b4 d4e3 b4c5 e3f3,887,pawnEndgame
01lB9,1qkr3r/pp1b2p1/5p2/3Pn2p/2Pp1B2/P2B2P1/1Q3P1P/1R3RK1 w - - 2 21,b2d4 e5f3 g1g2 f3d4 f4b8 c8b8,888,fork
03mv2,8/8/6p1/8/5KPk/8/8/8 b - - 5 80,g6g5 f4f5 h4h3 f5g5,888,defensiveMove pawnEndgame
0D0ig,Qn3rk1/p1p1b1pp/1p2R3/8/2P5/N7/PP1q1PPP/R5K1 w - - 1 17,e6e7 d2f2 g1h1 f2f1 a1f1 f8f1,889,backRankMate
0LURZ,8/p7/8/P1P2k2/4p2R/4K3/2r2P2/8 b - - 0 47,c2c5 h4h5 f5e6 h5c5,889,skewer
0Fg4c,r1b2rk1/pp3pp1/7p/2bq4/4N3/6Q1/PPP3PP/4RR1K b - - 3 20,c5b6 e4f6 g8h8 f6d5,890,pin
4u9qK,r4rk1/p2b2pp/2pb3q/n4p2/B3pn2/2NP2QP/PPP2PP1/RNB2RK1 w - - 3 18,c1f4 d6f4 g3f4 h6f4,890,trappedPiece
05GU4,4r1k1/rb3p2/pq2P1pp/1p1n4/2pN4/2P4P/1PQ3P1/1B1RR1K1 b - - 2 27,e8e6 e1e6 f7e6 c2g6,891,kingsideAttack
02Jv8,1r4k1/p2R2pp/1pN1p3/8/8/8/bP3PPP/6K1 b - - 0 26,b8c8 c6e7 g8f8 e7c8,892,fork
0EWqF,8/2R3pk/pp3p1p/3N1P1P/r7/6r1/1K6/8 b - - 3 51,b6b5 d5f6 h7h8 c7c8,892,pin
0HkvO,2Rr2k1/pp1Prppp/8/1P6/P4b2/6NP/6K1/3R4 b - - 2 34,e7d7 c8d8 d7d8 d1d8,892,backRankMate
1Nmj5,4br1k/1p4pp/2pqB3/5P2/7R/8/5QKP/8 b - - 5 37,c6c5 h4h7 h8h7 f2h4 e8h5 h4h5,892,attraction
00H9n,7k/6p1/8/4p3/Pp1b4/1P3b1q/3Q2P1/5RK1 w - - 0 45,d2d4 h3g2,893,mateIn1
0RQXz,r1b2qk1/pp4bn/4p1p1/3N2Np/2B3nP/3PB3/PPPQ2P1/2K4R b - - 0 17,e6d5 c4d5 g8h8 g5f7 f8f7 d5f7,893,exposedKing
00aBq,r2r2k1/pp3ppp/1qn2b2/3R4/4QB2/1P3N2/P4PPP/4R1K1 b - - 0 18,d8d5 e4e8 a8e8 e1e8,894,backRankMate mateIn2
014KA,r4rk1/5ppp/p3b3/1p2P3/3n1PP1/N6P/PP6/R1B1R1K1 w - - 0 19,c1e3 d4f3 g1f2 f3e1,894,fork
1OHev,4rkr1/pp3p2/8/2R5/3n1P2/3P1B2/PP3P1P/4R2K b - - 0 30,d4f3 e1e8 f8e8 c5c8 e8e7 c8g8,894,attraction
008rw,rn2kb1r/pp2pppp/2p2n2/4q3/8/2N4Q/PPPPBPPP/R1B1K2R b KQkq - 2 8,g7g6 h3c8,895,mateIn1
01YXn,r1bq1rk1/p4pbp/5np1/4p1B1/3p4/2N5/PPPQBPPP/2R2RK1 w - - 0 14,c3e4 f6e4 g5d8 e4d2,895,hangingPiece
0351q,2r1k3/5ppp/8/p1npP3/Pp1N1P2/1P1b4/6PP/2R1B1K1 w - - 2 31,g1f2 c5e4 f2e3 c8c1,895,discoveredAttack
0Ahoy,2r4k/3r2b1/7p/5Pp1/n5PP/Pp2Q3/1N3B2/K1qNR2R w - - 7 40,e3c1 c8c1,895,pin
0HO8c,R7/6p1/4p3/4Pk1p/8/p1K1P2P/1r3PP1/8 b - - 5 34,b2f2 a8f8 f5e4 f8f2,895,skewer
00Gvp,8/2kn1p2/8/3P4/R7/2P1N3/1r2K3/8 w - - 13 70,e2d3 d7c5 d3d4 c5a4,896,fork
00R2A,2kr1b1R/p5p1/8/3P1p2/8/4B3/PPPK1P2/8 w - - 1 25,c2c4 f8b4 d2d3 d8h8,896,discoveredAttack
6xXnU,r3k1nr/4ppbp/p2p2p1/qp1P4/4P3/1B3P1P/Pn1BKP2/RN1Q3R w kq - 0 16,d2a5 b2d1 h1d1 g7a1,896,trappedPiece
0ChRE,r4rk1/1p4p1/3p3p/p2Pp2q/Pn2p1B1/1Q4R1/1P3PPP/3R2K1 b - - 1 31,h5f7 g4e6 g8h8 e6f7,897,pin
09X8l,5R2/8/4k3/3n2Pp/5P1P/6K1/1r6/8 b - - 0 56,d5e3 f8e8 e6f7 e8e3,898,skewer
0IDTi,8/8/1R3k2/P1pP4/8/6PP/4q3/7K b - - 6 56,f6e5 b6e6 e5d5 e6e2,899,skewer
0KXan,4Q1k1/ppp3pp/5r2/3p4/5b2/2P2BqP/PPK3P1/5R2 b - - 2 34,f6f8 f3d5 g8h8 e8f8,899,deflection
02Ylx,1br2rk1/ppq1nppp/8/5b2/2PP3N/PB1n4/1BQN1PPP/R4RK1 w - - 5 18,h4f5 c7h2,900,kingsideAttack
01vlR,1r2k1nr/N3pp1p/6p1/8/8/8/PbP2PPP/R1B1K2R w KQk - 0 14,a1b1 b2c3 e1e2 b8b1,901,discoveredAttack
0CSuc,8/8/4p3/R2k4/3P4/4Pp1r/5K2/8 b - - 3 42,d5e4 a5e5 e4d3 e5e6 h3h2 f2f3,901,rookEndgame
0EbRz,1k5r/1pp2ppp/p2bp1q1/3r4/4N3/P3B2P/1P3PPn/R1Q1R2K b - - 0 23,g6e4 e3a7 b8a7 e1e4,901,discoveredAttack
0oMM6,8/8/3k2p1/3P1p2/1p3P1P/1P6/6K1/8 w - - 0 48,g2g3 d6d5 g3f3 d5d4,901,defensiveMove
01UaM,8/8/p4nk1/Pp2Br2/8/2P3PK/1P2Qr1P/8 w - - 5 46,e2e1 f5h5,903,mateIn1
0M087,8/5k1p/2Pp4/p2N2p1/2P2p2/1P6/b5PP/7K b - - 1 37,a2b3 c6c7 b3c4 c7c8q,903,advancedPawn promotion
0POUH,rn3rk1/1b1q2P1/p4p1p/1p1pp3/8/2PQ4/PP1N1P1P/2KR2R1 b - - 0 21,f8f7 d3h7 g8h7 g7g8q,903,attraction promotion
08AY2,2b1r1kb/r2n1p1p/p4NpB/2pp4/8/4Q3/PqPK1PPP/3R3R b - - 1 22,h8f6 e3e8 d7f8 e8f8,904,hangingPiece
0LCbJ,8/pp3p1p/6p1/2P5/PPk5/R5P1/3Kp3/3b4 w - - 7 47,a3f3 e2e1q d2e1 d1f3,904,advancedPawn promotion
0DE6g,8/8/3r1ppp/1k6/1P2R3/5PKP/5P2/8 w - - 6 43,g3g4 f6f5 g4f4 f5e4,905,rookEndgame
0tzt0,5k2/8/5prp/1R6/4p1P1/2p5/P1P3KP/8 b - - 18 64,g6g7 b5b8 f8e7 b8b7 e7d6 b7g7,905,exposedKing
0FalY,r1b1k2r/1p3pp1/p1n5/3BP3/5P1p/4b1n1/PPR3PP/3Q1R1K w kq - 1 20,h2g3 h4g3 d1h5 h8h5,906,discoveredAttack
00cJo,2r3k1/5ppp/8/8/1P2p3/3bQpP1/1q1P1K1P/R1R5 b - - 1 30,c8c1 a1a8 c1c8 a8c8,907,backRankMate mateIn2
0Ckyp,2rk3r/6Rp/R4p2/P5p1/5p2/7P/6P1/6K1 b - - 0 35,h8e8 a6d6,907,rookEndgame
0DFud,r4rk1/pp2n2p/3p2p1/3P1qN1/1PP1R3/P7/5PPP/Q5K1 w - - 1 20,e4e7 f5f2 g1h1 f2f1 a1f1 f8f1,907,backRankMate
0JN3U,8/1P1k4/3p1K2/N1nPp3/4P3/8/8/8 b - - 0 62,c5e4 f6f5 e4g3 f5g4,907,defensiveMove
0M8rx,8/8/p7/1p3R2/4P3/KPk2P2/P5r1/8 w - - 0 35,e4e5 b5b4 a3a4 g2a2,907,deflection
0yKn0,4rrk1/p7/1p2p1q1/2p2p2/2P3p1/1PPP1R2/3Q2PP/4R1K1 w - - 0 27,f3g3 f5f4 g3e3 f4e3,907,trappedPiece
5JbYk,8/8/5k2/1p1p4/p1pP2P1/P1Pbp1K1/1P6/3B4 w - - 0 51,g3f4 e3e2 d1e2 d3e2,907,trappedPiece
00eNe,4r1k1/p1p2ppp/2p1r3/3q4/P2b4/1P1PB3/2Q2PPP/2R1R1K1 w - - 0 21,e3d4 e6e1 c1e1 e8e1,908,kingsideAttack mateIn2
02CA5,rnb1k2r/pp1p1ppp/2p2n2/q2Pp1B1/2P5/2P5/P3PPPP/R2QKBNR w KQkq - 1 7,g5f6 a5c3 d1d2 c3a1,908,deflection
088zv,2r3k1/1pp3b1/p5p1/2Pq1p1p/5P2/P3P2P/6P1/2Q2B1K b - - 1 40,c8e8 f1c4 d5c4 c1c4,908,pin
09vi3,1k3r2/1p2Q3/p1q4b/3p4/3P1P2/2P1N3/1P1K4/8 b - - 2 37,h6f4 e7f8 b8a7 f8f4,908,hangingPiece
0NJhw,r2r2k1/p4p1p/1p2p1p1/6P1/3P1P2/1P1b4/P4KPR/7R b - - 3 29,d8d4 h2h7 g8f8 h7h8 f8e7 h8a8,908,skewer
01LPf,2k5/pp2b3/2p1p2p/4N3/2P1Pp2/2N4n/PPBr1P2/5R1K w - - 1 27,c2b3 h3f2 f1f2 d2f2,909,kingsideAttack
08tTe,7r/1p2pk2/p2p1pp1/3P4/2P1RRnr/1P5P/1PB3P1/7K b - - 4 31,g4f2 f4f2 h4e4 c2e4,909,hangingPiece
01QgT,8/8/p1pk1R2/1pp1rp2/8/1P1K4/P1P5/8 b - - 1 36,d6d5 c2c4 b5c4 b3c4,910,mateIn2 rookEndgame
0559u,8/8/3k1p2/2p3b1/4p3/4P1K1/8/4R3 w - - 0 46,g3f2 g5h4 f2f1 h4e1,910,skewer
08caT,r3r1k1/2q2pp1/p2b3p/3Bn3/1p6/3P1Q2/1PPB1P2/1NKR3R w - - 1 21,f3g2 e5d3,910,pin
0XcDb,8/7p/5kp1/4p3/4P2P/5PK1/8/8 w - - 1 40,g3g4 h7h5 g4g3 g6g5,910,pawnEndgame
0ryDc,1R6/1b3k2/p4p2/1p1p2np/8/P1P2P1P/1P5K/8 b - - 4 49,g5f3 h2g3 b7c6 g3f3,910,defensiveMove
0J3yV,r1bq1rk1/pp1nppbp/5np1/1Bp1N3/3P4/2N5/PPP2PPP/R1BQ1RK1 w - - 1 9,d4c5 d7e5 d1d8 f8d8,911,hangingPiece
0Uyqy,8/8/5p1P/6p1/2pk1p2/1p6/2KN4/8 w - - 0 43,d2b3 c4b3 c2b3 f4f3 h6h7 f3f2 h7h8q f2f1q,911,promotion
0jucj,3r2k1/pp3Qb1/1q4p1/6Np/2P3b1/4R3/P4PPP/6K1 b - - 0 30,g8h8 e3e8 d8e8 f7e8 g7f8 e8f8,911,exposedKing
00BNd,1rr3k1/3bppbp/3p1np1/1B1N4/P2BP3/5P2/P2R2PP/R5K1 b - - 0 21,d7b5 d5e7 g8f8 e7c8,912,fork
01diX,3r1r1k/ppp2pnp/3b3Q/4q3/2B1N1R1/P4P2/1P5P/2K5 b - - 2 22,e5h5 h6g7,912,kingsideAttack
026wE,1rbr2k1/ppN2ppp/3p4/4n2q/8/1B4Q1/PPP2PPP/3RR1K1 w - - 3 19,e1e5 h5d1 e5e1 d1e1,912,hangingPiece kingsideAttack mateIn2
0EjlR,2N2k2/p5p1/2p1PP1p/4K3/7P/rp6/8/8 b - - 0 39,g7f6 e5f6 a3a4 e6e7 f8e8 c8d6 e8d7 e7e8q,912,advancedPawn exposedKing promotion
0EfIs,2k5/pp6/3pP1rp/2p1n3/7B/8/PP3PP1/4R1K1 w - - 1 33,f2f4 e5f3 g1h1 f3e1,913,pin
00gNl,6k1/5R2/pp4p1/2p4p/7P/1P1r4/P3r1PK/5R2 b - - 0 38,d3d2 f7f8 g8h7 f1f7 h7h6 f8h8,914,exposedKing rookEndgame
0C6Ra,7r/K1k4P/1p5R/2p5/P1P5/8/1P6/8 w - - 1 57,a7a6 h8a8 a6b5 a8a5,914,rookEndgame
0QAV3,7k/pR4pp/1b6/2P5/2Q5/P1P5/1P4PP/1q3rK1 w - - 0 31,c4f1 b6c5 g1h1 b1f1,914,deflection
0AcOR,2R1k1r1/pq1r1p2/4bQ1p/6p1/3P4/1P4b1/P4PPP/2R3K1 b - - 1 26,b7c8 c1c8 d7d8 c8d8,915,hangingPiece
0DHT1,r3r1k1/pp3pp1/4p2p/1P1pPq2/P1pP4/2PnR3/2Q1NPPP/5R1K w - - 14 28,f2f4 d3f2 f1f2 f5c2,915,discoveredAttack
0GPZh,8/1p3k2/5P2/p5Pp/7P/8/3r2K1/5R2 w - - 2 43,f1f2 d2f2 g2f2 a5a4 f2e3 a4a3 e3d3 a3a2,915,advancedPawn
0S611,8/4k3/5p2/pN1B4/4PP1K/1Pp5/P7/3n4 w - - 0 55,a2a3 c3c2 b5d4 c2c1q,915,promotion
0FhJX,8/2p1k2b/7p/1p1PP1p1/p5P1/P2pK2P/BP6/8 w - - 0 36,a2b1 d3d2 e3d2 h7b1,916,advancedPawn discoveredAttack
0QZgl,4r3/6p1/p4kp1/1p2r3/2p5/2P1R2P/PP4P1/5RK1 b - - 1 34,f6e6 e3e5 e6e5 f1e1 e5f6 e1e8,916,attraction exposedKing
02Rqq,5rk1/2R5/p2r3p/3p1bp1/3P4/1P3P2/P5PP/4R1K1 b - - 0 25,f8c8 c7c8 f5c8 e1e8 g8g7 e8c8,917,exposedKing fork
0T1h6,1b6/4k1p1/1PP1p3/3p1p2/3P3p/4KP1B/5P2/8 b - - 1 35,e7d6 c6c7 b8c7 b6c7,917,trappedPiece
0lCRK,6k1/1p3pp1/p6p/2p2q2/P1Q1P3/1P1n1PB1/5PKP/8 b - - 0 29,d3e1 g2f1 f5f3 f1e1,917,defensiveMove
00f9v,5rk1/2p3p1/1p1p4/3Pp2p/1PP1N1q1/3Qr2N/6PP/6K1 w - - 0 29,d3e3 g4d1 e3e1 d1e1,918,mateIn2
01kUc,7R/8/5p1k/7p/4P1r1/5KP1/8/8 b - - 16 56,h6g6 h8g8 g6f7 g8g4 h5g4 f3g4,918,rookEndgame
0YAmE,8/p7/pkp5/8/2PK4/P7/8/8 b - - 5 44,b6a5 d4c5 a5a4 c5c6,918,pawnEndgame
08gHo,8/8/8/2r2pkP/6P1/R4PK1/8/8 w - - 0 63,a3e3 f5f4 g3f2 f4e3,920,rookEndgame
0HsgB,1r4k1/Q1p2ppp/p3rn2/8/1q1P4/4P3/P2N1PPP/2R1K2R w K - 5 20,c1b1 b4b1 d2b1 b8b1 e1e2 b1h1,920,skewer
0T1lv,8/2p1k2n/7P/5K2/8/pB6/8/8 b - - 4 46,e7f8 f5g6 f8e7 g6h7 a3a2 b3a2,920,trappedPiece
4Q5wS,b7/5k2/PP6/3pppp1/8/r1N2P2/6P1/1R4K1 b - - 0 39,a3c3 b6b7 a8b7 a6b7,920,trappedPiece
031PB,3r2bk/R6p/6p1/6b1/P7/7P/5PP1/2R3K1 w - - 1 40,c1c7 d8d1 g1h2 g5f4 g2g3 f4c7,921,fork
0E2Yf,2k5/1p6/2p5/8/2b2P2/1p2KpP1/8/7R w - - 2 44,e3f3 c4d5 f3e3 d5h1,921,skewer
009eX,2r3k1/7p/6q1/p1Np4/Qp2pr2/P4P2/1PR2P1K/5R2 w - - 0 36,f1g1 f4h4,922,mateIn1
0HbK1,4Qq2/1p4pk/1p5p/3P4/1P2r3/P5Pb/7P/4R1K1 w - - 0 34,e8f8 e4e1 g1f2 e1f1 f2e3 f1f8,922,hangingPiece skewer
02nxc,r3k2r/pp1q3p/4p1p1/2bN4/P5Pn/8/RPP4P/2BQR2K b kq - 0 19,d7c6 e1e6 c6e6 d5c7 e8f7 c7e6,923,attraction exposedKing fork
0DgvD,2kr4/pp2bQ2/4p1p1/8/2P2PP1/PB5P/KP6/7q b - - 0 26,c8d7 b3a4 d7c7 f7e7,923,deflection
0EEcH,6k1/2rR2p1/2P1p2p/p7/8/1r4P1/5P1P/2R3K1 b - - 1 35,c7d7 c6d7 b3d3 c1c8,923,advancedPawn
06S7w,5rk1/pp3rbp/4R1p1/2qp4/6n1/1P1B2Q1/PBP2PPP/1R4K1 w - - 1 20,g3g4 c5f2 g1h1 f2f1 d3f1 f7f1 b1f1 f8f1,924,backRankMate
0FqMl,r4rk1/1p1q1ppp/p2bpn2/6Q1/8/2N5/PPP2PPP/R1BR2K1 b - - 5 14,f6e4 c3e4 d6h2 g1h2,924,hangingPiece
0fKLX,8/8/6k1/4p1P1/1p5P/3K4/8/8 b - - 1 47,e5e4 d3e4 b4b3 e4d3 b3b2 d3c2 b2b1r c2b1,924,pawnEndgame
01zHy,8/3r2pp/R7/3pkP2/6P1/4K3/7P/8 b - - 0 42,h7h5 a6e6,925,rookEndgame
00AfZ,2r3kR/Q7/5q2/1brpN3/5Pp1/4P1P1/6K1/1B6 b - - 2 43,f6h8 a7f7,926,mateIn1
0Eexx,rn1qk1nr/1p2bpp1/p1ppp2p/8/2PPPP2/2N2Q1P/PP4P1/R1B1KB1R w KQkq - 2 9,f3g3 e7h4 g3f2 h4f2,926,pin
0H6Dd,8/8/4k1p1/7p/1rRKP2P/6P1/8/8 b - - 9 64,b4c4 d4c4 e6e5 c4d3,926,defensiveMove
06H5L,7R/8/2r5/1k6/3K4/8/8/8 b - - 9 55,c6c5 h8b8 b5c6 b8c8 c6d7 c8c5,927,deflection rookEndgame
0QlLo,r5rk/pp3R2/2pp4/4p1B1/7b/5Q1P/P1q5/5R1K b - - 1 24,h4g5 f3h5 g5h6 h5h6 c2h7 f7h7,927,exposedKing
0gtQf,8/8/8/8/6kp/4K3/5P2/8 w - - 0 74,f2f3 g4g3 f3f4 h4h3 f4f5 h3h2,927,defensiveMove
1aTus,2R5/2P2ppk/8/B7/p3r2p/6bP/6P1/5K2 b - - 6 41,a4a3 c8h8 h7h8 c7c8q,927,attraction
00Hk4,5rk1/p4ppp/4p3/1Q6/1P1BN1b1/8/Pq3PPP/R1r1KB1R w KQ - 2 18,a1c1 b2c1,928,mateIn1
00hbV,8/pk1r1bR1/1p6/8/2P2N2/1P6/1K6/8 b - - 21 60,f7e6 f4e6 d7g7 e6g7,928,hangingPiece
01lNV,4r1k1/pppq2b1/2bp2pp/5p2/2P1N2N/7P/PP1BQPP1/4R1K1 w - - 0 24,e4f6 g7f6 e2e8 d7e8 e1e8 c6e8,928,hangingPiece
02yqs,2r1r1k1/Q3bpp1/8/8/4pB2/2p3PP/5n2/2R3K1 w - - 0 33,g1f2 e7c5 a7c5 c8c5,928,fork
030o8,5r1k/6p1/p1R5/1p4PP/6R1/P7/5rK1/8 w - - 0 39,g2g3 f8f3 g3h4 f2h2,928,rookEndgame
08sIP,4r1k1/p4p1p/n1p3pQ/8/1Pp1N1P1/P1P2r1P/8/b1K1R3 b - - 1 26,a1c3 e4f6 c3f6 e1e8,928,discoveredAttack
0AJgL,8/8/5R1p/6pk/8/7P/6PK/B2q4 b - - 0 52,d1a1 g2g4 h5h4 f6h6,928,deflection
0cqb0,6k1/6bp/4p1p1/p2pP3/q2r2P1/P3Q2P/1P1R3K/8 w - - 0 36,e3d4 a4d4 d2d4 g7e5 h2g2 e5d4,928,attraction
0fNp4,8/1p6/8/1P2K3/8/1k6/8/8 w - - 2 47,e5d5 b3b4 b5b6 b4b5 d5d4 b5b6,928,pawnEndgame
5N9j4,rnbqk2r/pppp1p2/4pbp1/8/8/1P6/PBPPP2P/RN1QKBNR w KQkq - 0 8,b2f6 d8f6 g1f3 f6a1,928,trappedPiece
01EKU,rn1q2k1/p1pp2pB/1p2pb2/6NQ/3P4/2P5/PP3P2/R3K2b b Q - 5 20,g8f8 h5f7,929,mateIn1
02Pxu,6k1/R7/6K1/7P/8/6p1/8/7r b - - 3 58,g3g2 a7a8,929,rookEndgame
00cl7,r5k1/ppp1p1b1/4N1Q1/3pq1Bp/7P/8/PPPN1rP1/2KR4 w - - 1 17,d2f3 e5b2,930,mateIn1
07W5q,8/5kp1/8/R3P1P1/1r4KP/8/p7/8 w - - 2 47,g4h5 g7g6 h5h6 b4h4,930,deflection rookEndgame
0TXFh,4r3/5kpp/pp6/2p1r3/8/PPR1R1P1/3P1K1P/8 b - - 5 34,f7e6 e3e5 e6e5 c3e3 e5d4 e3e8,930,attraction exposedKing
0EV0E,8/2b2pp1/4p2p/p2pP3/1k6/1P2P2P/2K2PPB/8 b - - 4 32,f7f6 e5f6 g7f6 h2c7,931,discoveredAttack
0JwuU,3k3r/pp1n4/3Pp3/2p1q3/6P1/8/P1P2RP1/1R1Q2K1 w - - 2 22,d1f3 e5h2 g1f1 h2h1 f1e2 h1b1,931,skewer
43XLz,2rr4/pp4kp/2n3p1/5pq1/3p1R2/P2P3K/1PPQ3N/4R3 b - - 1 29,g5h5 f4h4 h5h4 h3h4,931,trappedPiece
02I9K,6k1/4Q1n1/4p3/p7/1p6/1Pq5/P4P2/K1B5 w - - 3 40,c1b2 c3e1 b2c1 e1c1,932,mateIn2
04wVb,8/2R3pp/1K6/6k1/3P4/8/2r5/8 b - - 4 43,c2c7 b6c7 g5f4 d4d5 g7g5 d5d6 g5g4 d6d7 g4g3 d7d8q,932,advancedPawn promotion
0PirS,8/8/5p2/1p2k1p1/1Pp3Pp/2P1KP1P/8/8 w - - 0 35,e3f2 e5f4 f2e2 f4g3,932,pawnEndgame
0CQ91,8/4Rp1p/p4p2/5P1P/2P3P1/1P2p3/P1k1K3/6r1 w - - 4 42,e2e3 g1e1 e3d4 e1e7,933,rookEndgame skewer
0ZBQj,6r1/2kr1p2/3b4/1R6/3pP1pP/6P1/3P2PK/1R6 b - - 3 31,c7d8 b5b8 d6b8 b1b8 d8e7 b8g8,934,exposedKing
0qMM0,8/5Qpk/P4bp1/2n5/8/1n5P/5PP1/5K2 w - - 0 40,f7c4 b3d2 f1e2 d2c4 a6a7 c4b6,934,defensiveMove
02g8I,5rk1/3n2pp/1qp1n3/pp2p1Q1/4P3/N1PP2RP/P1B3P1/7K w - - 3 25,g5e7 f8f1 h1h2 b6g1,935,kingsideAttack mateIn2
02prs,8/6k1/4P3/3K4/6P1/p7/8/8 w - - 0 75,e6e7 g7f7 e7e8q f7e8,935,pawnEndgame
0597t,1r1qnk2/p2p2pp/b1pNp3/4P3/2P2Q2/8/PP2B1PP/6K1 b - - 1 19,f8g8 f4f7 g8h8 f7f8,935,kingsideAttack
05Zqr,8/8/8/1K5p/3k1p1P/3P4/4P3/8 w - - 1 47,b5b4 d4e3 b4b5 e3e2,935,pawnEndgame
2sXCU,r7/pp3kbQ/6p1/8/8/2p2P1P/PPP5/6K1 w - - 0 23,b2c3 a8h8 h7h8 g7h8,935,trappedPiece
015RS,5r1k/7P/pp6/q1p5/3pPrb1/1P1B3Q/2P1K1R1/7R w - - 0 46,g2g4 f4f2 e2d1 a5a1,936,mateIn2
01Lyl,3r1rk1/pp4b1/2p2p2/5P1p/6n1/2N2B2/PPP1Q1Pq/3RR1K1 w - - 2 26,g1f1 h2h1,936,mateIn1
07nap,4Q3/1pqr2kp/p7/8/7P/6N1/PP4PK/8 b - - 0 33,d7e7 e8e7 c7e7 g3f5 g7f6 f5e7,936,attraction
0842V,8/8/8/1p5k/1P2K3/1P2bp2/8/8 w - - 0 63,e4e3 h5g4 e3f2 g4f4,936,defensiveMove pawnEndgame
0DVsQ,3r3k/1p4p1/p1n3Bp/2b1p3/4Q3/2P5/PP3qPP/5RK1 w - - 0 24,f1f2 d8d1 e4e1 d1e1,936,pin
0F2mf,6k1/p2nQp1p/1pq3p1/2n5/7P/BP6/P4PK1/R7 w - - 1 25,g2f1 c6h1 f1e2 h1a1,936,skewer
0I3Iy,r1b1kb1r/ppp1pppp/5n2/n2P4/3P1Bq1/2NQ1N2/PPP2PPP/R3KB1R w KQkq - 3 8,e1c1 g4f4,936,hangingPiece
0IWmj,1r4k1/6pp/2p5/P2pN3/8/2P4P/qB3QPK/8 b - - 2 35,b8b2 f2f7 g8h8 f7e8,936,backRankMate
0NHe8,8/5p2/3k1P2/6P1/1p6/1K6/8/8 w - - 1 55,g5g6 f7g6 f6f7 d6e7 f7f8r e7f8,936,pawnEndgame
0R4Wv,8/3k4/3P2p1/p3Kp2/P6P/8/8/8 b - - 0 49,f5f4 e5f4 d7d6 f4g5 d6e7 g5g6,936,pawnEndgame
0eh3O,8/8/8/5K2/k7/2B5/1P6/6r1 b - - 31 72,g1e1 c3e1 a4b3 e1c3,936,defensiveMove
1tmDQ,r3k2r/ppp1q1bp/2np2p1/8/2P1B3/1P2P1Pb/P3NP1P/1RBQ1RK1 w kq - 1 14,e4g2 h3g2 g1g2 e7e4 f2f3 e4b1,936,attraction
00HZa,6k1/6pp/1p6/p1n5/4qp2/1P2PN2/P4PPP/3Q2K1 b - - 0 28,f4e3 d1d8 g8f7 f3g5 f7g6 g5e4,937,fork
00fDM,3rrbk1/2p3R1/1p2q2Q/3p4/1P6/2B4P/6P1/3R2K1 b - - 0 33,f8g7 h6g7,937,mateIn1
08zS8,6k1/5ppp/3N3n/2r5/p2K1PP1/P1r4P/2P5/4R3 b - - 5 35,g8h8 e1e8 h6g8 d6f7,937,deflection
11o6D,r1bq1r2/1pp1bppk/p2p3p/4P3/2P2B2/1PN2RQ1/P1P3PP/R5K1 w - - 2 17,a1f1 e7h4 g3h4 d8h4,937,trappedPiece
00YqR,5k2/p1p4p/1pPpBp2/2qP3b/8/2PQ4/P6P/7K w - - 0 33,d3h7 h5f3,938,mateIn1
0EAtF,2q2rk1/r4pbp/p3b1p1/1pP1p3/1P1nN2P/P3QB2/4NPP1/1R3RK1 b - - 0 24,c8c6 e4f6 g7f6 f3c6,938,discoveredAttack
0FIKF,7r/ppB1P1k1/5p1p/3p1BP1/1P6/n7/4KPP1/8 b - - 0 39,f6g5 c7e5 g7f7 e5h8,938,skewer
0eptB,6k1/p7/3pp1p1/6p1/3P2Pn/4P1K1/qr1N1R2/5Q2 b - - 1 27,b2d2 f2f8 g8h7 f1f7 h7h6 f8h8,938,exposedKing
0C8kD,r3kbnr/p4ppp/1qp1p3/3pP3/3P4/5Q1P/PP3PP1/RNB1K2R w KQkq - 0 11,f3c3 f8b4 e1g1 b4c3,939,pin
0ecGb,4k2r/1qrn1p1p/p2Q4/5P2/8/6P1/7P/4R1K1 b - - 0 26,e8d8 d6e7 d8c8 e7e8 h8e8 e1e8,939,exposedKing
02wKw,6R1/ppp3P1/3k4/2qp4/8/1P6/PK6/8 b - - 0 44,d6e6 g8e8 e6d7 g7g8q,940,advancedPawn promotion
05jQI,R7/P7/8/5p2/5k1p/8/6PK/r7 w - - 10 69,h2h3 a1h1,940,rookEndgame
0BhUs,8/8/6p1/7p/7P/2K3kP/P7/8 b - - 0 62,g3h3 a2a4 h3h4 a4a5 g6g5 a5a6 g5g4 a6a7 g4g3 a7a8q,940,advancedPawn pawnEndgame promotion
0ExW4,1rb2rk1/p3ppb1/2pp2p1/4n1BP/4P2P/2PB1P2/PqQN4/1R2K2R b K - 1 16,e5f3 d2f3 b2b1 c2b1 b8b1 d3b1,940,hangingPiece
0JFfD,8/6BR/2b3p1/5p2/1k6/1p3P2/5KPP/8 w - - 2 44,g7h6 b3b2 h7e7 b2b1q,940,advancedPawn promotion
0UAeM,1b1r2k1/p4pP1/2p2R1p/2p5/2P3P1/7P/PB6/7K w - - 2 33,f6h6 d8d1 h1g2 d1d2 g2f3 d2b2,940,exposedKing
01nHS,8/p4p1k/4p1bp/5p2/5Q1R/4P1KP/1r3PP1/6q1 b - - 9 43,b2e2 f4h6 h7g8 h6h8,941,mateIn2
02Zkt,r1b1k2r/pp1pnppp/4p1q1/4P3/2P5/P1Q5/1P3PPP/R1B1KB1R w KQkq - 1 11,g2g3 g6e4 c1e3 e4h1,941,fork
0jYpY,8/8/8/8/Kpk5/8/1P6/8 w - - 3 54,b2b3 c4c3 a4b5 c3b3,941,defensiveMove
0mVn0,5rk1/b4ppp/pq6/1p1P1b2/8/NP2P1nP/P2Q1PB1/B1R3K1 w - - 1 24,f2g3 b6e3 d2e3 a7e3 g1h1 e3c1,941,exposedKing
00sMF,r1bqr1k1/p4pPp/2p1p3/2bpn2Q/8/2NB4/PPP3PP/R1B2R1K b - - 2 15,e5d3 h5f7,942,kingsideAttack mateIn1
032d2,r2q1rk1/pp1N1ppp/4pb2/8/5P2/1P1B4/P4PPP/R2Q1RK1 b - - 0 16,d8d7 d3h7 g8h7 d1d7,942,discoveredAttack kingsideAttack
03U5L,r1b1k2N/pppp2pp/2n5/3Qp3/2B5/8/PPP4P/RNB1q1Kn w q - 2 12,c4f1 e1f2 g1h1 f2f1,942,deflection kingsideAttack
0BXOg,3r2k1/Bpp2ppp/3b4/3N4/2P5/P4qPP/1P2rP2/1K1Q3R b - - 4 23,d6e5 d5e7 g8f8 d1d8,942,discoveredAttack
0zho9,2kr3r/pppbnp2/3p3p/3Pq1p1/4Pp2/PBP5/1BP3PP/1R2QR1K b - - 4 16,h8e8 c3c4 e5b2 b1b2,942,trappedPiece
00KMV,1r3k2/1p1q1p2/p2p1np1/2pP2bp/2P1P1n1/1PQ3P1/P3N1K1/3N1R1R b - - 11 28,f6e4 c3h8 f8e7 h8b8,943,skewer
04qWI,5k2/5Rb1/6P1/5p2/4r3/1Pp5/P1P2q2/2KR4 b - - 8 41,f8g8 d1d8 e4e8 d8e8 g7f8 e8f8,943,exposedKing
0FBzY,6k1/p3r3/2p3p1/3rPb2/1P3P2/P5K1/1B5R/8 b - - 13 43,g8g7 e5e6 d5d4 b2d4 g7g8 h2h8,943,discoveredAttack
1D17w,3r3k/p5pp/1n2Q3/4N3/3q4/1P3P1P/P5PK/8 b - - 1 27,d4d6 e6d6 d8d6 e5f7 h8g8 f7d6,943,attraction
002Q2,7k/p4R1p/3p3r/2pN1n2/2PbBBb1/3P2P1/P3r3/5R1K w - - 1 28,f4h6 f5g3,944,mateIn1
01SLc,3k4/5p2/3Pb3/4P1p1/N7/4K3/8/8 b - - 9 54,d8d7 a4c5 d7c6 c5e6,944,deflection
0BbZz,k5rr/1pp2p1b/p1N5/8/1Q6/4n3/PPPR3R/2K3N1 w - - 1 30,c6d4 g8g1 d2d1 g1d1,944,hangingPiece
0DWW4,8/1p6/2r2p2/7R/3k3P/6K1/6P1/8 b - - 0 50,c6c5 h5c5 d4c5 h4h5,944,defensiveMove
0PMNm,3r4/4k1pp/2p1P3/1p3PP1/n4K1P/2P1R3/8/8 b - - 2 36,d8d5 f5f6 g7f6 g5f6 e7f6 e6e7,944,exposedKing
0NFe5,6k1/2R2p1p/4b1p1/P5r1/R3rK2/8/7P/8 w - - 0 33,f4e4 g5g4 e4e5 g4a4,945,skewer
0YPJV,8/R6p/b3kp2/2p3p1/8/1N2K2P/r4PP1/8 b - - 1 33,a2a3 a7a6 a3a6 b3c5 e6e7 c5a6,946,attraction
03eRx,8/4r1p1/5p1p/8/5kP1/1R3P1P/5K2/8 b - - 3 45,e7e5 b3b4 f4g5 f3f4 g5h4 f4e5,947,rookEndgame
0CshS,2rr2k1/p4pp1/4pq2/6p1/1P1N2P1/P2Q2P1/5PK1/R6R b - - 0 26,d8d4 d3h7 g8f8 h7h8 f8e7 h8c8,947,skewer
0c4Ds,8/1k6/2pp4/4bR2/2K1P3/8/8/8 w - - 22 65,f5e5 d6e5 c4c5 b7c7,947,defensiveMove
01TPw,rnb1k2r/ppp2p1p/4p3/8/3N2Bq/2NP2b1/PPP2PP1/R1BQ1R1K w kq - 1 13,h1g1 h4h2,948,mateIn1
0w57n,8/2k2K1p/r1P1P1p1/6P1/7P/8/8/8 b - - 6 75,c7c6 e6e7 a6a7 f7f8 a7a8 e7e8q a8e8 f8e8,948,exposedKing
069H6,3r2k1/3P1pp1/1r5p/8/8/8/6PP/2RR3K b - - 0 34,b6b7 c1c8 b7d7 c8d8 d7d8 d1d8,949,rookEndgame
08bRO,8/p2p4/p2Pk1p1/7p/4KP1P/P1P5/8/8 b - - 4 40,e6d6 f4f5 g6f5 e4f5,949,pawnEndgame
0A2V0,6k1/5ppp/r4n2/2b5/5P2/2P1p1P1/PP2Q2P/6K1 w - - 0 33,e2a6 e3e2 g1g2 e2e1q,949,advancedPawn discoveredAttack promotion
00Rk3,8/1p2rppk/5q1p/Q4R2/2P5/PP5P/5PP1/5rK1 w - - 0 32,g1f1 f6a1 a5e1 e7e1,950,mateIn2
02Mh7,1r1q1rk1/2p5/3pNnpP/4p3/p3P3/Pb1PP3/1P4Q1/2KR3R b - - 1 25,b3e6 g2g6 g8h8 g6g7,950,kingsideAttack mateIn2
0FPIc,r5k1/1q3pp1/p3p2p/2p4r/2Nb1P2/1P1P3P/R1PQ2P1/5R1K w - - 2 36,d2e2 h5h3,950,pin
0JmGo,1r4k1/5ppp/q3p3/8/p7/P1P5/3QRPPP/6K1 b - - 0 25,a6e2 d2e2 b8b1 e2f1,950,hangingPiece
0a05G,8/5k1p/p5p1/Pp2K3/6P1/4P2P/8/8 b - - 0 51,b5b4 e5d4 f7e6 d4c4,950,pawnEndgame
04PCA,8/2R4p/6pk/5p2/1rBP1KPP/4PP2/8/2r5 b - - 0 41,b4c4 g4g5 h6h5 c7h7,951,deflection rookEndgame
0FVHD,8/8/p1p5/1p1pP1pp/1P1P4/2Pk1r1P/R4P2/6K1 b - - 0 49,d3c3 a2a3 c3d4 a3f3,951,skewer
0zX8n,8/5p2/3P1p1p/4pP2/1pp1P1P1/k7/2K5/8 b - - 0 47,a3a2 d6d7 b4b3 c2c3,951,defensiveMove
017Ut,3r3r/pp3pp1/5k2/2pbq3/3N4/Q4PP1/PPP1N2p/R3R2K w - - 1 22,a3c5 d5f3 d4f3 e5c5,952,discoveredAttack
08cOZ,4rr2/pp4pk/7p/8/P7/1q1P1NP1/3QP1K1/7R b - - 1 33,b3e6 f3g5 h7h8 g5e6,952,pin
0CKaK,r3r1k1/pp3p2/2p3pQ/4n3/8/1P5P/PqB2PP1/3RR1K1 w - - 2 24,d1d2 e5f3 g2f3 e8e1,952,discoveredAttack
0mUvp,8/p4kpp/1p6/3p1p2/2q4P/P4PP1/3Qb3/3R3K w - - 8 31,d2d5 c4d5 d1d5 e2f3 h1h2 f3d5,952,attraction exposedKing
00DPI,3r2k1/1B3p1p/6p1/3N4/3p2P1/6r1/5KP1/3R4 b - - 5 35,g3g4 d5f6 g8g7 f6g4,953,fork
00E29,r1bq1rk1/4bppp/p1n5/3P4/Pp6/3B1N2/1B3PPP/R2Q1RK1 b - - 0 17,d8d5 d3h7 g8h7 d1d5,953,discoveredAttack kingsideAttack
02y7C,r1bqr1k1/p3bppp/7B/3pQ2n/8/1PN5/PP3PPP/R3R1K1 b - - 4 18,e7f6 e5e8 d8e8 e1e8,953,kingsideAttack
0B7SH,8/pp2Q1Np/k1b3p1/8/PP6/2q5/5PPP/R5K1 w - - 0 34,e7c5 c3a1 c5c1 a1c1,953,hangingPiece
0Corw,8/8/2k1pppp/p1P5/P2K1PPP/8/8/8 b - - 0 37,e6e5 f4e5 f6e5 d4e5 c6c5 e5f6,953,pawnEndgame
0DKG7,r3kr2/p3bpQ1/bp2p3/7p/4P3/1B5P/PPP3P1/3R2K1 w q - 2 22,g7d4 e7c5 d4c5 b6c5,953,pin
0QywW,8/8/8/b5p1/6Pp/2k1NP1P/3pK3/8 w - - 4 57,e3d1 c3c2 d1e3 c2c1,953,defensiveMove
00XL2,2kr3r/ppp3pp/6q1/3Pnp2/1PP1p3/7P/P2QNPP1/R4RK1 w - - 1 17,d2d4 e5f3 g1h1 f3d4,954,pin
0BWtu,6r1/5p1p/4b3/p3R2k/1p1B1K2/1P6/P5P1/8 b - - 3 39,h5g6 e5g5 g6h6 g5g8,954,skewer
0nAYb,1r1q2r1/3Bkp2/p2bpp2/2p4N/Q1p2P1p/4P3/P2P1P1P/R4R1K b - - 0 24,d8d7 a4d7 e7d7 h5f6 d7c6 f6g8,954,attraction
00VSe,6nr/1pN2ppp/p2Qbk2/2B1p3/3nq3/8/PP2BPPP/5K1R w - - 8 19,c5d4 e4b1 e2d1 b1d1,955,mateIn2
0CJjQ,3r2k1/R5p1/7p/8/5n2/B2b4/PP3PPP/3R3K w - - 5 31,g2g3 d3e4 h1g1 d8d1,955,discoveredAttack
0Ch44,3rr3/p5pk/1ppBR2p/2P2p2/1P1P4/1Q6/3q1PPP/1R4K1 w - - 1 26,b1e1 d2e1 e6e1 e8e1,955,backRankMate
0DcQ8,r2r2k1/1R3p1p/pN2p1p1/3p4/P2qn3/7Q/5PPP/4R1K1 w - - 4 30,b6a8 d4f2 g1h1 f2e1,955,backRankMate
0HwGS,r3k1nr/p2b1ppp/2p4q/3pb3/4P3/P4B2/1PPBNKP1/R2Q1R2 b kq - 0 19,h6h2 f1h1 h2h1 d1h1,955,trappedPiece
0cmPo,8/7p/1p1k4/1P3Kp1/6P1/8/7P/8 b - - 2 35,h7h6 f5g6 d6c5 g6h6 c5b5 h6g5,956,pawnEndgame
01miF,8/pp6/2q1r1kp/P4p2/2p2Q2/2P3P1/5P1K/3R4 b - - 5 35,e6e4 d1d6 c6d6 f4d6,957,fork
038xL,3rr3/1kp2Rpp/p1pq4/Q2p2b1/2PN2b1/3PP1P1/PP4BP/R5K1 w - - 1 21,c4d5 g5e3 g1h1 e3d4,957,fork
0JiUt,8/7p/KP6/4k3/8/6p1/8/8 b - - 1 60,e5d6 b6b7 d6c7 a6a7 g3g2 b7b8q,957,advancedPawn pawnEndgame promotion
1xizz,5r1k/3R1pp1/7p/1N6/pP6/Pb2P2P/5RP1/2r3K1 w - - 4 35,f2f1 c1f1 g1f1 b3c4 f1f2 c4b5,957,attraction
0AXKk,8/1p3pk1/1p2b1p1/4P2p/1P2NP1P/7r/4B3/2R2K2 w - - 1 38,e4g5 h3h1 f1f2 h1c1 g5e6 f7e6,958,skewer
1QDw9,8/1Rb3kp/3N2p1/5pn1/8/7P/P4PPK/4r3 b - - 0 41,e1c1 b7c7 c1c7 d6e8 g7f7 e8c7,958,attraction
003jb,r3kb1r/p4ppp/b1p1p3/3q4/3Q4/4BN2/PPP2PPP/R3K2R b KQkq - 0 11,c6c5 d4a4 a6b5 a4b5,960,fork
00WiX,1Q6/5kpp/1p2p3/p1p1r3/2Pn4/6P1/P4P1P/6K1 w - - 0 32,b8e5 d4f3 g1f1 f3e5,960,fork
0DxUh,r4rk1/pppb1ppp/4p3/4P3/1b1P2q1/2NB4/PP1Q1PPP/R4RK1 b - - 4 14,g4d4 d3h7 g8h7 d2d4,960,discoveredAttack
0GXIx,2k5/pp6/2nQ2p1/2Nppqp1/3P4/2P1nP1r/PP3R1p/4R2K w - - 0 33,e1e3 f5b1 e3e1 b1e1 f2f1 e1f1,960,exposedKing
4ijeO,8/5k2/2p1Rp2/1b1p3p/p2P1K1P/P1P2P2/8/8 w - - 15 70,e6d6 f7e7 d6d8 e7d8,960,trappedPiece
0Dao0,r6k/pp1nq1pp/2p2p2/8/2B1P2R/2P5/PP4PP/3Q2K1 b - - 2 20,d7e5 h4h7 h8h7 d1h5,961,attraction
0FMOt,8/p2b2k1/4q1p1/1pp4r/8/P1P3Q1/3R2P1/5NK1 b - - 3 37,h5e5 d2d7 e6d7 g3e5,961,deflection
1Lje3,3R1bk1/5pp1/4p3/1pq1P2p/8/3Q2PK/2P4P/8 b - - 2 36,c5e5 d8f8 g8f8 d3d8,961,attraction
06XeN,5r2/5pkp/2ppbNp1/6Q1/2pqP2R/1r1P4/6PP/3R3K b - - 3 30,d4f6 g5h6 g7h8 h6f8,962,deflection
0CmJ3,8/p6R/6p1/7k/5KnP/4P1P1/r7/8 b - - 3 39,g4h6 g3g4 h5h4 h7h6,962,deflection
0MMdE,8/3P4/8/8/1P6/7p/4kp2/7K w - - 0 51,d7d8q f2f1q h1h2 f1g2,962,promotion
057lB,r1bRqbk1/pp3p1p/2p3p1/4p3/4P3/1B3Q2/P1P2PPP/5RK1 b - - 1 18,e8d8 f3f7 g8h8 f7g8,963,kingsideAttack
06NUk,8/8/8/pp6/1r1k1PR1/6P1/5K2/8 b - - 0 48,a5a4 f4f5 d4c3 g4b4 c3b4 f5f6 a4a3 f6f7 a3a2 f7f8q,963,advancedPawn discoveredAttack promotion rookEndgame
0AGsr,rk6/1p1R3p/p3p1n1/2p1N3/4P3/6P1/PPP2r1P/2K4R w - - 2 22,d7h7 g6e5 h7h8 b8a7 h8a8 a7a8,963,hangingPiece
0AXkF,kbr5/pQ5p/P1b3p1/1pN5/4p3/2P1p2P/1P3PP1/6K1 b - - 1 30,c6b7 a6b7,963,advancedPawn
0FYs0,2kr2R1/ppp5/7p/2b5/2B1Pp2/P2p1P1P/1P5P/7K b - - 1 34,d3d2 c4e6 c8b8 g8d8,963,backRankMate deflection
0AfZp,8/8/4p3/1p1pP1p1/k2P1p2/PpK2PpP/1P4P1/8 w - - 3 44,c3d3 b5b4 a3b4 a4b4,964,pawnEndgame
0QZLU,8/N5pp/1p2k3/2p2R2/P3p3/1PPp4/6PP/6K1 w - - 2 36,g2g4 d3d2 g1f2 d2d1q,964,promotion
029mV,8/8/5k2/1p4p1/1R1P2K1/6R1/3r2b1/8 w - - 0 37,b4b5 d2d4 g4h5 d4h4,965,mateIn2
06Eew,6k1/1p4r1/p1p2P1p/3pr1qP/1P3RP1/P3p2Q/8/5R1K b - - 0 37,g7f7 f4f5 e3e2 f5g5,965,trappedPiece
08vmA,8/8/8/6p1/3k2P1/2p4P/2K2P2/8 w - - 1 52,c2d1 d4d3 d1c1 c3c2 c1b2 d3d2,965,advancedPawn defensiveMove pawnEndgame
01GKn,2r2rk1/pbb1qp1p/1pn1p1p1/8/1P1PN3/P2BP2R/2Q1N1PP/5RK1 b - - 3 20,c6b8 e4f6 e7f6 f1f6,966,kingsideAttack
078wL,3r1r1k/5Npp/5p2/3QP3/2P5/1q6/6P1/5RK1 b - - 3 27,f8f7 d5d8 f7f8 d8f8,966,hangingPiece
0kSqr,3R4/Pp3kpp/4p3/8/8/4Br2/Pq3P1P/5K1R b - - 0 23,b2b1 f1g2 b1g6 g2f3,966,defensiveMove
0nwdm,8/5b2/1p1k2p1/7p/2PKBP1P/6P1/8/8 w - - 1 50,e4d5 f7d5 c4d5 b6b5,966,defensiveMove
00CtS,Q5k1/5q2/p2p4/b1p1pr2/P7/6P1/4KP1R/8 b - - 3 38,g8g7 a8h8 g7g6 h8h6,967,mateIn2
00xGN,r2q1rk1/ppp1nppp/3b4/1B6/3QP3/2N2b2/PPP2PPP/R1B2RK1 w - - 0 10,g2f3 d6h2 g1h2 d8d4,967,discoveredAttack kingsideAttack
01ZWA,4r1k1/p2Q2bp/4p1p1/1p2r1B1/8/1P5n/P5PP/4RRqK w - - 4 26,f1g1 h3f2,967,mateIn1
02zVb,r2q1r2/p5k1/3b1ppp/1p1p4/2pP4/P1P2Q1P/1P1N1PP1/R3R1K1 w - - 0 24,f3d5 d6h2 g1h2 d8d5,967,discoveredAttack
0BdAP,3r2r1/ppQ2p1k/8/8/8/2b1P3/PPP1NP2/1K6 w - - 0 29,e2c3 g8g1 c3d1 g1d1,967,backRankMate
0EAGu,r4rk1/1ppnq1p1/p7/3pp2P/P4PP1/2P3Q1/1P1N1P2/R3K2R w KQ - 0 22,h5h6 e5f4 e1d1 f4g3,967,discoveredAttack
1A0zK,4r1k1/1p5p/6p1/3P4/2P2p2/1P6/PBBp1PPP/4rRK1 w - - 3 31,b2c3 e1f1 g1f1 e8e1,967,attraction
1UUqw,6k1/pQ3pp1/7p/8/6q1/2b5/PPP2PPP/3r1RK1 w - - 2 20,b2c3 d1f1 g1f1 g4d1,967,attraction
02AKn,7k/p4Qqp/3b2p1/3B4/8/5R2/PP3PPK/2r5 w - - 2 42,g2g3 g7h6 h2g2 h6h1,968,mateIn2
05lsU,q3kb1r/p2n1ppp/4p3/5b2/3p3N/2P3P1/P2BPP1P/R2QK2R w KQk - 0 13,h4f5 a8h1,968,backRankMate
0AK1I,6k1/1pQbq1p1/3b1p1p/1r1P4/R2BP3/6P1/5P1P/1R4K1 w - - 1 29,c7c2 b5b1 c2b1 d7a4,968,discoveredAttack
0KeLg,5bk1/6pp/2q1P3/3p1Q2/3Pp2P/2p1B1P1/1P4K1/8 b - - 1 29,c3b2 f5f7 g8h8 f7f8,968,deflection
0KmcA,3r4/1R6/6kp/P3b3/4p3/4P2P/2p2PP1/1R4K1 w - - 0 36,b1c1 d8d1 c1d1 c2d1q,968,advancedPawn promotion
0PnYz,r2r2k1/p4pp1/7p/5R2/4P3/3p3P/PP4PK/5R2 w - - 0 29,f5f7 d3d2 f7c7 d2d1q f1d1 d8d1,968,promotion
0iUuB,8/1k3p2/4p1p1/1P1r4/2Q5/7P/5BPK/q7 b - - 2 45,a1e5 f2g3 d5b5 g3e5,968,defensiveMove
0sPJc,8/3P4/8/8/4P3/6p1/5k1p/7K w - - 2 61,d7d8q g3g2 h1h2 g2g1q h2h3 g1g3,968,exposedKing
4RjMn,r5k1/pp2q3/2p1p3/3p1rpp/3P3P/P1P1PpPQ/1P3P2/2R2RK1 w - - 0 27,g1h2 g5g4 f1d1 g4h3,968,trappedPiece
00FH6,r6r/1q2bpk1/7p/p1p1pPpn/Pp2P1nP/1P1B1N2/2P3P1/2BRR1QK w - - 7 30,c1b2 h5g3,969,mateIn1
00yHW,8/1p4r1/PR6/6pk/8/6PP/6K1/8 b - - 0 40,b7a6 g3g4 h5h4 b6h6,969,mateIn2 rookEndgame
07iTQ,2k2r2/Qpp5/3p2qr/1p1Pp2p/P3Pp1R/2P3P1/4KP2/R7 b - - 1 30,f4g3 a7a8 c8d7 a8f8,969,skewer
0A5bd,r3q1k1/1bpn2p1/pp1p3p/3P4/4N1Q1/P7/BbP2PPP/4R1K1 b - - 1 27,b2f6 e4f6 d7f6 e1e8,969,discoveredAttack pin
0NvhH,2R5/7P/8/2p5/3p4/2k5/7r/4K3 b - - 5 66,c5c4 h7h8q h2h8 c8h8,969,promotion
1IAOC,Q1b4r/4kp1p/p2ppq1B/4b1p1/2B5/P1N5/1PP2PPP/R5K1 w - - 0 17,c3d5 e6d5 h6g5 f6g5,969,trappedPiece
0QIEQ,3r1q1k/pp3p1p/5p2/2b5/5Pn1/2Q1PP2/PP5P/R4R1K b - - 2 21,g4e3 c3f6 f8g7 f6d8,970,deflection
0VxQU,8/2p5/p1k5/Pp4p1/1P4P1/5K1P/8/8 w - - 1 45,f3e4 c6d6 h3h4 g5h4,970,pawnEndgame
0XUWV,r4rk1/pp2nppp/2p1p3/Q2pP3/1PbP1N1P/6P1/P4P2/2R1R1K1 w - - 1 22,a2a4 b7b6 c1c4 b6a5,970,trappedPiece
0wuLZ,8/3r1kpp/1R3p2/1p6/8/2p3P1/2N4P/5K2 w - - 2 43,b6b5 d7d1 f1e2 d1d2 e2e3 d2c2,970,exposedKing
00JfN,r6r/1bpnk3/1p1pB3/pP1P3q/P3PQP1/2b2N1P/2P2P2/R3R1K1 b - - 0 24,h5h3 f4f7 e7d8 f7d7,971,mateIn2
00rTX,3r2k1/pp3ppp/4p3/2N5/7q/1Q3P2/PP1r2PP/3RR2K w - - 3 24,d1d2 h4e1,971,backRankMate mateIn1
028i3,8/p1r1k1pp/R1r1P3/5R2/1p6/6P1/5P1P/6K1 w - - 1 36,f5f7 e7e6 a6c6 c7c6,971,rookEndgame
04kFn,8/2K5/5R2/P7/7k/8/5p1p/8 b - - 0 62,h2h1q f6h6 h4g4 h6h1,971,skewer
06umr,rn1q1rk1/p3bppp/b1p1pn2/2Pp4/3P4/P2BPN2/5PPP/RNBQ1RK1 w - - 0 11,c1d2 a6d3 d2a5 d8a5,971,hangingPiece
0ITmf,6R1/8/8/8/R6p/P1P3pk/7n/7K w - - 0 47,g8h8 g3g2 h1g1 h2f3 g1f2 g2g1q,971,advancedPawn exposedKing promotion
0PWeF,8/1bP2kpp/8/P7/8/8/2K2pBP/8 w - - 2 38,c2d3 b7g2 c7c8q f2f1q,971,promotion
0VzDC,8/7p/3k2pP/p4p2/1pPp1P2/1P4P1/P2K4/8 b - - 1 41,d6c5 d2d3 a5a4 b3a4 b4b3 a2b3,971,pawnEndgame
0gIgp,r3k2r/pb3p1p/2p1p1pB/2b1P1N1/2B5/8/P4PPP/3R2K1 b kq - 6 18,a8d8 d1d8 e8d8 g5f7 d8e7 f7h8,971,attraction
13eyg,r1br2k1/p4p2/1p2p3/7p/4n3/PB3N2/1PP3PP/2R1K2R w K - 0 21,c1d1 d8d1 e1d1 e4f2 d1e2 f2h1,971,attraction
1AME7,7r/pp2n3/8/2pp1n2/1Nk5/2P4P/PP4P1/R1B2K2 w - - 1 26,b2b3 c4c3 b4d5 e7d5,971,trappedPiece
00beo,r4rk1/pb1p2pp/1p2p1q1/2b5/2P5/P1N1B2P/1P2BPP1/R2Q1RK1 w - - 5 18,d1d7 g6g2,972,kingsideAttack mateIn1
03JHV,6k1/5pbp/q5p1/6N1/1p1nQ3/6P1/P2K1P1P/2r4R b - - 1 26,c1h1 e4e8 g7f8 e8f7 g8h8 f7f8,972,deflection
0FuYd,6K1/5P2/4n3/6P1/1k6/p7/8/8 w - - 3 60,f7f8q e6f8 g8f8 a3a2 g5g6 a2a1q,972,advancedPawn promotion
0HC4g,6R1/1P3p2/N4k2/4n1p1/7p/5P1P/3r2PK/8 w - - 4 43,b7b8q e5f3 h2h1 d2d1,972,pin
00Tmr,2r2rQk/6pp/p6N/1p1p4/2pq4/P6P/1P3PP1/4R1K1 b - - 9 36,f8g8 h6f7,973,mateIn1
0416t,7k/1Q4bp/6p1/8/8/8/5RPP/q5K1 w - - 1 27,f2f1 g7d4 g1h1 a1f1,973,deflection
0F3yH,r1bq1rk1/pppn1pbp/3p2p1/4n3/8/NP3NP1/PBP1PPBP/R2Q1RK1 w - - 0 10,c2c4 e5f3 e2f3 g7b2,973,discoveredAttack
0KKVK,8/p7/1p6/2pk2pP/4Rn2/2P5/6P1/7K w - - 1 55,h5h6 d5e4 h6h7 f4g6,973,defensiveMove hangingPiece
0L40A,8/8/8/p1p2k1p/P1P1p1pP/1P1K2P1/8/8 w - - 0 37,d3e3 f5e5 e3e2 e5d4 e2d2 e4e3,973,pawnEndgame
001wr,r4rk1/p3ppbp/Pp1q1np1/3PpbB1/2B5/2N5/1PPQ1PPP/3RR1K1 w - - 4 18,f2f3 d6c5 g1h1 c5c4,974,fork
013fd,8/8/1P4p1/3B3p/R3P3/5PkP/1q4P1/R6K w - - 1 46,b6b7 b2g2,974,mateIn1
02TK0,5r2/4pkn1/3pqp2/p3P3/6R1/2PQ3P/Pr4P1/5R1K b - - 0 31,d6e5 d3g6 f7g8 g6g7,974,mateIn2
03IYz,6k1/p4p1p/6p1/3r4/5P2/PPprR3/5PPP/2R3K1 w - - 2 34,g2g3 d3d1 c1d1 d5d1 g1g2 c3c2,974,advancedPawn rookEndgame
07y73,8/4R3/1p3rp1/5k2/1P1p1r2/3R1PK1/7P/8 b - - 2 36,f6c6 e7f7 f5e5 f7f4,974,rookEndgame
0GXsh,2krr3/ppp1qppp/2p1b3/8/4P1n1/P1NPP3/1PPQB1PP/R3K2R w KQ - 1 12,h2h3 e7h4 e1d1 g4f2 d1c1 f2h1,974,exposedKing
0R46M,8/p7/3p2p1/2p1k1P1/1pP2p1P/1P3P2/P2K4/8 b - - 3 36,e5d4 h4h5 g6h5 g5g6 d4e5 g6g7,974,pawnEndgame
2IzTo,8/8/ppk5/1r2N3/1P1P4/1KP5/8/8 b - - 3 59,c6c7 c3c4 b5d5 c4d5,974,trappedPiece
00QW1,8/3r1ppp/4p3/k3P3/pR2R2P/2P5/2Kr1PP1/8 w - - 4 31,c2c1 d2d1 c1b2 d7d2 b2a3 d1a1,975,exposedKing rookEndgame
00b3n,7R/1P3pk1/5rpp/8/8/4P1PK/4qPQP/8 w - - 7 41,b7b8q e2h5,975,mateIn1
00yxD,3r2rk/1b3p1Q/p1q2Pp1/1p6/6P1/P2BR3/1PP2R1P/6K1 b - - 0 28,h8h7 e3h3,975,mateIn1
03A9v,8/4k3/1p4pp/2pP1p2/5P1P/2P1K3/8/8 b - - 0 48,c5c4 e3d4 e7d7 d4c4,975,pawnEndgame
03zcV,8/8/3k4/2R3p1/1P2p1Pp/4K2P/1rP5/8 w - - 3 52,e3e4 b2b4 e4f5 d6c5,975,rookEndgame
0DRwE,r2q2k1/ppp2p1p/4bp2/2bBr3/8/1QN5/PP3PPP/3R1RK1 b - - 2 14,c7c6 d5e6 e5e6 d1d8,975,discoveredAttack
0Ifl1,8/8/6p1/8/Bp3PPP/2k5/2b2K2/8 w - - 1 44,a4c6 b4b3 c6d5 b3b2,975,advancedPawn
0PuMJ,6b1/6B1/6P1/3pKP2/2p3kp/2P5/8/8 b - - 0 66,h4h3 f5f6 h3h2 f6f7 g8f7 g6f7,975,trappedPiece
6JvfA,6n1/1p3K1p/p1k5/5p2/8/2P2P1P/P4P2/8 b - - 10 37,g8h6 f7g7 h6f7 g7f7,975,trappedPiece
036j9,2kr3r/pb1qppb1/npp3p1/4P1Np/2PP4/4B3/PP1Q2PP/1K1R1B1R w - - 5 15,g5f7 d7f5 f1d3 f5f7,976,fork
041LR,3r2rk/p5pp/Bp6/3b1p2/P2qp2P/6P1/3N1PK1/2RQR3 b - - 1 27,d4d2 d1d2 e4e3 d2d5,976,hangingPiece
07L7Q,r4rk1/1pp2pp1/5n1p/p1b1Q3/P1q5/6P1/1P3PBP/R1B2RK1 w - - 0 16,e5c7 c5f2 f1f2 c4c7,976,discoveredAttack
07xF8,8/7p/1p4p1/p1nkp3/8/P3K2P/2PB2P1/8 b - - 1 44,c5e4 c2c4 d5c4 e3e4,976,deflection
0PboU,8/5p1p/4k3/pp2P3/6PP/KP1b4/P1r5/4R1R1 w - - 1 35,g1g3 b5b4 a3a4 c2a2,976,deflection
0kS1M,2r2k1r/p1pqb2p/1p3np1/4B3/2PP4/1Q6/PP2RPPP/4R1K1 b - - 1 21,c8e8 e5f6 e7f6 e2e8 d7e8 e1e8,976,exposedKing
0nIQn,rnb2rk1/ppNp1ppp/4p3/4q2n/1b2P3/2N2P2/PPP2BPP/R2QKB1R w KQ - 9 11,c7a8 b4c3 b2c3 e5c3 d1d2 c3a1,976,exposedKing
02eE7,r3k2r/p1p1bpp1/2q1p3/4P1p1/P3N3/1Rp1P2P/2Q2PP1/4K2R b Kkq - 3 22,c6a4 b3b8 a8b8 c2a4,977,discoveredAttack
06UQ4,8/5Rpk/7p/p3p2P/1pn1N1P1/2P5/r7/2K5 b - - 0 29,b4b3 e4f6 h7h8 f7f8,977,pin
06scF,2r3k1/1p4pp/p3p3/8/3p1nP1/8/PPr4P/1K1RQ3 w - - 0 29,d1d4 c2c1 e1c1 c8c1 b1c1 f4e2 c1d2 e2d4,977,attraction
0CM0F,r1bq1rk1/pp4bp/4pnp1/8/2Pp1B2/2NB3P/PP3PP1/R2Q1RK1 w - - 0 14,c3e4 f6e4 d3e4 f8f4,977,discoveredAttack
0ajTl,4b1k1/ppp2pB1/3p1pB1/4q3/2P4Q/6P1/P4P1P/6K1 b - - 0 24,f7g6 h4h8 g8f7 h8f8 f7e6 f8e8,977,exposedKing
142kW,1n3r2/r5pk/3p1p1p/1p1PpR1Q/2p1P2P/2P1P1P1/1P5K/8 w - - 2 34,g3g4 g7g6 h5h6 h7h6,977,trappedPiece
0CnxQ,8/2p5/1p1p1k2/p7/2P2PB1/PP6/3K4/1b6 b - - 2 46,b1f5 g4f5 f6f5 d2e3,978,defensiveMove
0EERR,8/4k2p/4p3/8/5Kp1/8/5P1P/8 b - - 2 49,h7h5 f4g5 e7f7 g5h5,978,pawnEndgame
0XlmN,7k/p4K1P/6P1/8/P7/8/2p5/8 b - - 2 47,c2c1q g6g7 h8h7 g7g8q h7h6 g8g6,978,exposedKing
0iZf1,8/2R5/4k3/6K1/6P1/8/2Pr3p/8 w - - 6 44,c7c6 d2d6 c6d6 e6d6,978,defensiveMove
00cud,8/5p2/6p1/1p1N1k2/1PbK4/2P3P1/8/8 b - - 0 48,c4f1 d5e3 f5e6 e3f1,979,fork
0PsSS,8/4Kpp1/p7/1p3P2/8/Pk6/1P3P2/8 b - - 12 38,b3b2 e7f7 b2a3 f7g7 b5b4 f5f6 b4b3 f6f7 b3b2 f7f8q,979,pawnEndgame promotion
0jcW1,8/8/3pk2K/8/6P1/8/8/8 b - - 2 52,d6d5 g4g5 d5d4 g5g6 e6f6 g6g7 f6f7 h6h7,979,defensiveMove
0FGku,6k1/6p1/5b1p/1pB1r3/1P6/5P1P/1P3P2/2R3K1 w - - 4 33,c5d4 e5g5 g1f1 f6d4,980,discoveredAttack
0FckT,r1bq1rk1/1p1pbppp/p1n5/8/4Pp2/1NN2P2/PPPQ2PP/2KR1B1R w - - 0 12,d2f4 e7g5 f4g5 d8g5,980,pin
0MfEk,4rr1k/1p4p1/p6p/3R4/P7/1P3P1P/1q4P1/2RQ3K w - - 2 28,d1c2 e8e1 c1e1 b2c2,980,deflection
0OkiS,8/8/3k1K2/1p1Np2n/2p1P3/P1P5/8/8 w - - 14 58,f6f5 h5g3 f5g4 g3e4,980,deflection
0UVGD,8/8/8/2K5/1P3Q2/7p/6p1/7k w - - 4 65,f4g3 g2g1q g3g1 h1g1 b4b5 h3h2,980,promotion
0hhta,r3k3/pppq1pb1/2p1b2p/6pQ/4P3/2NP4/PPP2PPP/2KR3R w q - 6 15,h1f1 e6g4 h5g4 d7g4,980,trappedPiece
1ucUI,4r3/8/p4k2/6p1/1Pr5/3N1P2/2BR1K2/8 w - - 0 41,d2e2 e8e2 f2e2 c4c2,980,attraction
3UaSz,5r1k/pp4pp/1n6/4P3/2bP4/P6P/1PP3P1/1Q4K1 w - - 2 28,g1h2 f8f1 b1f1 c4f1,980,trappedPiece
6YClP,r2qk1nr/1pp1bpp1/p2p2bp/8/3QP3/2N4P/PPP1BPP1/R1B1R1K1 w kq - 1 13,d4g7 e7f6 g7h8 f6h8,980,trappedPiece
00eB8,4rb2/2p1q2k/p1Pp2p1/1p1Q3p/7P/2P2R2/PP4P1/1K6 b - - 1 34,f8h6 f3f7 h6g7 f7e7,981,fork
01IFr,6Rk/pp6/1bpN3p/4P1p1/7q/3Q3P/PP4P1/7K b - - 0 28,h8g8 d3g6 g8h8 d6f7,981,mateIn2
01l8L,3r2rk/1pq2pp1/p2pbR1p/8/8/3B4/PPPQ1PPP/3R2K1 b - - 1 24,c7e7 f6h6 g7h6 d2h6,981,kingsideAttack mateIn2
04zl6,2r1rbk1/1n3pp1/2b4p/1p1np2P/1P2N2q/2PQ2N1/1BB2PP1/R3R1K1 b - - 3 24,d5f4 e4f6 g7f6 d3h7,981,kingsideAttack
0CRKQ,8/1k4pp/2R3p1/p7/P7/5P2/1r5r/4K1Q1 w - - 6 36,c6b6 b2b6 g1h2 b6b1 e1f2 b1b2,981,exposedKing
0FBFO,6k1/1r2rpp1/3b3p/pp1Pp3/2q5/P1PBB1PP/1P3P1K/R2Q4 b - - 0 30,c4d5 d3h7 g8h7 d1d5,981,discoveredAttack
0wMUa,r1b1k2r/ppp2ppp/8/3pP3/3b3q/8/PP2BRPP/RNBQ2K1 w kq - 0 11,g2g3 d4f2 g1f2 h4h2,981,attraction
00pmn,8/P6p/6p1/1k6/3pq3/1PP5/6PP/3Q2K1 w - - 0 35,d1d4 e4e1,982,mateIn1
01S2P,r4rk1/5qpp/p1p1p3/3pB3/6Q1/8/PPP2PPP/R3R1K1 w - - 4 18,e1e3 f7f2 g1h1 f2f1 a1f1 f8f1,982,backRankMate fork
039vE,rn2k3/pp3p2/2pp4/4p1r1/2P1P1b1/2NP2Pq/PP1Q1P1N/R4R1K w q - 0 20,d2g5 g4f3 h1g1 h3g2,982,kingsideAttack pin
06oy2,1nkr2n1/1pp4p/3PB1b1/8/8/7p/P1P2QPP/qN4KR b - - 1 23,d8d7 f2f8 g6e8 f8e8,982,pin
06r8w,2r2nk1/pp3ppp/5b2/1q1Pp1NQ/1Pr1P3/P5P1/6BP/R4R1K b - - 8 24,f6g5 h5f7 g8h8 f7f8 c8f8 f1f8,982,backRankMate deflection
0pQ6B,7r/2p2bpk/7p/p1QP4/1p6/1P2KP2/PB3P1q/R7 w - - 1 28,c5c2 f7g6 c2g6 h7g6,982,defensiveMove
003AX,2r2rk1/5ppp/bq2p3/p1ppP1N1/Pb1P2P1/1P2P2P/2QN4/2R1K2R b K - 1 18,c5d4 c2h7,983,kingsideAttack mateIn1
02EhR,3rk2r/pp3pp1/4p3/4P2p/q2nQ2P/P3B3/5PP1/R4RK1 w k - 0 20,e4b7 d4e2 g1h1 a4h4,983,kingsideAttack mateIn2
0BQc5,6k1/2R3p1/p1p1r2p/1p6/2n5/2P5/P1P2PPP/2R2K2 w - - 2 28,c1e1 c4d2 f1g1 e6e1,983,backRankMate deflection
0E24B,8/8/1P1k4/3P2p1/5p2/5K2/8/8 w - - 3 46,b6b7 d6c7 d5d6 c7b7 d6d7 b7c7 d7d8r c7d8,983,pawnEndgame
0IVo3,3r1rk1/2q1b1pp/4pn2/1Q6/1p6/2p1P1P1/3B1PBP/1RR3K1 b - - 0 27,c3d2 c1c7 d2d1r b1d1 d8d1 g2f1,983,hangingPiece
0JJGH,8/R4P1p/4p1p1/3pP3/1r1P2PP/1p6/1k1K4/8 b - - 0 40,b4d4 d2e3 d4e4 e3f3,983,defensiveMove
0L6Ox,5k2/3R4/8/4P3/3P1p2/pr3P2/5K2/8 w - - 3 54,d7a7 b3b2 f2f1 a3a2,983,advancedPawn
0NKXY,1Rr1r1k1/5ppp/8/8/3Pq3/4P1QP/5PP1/1R4K1 w - - 3 35,b8c8 e4b1 g1h2 e8c8,983,hangingPiece
5k4wB,1r5Q/1r3k1p/6pP/8/5P2/3P4/P2K4/8 w - - 5 35,h8h7 f7f6 h7h8 b8h8,983,trappedPiece
79uuZ,rnb1kb2/ppp2pp1/8/4p3/4P1Pq/3p4/PPPP1PP1/R1BQKBNN w Qq - 1 10,g1h3 c8g4 d1g4 h4g4,983,trappedPiece
03OoQ,r2q1rk1/p3bpp1/1np1pn1p/1p3b1N/3Pp3/P1N5/1PP2PPP/R1BQRBK1 b - - 3 13,f5g4 h5f6 e7f6 d1g4,984,kingsideAttack
06IK9,8/3k4/p1p2rp1/2Pp1P1p/PP2pKPP/4P3/8/6R1 w - - 0 38,g4g5 f6f5 f4g3 f5f3 g3g2 f3e3,984,rookEndgame
08B5W,6rk/1pb2p1Q/p3nPp1/4q3/4B3/3R4/PP4PP/5R1K b - - 0 26,h8h7 d3h3 e5h5 h3h5,984,pin
0Msbe,8/1P4k1/2K5/5p2/8/8/1r4p1/6R1 b - - 0 53,f5f4 g1g2 b2g2 b7b8q,984,deflection promotion
0voc2,8/8/p1k5/P4pp1/2K2P2/6P1/8/8 b - - 0 42,g5f4 g3f4 c6d6 c4d4,984,defensiveMove
00O9a,1k3r2/q5r1/2Qp3p/N2Bp3/4P1p1/P7/1PP2PPP/R5K1 w - - 12 35,a5c4 a7f2 g1h1 f2f1 a1f1 f8f1,985,backRankMate
00ems,2r1r1k1/1bpn1ppp/p4n2/1p6/1P4q1/P3PN2/1BB1QPPP/3R1RK1 w - - 6 18,f3d4 g4g2,985,kingsideAttack mateIn1
01qTU,3r1k2/pp4pQ/5b2/2P5/P5qP/2P1R1P1/5P1K/8 b - - 0 35,d8d2 h7h8 f8f7 h8e8,985,mateIn2
057Rd,r4r1k/ppp1bppp/2p2N2/4Pb2/2P5/qPB3QP/P4PP1/R2R2K1 b - - 8 19,g7f6 e5f6 f5g6 f6e7,985,advancedPawn discoveredAttack kingsideAttack
0CuNM,4r1k1/1p3Qpp/1p1p4/2p5/3Pr3/q1P1P3/P5PP/4RRK1 b - - 0 21,g8h8 f7f8 e8f8 f1f8,985,backRankMate
0WYof,8/8/4pk2/5p2/5P1K/7P/8/8 w - - 0 50,h4h5 e6e5 f4e5 f6e5 h5g5 f5f4 g5g4 e5e4 h3h4 f4f3,985,pawnEndgame
171St,r2q1rk1/pp2ppbp/2bp2p1/4n3/2PBPP2/6PP/P1N3B1/1R1Q1RK1 b - - 0 17,e5c4 d4g7 g8g7 d1d4 g7g8 d4c4,985,attraction
03S5j,4r1k1/pp3p2/6pp/2p1n3/4q3/4B1PP/PPP1Q1K1/R3R3 w - - 6 24,g2h2 e5f3 e2f3 e4f3,986,fork
0Pe8c,8/6k1/1p6/p6p/5P2/4PKP1/7P/8 w - - 0 61,e3e4 a5a4 f3e2 a4a3 e2d3 a3a2,986,pawnEndgame
01FCo,1k2r2r/1Pp2pb1/1n1p3p/3Pq1p1/1Q1NP3/2P2P2/P4R1P/R3K3 b Q - 0 22,g7f6 d4c6 b8b7 c6e5,987,fork
01akv,7r/p1Q2k1p/1p4p1/2pq1r2/3p4/2PP4/PP3P1P/4RRK1 b - - 4 24,f7f6 c7e7,987,mateIn1
02KOG,r7/pp5p/7k/2N1B1p1/2B4n/P6P/1PP3r1/3RR1K1 w - - 2 32,g1f1 a8f8 c4f7 f8f7 e5f4 f7f4,987,exposedKing
06Z0u,rQ2k2r/3qppbp/2bp1np1/2p3N1/5B2/2P1P3/P4PPP/1R2KB1R b Kkq - 5 17,a8b8 b1b8 d7d8 b8d8 e8d8 g5f7,987,attraction
0Aox8,4Rbk1/pp1n2pq/2p5/8/2P3Q1/1P6/P4P2/6K1 b - - 0 29,d7f6 g4e6 g8h8 e8f8,987,deflection
0D8Xy,rn2kbnr/1p1q1ppp/4p3/p3P3/8/2Q5/PPP2PPP/RNB1K1NR w KQkq - 0 11,g1f3 f8b4 c1d2 b4c3,987,pin
04gw2,2k4r/1p6/p3p2p/3pPn2/5R2/1P5P/PB5K/8 b - - 0 29,c8d7 f4f5 e6f5 e5e6 d7e6 b2h8,988,discoveredAttack
06vSn,1r3r1k/ppq2p2/4pNp1/4Pn2/5n2/1R5Q/P1P2PPP/5R1K b - - 1 24,f4h3 b3h3 f5h4 h3h4 h8g7 h4h7,988,exposedKing
0AYpQ,3br1k1/5Qpp/4p3/1qppP3/p2P4/2B5/PP4PP/5R1K b - - 1 25,g8h8 f7f8 e8f8 f1f8,988,backRankMate
0ieqY,8/2p5/1p1p3p/1P1P4/2Pk2PK/8/8/8 b - - 6 46,d4c4 h4h5 c4b5 h5h6 b5c4 g4g5,988,defensiveMove
0ngpk,6k1/5p1p/p3b1p1/1p1r4/1P4PP/P1K2P2/4B3/5R2 w - - 4 31,e2d3 d5d3 c3d3 e6c4,988,attraction
00fZM,5rk1/1q3r1p/3p2RQ/3p4/3B4/2P2P2/P5PP/6K1 b - - 0 30,h7g6 h6h8,989,mateIn1
02mx1,2bk4/1p2b2p/2n3p1/1B2Np2/4p3/2B1P2P/1P3PP1/5K2 b - - 3 34,c6e5 c3a5 b7b6 a5b6,989,mateIn2
03RFD,r4r1k/6p1/p6p/4Q3/3P4/P1P1n3/2q2PPP/R3R1K1 w - - 0 23,e1e3 c2f2 g1h1 f2f1 a1f1 f8f1,989,backRankMate
0CJBR,5r2/1ppk1P2/p7/3R4/4R1pr/1Pb5/P5P1/6K1 b - - 2 32,d7c8 e4e8 f8e8 f7e8q,989,advancedPawn promotion
0Fh2r,8/8/7p/1N3kpP/8/3p1p2/3K4/8 w - - 0 66,b5c3 f3f2 c3d5 f2f1n,989,advancedPawn promotion
0GyKc,r2q4/5r1k/p2p2p1/5p2/PpBBPP2/8/5K2/7R b - - 1 28,h7g8 h1h8,989,pin
0ZIVf,r3k2r/pp4p1/n1pp1pq1/4p3/4P1p1/PBNP3P/1PP1QR2/R4K2 w kq - 0 21,e2g4 g6g4 h3g4 h8h1 f1e2 h1a1,989,exposedKing
0cYj7,3q1r1k/7p/4R1p1/3pP1Pp/pP1P3r/P1Q2PK1/5R2/8 w - - 0 37,g3h4 f8f4 h4h3 d8g5 c3c8 h8g7,989,defensiveMove
04WhM,8/5p2/3p3p/8/4p1P1/2k1P3/r1P1KP2/2R5 w - - 1 39,f2f3 a2c2 c1c2 c3c2,990,rookEndgame
05c3K,R1b2rk1/1r3ppp/2N1p3/1p6/2pPn3/2P1P3/4BPPP/4K2R b K - 8 16,c8d7 c6e7 g8h8 a8f8,990,backRankMate deflection
00xa4,2r1k3/2p1rpp1/1p1p1b1p/p2P1P1P/P1P5/3KB3/5PR1/6R1 w - - 1 30,e3h6 g7h6 g2g8 e8d7 g8c8 d7c8,991,hangingPiece
01xnx,7k/ppp3p1/1b4qp/5b2/1P3R2/PQ6/2RBrPPP/6K1 b - - 11 25,f5c2 f4f8 h8h7 b3g8,991,mateIn2
02XHQ,4k2r/3pq2p/7Q/2p2p2/2N5/2Pp3N/P2K1PPP/n6R w k - 0 23,h1a1 e7e2 d2c1 e2c2,991,mateIn2
07GSL,1k2N3/p4r2/1p3p2/3R1P1p/7P/1P5b/1K6/8 b - - 2 50,f7f8 d5d8 b8b7 e8d6 b7c6 d8f8,991,discoveredAttack
097pq,r1b5/pp2qkp1/4pp1p/7B/1Q6/P7/1P3PPP/3R2K1 b - - 3 23,f7f8 d1d8,991,pin
0CsSG,r7/8/5p1p/PK1k1p2/5P2/6P1/1R5P/8 w - - 3 39,a5a6 a8b8 b5a4 b8b2 a6a7 b2a2,991,rookEndgame skewer
0Lv8E,1r3k2/5p1P/4p3/5pQ1/2Pbp3/2q5/5PP1/5NK1 b - - 0 43,d4h8 g5g8 f8e7 g8b8,991,skewer
1BfIW,5rk1/5ppp/pq1r4/1p2R3/p7/Q6P/5PP1/2R3K1 b - - 1 29,d6f6 a3f8 g8f8 c1c8 b6d8 c8d8,991,attraction
03a1M,r5k1/ppp1Qppp/1q4b1/6r1/2P2R2/2P1P2P/PB3PP1/1R4K1 b - - 8 22,g6b1 e7f7 g8h8 f7f8 a8f8 f4f8,992,backRankMate
086sL,8/2K5/3R4/4k3/8/8/8/r7 w - - 22 81,c7d7 a1a7 d7c6 a7a6 c6b5 a6d6,992,deflection rookEndgame
0BAKu,4r1k1/5ppp/p3rn2/1p3q2/1P1B1P2/P5Q1/6PP/1R2R2K w - - 1 25,e1e6 f5b1 g3e1 b1e1 e6e1 e8e1,992,hangingPiece
0GvVQ,3r2k1/pp2Npp1/3P2np/4p3/1P6/1r4P1/6KP/3RR3 b - - 4 32,g6e7 d6e7 d8e8 d1d8 f7f6 d8e8,992,advancedPawn pin
0K9EX,2r5/pp2k3/4p1p1/2qpP2P/4pP1K/1P6/P2Q4/7R w - - 0 32,h5g6 c8h8 h4g3 h8h1,992,skewer
0T5eb,6k1/4nppp/p3p3/1pr1N3/6P1/4PR1P/B7/6K1 w - - 0 28,e5f7 c5c1 g1g2 c1c2 g2g3 c2a2,992,exposedKing
003Jb,6k1/3bqr1p/2rpp1pR/p7/Pp1QP3/1B3P2/1PP3P1/2KR4 w - - 6 22,d4a7 e7g5 c1b1 g5h6,993,fork
02dCg,8/1R4pk/r7/6PK/r7/7P/8/8 b - - 1 41,a6a7 g5g6 h7h8 b7b8,993,mateIn2 rookEndgame
0473A,4r1k1/pp2rppp/2p2p2/3q4/3P1n2/2P3NP/PPQ2PP1/R3R1K1 w - - 2 18,e1e7 d5g2,993,kingsideAttack
06iAT,5r1k/6bp/3p4/P2q4/1P6/4P1P1/6QP/2R2q1K w - - 0 35,c1f1 f8f1,993,pin
0CaCe,8/8/2p2p1p/1p2kPp1/1P2P1P1/3NK2P/8/5b2 b - - 1 32,f1d3 e3d3 e5f4 d3d4,993,defensiveMove
0EMw5,2r2rk1/pp3ppp/3p4/1q1P4/4R2b/2B2P2/PP4PP/R2Q2K1 b - - 8 19,b5c5 c3d4 h4f6 d4c5,993,defensiveMove
0M6L1,2r3k1/2P3pp/q7/1p1Qp3/1P6/1N5P/6P1/6K1 b - - 1 28,g8h8 d5d8 c8d8 c7d8q,993,advancedPawn promotion
0OvfC,8/p7/1p6/2p3Rp/r1k2Pp1/6P1/3r1PK1/5R2 b - - 2 41,d2d5 f1c1 c4b3 g5d5,993,deflection
0coVo,8/7p/8/6P1/3K4/1k6/8/8 b - - 2 57,b3b4 d4e5 b4c3 e5f6 c3d3 f6g7,993,pawnEndgame
2HMy3,b7/p4p1p/3kp3/2p1Rp2/2P2P2/1P4P1/P4K1P/8 w - - 2 30,f2e3 f7f6 e5c5 d6c5,993,trappedPiece
00d8a,r1b1k2r/1p3p2/p1pqp3/2b2Ppp/4P1n1/2NB3P/PPP3P1/R2QBR1K w kq - 1 15,d1f3 d6h2,994,mateIn1
05QQ0,r4q1k/p1p1Nppp/bp1p1n1n/3P4/2P4Q/8/P3RPPP/4R1K1 b - - 11 22,a8e8 e7g6 h7g6 e2e8 f8e8 e1e8,994,pin
07MTp,5rk1/ppp2p1p/6n1/3r1RQ1/8/4p2B/Pq4PP/4R1K1 w - - 0 23,f5d5 b2f2 g1h1 f2e1,994,backRankMate
0JAbe,5k2/8/4K1P1/n4P2/8/8/8/8 b - - 0 66,f8g7 f5f6 g7g6 f6f7 g6g7 e6e7 a5c6 e7e8 g7f6 f7f8q,994,advancedPawn promotion
0fh9Y,6k1/p1r1rQpp/p1pN4/3n4/3q4/7P/PP2RPP1/4R1K1 b - - 0 24,e7f7 e2e8 f7f8 e8f8 g8f8 e1e8,994,attraction
0stvx,5k2/p7/2p1KP2/2r1P3/5B2/2b5/P7/8 b - - 2 43,c5d5 f4h6 f8g8 f6f7 g8h7 f7f8q,994,exposedKing
0y0Tm,3r1r1k/6pp/p3Bb2/1p6/2pP4/4B3/PP3PPP/RN4K1 w - - 1 24,d4d5 f6b2 b1d2 b2a1,994,trappedPiece
2B99n,8/1p6/p1p5/2k3p1/P4P2/1BP2Kn1/1P4r1/7R b - - 0 47,g3h1 f3g2 g5f4 g2h1,994,trappedPiece
00oYS,4K3/4P1k1/8/8/8/8/2p1R3/2r5 w - - 10 59,e8d7 c1d1 d7e6 c2c1q,995,advancedPawn promotion rookEndgame
02bRz,4r1k1/3pqpp1/5r2/Q7/8/4BN2/PP3nPP/3R1K1R w - - 0 23,e3f2 e7e2 f1g1 e2d1,995,fork
0ABX8,3r2k1/p3bppp/1p1Pp3/1Q6/1P3P2/8/2q3PP/3RR1K1 b - - 0 24,d8d6 b5e8 e7f8 d1d6,995,pin
0QDKU,4rk2/pp4pp/3p1n2/8/8/5Q2/PPP4q/R4KR1 w - - 0 26,a1e1 e8e1 f1e1 h2g1,995,attraction
0WsWe,8/2k3r1/2pp1p2/1p5p/rPn1PN2/3R1P1P/P5P1/1K1R4 b - - 2 42,a4b4 d3b3 b4b3 a2b3,995,defensiveMove
0BZff,6R1/8/8/4rpk1/1R6/5r2/3K4/8 b - - 20 54,g5h6 b4h4,996,rookEndgame
0LU04,6r1/5k2/1q1p1npQ/3Pr3/8/7P/P5P1/R4R1K w - - 0 28,f1f6 f7f6 a1f1 e5f5,996,hangingPiece
0N1CH,8/5p1p/2p5/K1k2p2/P7/5P2/7P/8 b - - 0 37,c5c4 a5b6 c6c5 a4a5 c4d4 a5a6,996,pawnEndgame
0u23h,8/8/p7/1p2p3/4P1pp/P1P1K1k1/5R2/8 w - - 0 56,e3e2 h4h3 f2f5 h3h2 f5h5 g3g2,996,defensiveMove
02utb,8/3b2r1/k6p/p4p2/4pr2/P5R1/1R3P1N/7K b - - 3 39,g7g3 f2g3 f4f3 h2f3,997,trappedPiece
033V2,8/p3rn1p/Pkp3pP/1pp2p2/8/1PBK1P2/2PP1P2/R7 b - - 4 31,f7h6 c3a5 b6a6 a5d8 a6b7 d8e7,997,discoveredAttack
09bGw,1r4k1/1B2bppp/R3p3/8/3P4/4P2P/6P1/6K1 w - - 1 26,a6a1 b8b7 a1a8 e7f8,997,defensiveMove hangingPiece
09d1B,1r3r2/pb5k/1p5p/2pq1pp1/8/N1PPQ3/PP3PPP/R3R1K1 w - - 4 25,e3e7 f8f7 e7f7 d5f7,997,defensiveMove
0M7NV,r5k1/2p2p1p/4pp1P/8/1bbP2P1/2B2P2/rR1K2N1/1R6 b - - 4 28,a8a3 c3b4 a2b2 b1b2,997,hangingPiece
0a3s4,8/8/p5p1/1p2pkP1/3p3P/P7/1P2K3/8 b - - 1 44,f5e4 h4h5 g6h5 g5g6,997,pawnEndgame
1MXyE,5r1k/pp2n1pp/6p1/4b3/2BPP3/6r1/PP2K3/R6R b - - 4 27,e5d4 h1h7 h8h7 a1h1 g3h3 h1h3,997,attraction
05ykT,1k6/2pr1p2/6p1/p3P2p/P2PqP2/Q5P1/1PPR2P1/1K6 w - - 9 30,a3c5 e4e1 b1a2 e1d2 c5b5 b8c8,998,defensiveMove
0KGT2,6rk/R2R2p1/5P1p/8/p5P1/r5KP/8/8 w - - 1 42,g3h4 g7g5 h4h5 a3h3,998,deflection
0TbP5,8/7p/6p1/4p3/K3P3/1pk3P1/7P/5N2 w - - 0 46,a4a3 b3b2 a3a2 c3c2 f1e3 c2c1,998,defensiveMove
7Cd3U,8/8/5Q2/8/3PP1p1/1PP3kr/4p1q1/2K1R3 w - - 5 54,f6e5 g3f2 e1e2 f2e2,998,trappedPiece
00xmm,r6r/ppk3pp/2pN4/4P3/1b6/6PQ/PP3PKP/R1Bq4 b - - 2 24,b4d6 e5d6 d1d6 c1f4 d6f4 g3f4,999,pin
06skK,8/p2b3p/5k2/2P1R1p1/8/8/P5K1/8 w - - 3 33,e5d5 d7c6 g2f2 c6d5,999,pin
0C0hL,8/8/5Pkp/p7/6PK/1pB5/r1p4P/2R5 w - - 3 39,h2h3 b3b2 c3b2 a2b2,999,advancedPawn
0ExWO,6k1/5ppp/1pN3n1/1P1P4/2N2bQ1/1P4PP/5q2/7K b - - 6 38,f4g3 g4c8 g6f8 c6e7 g8h8 c8f8,999,deflection
0U3YG,8/5Pk1/6P1/p3p3/Ppp3K1/1P6/8/8 w - - 0 54,b3c4 b4b3 f7f8q g7f8 c4c5 b3b2,999,pawnEndgame
003o0,r1bqk2r/pp1nbppp/3p4/1B1p4/3P1B2/8/PPP2PPP/R2QK1NR w KQkq - 2 9,g1f3 d8a5 d1d2 a5b5,1001,fork
03FLH,8/8/5pK1/4kP1B/4b2P/4p1P1/1P6/8 w - - 1 48,h5g4 e4f5 g4f5 e3e2 h4h5 e2e1q,1001,advancedPawn promotion
0546P,8/2Rq1p1k/p3p1pp/1p2P3/1P3P1P/3r2PK/2Q5/8 b - - 3 40,d3d2 c7d7 d2c2 d7f7,1002,pin
0D68N,2rr2k1/1Q3pb1/p5pp/2p1P3/2q2P2/5K1P/1PP3P1/3R3R b - - 5 30,d8d1 b7c8 g8h7 h1d1,1002,hangingPiece
04HsY,2r5/p4pk1/1p2pqp1/3b4/6Q1/1Pr3N1/P4PPP/1R3RK1 b - - 6 26,c3c2 g3h5 g7f8 h5f6,1003,pin
09vZc,5Q2/2r2p2/7k/4q3/P7/2p3P1/5P2/5BK1 b - - 1 49,h6h7 f1d3 f7f5 d3f5 e5f5 f8f5,1003,exposedKing
0tkbV,r3kbnr/pp3ppp/4pq2/1bppN1BQ/3P4/2P5/PP3PPP/RN2K2R b KQkq - 3 9,g7g6 g5f6 g6h5 f6h8,1003,trappedPiece
0CTPK,8/8/k2p4/P2P1pp1/K7/6P1/7P/8 w - - 0 43,h2h3 f5f4 g3f4 g5f4 a4b4 f4f3 b4c3 f3f2,1005,pawnEndgame
003jv,1R6/1p2k2p/p2n2p1/4K3/8/6P1/P6P/8 w - - 10 37,b8h8 d6f7 e5e4 f7h8,1006,fork
020Xh,r1b1k2r/pppp1ppp/6n1/3Pp3/1bP1P3/2N1BPP1/PPQ1B1P1/R4KNq b kq - 1 11,d7d6 c2a4 c8d7 a4b4,1006,fork
09BED,6k1/5pp1/pq5p/4p3/P1r1B3/5Q2/5PPP/3R2K1 w - - 8 27,d1b1 b6b1 e4b1 c4c1 f3d1 c1d1,1006,backRankMate
01inb,3r3k/p1p3pp/1p6/3P1p2/6nq/P3P3/BPQ1b1PP/2R1R1K1 w - - 12 33,c2e2 h4h2 g1f1 h2h1,1007,kingsideAttack
02oX3,rn3rk1/p1q2pbp/1pp1pBp1/4P2N/8/7Q/PPP2PPP/3R1bK1 b - - 1 17,g7f6 h5f6 g8g7 h3h7,1007,kingsideAttack
03naU,4r1k1/pb5p/1p4p1/3pn3/2qB4/2P4P/PPB2RP1/5QK1 w - - 4 35,f1e1 e5f3 g2f3 e8e1,1007,discoveredAttack
00Sz9,1r4k1/p4ppp/4p3/p5n1/4P3/1P1N1PPq/QB3b1P/R5K1 w - - 0 30,d3f2 g5f3 g1h1 h3h2,1008,kingsideAttack mateIn2
02x7v,8/2Pb4/p7/PP6/5p1p/2k2K1P/6P1/8 b - - 0 50,a6b5 a5a6 d7c8 a6a7,1008,advancedPawn
03NmB,2r3rk/Qp1q3p/5n2/3pnp2/4pN2/PNP4P/1P3PP1/3R1RK1 w - - 5 24,a7d4 e5f3 g1h1 f3d4,1008,pin
03TYP,8/p3r1k1/2RP4/3KP3/r5P1/1p2PR2/6nP/8 b - - 2 42,e7b7 c6c7 b7c7 d6c7,1008,advancedPawn
07ZWX,6k1/pp4p1/2p5/5r2/4n2Q/8/PPq2PPP/4R1K1 w - - 0 24,h4e4 c2f2 g1h1 f2f1 e1f1 f5f1,1008,backRankMate
03lLX,r3k2r/pp3pp1/2ppq3/4p3/3bP3/P1NP1QP1/1PP3PN/2R2R1K w kq - 0 22,c3e2 h8h2 h1h2 e6h6 f3h5 h6h5,1009,attraction
01A3W,4r3/pp5p/5k2/2p1r3/3p4/PP1P4/3KR2P/5R2 b - - 1 31,f6e6 e2e5 e6e5 f1e1 e5d6 e1e8,1010,attraction exposedKing rookEndgame skewer
03R4G,8/5p2/8/4kP2/6P1/p1RK4/P7/6r1 w - - 5 45,c3a3 g1g3 d3e2 g3a3,1010,rookEndgame skewer
01IFU,r1b2rk1/pp3pp1/3b3p/3Bn3/P2N1q2/2P4P/1P3PP1/RN1Q1RK1 w - - 1 17,d4e2 e5f3 g2f3 f4h2,1011,kingsideAttack mateIn2
01UXl,r1bqkb1r/pp4pp/2n1pn2/2p2p2/Q1P5/3P2P1/PP1P1PBP/R1BNK1NR b KQkq - 0 9,d8d3 g2c6 b7c6 a4c6 d3d7 c6a8,1011,exposedKing fork
05c4u,2k4r/ppp2Qpp/4p3/8/1bP5/1PN3P1/P3KPq1/3R4 b - - 0 18,b4c3 f7d7 c8b8 d7d8 h8d8 d1d8,1011,backRankMate
03ZMh,5R2/8/8/6p1/5pk1/r7/5PKP/8 w - - 0 46,f8h8 f4f3 g2f1 a3a1,1012,rookEndgame
04e2n,5k1r/r4pp1/1qRbp3/p7/Q2P1P2/P2B2P1/3B3P/6K1 b - - 0 26,b6b2 c6c8 f8e7 c8h8,1012,skewer
0fQGn,r2q1rk1/pp3pbp/2npbNp1/2p1p3/4P3/2PP2Q1/PP2BPPP/RNB1K2R b KQ - 0 10,d8f6 c1g5 f6d8 g5d8,1012,trappedPiece
04x6j,2r3k1/5ppp/Q3b3/2p1P3/prP5/1P2q3/P4NPP/3R1RK1 b - - 3 25,a4b3 a6c8 e6c8 d1d8,1013,backRankMate
05Jvu,3qk1nr/1b1p1pp1/p2Pp3/1p1P3p/5B2/2rB1QP1/PP3P1P/R3R1K1 w k - 0 17,d5e6 b7f3 e6d7 e8d7,1013,hangingPiece
05EKx,r1b3k1/pp4pp/5q2/3pN3/2pP4/7P/PP3QP1/R3K3 b Q - 0 22,f6b6 f2f7 g8h8 f7e8,1014,backRankMate
00Aae,1R6/1P6/4pkp1/5p2/3P3p/3KP3/8/1r6 b - - 0 43,h4h3 b8f8 f6e7 b7b8q b1b8 f8b8,1015,advancedPawn promotion rookEndgame
00nZE,r1b1r1k1/pp1p1p1Q/2n2Bp1/2p1qp2/2B1P3/3P1R2/PPP3PP/R5K1 b - - 0 16,g8h7 f3h3 h7g8 h3h8,1015,mateIn2
0934U,8/3k4/3p2R1/pp1p4/3P3r/P1P3P1/1P4r1/2K1R3 w - - 0 31,e1e6 h4h1 e6e1 h1e1,1015,rookEndgame
01rgi,rn1qkbnr/pp2pppb/2p4p/7P/2P1N3/3B1N2/PP2QPP1/R1B1K2R b KQkq - 0 10,b8d7 e4d6,1016,mateIn1
05UYG,8/8/3R1k2/P3p1p1/2pp4/r4P2/5KP1/8 b - - 2 33,f6f5 g2g4 f5f4 d6f6,1016,rookEndgame
03R4H,3r2k1/5ppp/1Q1B1b2/1p6/2p5/8/1Pq2PPP/4R1K1 b - - 1 22,c2d2 b6d8 f6d8 e1e8,1017,backRankMate
01G6T,5rk1/1p1b3p/p2pN2q/2pP2p1/2P3nP/1P4P1/P5B1/4QR1K b - - 1 30,g5h4 f1f8 h6f8 e6f8,1018,kingsideAttack
03wAm,4r1k1/1Q4pp/p1p5/P2p4/3qB3/6P1/5R1P/6K1 b - - 0 40,d4e4 b7f7 g8h8 f7f8 e8f8 f2f8,1018,backRankMate
07VLw,8/5p2/p5p1/1p1p1bP1/2k2P2/R2p4/1K6/8 b - - 3 53,f5c8 a3c3 c4d4 c3c8 d3d2 b2c2,1019,skewer
01Nbh,2r3k1/P4pp1/4p2p/3p4/4n3/2q3P1/2P1QP1P/1R5K b - - 2 24,c8a8 b1b8 a8b8 a7b8q,1020,advancedPawn promotion
02lbA,r5k1/pp1q1ppp/2n2b2/3N4/8/8/PPP2PPP/R2QN1K1 b - - 0 15,f6b2 d5f6 g7f6 d1d7,1020,discoveredAttack
05mxQ,8/8/8/1p5p/2p2k1P/P1P5/1P2K3/8 w - - 0 55,e2f2 f4g4 f2e3 g4h4,1020,pawnEndgame
0CSKh,8/1pr5/1K1N1k2/p1P5/P7/8/8/8 b - - 7 50,c7c6 b6b7 c6c5 d6e4 f6e6 e4c5,1021,exposedKing
00QkV,5k1r/p3Rpbp/3N2p1/4nbB1/2P5/3rP3/q4PPP/3Q1RK1 b - - 2 16,f7f6 e7e8,1022,mateIn1
01XCL,4r2k/4P1p1/1p1p1n1p/p3pQ2/P3B3/7P/1P3PPK/2r5 b - - 1 29,f6e4 f5f8 e8f8 e7f8q,1022,advancedPawn promotion
00WAp,r5k1/4p2p/p5p1/1p1b2Q1/2p5/P4qN1/1P3P2/R2R2Kr w - - 2 28,g3h1 f3h1,1023,mateIn1
03JOC,r2r3k/p1p2ppp/3b2q1/2pQ4/2P1p3/1P2P2P/PB3PP1/R2R2K1 w - - 4 21,d5c6 d6h2 g1h2 g6c6,1023,discoveredAttack
05UHr,5rbk/p5b1/1p3NQp/4p3/2PnP3/3P4/PP4PP/5RK1 w - - 1 26,f6g8 d4e2 g1h1 f8f1,1023,backRankMate
0971v,5k2/1p6/2p4p/4P3/1P4p1/3Q2Pb/4R3/r5K1 w - - 2 36,g1f2 a1f1 f2e3 f1f3 e3d4 f3d3 d4d3 h3f1 d3e3 f1e2,1023,skewer
08i9G,8/4k3/4p3/3nP3/2N2P1K/1p6/8/8 w - - 0 55,h4g4 d5e3 c4e3 b3b2 e3c4 b2b1q,1024,promotion
00LNB,kr6/1pR4p/p4R2/n2r4/P3p3/4B3/6PP/6K1 b - - 0 38,d5d3 f6a6 b7a6 c7a7,1025,mateIn2
030ui,2kr1b1r/pp1q1ppp/2pB1n2/3p4/6P1/2NB3P/PPPQ1P2/2KRR3 b - - 0 15,f8d6 d3f5 d7f5 g4f5,1025,pin
06YlU,4r1k1/1p6/p1p2Rp1/3p4/PP1P2pP/4r1P1/6K1/5R2 b - - 1 37,e8e6 f6f8 g8h7 f1f7 h7h6 f8h8,1025,exposedKing rookEndgame
0A7BG,8/2Pk1p1p/3Bp3/1pK3P1/1P6/8/3r1P2/8 b - - 6 37,d2d6 c7c8q d7c8 c5d6,1026,promotion
0BVKK,1R4k1/3bpp1p/3p2pb/q2P4/3Q4/r4NP1/5NPP/6K1 b - - 3 31,h6f8 b8f8 g8f8 d4h8,1026,attraction
0IfsA,8/7p/6pk/8/2b1p2B/4P1PP/5P2/6K1 w - - 0 39,g1g2 g6g5 g3g4 g5h4,1029,trappedPiece
03rC2,6r1/pk5r/3p4/5p2/1R2p2p/4P1P1/PP3PK1/7R b - - 1 33,b7c7 h1c1 c7d7 b4b7 d7e6 b7h7,1030,rookEndgame skewer
0i6i4,b5k1/5pp1/1bP1p2p/1PNpP3/5P2/7P/6PK/8 b - - 2 43,g8f8 c5d7 f8e8 d7b6 a8c6 b5c6,1031,trappedPiece
045qD,r5k1/6pp/2p1p3/1p1pP1q1/4b3/1BP1P1P1/2P2Q1P/5RK1 b - - 2 25,g5e5 f2f7 g8h8 f7f8 a8f8 f1f8,1032,backRankMate
04EKu,8/1p3k2/p2p1np1/3P4/1P2BP2/4K3/P7/8 w - - 4 38,e3f3 f6e4 f3e4 f7f6,1032,defensiveMove
0C0Ll,8/8/5pp1/k3p2p/2K4P/6P1/5P2/8 b - - 1 45,a5b6 c4d5 b6c7 d5e6,1032,pawnEndgame
02Fi0,r2q1rk1/pp1bbpp1/3p1n1p/2p5/2B1P2B/2NQ4/PPP2PPP/R4RK1 w - - 2 12,c3d5 f6d5 c4d5 e7h4,1033,discoveredAttack
049Js,1r5k/5pb1/nrbRp1pp/1Np1P3/p1P1NB1P/P7/1P3PP1/2K1R3 w - - 6 29,e1d1 c6e4 d6b6 b8b6,1033,hangingPiece
07Wgq,r1bq1rk1/p1p1bppp/1p3n2/3p2B1/3QPP2/2N5/PPP1B1PP/R4RK1 w - - 0 11,e4e5 e7c5 d4c5 b6c5,1033,pin
09cDW,5rk1/RP4pp/1q2b3/3pP3/3Pp3/2p5/4B1PP/Q5K1 w - - 0 25,e2d1 b6d4 g1h1 f8f1,1033,backRankMate
024TD,7q/1r2pQ2/2p5/p1B1P1pB/3P1k2/2p1b3/P1P3P1/7K b - - 1 37,f4e4 f7f3,1035,mateIn1
02myt,8/5r2/5P2/1p1pBk2/p1pP4/P1P2K2/1P6/8 b - - 4 46,f7f6 e5f6 f5f6 f3f4,1036,defensiveMove
04pb0,5rk1/R7/6p1/3P3p/4N2P/2P1KP2/p5r1/8 b - - 0 39,f8b8 e4f6 g8f8 f6d7 f8e7 d7b8,1036,discoveredAttack exposedKing
01zIg,5k2/2p3p1/p1p4p/4N1b1/8/2P1p3/PP2K2P/8 b - - 1 35,g5f4 e5g6 f8e8 g6f4,1037,fork
00rzv,2k3rr/1pp1n3/p2qp1Bp/3p3Q/8/2N1P2P/PPPP2Rb/R1B2K2 w - - 0 24,g6f7 g8g2 f1g2 d6g3,1038,attraction
00BJm,r2q1rk1/1Q2bppp/p1N1p3/1p6/2pP1n2/2P5/PP3PPP/R4RK1 b - - 1 18,d8d5 c6e7 g8h8 e7d5,1039,fork hangingPiece
02sY0,5rk1/pp4pp/3qp3/6N1/3r4/1P3BP1/P5KP/R3Q3 w - - 2 22,e1e6 d6e6 g5e6 d4d2 g2h3 f8f3,1039,deflection
05StH,2r3k1/p5pp/8/2bq1p2/1r2pB2/1P1p2P1/P1Q2PBP/2RR2K1 w - - 0 31,c2c3 c5f2 g1h1 c8c3,1039,discoveredAttack
00mnZ,8/p5k1/1pp2pp1/4Pp1p/5P1P/2P3P1/PP4K1/8 b - - 0 35,f6e5 f4e5 g7f7 g2f3 f7e6 f3f4,1040,pawnEndgame
0Etdg,8/8/3p4/P2k3p/6p1/1P6/5KP1/8 w - - 0 51,a5a6 d5c6 a6a7 c6b7 a7a8q b7a8,1040,pawnEndgame
02SpU,6k1/ppKP3R/8/1P5p/P4P2/2p5/7P/3r4 w - - 1 50,h7e7 c3c2 c7b7 c2c1q,1042,advancedPawn promotion rookEndgame
05oox,6k1/5pp1/1BQ4p/P2p2q1/8/3b1P2/6PP/6K1 w - - 1 34,b6c7 g5e3 g1h1 e3e1,1042,backRankMate
05x7b,r1b1r2k/pp3Q2/3p1n1b/2p1N3/1q2P3/8/PPP2PPP/1R3K1R w - - 0 20,f7f6 h6g7 f6h4 h8g8,1042,defensiveMove
065IN,4rk2/pp3pp1/1qn3Bp/3p4/3N4/1NP2PnP/PP4P1/3QR1K1 b - - 0 25,f7g6 e1e8 f8e8 d1e1,1042,attraction
0hkjt,2kr1qnQ/pppb1p2/2npp2p/8/3P4/2PBP3/PP1N1PPP/R3K2R w KQ - 1 14,h8h7 g8f6 h7e4 f6e4,1042,trappedPiece
02Cy0,r2q3r/1p3Qpk/2p2n1p/p2n1N1P/3P1P2/2P5/PP1B2P1/2K1R3 b - - 4 25,d8g8 f7g6,1043,mateIn1
01RPd,1R6/4P1k1/6p1/6P1/2p1b3/2Pn2pP/r7/6K1 w - - 0 38,e7e8q a2a1 b8b1 a1b1,1045,mateIn2
0104L,6k1/pQ3pp1/7p/8/3P4/6Pb/PPr2r1P/2R3K1 w - - 0 25,c1c2 f2f1,1046,mateIn1
06fev,7k/ppp3p1/5pQp/8/8/1P6/PB1q1PPP/4rRK1 w - - 4 27,b2f6 e1f1 g1f1 d2d1,1046,attraction
02Wbe,8/8/2k5/PR2K1p1/8/5P2/r7/8 w - - 5 57,b5d5 a2e2 e5d4 e2d2 d4e3 d2d5,1047,deflection rookEndgame
043dJ,1k3r2/pp5p/2B1pN2/8/3n2P1/7Q/PPPR3P/2K1q3 w - - 1 27,d2d1 d4e2 c1b1 e1d1,1047,deflection
00Yy4,r7/pp4kp/6p1/2P2q1n/1PBb1p2/P4P2/3B2PP/2Q1R1K1 w - - 1 28,g1h1 h5g3 h2g3 f5h5,1049,kingsideAttack mateIn2
01f6o,r3kb1r/pp1qp1p1/2npNp2/7p/4Q3/6P1/PPP1PPKP/R1B2R2 b kq - 3 13,h5h4 e4g6,1050,mateIn1
06cRU,6k1/6p1/2p1Rp1p/q1Pp1Q2/3P4/2r3PP/5P2/6K1 b - - 1 33,a5a1 g1g2 c3c1 e6e8,1051,defensiveMove
00Pc8,rnb2r2/pp4k1/2p3pp/4Np2/2BP4/8/PP4PP/2KRR3 b - - 0 18,b8d7 e5d7 c8d7 e1e7 g7f6 e7d7,1053,fork
01wxe,8/8/4k1p1/1p1p3p/pP3P1P/P1P3K1/8/8 w - - 3 52,g3f3 e6f5 f3e3 f5g4,1053,pawnEndgame
02zar,r1bk1r2/pppp2pp/8/2PNnq2/5Q2/8/PPP3PP/R1B1R1K1 w - - 1 17,f4e5 f5f2 g1h1 f2f1 e1f1 f8f1,1053,backRankMate
008Y3,r5k1/1p1rqpp1/p3pnp1/2PN4/8/1Q5P/PP3PP1/3RR1K1 b - - 0 24,e7c5 d5f6 g7f6 d1d7,1054,discoveredAttack kingsideAttack
073l1,6k1/5ppp/2b1p2q/4P3/1P1P4/4r3/B4RPP/2Q3K1 w - - 3 26,c1c6 e3e1 f2f1 h6e3 g1h1 e1f1,1055,backRankMate
0EUMb,5r1k/6p1/p6p/4P3/2P5/P3ppqP/4Q1P1/3R1KR1 w - - 0 39,g2f3 f8f3 e2f3 g3f3 f1e1 f3f2,1056,exposedKing
003jH,rn3rk1/p5pp/3N4/4np1q/5Q2/1P3K2/PB1P2P1/2R4R w - - 0 25,f3f2 e5d3 f2e3 d3f4 h1h5 f4h5,1057,fork
00ZSZ,3r4/6pp/pNnNpk2/1p6/3pR3/8/PPP2PPK/8 w - - 4 32,e4f4 f6e5 d6f7 e5f4 f7d8 c6d8,1057,defensiveMove
01pVN,5r2/3b4/2p3k1/2p3r1/4p2p/PPP5/4RPNK/4R3 b - - 2 41,f8f3 g2h4 g6f6 h4f3,1057,fork
02ffy,5rk1/1p3rpp/p5p1/2pBq3/2Pb4/1Q4P1/PP3PP1/R4RK1 w - - 10 26,a1e1 d4f2 f1f2 e5e1 g1h2 e1f2,1057,attraction deflection
04wxn,5rk1/1p1R1Qpp/2p5/p3p1B1/4P2P/6qB/1PP5/4b2K b - - 0 27,f8f7 d7d8 f7f8 h3e6 g8h8 d8f8,1057,backRankMate deflection
06fqR,6rk/pp4pp/5Q2/1P6/8/4PPPK/PB3q2/2R5 b - - 1 30,g7f6 b2f6 g8g7 c1c8,1057,pin
00Evs,5qk1/pQ3pp1/7p/b2N1b2/P3r3/5K2/7P/R4B2 b - - 1 24,g7g5 d5f6 g8h8 f6e4,1058,fork
01kih,3r2k1/pp3pp1/1n4p1/2p5/6P1/1B3PKP/PP6/4R3 b - - 5 28,d8d2 e1e8 g8h7 b3f7,1058,deflection
04F28,7R/5p2/4b2p/4P3/4K1Pk/7P/7b/8 b - - 6 48,h4h3 h8h6 h3g4 h6h2,1058,deflection
01Bmi,rn1qk2r/ppp2ppp/5b2/3P4/4P3/5b1P/PPP1QPP1/RN2KB1R w KQkq - 0 10,e2f3 f6b2 f3b3 b2a1,1060,trappedPiece
01q3y,rnb2r2/ppp2B1k/3p3p/2b4Q/4P3/3P4/PP1NKPPP/q7 b - - 0 14,a1b2 h5g6 h7h8 g6h6,1060,deflection
089m0,7K/8/8/p7/1p6/4k3/PPP5/8 w - - 1 58,c2c3 b4c3 b2c3 e3d3 c3c4 d3c4,1060,pawnEndgame
0AJmn,8/p1P5/8/8/8/6p1/P4k2/7K w - - 0 39,c7c8q g3g2 h1h2 g2g1q h2h3 g1g3,1060,exposedKing
0Ayz6,r1r3kB/5p2/4p1pP/3p4/p7/6Q1/5PP1/6K1 b - - 0 32,g8h8 g3e5 f7f6 e5f6 h8h7 f6g7,1060,exposedKing
02SDA,r2q1r1k/1bpnpp2/pp1p1n2/4P1QP/3P4/2NB4/PPP2PP1/R3K2R b KQ - 0 15,f8g8 g5h6 f6h7 h6h7,1061,kingsideAttack
00d1o,r2qk1nr/pbpp1pbp/1p2p1p1/3Pn3/2P1P3/3B1N2/PP3PPP/RNBQ1RK1 w kq - 0 8,c1g5 e5f3 d1f3 d8g5,1062,kingsideAttack
04o8O,8/1P3N1p/6p1/2P5/8/4k3/3p1r2/6K1 w - - 2 62,b7b8q d2d1q,1062,advancedPawn promotion
01xk5,r3k2r/pp1n1pp1/4p3/3pPnPp/2pP1Q1P/2B2N2/qPPK1P2/3R3R b kq - 5 19,g7g6 d1a1 a2a1 h1a1,1063,trappedPiece
0660Y,3r3k/3P2pp/4Q1p1/1pp5/3p1q2/pP1P3P/P1P3B1/6K1 b - - 0 30,f4c7 e6e8 d8e8 d7e8q,1063,promotion
07lMV,2R5/5kpp/2K5/8/1P6/p1p4P/8/8 w - - 0 40,c6b5 a3a2 c8c3 a2a1q,1063,promotion rookEndgame
00eNa,rnb1k2r/p1p2ppp/1p3n2/2b1N1B1/3qP3/3P4/PPP3PP/RN1QKB1R w KQkq - 1 8,e5f3 d4f2,1064,mateIn1
03XGl,r2q1rk1/1bpn2b1/pp4Q1/5p2/2BPp3/P6P/1PP2PPN/R4RK1 b - - 4 18,g8h8 g6h5 g7h6 h5h6,1064,kingsideAttack
00s7Y,5rk1/5Rpp/1q1p4/2pB4/6Q1/2b4P/Pr4P1/6K1 b - - 0 29,f8f7 g4c8 b6d8 c8d8,1065,mateIn2 pin
033FN,rn2kb1r/p4ppp/1qp2n2/1p2p2b/1PBpP3/2PP1P2/PB2N1PP/RN1Q1RK1 w kq - 1 11,c4b3 d4c3 g1h1 c3b2,1065,advancedPawn discoveredAttack
00vl5,5r2/p1k2qpp/2n5/2N1p3/2b5/2P1B3/PP1Q2PP/4R1K1 w - - 5 24,b2b3 f7f1 e1f1 f8f1,1066,mateIn2
01BRf,8/p7/1p3Nnp/1B4p1/1P4P1/P3p1bP/2k1K3/8 b - - 1 42,g3f4 b5d3 c2b3 d3g6,1066,fork
02RYC,r4rk1/1p3pp1/p3bn1p/2q1p3/3nP3/P1BB2QP/1PP3PN/R4RK1 w - - 2 19,f1f6 d4e2 g1f1 e2g3,1066,kingsideAttack
0CpEx,8/8/2b5/2PpBk2/3P4/4p2r/4B1K1/8 b - - 1 61,h3h7 e2d3 f5g4 d3h7,1066,skewer
07ZNT,r4rk1/2p1nppN/p7/1p2p3/2pqP1Q1/1BN4R/PP3PPP/6K1 b - - 0 17,c4b3 h7f6,1067,pin
00SfT,r4rk1/pb2ppb1/1q6/6PQ/8/2NP1N2/PPnK1PP1/R6R b - - 1 16,c2a1 h5h7,1068,mateIn1
03Nhj,6k1/1p3pp1/p6p/4Q3/1P2P3/2P1Kr2/7q/3RR3 w - - 0 29,e3f3 h2e5 d1d8 g8h7,1068,hangingPiece
0DptD,8/5p2/1pk1p1p1/6P1/2KPPP1p/7P/8/8 w - - 0 38,d4d5 e6d5 e4d5 c6d6 c4b5 d6d5,1068,pawnEndgame
0FAp3,3r1r1k/5p1P/p5p1/1pp1P1Q1/3pR3/P2q1PKP/1P6/8 b - - 2 35,d3f1 g5f6 h8h7 e4h4 h7g8 h4h8,1068,exposedKing
00pDE,r3k2r/pp3p2/1qN1p2p/3p4/P7/8/1PP2bPP/R2QKB1R w KQkq - 0 17,e1d2 b6e3,1069,mateIn1
04bSF,8/8/4kp2/2pPp1p1/1p4P1/1P1PK3/r1P1RP2/8 b - - 0 40,e6d5 c2c4 b4c3 e2a2,1069,discoveredAttack rookEndgame
04cQs,2k4r/ppqb1Q2/1np5/8/2P2P1p/1B2N2P/PP4r1/R4RK1 w - - 0 22,g1g2 d7h3 g2h3 c7f7,1069,discoveredAttack
06cNn,r1b3k1/ppp1q1pp/7r/2b1Np2/5P2/2NP4/PPP1Q1PP/R4RK1 w - - 1 18,g1h1 h6h2 h1h2 e7h4,1069,attraction
0CAjn,r6k/6p1/p4r1p/Pp4NQ/1q6/8/6PP/R4R1K w - - 0 38,f1f5 f6f5 g5f7 f5f7,1069,hangingPiece
0ae5r,8/8/8/8/2k2p1p/p2p1P1P/N2K4/8 w - - 1 51,d2c1 c4b3 c1d2 b3a2,1069,trappedPiece
00yPS,5k2/p3pp2/7p/2Qp1P2/6B1/6q1/2K5/8 b - - 2 43,g3g4 c5c8 f8g7 f5f6 g7f6 c8g4,1070,discoveredAttack
00UHZ,3n2k1/6p1/pp3p1p/8/2r1NR1P/6P1/1PP5/1K6 b - - 1 32,d8e6 e4f6 g7f6 f4c4,1071,discoveredAttack
01Vnj,6r1/5p1k/p3pBP1/2Pp2Q1/q1pP3P/P4P2/5K2/8 b - - 0 33,g8g6 g5h5 g6h6 h5f7,1071,mateIn2
03X4N,r6r/1b2kp2/1p2p3/1N1pn2p/6pP/2PBN1P1/1R3PK1/3R4 w - - 5 32,d3e2 d5d4 g2f1 d4e3,1071,discoveredAttack
0815n,4r1k1/pp3p2/5PpR/3p1q2/3P4/6P1/P2Q2KP/8 b - - 2 35,e8c8 h6h8 g8h8 d2h6 h8g8 h6g7,1071,attraction
045Dp,1k1q3r/pp6/2p2p2/8/2P2p2/1P2b3/P1Q1R1PP/5R1K w - - 3 28,f1d1 h8h2 h1h2 d8h8 c2h7 h8h7,1072,attraction
05zc8,3R4/p7/3b4/5kp1/P2P4/1P4PK/1r5P/8 w - - 0 42,d8d6 g5g4 h3h4 b2h2,1072,rookEndgame
01LPz,8/p6k/2pr2p1/4Np1p/4n2P/2n1P1P1/P4PB1/2R3K1 w - - 4 37,g2e4 c3e2 g1g2 e2c1,1073,fork
095ue,r7/7k/6qp/p2Q4/N7/P7/1B2n1PP/7K w - - 5 37,d5a8 g6b1 b2c1 b1c1,1073,backRankMate
01L59,rnb2rk1/pp1p1ppp/4p3/4P3/3b1Pnq/2N5/PPPNB1PP/R1BQ1R1K w - - 2 12,g2g3 h4h2,1074,kingsideAttack mateIn1
04Wm4,8/7p/4k3/4N1p1/P5P1/1pb5/1P2K3/8 w - - 0 51,b2c3 b3b2 e5f3 b2b1q,1074,advancedPawn promotion
05Kjq,6k1/R1p2ppp/3b1n2/4pN2/7P/6P1/P1r2PK1/8 b - - 0 28,f6e4 a7a8 d6f8 f5e7 g8h8 a8f8,1074,backRankMate pin
02X70,5rk1/5ppp/rn6/2Q3P1/1p5P/qP6/P3R3/1K1R4 b - - 2 27,a3a5 c5f8 g8f8 d1d8,1075,attraction
00YJz,8/ppp3p1/2nb1kB1/3r3R/4Q3/4PPq1/PP3K2/R1B5 w - - 3 24,f2f1 d5d1 f1e2 g3e1,1076,mateIn2
0E2zY,8/p4p1p/3k1p2/PPp1p3/4PP2/4K2P/6P1/8 w - - 0 31,f4f5 c5c4 e3d2 d6c5,1076,pawnEndgame
00M92,3q1r1k/p3r1pp/1p1b1p2/2p1n3/3pR2N/1QPP2P1/PP1B1P1P/R5K1 b - - 3 21,e5d3 h4g6 h7g6 e4h4,1077,kingsideAttack mateIn2
0YQc3,1r1r2k1/p4pbp/6p1/8/5Nn1/2P1P1P1/P4P1P/R1B1K2R w KQ - 0 17,e1g1 g7c3 c1a3 c3a1,1077,trappedPiece
0rB6N,r5k1/2pq1pbp/3p2p1/rNpPp3/2P1P3/1Q5P/RnB2PP1/R6K b - - 3 25,a5a2 a1a2 a8a2 b3a2 b2c4 a2c4,1077,trappedPiece
03sFl,r1b2rk1/1p3ppp/p3p3/3p4/3Q4/3B4/PPq2PPP/1R3RK1 b - - 1 16,c2d2 d3h7 g8h7 d4d2,1078,discoveredAttack
07Zoi,7k/7p/1p6/1P6/P4p2/4pP1P/3rR3/5K2 b - - 2 41,h7h5 e2d2 e3d2 f1e2 d2d1q e2d1,1079,rookEndgame
02iWd,3r1rk1/pp3ppp/2p1qn2/4p3/1P6/2N1P1Q1/P4RPP/5RK1 b - - 1 23,d8d6 f2f6 e6f6 f1f6,1080,pin
01fG3,1k2Q3/1qp5/1p3p1p/4p3/8/2P1n3/PP1R2rP/7K b - - 3 31,b7c8 d2d8 c8d8 e8d8,1081,pin
01pl8,3r4/pR1N2p1/2p2p1k/4p2p/2B1Pn1N/1P6/P1P2PPP/3R2K1 w - - 4 31,d7f6 d8d1 c4f1 f4e2 g1h1 d1f1,1081,backRankMate deflection hangingPiece pin
05hMr,4r1k1/p2b2p1/1p1Np1Qp/3p4/3Pp3/P1P4P/3q2PK/5R2 b - - 0 38,e8f8 f1f8 g8f8 g6f7,1081,attraction
06DeN,6k1/R4pp1/3pq2p/6r1/1P6/P3PQ1r/3R1PP1/6K1 w - - 0 32,f3h3 e6h3 a7a8 g8h7,1081,pin
0ARVL,2r5/5k2/5p2/p3pN2/PpP1P1p1/1P1K4/8/8 b - - 2 36,f7g6 f5e7 g6g5 e7c8 g4g3 d3e2,1082,defensiveMove
0Ha68,r3r1k1/1p4pp/p7/8/6p1/P3p3/1PP2NPP/1K3B1R w - - 0 24,f2g4 e3e2 f1e2 e8e2,1082,trappedPiece
0nOAY,rnb1r1k1/pp3ppp/2pb4/3p4/3P2Pq/2N1B2P/PPPQNPR1/2K4R b - - 2 15,b8d7 e3g5 h4g5 d2g5,1082,trappedPiece
01Z8E,8/8/5p2/4bPpP/3pp1B1/2knQ2K/P7/8 w - - 0 49,e3g1 d3f4 h3g3 f4e2 g3g2 e2g1,1083,exposedKing
02zyG,r4rk1/ppp3pp/1bnq1p2/1B2p3/2P5/1QP1nN2/PP3PPP/R4RK1 b - - 0 14,e3f1 c4c5 g8h8 c5d6,1083,discoveredAttack
01zLs,7r/1p6/2p3R1/2PpR3/5b1k/6P1/p4P1K/8 b - - 0 39,f4g3 f2g3,1084,mateIn1
0AJEy,2k4r/ppp2Q2/2b5/4qp2/8/2N1pP1P/PP4P1/3R3K b - - 0 25,c6f3 f7d7 c8b8 d7d8 h8d8 d1d8,1084,backRankMate
0BVjV,8/8/8/1K4p1/1P2Pk2/8/1PP5/8 w - - 1 46,b5c5 g5g4 c5c6 g4g3 b4b5 g3g2 b5b6 g2g1q,1084,pawnEndgame
0DWzD,8/Q4Pp1/1p2K1kp/2p5/8/5r1P/8/8 w - - 3 52,e6e7 f3f7 e7d6 f7a7,1084,skewer
0De5R,2k5/1pp4R/p1pr2p1/5bB1/3PnK2/P7/2P4P/6R1 b - - 4 26,d6d4 h7h8 c8d7 h8d8 d7e6 d8d4,1084,skewer
0hIjR,rn4k1/pp3ppp/5b2/3r4/4p1B1/4P3/PP3PPP/RN3RK1 w - - 0 16,f1d1 d5d1 g4d1 f6b2 b1d2 b2a1,1084,trappedPiece
009uB,3br2r/5k1p/4p1pQ/P5P1/1B5P/P6q/5R2/6K1 b - - 1 35,f7g8 f2f8 e8f8 h6f8,1085,mateIn2
00sCv,8/8/1p5p/p1k5/P3K3/1P5P/8/8 w - - 1 49,e4f5 c5b4 f5g6 b4b3 g6h6 b3a4,1086,pawnEndgame
03GbL,r4rk1/1p3ppp/p1q2n2/P1bp4/3P2b1/1B1P4/1P2NPPP/R1BQ1RK1 b - - 0 15,c5d4 e2d4 g4d1 d4c6,1086,hangingPiece
06HYD,3Q4/1r2rpkp/q2P2p1/p1p5/Pp6/5B2/6PP/6RK b - - 0 36,b7d7 d6e7 d7d8 e7d8q,1086,promotion
01KyF,5rk1/6bp/1p2p1p1/1Pp5/2P4q/4NQ1P/5PP1/1R4K1 w - - 0 32,f3c6 h4f2 g1h1 f2e3,1087,fork
099xQ,r5k1/1p3ppp/4p3/3nPP2/r5PP/PqP5/1P1Q4/K2RR3 b - - 0 28,d5c3 d2d8 a8d8 d1d8,1087,backRankMate
01ktp,8/5p2/Q4k1p/1p5q/3pp3/2r5/6R1/6K1 b - - 1 41,f6e5 a6b5 e5d6 b5h5,1088,skewer
03Vfo,r2r2k1/pp2bppp/2N1p3/3q4/3P4/P3B2P/1P2bPP1/R2Q1RK1 b - - 0 15,e2d1 c6e7 g8h8 e7d5,1088,hangingPiece
09uNs,8/pp3kp1/2p5/2P5/PP1PP3/3K2R1/8/r7 w - - 1 43,a4a5 a1a3 d3c4 a3g3,1088,skewer
0A0Ss,1R6/7k/6p1/5p1p/P1K2R2/8/8/3r4 w - - 1 53,c4b3 d1b1 b3c4 b1b8,1088,skewer
00DBg,rn2kbnr/pp6/2p2p2/4P3/4P1pq/2N3N1/PPPB2B1/R2Q1RK1 w kq - 1 17,g1f2 f8c5 d2e3 c5e3 f2e3 h4g3,1089,attraction exposedKing
00lio,r3k3/1p4R1/3pQ3/pP2p3/4q3/4Pr2/8/7K b - - 4 38,e8f8 e6g8,1089,mateIn1
03pES,r1b2qk1/p4Bpp/1pp2p2/8/3P1b2/1QP2N1P/PP3PP1/4R1K1 b - - 0 18,f8f7 e1e8,1089,pin
043Nu,2r1k2r/5q2/1ppQ2n1/4p3/4P1p1/2P2pP1/PP1N3P/R4R1K b k - 0 26,h8h2 h1h2 c8d8 d6c6,1089,hangingPiece
012ee,rb4k1/2q3pp/P3pp2/3pN3/1Q1P4/4P3/2P2PPP/R5K1 w - - 2 26,e5d3 c7h2 g1f1 h2h1 f1e2 h1a1,1090,kingsideAttack skewer
02MB7,r1b2rk1/pppp1ppp/2n2q1n/2b1P1N1/2Bp4/3Q4/PPP2PPP/RNB2RK1 b - - 0 8,c6e5 d3h7,1090,kingsideAttack
02a9L,7k/1p1rp1bp/pB4p1/4rp2/P7/2P1Q2P/1P3PP1/4R1K1 w - - 0 34,e3f4 e5e1 g1h2 g7e5 f4e5 e1e5,1090,hangingPiece kingsideAttack pin
0EZmh,3r1b1r/6p1/1k1q4/3p3p/4P1n1/3P1Q2/1P3PPP/RNR3K1 w - - 1 20,h2h3 d6h2 g1f1 h2h1 f1e2 h1c1,1090,skewer
00jPw,r3r1k1/ppp2p2/1b5Q/3PP2n/2B3bq/2N5/PP4PP/R4R1K w - - 1 18,f1f7 h5g3,1091,mateIn1 pin
01Y2F,r3kb1r/pp1q1ppp/4p3/4Pn2/3pN3/2P4P/PP3RP1/R1BQ2K1 w kq - 0 15,f2f5 e6f5 e4d6 f8d6,1091,hangingPiece
02yoc,4k3/7R/1pp3r1/8/P3r2p/1B3K2/1PP5/8 b - - 2 50,e4b4 b3f7 e8e7 f7g6,1091,discoveredAttack
06X5t,5rk1/p4q1p/1p4p1/4Q3/8/P1P1P3/1P4PP/R5K1 w - - 1 23,e5e4 f7f2 g1h1 f2f1 a1f1 f8f1,1091,backRankMate
00tsE,2rq1k2/5ppp/p7/1p6/5Q2/2P5/P1P2PPP/4RK2 b - - 7 22,c8c3 f4b4 f8g8 b4c3,1092,fork
09Lzt,8/8/1p5p/1K4p1/8/2P3kP/P7/8 w - - 2 45,b5b6 g3h3 b6b5 g5g4 c3c4 g4g3 c4c5 g3g2,1092,pawnEndgame
01oZW,2kr3r/ppp1n2p/2nb1p2/3pN1pq/3P4/2P5/PPQN1P2/R1B1RBK1 w - - 0 15,e5c6 h5h2,1093,mateIn1
0Aqq3,6k1/6p1/p1pK4/P6P/1n6/8/2p5/2N5 b - - 3 55,c6c5 d6c5 g8h7 c5b4,1093,trappedPiece
02hRj,8/R2P4/p4p2/3rk1p1/8/8/6P1/5K2 b - - 2 42,a6a5 a7a5 d5a5 d7d8q,1094,advancedPawn deflection pin promotion rookEndgame
07rGU,3Q4/8/7k/4K3/6P1/6q1/8/8 w - - 9 61,e5d5 g3d3 d5c6 d3d8,1094,skewer
01Qv4,r4bnr/ppq1kQp1/2p1Pn1p/3p4/3P3P/8/PPP5/RNB1K1NR b KQ - 4 14,e7d6 c1f4,1095,mateIn1
00bTs,2r4k/6bP/8/3p4/pp1qn3/3N1Q2/PPP3R1/1K5R w - - 5 35,g2g7 e4d2 b1a1 d2f3,1096,fork
00z3O,r2qr1k1/pp3pp1/2p2n1p/3bR3/3P4/3Q1N1P/PPB2PP1/4R1K1 b - - 11 23,d5f3 e5e8 d8e8 e1e8,1096,kingsideAttack
03U7I,5r1k/r2n1p1p/p2pb1p1/1p6/3qP1N1/P2B1Q2/1P4PP/R4R1K b - - 5 21,d7e5 f3f6 h8g8 g4h6,1096,kingsideAttack
09KlA,6rk/6p1/5nQ1/2p1q2p/1p6/1P4RP/P7/2K3R1 w - - 0 37,g6h6 g7h6 g3g8 f6g8,1096,hangingPiece
00sd6,r2brk1Q/pp3pp1/1q1pb1n1/1Bp1p1P1/4P3/P1PPBN2/5P2/1R2K2R b K - 10 26,g6h8 h1h8 f8e7 h8e8,1097,mateIn2
03UTN,r1r3k1/p3pp1p/2q3p1/3RNn2/5P2/5Q2/5P1P/4R1K1 b - - 12 32,c6b7 d5d8 c8d8 f3b7,1097,discoveredAttack
02q6M,8/5pk1/1R4p1/8/5KPP/8/1P6/5r2 w - - 1 39,f4g5 f7f6 b6f6 f1f6,1098,rookEndgame
0192c,2r3k1/1Q3ppp/2pB4/2Pp1b1n/3p3K/P4P2/4q1PP/R3R3 b - - 3 24,e2g2 b7c8 f5c8 e1e8,1099,backRankMate mateIn2
03QN9,5r1k/pr4p1/2p2P1p/3nP3/6R1/1P2b3/P1PB2PP/5R1K b - - 0 27,e3d2 f6g7 b7g7 f1f8,1099,advancedPawn discoveredAttack
07Qw7,8/P7/8/r3p1R1/3p1pP1/4k2P/6K1/8 b - - 0 47,d4d3 g5e5 a5e5 a7a8q,1099,promotion rookEndgame
08hQ1,1q5k/3P1Qpp/8/5p2/5P2/5B1P/6PK/2q2b2 b - - 0 39,c1d2 f7e8 b8e8 d7e8q,1099,promotion
0Bi3l,2rr2kq/p3N1b1/1nn1bpB1/1pp1p3/6Q1/2PP2P1/PP3P1P/R1BR2K1 b - - 6 22,c6e7 g4e6 g8f8 e6f7,1099,hangingPiece
002bK,8/7p/2b1k3/p2p1pPB/1n1P3P/N1p1P3/4K3/8 b - - 1 42,c6b5 a3b5 c3c2 e2d2,1100,hangingPiece
00MYL,1R6/3k1Q2/p2b1p2/2r1p3/3n4/P6P/5PP1/4qBK1 b - - 1 40,d7c6 f7b7,1100,mateIn1
00piA,r3r1k1/pp3pp1/2p2q1p/3pP3/P3bP2/2P1N1P1/1P1Q1K1P/R3R3 b - - 0 23,e8e5 e3g4 f6f5 g4e5,1101,fork
02BD5,8/p4bkp/4r3/2Q5/8/N4qbP/PPP1nP1K/3R1R2 w - - 0 27,f2g3 f3g3 h2h1 g3h3,1101,deflection
05mjM,7k/2r4p/P4p2/4pN2/3pP3/R2K4/5rPP/8 b - - 0 28,f2g2 a6a7 c7a7 a3a7,1101,advancedPawn
007tv,r3k1nr/1pp2ppp/1pnp2q1/4p1B1/2B1P3/3P1Q1P/PPP2PP1/R4RK1 b kq - 0 11,g6g5 f3f7 e8d8 f7f8 d8d7 f8a8,1102,skewer
035m4,4r3/5k2/6R1/5PP1/8/r4K2/4p3/4R3 w - - 0 37,f3g4 e8e4 g4h5 a3h3,1102,rookEndgame
07eNj,2Q5/8/4pp2/1k1p1p1p/3P3P/pqP1P1P1/5P2/6K1 w - - 6 52,c8b7 b5c4 b7c8 c4d3,1102,defensiveMove
02CNX,8/5k2/1p4p1/1R4P1/r1K4P/8/8/8 w - - 11 58,c4d5 a4a5 b5a5 b6a5,1103,pin rookEndgame
03Hd9,8/8/4p3/8/1k1p4/2p5/2K2P2/1N6 w - - 0 55,b1c3 d4c3 f2f4 b4c4,1103,defensiveMove
06BNA,3Q1b1k/1p2Br1p/p5p1/2P2q2/1P2R3/P7/5PPP/R5K1 w - - 3 24,e7f8 f5f2 g1h1 f2f1 a1f1 f7f1,1103,backRankMate
08hfz,6k1/pp1r4/2p1q1pQ/3pp2p/8/1P3r2/PKP5/6R1 b - - 1 31,f3f5 g1g6 e6g6 h6g6 d7g7 g6f5,1103,exposedKing
014vH,4k3/pp3p1Q/1q2pP2/3p4/3P4/bP3NN1/r1n3PP/5RK1 w - - 1 25,f3e5 b6d4 g1h1 d4e5,1104,fork
02l1m,r3r1k1/p4ppb/7p/1ppQn1q1/3p4/P2P4/BPP1N3/R3K2R b KQ - 1 23,e8e7 d5a8 e7e8 a8e8,1104,hangingPiece kingsideAttack
03A7b,r3r3/pp1nqpkp/2p1p1p1/3n4/3Q2N1/1B4P1/PP2NP1P/1R4K1 b - - 1 22,g7g8 g4h6 g8f8 d4h8,1104,kingsideAttack
005nD,3rk2r/2qn1pp1/p1Q1R3/3n3p/8/8/PP4PP/5R1K b k - 0 23,f7e6 c6e6 d5e7 e6f7,1105,fork mateIn2
0APD2,8/6kp/3qp1p1/1pp5/3nQ3/P6P/1P3P2/4R1K1 w - - 5 35,e4e5 d6e5 e1e5 d4f3 g1f1 f3e5,1105,attraction
0Bruh,6k1/1b3p1p/1p4p1/2p1p3/4P1P1/1P1r3P/PR3KB1/8 b - - 1 34,b7a6 g2f1 d3c3 f1a6,1105,skewer
00WZO,8/1R2B3/5p2/1k2bP1p/p6r/5K2/8/8 b - - 7 45,b5c4 b7b4 c4d5 b4h4,1106,skewer
02z4P,rn3rk1/pb2q1b1/2p1pnQ1/1p4BP/3PN3/4P3/PP3PP1/R3K2R b KQ - 0 18,e7f7 e4f6 f7f6 g5f6,1106,kingsideAttack
0MWFn,r1b2rk1/p1p2pbq/1p4p1/4p3/6P1/4PB2/PPPN4/R2Q1KR1 b - - 1 18,a8b8 g1h1 h7h1 f3h1,1106,trappedPiece
00Aas,3r1rk1/1p2q1pp/5p2/8/1P1n4/6Q1/PPbB1PPP/R2B1RK1 w - - 9 20,d1c2 d4e2 g1h1 e2g3 f2g3 d8d2,1107,fork
01c3W,3r1rk1/ppp1qp1p/6p1/8/4p1b1/3BP3/PPP2RPP/RN3QK1 w - - 0 17,d3c4 d8d1 f1d1 g4d1,1107,pin
02zve,8/8/8/P1k3p1/1N1p4/3K1p1P/8/8 w - - 2 53,b4c2 f3f2 d3e2 d4d3 e2d3 f2f1q,1107,advancedPawn attraction deflection exposedKing promotion
04qZR,8/p4q1k/1p1b4/1P3rpp/3P4/6P1/1B2Q2P/4R1K1 w - - 2 30,e2e6 f5f1 e1f1 f7e6,1107,deflection
07LpO,4r2k/4P1R1/1p4K1/7p/r4P2/8/8/8 b - - 0 44,e8g8 g7g8 h8g8 e7e8q,1107,attraction promotion rookEndgame
01Suf,r1bqk1nr/pp3ppp/2nbp3/1Bp5/3pP3/5NN1/PPPP1PPP/R1BQK2R w KQkq - 4 7,d2d3 d8a5 f3d2 a5b5,1108,fork
01yqP,2k5/5p2/p1B2p2/8/2P1N1K1/3p2P1/PP6/5r2 w - - 0 33,c6a4 f6f5 g4h3 f5e4,1109,fork
02MTH,6kr/pp3R2/7p/3P4/6nb/NQP5/PP4PP/4r1K1 w - - 1 28,f7f1 h4f2 g1h1 e1f1,1109,deflection
084I6,8/8/8/4p3/5pK1/8/4k2P/5N2 w - - 1 51,f1g3 f4g3 g4g3 e5e4,1109,defensiveMove
09gjM,8/8/1p2k3/pP3ppp/P2KP3/6PP/8/8 b - - 0 48,f5e4 d4e4 e6d6 e4f5,1109,pawnEndgame
03LO0,r2qkbnr/pp2pppp/2np4/2p5/Q1b5/4P1P1/PP1PNPBP/RNB1K2R b KQkq - 1 6,c4e2 g2c6 b7c6 a4c6 d8d7 c6a8,1110,deflection
014gw,r2qkb1r/1p2pppp/p2p1n2/2p1N2b/P1B1P3/3P3P/1PPN1PP1/R1BQ1RK1 b kq - 0 9,h5d1 c4f7,1111,mateIn1
04Mis,r1b3k1/5rpp/p1n1Np2/1p1n4/2pP1q2/2P2N2/PPB2PPP/R2QR1K1 w - - 1 18,c2e4 c8e6 e4h7 g8h7,1111,hangingPiece
053LP,3rr1k1/pbp2ppp/1p6/nNnP2q1/2P5/P6P/1B2BPP1/1R1QR1K1 b - - 12 21,a5c4 e2c4 e8e1 d1e1,1111,hangingPiece
0A7YZ,r2qr3/1pp2kpp/1p3n2/3pn3/8/2PB4/PP3PPP/RN1QR1K1 w - - 2 16,b1d2 e5d3 e1e8 d8e8,1111,hangingPiece
0C0Pl,8/p7/2K5/P7/8/2k5/8/8 b - - 2 72,c3b4 a5a6 b4a5 c6b7 a5b5 b7a7 b5c6 a7b8,1111,pawnEndgame
0C5UW,8/8/6p1/4K2p/Pk3P2/1P6/8/8 w - - 0 67,e5f6 h5h4 f6g6 h4h3 f4f5 h3h2 f5f6 h2h1q,1111,pawnEndgame
0F6Kd,8/7p/6p1/5b2/BR6/6Kr/PP1k4/8 w - - 1 48,g3f4 h3h4 f4g5 h4b4,1111,skewer
07bCv,8/5p2/1R4p1/4k2p/6rP/1P3KP1/8/8 b - - 14 50,e5d4 b6b4 d4e5 b4g4 h5g4 f3g4,1112,rookEndgame
02Ps5,2k3r1/p4prp/8/2p5/8/NPPp1P2/PB1P1K1P/4R3 w - - 6 23,a3c4 g7g2 f2e3 g8e8 e3d3 e8e1,1113,skewer
02qvG,1r1q1rk1/p2bbpp1/1p1ppn1p/8/2PQN3/1P2P1P1/PB3PBP/3R1RK1 b - - 3 14,f6e4 d4g7,1113,kingsideAttack
03PtH,K7/8/P1Q5/3nk3/8/1r6/8/8 w - - 5 68,c6c4 d5b6 a8b7 b6c4,1113,discoveredAttack
06Uu3,8/2Qbrkp1/2p1qpp1/1p2p3/4P3/2P2N2/5RP1/6K1 b - - 3 36,d7e8 f3g5 f7g8 g5e6 e7c7 e6c7,1113,pin
0Ew8S,3r3k/p4Qb1/1p6/7p/6q1/3P4/P4PP1/4R1K1 b - - 8 32,d8d3 e1e8 h8h7 f7g8 h7g6 e8e6 g4e6 g8e6,1113,exposedKing
02a3l,1R2b3/4P3/R7/3p1p1k/p2P1P2/r1K5/8/8 w - - 4 56,c3b4 a3b3 b4c5 b3b8,1114,skewer
09m1d,rn1r1k2/1p3ppp/p1pq1p2/3B4/3P4/2P3P1/PP2QP1P/1K2R1NR b - - 0 16,d6d5 e2e7 f8g8 e7e8 d8e8 e1e8,1114,backRankMate
01WoU,6k1/1p4pp/p3r3/2b1r3/5N2/2P5/PP2n1PP/2B1RR1K w - - 4 26,f4e6 e2g3 h2g3 e5h5,1115,mateIn2
03Q6i,r5k1/2p2ppp/1q6/2p1P3/r7/5QB1/P4PPP/R5K1 b - - 0 27,a4a2 f3a8 a2a8 a1a8 b6b8 a8b8,1115,backRankMate
0KTxB,r3k1nr/ppp2pp1/1bp2q1p/4P3/3p1BQ1/7P/PPP2PP1/RN3RK1 b kq - 0 11,f6e6 g4g7 e8c8 g7h8,1115,trappedPiece
0NDFz,1k5r/pp2pp2/6p1/3Pp1q1/4Pb1r/2N2Q1B/PP3PP1/R4RK1 w - - 11 22,c3e2 h4h3 f3h3 h8h3,1115,trappedPiece
002HE,1qr2rk1/1p1p1ppp/pB2p1n1/7n/2P1P3/1Q2NP1P/PP2B1Pb/3R1RK1 w - - 1 20,g1f2 b8g3,1116,mateIn1
00swU,3rkb1r/pppqp1pp/2n5/1Q3p2/4N3/1P2P3/PBP2PPP/R3KB1R w KQk - 0 12,e4c5 d7d2,1116,mateIn1
01liD,8/1pp2p2/p4qp1/1kR4p/1P6/7P/5PP1/1R4K1 b - - 4 36,b5a4 c5a5,1116,mateIn1
03c5v,r4nk1/p4q2/2p1p1pQ/2ppP3/r7/6R1/PPP4P/6RK b - - 1 26,a4f4 g3g6 f8g6 g1g6 f7g6 h6g6,1116,exposedKing
07WSb,5K2/7p/5k2/7P/8/8/8/8 w - - 1 63,f8g8 h7h6 g8f8 f6g5 f8e7 g5h5,1116,pawnEndgame
01LO7,r3r1k1/1pqb1p1p/4p1nQ/p1bp3N/3p4/P2B1P2/1PP2P1P/R3R1K1 b - - 0 17,c5f8 h5f6 g8h8 h6h7,1117,fork mateIn2
0CkXi,4r1k1/pp3pp1/2p4p/3p1B2/8/P3rPqP/1PPQ1R2/1R4K1 w - - 1 28,f2g2 e3e1 b1e1 e8e1 d2e1 g3e1,1118,exposedKing
00Pw1,5r1k/2p3Rp/3p4/p2Pn3/1p2B3/1P6/PKP2r1P/6R1 b - - 1 28,f2e2 g7h7,1119,mateIn1
02DOR,3r2k1/7p/3b4/p5q1/P2Q1p2/1PN4P/1P4P1/5RK1 w - - 2 33,d4d5 g5d5 c3d5 d6c5 g1h2 d8d5,1119,discoveredAttack
02cdm,r2qk1nr/p2b1ppp/2pbp3/2ppN3/5P2/1P2P2P/PBPP2P1/RN1QK2R b KQkq - 2 9,f7f6 d1h5 g7g6 e5g6 h7g6 h5h8,1119,pin trappedPiece
06HLr,8/6k1/6p1/6K1/5P1P/6R1/8/r7 w - - 21 53,g3e3 a1g1 e3g3 g1g3,1119,rookEndgame
00s16,rBbqk2r/1p3ppp/p3pn2/8/1b1P4/2N2N1P/PP3PP1/R2QKB1R b KQkq - 0 10,a8b8 d1a4 b7b5 a4b4,1120,fork
06eep,8/8/1K2p3/5p2/P2P1k2/8/8/8 b - - 1 43,f4e4 a4a5 e4d4 a5a6 f5f4 a6a7 f4f3 a7a8q,1120,pawnEndgame promotion
0990l,6k1/2R5/p2r1pKp/1pp2P2/6P1/1P5P/r7/8 b - - 1 42,a2h2 c7c8 d6d8 c8d8,1120,rookEndgame
0C4FM,r2qk2r/pppnb1p1/2npp2P/4p3/4P3/3P1Q1P/PPP1NP2/RNB1K2R b KQkq - 0 10,g7h6 f3h5 e8f8 c1h6 h8h6 h5h6,1120,exposedKing
0e4BV,r3kbnr/ppp1pppp/8/4N3/6q1/2NP4/PPP1BPP1/R1B1K2R b KQkq - 1 10,g4g2 e2f3 g2f3 e5f3,1120,trappedPiece
0039T,1r5r/p3kp2/4p2p/4P3/3R1Pp1/6P1/P1P4P/4K2R w K - 1 25,d4a4 b8b1 e1f2 b1h1 a4a7 e7f8,1121,defensiveMove rookEndgame skewer
00AB1,8/7Q/3p1kp1/1p6/2b5/2P4P/5PPK/4q3 b - - 8 36,e1c3 h7h8 f6e6 h8c3,1121,skewer
09xw7,5r1k/p5pp/1p1bQ3/8/2P4q/8/PB4PP/2R3K1 w - - 0 24,e6d6 h4f2 g1h1 f2f1 c1f1 f8f1,1121,backRankMate
00V0G,8/6P1/5k1K/8/8/3p4/PR6/6r1 w - - 1 49,b2d2 g1h1 d2h2 h1h2,1122,mateIn2 rookEndgame
01f0q,r4rk1/ppp1qpp1/1nn1b2p/2b1p3/4N3/2PQ1N1P/PPB2PP1/R1B2RK1 b - - 7 14,a8d8 e4f6 g7f6 d3h7,1122,kingsideAttack
0AcqI,8/5ppk/7p/Rnp5/8/3p1P1P/6P1/6K1 w - - 0 40,a5b5 d3d2 b5b1 c5c4,1122,defensiveMove
07LV1,r4rk1/pp1n1ppp/2pbpn2/q2p1b2/2PP4/1P2PN2/PB2BPPP/R2QKN1R w KQ - 3 10,d1d2 d6b4 a2a3 b4d2,1123,pin
08Qm1,8/2pk4/P1r5/8/2N1p1p1/1PP1PnP1/8/R6K w - - 11 48,a6a7 c6h6 h1g2 h6h2 g2f1 h2h1,1123,exposedKing
01do1,5rk1/n2P3p/1p2p1pQ/pP3p2/q3p1N1/8/5PPP/5RK1 b - - 0 34,f5g4 h6f8 g8f8 d7d8q,1124,advancedPawn attraction promotion
02ejp,8/8/1kN3R1/6Bp/b3pp1P/2K2P2/6r1/8 b - - 0 37,a4c6 g5d8 b6b7 g6g2,1124,discoveredAttack
02IJi,3r2k1/p6p/1p1q2p1/3P1p2/8/3Q2PP/P4P2/4R1K1 b - - 1 28,d6d5 e1e8 d8e8 d3d5,1125,deflection
037iS,r1bqrnk1/ppbn2pB/2p1pp2/3pN2Q/2PP1P2/2N1P1B1/PP4PP/R4RK1 b - - 0 13,f8h7 h5f7 g8h8 e5g6,1125,kingsideAttack
05Htz,4n1k1/2r2p1p/b2p2p1/3Pp3/1P2P3/1p3NNP/1P3PP1/2R4K w - - 1 37,g3e2 a6e2 c1c7 e8c7,1125,hangingPiece
07UmD,8/8/6K1/4kP2/8/5r2/7R/8 b - - 0 55,f3f5 h2e2 e5f4 e2f2 f4e4 f2f5,1125,rookEndgame
08s4P,8/8/8/p7/1pPkp1p1/1P4P1/P2K4/8 b - - 1 51,e4e3 d2e2 d4e4 c4c5 e4d5 e2e3,1125,defensiveMove pawnEndgame
0AtFS,5rk1/5ppp/r4n2/p1Q5/3N1P2/P7/3q2PP/1R2R1K1 b - - 3 24,f6g4 c5f8 g8f8 b1b8,1125,attraction
00Bm8,8/6kp/4b1q1/1p6/1PpPp2Q/2P1P3/r2N2P1/5RK1 w - - 7 34,d2e4 g6g2,1126,mateIn1
01GXf,r3k2r/pR2bppp/4p3/3N4/8/8/P4PPP/4R1K1 b kq - 0 20,e7f6 d5c7 e8f8 c7a8,1126,fork
01fHH,r4rk1/pp3ppp/2p2q2/3p4/4n3/1P1BQN2/1K3PPP/3R3R w - - 2 18,b2c2 f6c3 c2b1 c3b3,1126,deflection
06AHQ,r3q1k1/1pp1n2p/p2bN1pB/2nPpr2/4N3/3Q4/PPP2PPP/R3R1K1 w - - 8 17,e4f6 f5f6 e6c5 d6c5,1126,hangingPiece
06APo,2b2rk1/p3p1bp/2pp2p1/1q6/3BQ3/1P6/PP3PPP/1K1R3R w - - 0 20,d4g7 c8f5 g7f8 f5e4,1126,pin
0ZNxU,r5k1/ppp1Qpq1/3p2p1/8/4P3/3P1b2/PPP2P2/R3KB1R w KQ - 0 20,h1g1 g7b2 e1d2 b2a1,1126,trappedPiece
00yt1,r3rk2/pp3pbp/6pn/4N3/2Qp1P2/1P5P/6P1/3R2K1 b - - 0 25,h6f5 c4f7,1127,mateIn1
01oGn,N1b4r/pp2kppp/4p3/8/3P4/2q1P3/2pN1PPP/R1Q1KB1R w KQ - 6 19,c1a3 c3a3 a1a3 c2c1q,1127,advancedPawn promotion
05Q61,5rk1/R1Q2pp1/p3p2p/1p6/r3P3/2PR1P2/PKP3qP/8 w - - 0 26,c7e7 a4a2 b2a2 g2c2,1127,attraction
04Q2g,1r6/1p2rppk/p2ppn1p/8/5P2/P1B1P2P/1P3P1K/R5R1 b - - 7 22,f6e4 g1g7 h7h8 g7f7 e4c3 f7e7,1128,discoveredAttack
04WyJ,8/6p1/p3p2p/k3P2P/P1K3P1/8/8/8 b - - 0 36,a5a4 c4c5 a6a5 c5d6 a4b3 d6e6,1128,pawnEndgame
0ZwiT,1n1q4/1pp2Q2/r4bpk/p2PP2p/1P5P/P3P3/6P1/3RK2R w K - 0 30,e5f6 a6f6 f7f6 d8f6,1128,trappedPiece
01OYe,3Q4/p5k1/1p2p1pn/1P1p1p1R/3P1P2/qN2r3/P1r3PP/R5K1 w - - 2 40,d8d7 h6f7 h5h7 g7h7,1129,defensiveMove
08UuA,3r4/p3kpp1/1p5p/2n1PPN1/2P4P/4K3/P7/7R w - - 0 26,g5e4 d8d3 e3e2 c5e4 e2d3 e4f2 d3e3 f2h1,1129,exposedKing
09CfA,r2q1r1k/pppnn1p1/3p3p/1P1Qp3/8/P1N2N1P/5PP1/R1B1R1K1 w - - 1 17,d5b7 d7c5 b7a8 d8a8,1129,trappedPiece
003r5,r2qr1k1/ppp2ppp/4b3/3P4/1nP2Q2/2N2N1P/PP3KP1/R4R2 w - - 1 15,d5e6 b4d3 f2g1 d3f4,1130,fork
04rOq,8/6pp/2Rbkp2/8/4pP2/4r2P/3N2P1/6K1 b - - 1 33,e6d5 c6d6 d5d6 d2c4 d6e6 c4e3,1130,attraction
04wKe,8/p1p1kppp/3pP3/K1b5/1rP5/2N3q1/PP2Qn2/R1B5 b - - 4 25,f7e6 c3d5 e7d7 d5b4 c5b4 a5b4,1130,pin
0050w,5rk1/1p2p1rp/p2p4/2pPb2R/2P1P3/1P1BKP1R/8/8 b - - 4 30,g7g3 h3g3 e5g3 h5g5 g8f7 g5g3,1131,fork
0071K,3N1r2/6R1/kp6/p2pPp1Q/2pP2P1/2q5/2P5/2K5 w - - 0 38,g7a7 a6a7 h5h7 a7a6,1131,defensiveMove hangingPiece
034yb,3r1r1k/p1p2p1P/4p1p1/4P3/2n4Q/P3BK2/q5P1/nR6 b - - 2 26,c4e3 h4f6 h8h7 b1h1 h7g8 h1h8,1131,exposedKing
04Nyf,6k1/p3P1B1/4q1r1/1p6/2pP1Qp1/P2p1P2/1P3KP1/8 b - - 0 38,g8g7 f4f8 g7h7 e7e8q,1131,advancedPawn promotion
055wS,6k1/p1p3p1/2q4p/4Q3/2PR4/2r3P1/P2K3P/8 b - - 6 37,c3a3 d4d8 g8h7 e5f5 c6g6 d8h8 h7h8 f5g6,1131,deflection
02MkW,8/6p1/2R4p/p7/1p1q3P/1P3BP1/5PK1/3k4 b - - 14 45,d1e1 c6c1 e1d2 c1d1 d2c3 d1d4,1132,skewer
04kIM,7k/5pp1/7p/5Q2/q6P/8/5PP1/3r1RK1 w - - 5 33,f5f7 d1f1 g1f1 a4d1,1132,attraction
07AwJ,2q5/pp3pk1/6pr/bP2P3/P2P4/4QPP1/6BP/R5K1 w - - 0 36,d4d5 a5b6 e3b6 a7b6,1132,pin
08VyN,r7/1p2kn1R/p3p3/3p4/5q2/1PN5/P1P1Q3/1K6 b - - 2 29,a8g8 c3d5 e7f8 d5f4 g8g1 b1b2,1132,defensiveMove
08pUY,r6r/1p1k2p1/p2p1q1p/3Qnb2/8/1PP5/P4PPP/R1B1R1K1 w - - 0 18,e1e5 f6e5 d5b7 d7e6,1132,defensiveMove
0DlFr,8/8/8/3k3R/1p6/1r6/r6P/6RK b - - 1 45,d5c6 g1g6 c6d7 h5h7 d7e8 g6g8,1132,exposedKing
0Ejzm,k5r1/1R5R/4p3/1p1pP3/pPnP1p2/5P2/8/2K5 w - - 10 57,b7b5 g8g1 c1c2 c4a3 c2b2 a3b5,1132,exposedKing
0088O,7Q/2p5/1p2prp1/p4k1p/P4p1P/8/6RK/3q4 b - - 2 37,d1a4 g2g5 f5e4 h8f6,1133,deflection
02nwT,rn3rk1/pp4pp/2p2q2/8/3Pb3/2P5/P1P3PP/R1BQR1K1 w - - 0 17,e1e4 f6f2 g1h1 f2f1 d1f1 f8f1,1133,backRankMate
0DhD5,8/8/4p2p/2k2pp1/2P2P1P/2K3P1/8/8 b - - 0 50,g5h4 g3h4 c5d6 c3d4 h6h5 c4c5,1133,pawnEndgame
01DHd,r1bq1rk1/pp1nb1pp/4pp2/3pP2Q/2pP4/2P1P3/PPBN2PP/R1B2RK1 b - - 1 12,g7g6 c2g6 h7g6 h5g6,1134,kingsideAttack
00TiV,8/1kp5/4n3/3pN3/r2P3R/2K4P/8/8 w - - 5 48,e5f3 a4a3 c3c2 a3f3,1135,skewer
00n3G,1k4r1/7p/1p4r1/pPp1qp2/P1Pp1R2/3Q2NP/2P4K/5R2 w - - 4 32,f1f3 g6g3 f3g3 e5f4,1135,deflection pin
02U27,2r3k1/p4ppp/3r1n2/2b3B1/Q7/6P1/PPB1qP1P/R4RK1 w - - 7 24,a1e1 c5f2 f1f2 e2e1,1135,deflection
040wH,8/8/1p1k1K2/p1p5/P1P5/1P6/8/8 w - - 12 49,f6f7 d6e5 f7e8 e5d4 e8d7 d4c3 d7c6 c3b3,1135,pawnEndgame
04I5l,5k2/5bp1/7p/p2r4/2KB4/1PP1R1P1/P6P/8 w - - 5 36,e3f3 d5f5 c4d3 f5f3,1135,discoveredAttack
0ajeb,r3k2r/pp1n1p1p/1qpb1p2/4pb2/3P4/P1B2N2/1PPQ1PPP/1R2KB1R b Kkq - 2 13,e8c8 c3a5 b6a5 d2a5,1136,trappedPiece
0aCJU,r1b1k2r/ppp2pp1/2nbpq1p/6P1/3P4/3B1N2/PPP2P1P/R1BQK2R b KQkq - 0 9,h6g5 c1g5 f6g5 f3g5,1137,trappedPiece
01J3q,r3r1k1/ppq1ppb1/2p3nN/2Pp3p/3Pn2N/1P2P2P/PB3QP1/R4RK1 b - - 9 23,g7h6 f2f7 g8h8 h4g6,1138,fork mateIn2
05aa7,1rq1n1k1/2P1rpp1/1P4p1/8/8/4PQ2/5PPP/1RR3K1 b - - 0 30,b8b7 f3b7 c8b7 c7c8q,1138,advancedPawn promotion
09cHt,8/2p2k2/1p1p4/1P1P4/3BB3/p2P1K2/r7/8 b - - 1 54,a2b2 d4b2 a3b2 d3d4,1138,defensiveMove
00J1Y,1q3r2/p5k1/1p2pbpp/2p2p2/2P1N3/2P2PQP/PP3P2/6RK b - - 2 29,f5e4 g3g6 g7h8 g6h6,1139,deflection mateIn2
00d9q,1r1q1r2/Q2k3p/2pp1npb/2p2P2/8/2N5/PP3PPP/4RRK1 b - - 0 19,d8c7 e1e7 d7e7 a7c7,1139,attraction deflection
01GnH,1R6/P7/6p1/7p/8/7k/K7/2q5 b - - 1 43,c1c4 b8b3 h3g4 a7a8q,1139,advancedPawn promotion
04lFX,r2q1rk1/ppp1ppbp/3p1np1/8/1nPP4/1PN1PNP1/P1bQ1PBP/R1B2RK1 b - - 2 10,f6e4 c3e4 c2e4 d2b4,1139,discoveredAttack
00L84,6k1/5pp1/7p/2p5/2P5/2rp2PP/PR3P2/5K2 w - - 0 37,b2b3 c3c1 f1g2 d3d2,1140,advancedPawn rookEndgame
00yIS,3r3k/p5p1/5q1p/8/P1b5/4Q1RP/6BK/8 b - - 6 42,d8d3 e3e8 c4g8 g3d3,1140,deflection
016I9,8/1b2R1kp/p7/3p2P1/PP1n2KP/2r5/3N4/8 b - - 5 46,g7g6 h4h5,1140,mateIn1
03sKG,8/8/3KR3/1p3pP1/2k2P2/6n1/4r3/8 b - - 6 62,b5b4 e6e2 g3e2 g5g6 c4c3 g6g7 b4b3 g7g8q,1140,advancedPawn promotion
0843c,8/8/8/6N1/8/4kp1R/5r2/6K1 w - - 0 55,h3h2 f2h2 g1h2 f3f2 h2g2 e3e2,1140,defensiveMove
08CdO,2b1r1k1/2rN3p/7R/p2p1pPN/1p1PqP2/4P3/PP1Q4/1K5R w - - 1 32,b1a1 e4h1 d2c1 c7c1,1140,backRankMate hangingPiece
0Enqw,r1b1k1nr/pppp1ppp/8/4P1q1/3Q4/3B4/PPP2PPP/RN2K2R w KQkq - 3 10,g2g4 g5c1 e1e2 c1h1,1140,skewer
05GPQ,r1bq1rk1/1p2bppp/p2p1n2/4p1B1/2B1P3/2N5/PPP2PPP/R2Q1RK1 w - - 4 11,c3d5 f6d5 c4d5 e7g5,1141,discoveredAttack
05zqW,8/1p6/p7/2p3PR/3k4/P3r2P/8/6K1 w - - 0 42,g5g6 e3g3 g1f2 g3g6,1141,rookEndgame
06hIg,8/1p6/2p3k1/p1Pp2P1/P4K2/8/1P6/8 b - - 0 37,g6h5 f4f5 d5d4 g5g6 h5h6 f5f6,1141,defensiveMove pawnEndgame
08kLq,rn5r/pp4k1/2p5/4qBp1/2P1p3/4P1P1/PP5P/R2Q1RK1 w - - 1 20,g1g2 e5b2 f1f2 h8h2 g2h2 b2f2,1141,attraction
0A4K2,r5k1/1p6/p1p1p1bq/1PPp1p2/P2P3r/2N1PB2/4K1P1/2RQ1R2 w - - 2 28,e2d2 h4d4 d2e2 d4d1,1141,skewer
08yCD,Q7/5R2/8/8/5p2/7p/5kp1/7K w - - 0 46,h1h2 g2g1q h2h3 g1g3,1142,promotion
02vYV,3qr1k1/1r1nbpp1/p1p4p/3p4/N1p5/BP1P1Q1P/P1P2PP1/R3R1K1 w - - 0 19,d3c4 e7a3 e1e8 d8e8,1143,hangingPiece
06RYF,r1bqk2r/pp3ppp/3p1n2/b7/2BpP3/P1N2P2/1P4PP/R1BQ1RK1 w kq - 0 12,d1d4 a5b6 c1e3 b6d4,1143,pin
02ccm,8/8/r3k2p/4p1p1/4P1P1/RK3P1P/8/8 b - - 0 47,a6a3 b3a3 e6d7 a3b4 d7c6 b4c4,1144,defensiveMove
083g4,R7/8/8/3n1Bp1/3k2P1/1p2p3/pK6/8 w - - 0 70,b2b3 e3e2 a8a2 e2e1q,1144,promotion
0BhwW,rr6/2p1nkp1/3p1p1p/1P5P/1R2P1R1/3P4/2N3P1/6K1 b - - 2 28,e7c6 b5c6 b8b4 c2b4,1144,hangingPiece
01vYl,r6r/p1p2pk1/1p1qpbB1/8/3P2R1/2P2P2/PPQ2P1P/2KR4 b - - 0 18,f7g6 c2g6 g7f8 g6f6,1145,deflection
02Hp8,5qr1/3R1Qbk/p5p1/1p5R/2p4P/P7/1PP3P1/7K b - - 0 38,g6h5 f7h5,1145,pin
05uZY,6k1/pp6/2p3pp/4Npq1/3Pp3/2P5/PP1bQP2/5K2 b - - 1 28,d2f4 e2c4 g8h8 e5f7 h8g7 f7g5,1145,exposedKing
07YSy,8/1K3p1p/3P1kp1/4P3/3b4/2pB4/6PP/8 b - - 0 43,d4e5 d6d7 f6e7 b7c8,1145,defensiveMove
0AVN5,5k2/5p2/5Q2/1p2P3/5K2/7P/6P1/5q2 w - - 6 50,f4g3 f1f6 e5f6 b5b4,1145,defensiveMove
0nvSr,r1b2rk1/pp1n1ppp/2p1p3/q7/2P1P3/2R1PN2/PPQ3PP/4KB1R b K - 0 14,a5a2 c3a3 a2a3 b2a3,1145,trappedPiece
01DJq,4R3/6p1/5bk1/N6p/8/1P6/6PP/3r1K2 w - - 1 45,e8e1 d1e1 f1e1 f6c3 e1d1 c3a5,1146,attraction fork
03xmY,1RQ2bk1/7p/3p1rp1/2p5/P1P1p3/8/q4PPP/1R4K1 w - - 2 35,c8c6 a2f2 g1h1 f2f1 b1f1 f6f1,1146,backRankMate
05QgO,2R5/r4pk1/p2N2pp/1p6/4P1K1/1P1n4/P7/8 b - - 3 40,a7d7 d6e8 g7f8 e8f6 f8e7 f6d7,1146,discoveredAttack
08qo3,2k2r1r/pppqnQ1p/3p4/8/4PN2/7P/PPP2PP1/2KR3R w - - 1 18,f7e6 f8f4 e6d7 c8d7,1146,hangingPiece
08xJx,8/8/6p1/7p/3K3P/6P1/4k3/8 w - - 2 66,d4e5 e2f3 e5f6 f3g3,1146,pawnEndgame
0ChLC,8/p2r1pk1/4bq2/2p1N2p/4Q1p1/2P5/PP3PP1/4R1K1 b - - 1 31,e6d5 e5d7 d5e4 d7f6,1146,hangingPiece
0aqk3,8/5kp1/p1qp1n1p/4pQ2/4P3/P1B2PP1/1PP3K1/8 w - - 3 41,g3g4 g7g6 f5f6 f7f6,1146,trappedPiece
0lREA,1r2kb1r/Qpqb1ppp/4pn2/8/8/6P1/PP2PPBP/RNB2RK1 w k - 1 12,b1c3 f8c5 a7b8 c7b8,1146,trappedPiece
03HHe,r2qr1k1/pb1nbp2/1pp1pn1Q/6N1/3P3P/2NB4/PPP2PP1/1K1RR3 b - - 2 15,e7f8 d3h7 f6h7 h6h7,1147,kingsideAttack
04cmW,6k1/5p1p/ppB3p1/2p1bb1n/2Pp4/3P2P1/P1N2P1P/R5K1 w - - 0 31,c6e4 f5e4 d3e4 d4d3 a1b1 d3c2,1147,advancedPawn
0FJ9d,5rk1/2p3pp/p7/5P2/3P4/2P2Q1P/PP3K1q/R1B5 w - - 3 27,f3g2 f8f5 c1f4 f5f4 f2e3 h2g2,1148,exposedKing
00Gvr,8/1b3pp1/1k4Pp/4K2P/4PP2/8/8/8 b - - 0 46,f7f6 e5e6 b7e4 e6f7,1149,defensiveMove
02UFP,r1b3k1/pp3rpp/8/2ppp1B1/3n3P/P1qB2Q1/2P2PP1/1R1K3R b - - 1 18,c5c4 d3h7 g8h7 g3c3,1149,discoveredAttack
03Anu,1r3rk1/pPp2pp1/1b3q2/4p1N1/8/6P1/PP1B1P1P/R2Q1BK1 w - - 1 18,d1c2 f6f2 g1h1 f2g1,1149,kingsideAttack
05EX9,8/8/8/pK6/P3k3/8/8/8 b - - 9 44,e4e5 b5a5 e5d6 a5b6,1149,defensiveMove pawnEndgame
07CoK,5k1r/1p1n1pp1/p2q1n1p/2pp4/P2P4/5N2/1PPB1PPP/R3Q1K1 b - - 0 18,c5c4 d2b4 d6b4 e1b4,1149,pin
0AIOd,2r3k1/2p3pp/1q1p4/8/2b2Q2/7P/1P3RP1/7K b - - 3 39,d6d5 f4f7 g8h8 f7f8 c8f8 f2f8,1149,backRankMate
00O3h,5k2/R3Rp2/6p1/1p5p/1P5K/2nr4/7P/8 b - - 7 43,d3d4 h4g5 c3e4 g5h6,1150,defensiveMove
041KE,r4r1k/2q3pp/p1p5/1p2b3/3NP2n/PQ3p1P/1P3PP1/2BR1RK1 w - - 0 23,d4e6 e5h2 g1h1 f3g2,1150,advancedPawn
05HkP,8/p7/1p6/3K4/8/P1P5/1P1k4/8 w - - 6 46,b2b4 d2c3 d5c6 c3b3 b4b5 b3a3,1150,pawnEndgame
06ilc,r7/6p1/P6p/1k2pp2/8/3K1P1P/6P1/R7 b - - 2 52,a8a6 a1a6 b5a6 d3c4,1150,defensiveMove rookEndgame
06yZ3,5k2/1r3p2/6p1/q4p2/P1BQ4/1P5R/1KP5/8 w - - 4 45,d4d8 a5d8 h3h8 f8e7 h8d8 e7d8,1150,hangingPiece
00zNz,r1bqk2r/pp1np1bp/2p3p1/3pNB2/3P1B2/4P3/PPP2PPP/R2QK2R b KQkq - 0 10,g6f5 d1h5 e8f8 h5f7,1151,mateIn2
01p5M,1r6/p1p2n2/1pk2Pp1/6r1/8/2N5/PPP4K/3R1R2 w - - 2 24,f1g1 b8h8,1151,mateIn1
028b4,r1b2rk1/p4pp1/1bp1p2p/4N3/1PPq4/P2B3P/5PP1/R2QK2R w KQ - 1 18,e5c6 d4f2,1151,mateIn1
05428,2r2rk1/p4ppp/2n1p3/1pPpP1q1/1P5n/2B2B2/P4PPP/2RQR1K1 w - - 3 20,c3d2 h4f3 d1f3 g5d2,1151,pin
0048h,4r3/p5k1/2p2R1p/2Pp4/1P1pr1P1/P6P/8/3R3K w - - 1 35,f6c6 e4e1 d1e1 e8e1 h1g2 d4d3,1152,exposedKing rookEndgame
00GuD,1n5k/4r1p1/p2q1rPp/1ppB4/8/3P4/PPP1RPQ1/2K4R b - - 4 25,e7e2 h1h6 g7h6 g6g7 h8h7 g7g8q,1152,advancedPawn kingsideAttack promotion
00fwM,Qn1qk2r/p4ppp/2p5/2bn4/4pPb1/2N5/PPPP2PP/R1B1KBNR w KQk - 1 9,h2h3 d8h4 g2g3 h4g3,1152,mateIn2
044zv,rnb1r1k1/pp2npp1/7p/q1b3Q1/2B5/2N5/PPP1NPPP/R1B1K2R w KQ - 0 12,g5h5 c5f2 e1f2 a5h5,1153,discoveredAttack
04jF9,8/p3r3/3kp1Q1/3PN3/8/4q3/1P1R2P1/7K b - - 0 43,e3d2 e5c4 d6d5 c4d2,1153,pin
00SsI,6R1/p4p1p/2p1pp1k/8/2N5/4b1R1/4K1PP/2q5 b - - 1 29,e3g5 g3h3 g5h4 h3h4,1154,mateIn2
04n54,r2q3r/bp2kp2/p3p3/1P1pn3/8/3Q1NP1/P5PP/2R2R1K w - - 0 24,f3e5 h8h2 h1h2 d8h8 d3h7 h8h7,1154,attraction
0ECTq,6k1/6b1/3pQ2p/2pP4/2n5/2P3BP/1P4PK/3q4 b - - 2 34,g8h8 e6e8 h8h7 e8e4 h7g8 e4c4,1154,exposedKing
01VBW,2b1rr1k/3q2pB/p1p2b2/PpPp4/1P1P1Np1/8/2Q2P1P/R4RK1 b - - 2 21,f6d4 f4g6 h8h7 g6f8 h7g8 f8d7,1155,fork
003eP,8/r1b1q2k/2p3p1/2Pp4/1P2p1n1/2B1P3/NQ6/2K4R b - - 1 36,h7g8 h1h8 g8f7 h8h7 f7e8 h7e7,1156,exposedKing skewer
00GY4,3k2r1/pR5R/3r4/4p1q1/7Q/3Pn1PP/PP5K/8 b - - 0 27,g5h4 b7b8,1156,mateIn1
01nyk,8/1k6/1P2p1p1/2KpP3/7P/8/8/8 w - - 1 48,c5d6 d5d4 d6e6 d4d3,1156,pawnEndgame
0997O,8/1p6/1k6/1N5R/2P5/8/p4KPP/r7 w - - 0 36,b5c3 a1f1 f2f1 a2a1q,1156,attraction promotion
01V4g,3r1rk1/p2nppbp/2p2np1/qpPp4/N2P1B2/PP1BP2P/5PP1/R2Q1RK1 b - - 0 15,b5a4 b3b4 a5b5 d3b5,1157,trappedPiece
01Xzx,3r2k1/1Rp1qpp1/7p/8/5Q2/1PP5/5PPP/3r1RK1 w - - 5 26,b7c7 d1f1 g1f1 d8d1,1157,attraction mateIn2
033rG,5r1k/1p3qbp/6p1/2P5/1P1Q4/8/6PP/3R1NK1 w - - 1 29,d4d6 f7f2 g1h1 f2f1 d1f1 f8f1,1157,backRankMate deflection
071op,8/8/p1p5/1p2kp1p/1P5P/P1P2KP1/8/8 b - - 0 44,e5f6 f3f4 f6e6 f4g5,1157,pawnEndgame
0DuQM,k1n5/1p3rp1/p5p1/P2P2Pp/2P5/3pBq1P/1Q1K1P2/1R6 w - - 0 40,b2d4 f3e2 d2c3 e2c2 c3b4 c2b1,1157,exposedKing
01M89,8/2p5/1p2B3/p7/5r2/P4pN1/1PP4k/1K4R1 w - - 1 59,g3e2 f3e2 g1e1 f4f1 b1c1 f1e1,1158,advancedPawn hangingPiece pin
05nFU,2k3rr/1pq2p2/p1pbpQ2/P4p1p/2P5/8/1PP2PP1/3RR2K b - - 3 26,g8g6 f6h8 c7d8 h8d8,1158,hangingPiece
07e4t,1r1qkbnr/1b1p1ppp/p3p3/4P3/2p5/2NPB1Q1/PPP2PPP/R3K2R b KQk - 1 12,f8b4 g3g7 b4f8 g7h8,1158,trappedPiece
006HV,1r6/5k2/2p1pNp1/p5Pp/1pQ1P2P/2P4R/KP3P2/3q4 w - - 4 31,c4c6 b4b3 a2a3 d1a1,1159,mateIn2
00OCQ,1rr3k1/5p1p/p5pQ/4p3/4q3/B3P3/PPPR1PPP/2KR4 w - - 6 27,c2c3 c8c3 b2c3 b8b1,1160,mateIn2
01485,r2qr3/p2n1kp1/b1pb1n1p/8/1p1P1N2/1Q3N1P/PP3PP1/R1B1R1K1 b - - 1 16,f7f8 f4g6,1160,mateIn1
01IvQ,8/2rN1pk1/2P4p/pB6/1b4RP/5K2/8/4r3 b - - 4 44,g7h7 d7f6 h7h8 g4g8,1160,mateIn2
09gK3,3r1rk1/p1Qn1ppp/1p1R4/8/8/Pq2P3/5PPP/3R2K1 w - - 2 22,d6d7 b3d1 d7d1 d8d1,1160,backRankMate
01eLb,8/5k1R/5p2/2K2Npp/4P3/5P2/8/3r2n1 b - - 3 57,f7e6 h7e7,1161,mateIn1
009IO,3rk3/5p1r/p2Np1p1/3bP3/P2n4/8/1P3RPP/5RK1 b - - 4 25,e8e7 f2f7 h7f7 f1f7,1162,mateIn2
00LPw,1rb4r/pp1nb1pp/5nk1/3Np3/2q1P3/2N2Q2/PPP2PPP/R1B1K2R b KQ - 4 12,f6d5 f3f5,1162,mateIn1
00PZo,7r/8/3b4/3p4/5PR1/2kN4/4KP2/8 w - - 1 67,f4f5 h8e8 e2f3 c3d3,1162,deflection
019tx,4Qb1r/pp2R1k1/2pq1p2/8/3p4/1BP4P/PP1B2P1/6K1 b - - 0 32,f8e7 e8f7,1162,mateIn1
01kzW,3q2k1/5p1p/p1b2PP1/4p1P1/2PbN1Q1/3Bp1K1/P7/8 b - - 0 40,f7g6 g4e6 g8f8 e6c6,1162,fork
09a7a,r2q1rk1/pp2ppb1/3pb1pB/8/2B1P3/2N5/PP1Q2PP/R4RK1 b - - 0 16,e6c4 h6g7 g8g7 d2d4 e7e5 d4c4,1162,attraction
0184P,1r6/3R2p1/p5kp/1p2p2N/2Pn2K1/1P6/P5PP/8 b - - 2 30,b5c4 d7g7,1163,mateIn1
01QId,8/Q4pk1/1Pq3p1/8/4RKP1/4RP1P/P7/6r1 w - - 9 43,a7c7 c6f6,1163,mateIn1
038TX,3r2k1/5ppp/brn1p3/2Q5/8/Rp1q1NB1/3N1PPP/1R4K1 w - - 1 25,c5b6 d3b1 d2b1 d8d1 f3e1 d1e1,1163,backRankMate
04Xuc,5k2/2p2p2/1p6/1P3pQ1/3Np1n1/2P1P1P1/3q1PK1/8 w - - 15 37,g5f5 g4e3 g2h3 e3f5,1163,pin
0AfvF,4r2k/1QR4p/3p4/p6r/1pB1P3/5P2/5qPP/4R2K w - - 3 32,e1g1 h5h2 h1h2 f2h4,1163,attraction
02MwE,4rnk1/pb2r1pp/1p1q1p2/5P2/2BppN2/7R/PP1Q2PP/4R1K1 b - - 1 24,g8h8 f4g6 f8g6 f5g6,1164,kingsideAttack pin
05CUt,R1b2rk1/6pp/4p1p1/3pP3/1Q6/1p3N2/2q2PPP/4R1K1 w - - 1 21,f3d4 c2f2 g1h1 f2f1 e1f1 f8f1,1164,backRankMate
009oc,5Q2/pbp3np/1p1pB1pk/1P6/P3q2P/6K1/8/8 b - - 1 32,e4e6 f8f4 g6g5 f4g5,1165,mateIn2
00xgi,rnbq1rk1/pp4pp/4p3/3pNp1Q/2pPn3/2PBP1P1/PP1N1PP1/R3K2R b KQ - 1 11,d8e8 h5h7,1165,kingsideAttack mateIn1
017AB,8/5k2/7p/1R4p1/4P1K1/5P1P/1pr5/8 w - - 2 51,g4f5 c2c5 b5c5 b2b1q,1165,advancedPawn deflection promotion rookEndgame
01gyY,8/R1b3r1/8/1pPk4/1P2p3/P3B3/8/5K2 w - - 4 42,f1e1 c7g3 e1f1 g7a7,1165,discoveredAttack
05t5o,8/8/8/p1R5/6P1/1P3k2/r6P/6K1 w - - 1 39,g4g5 a2a1 c5c1 a1c1,1165,rookEndgame
008tL,8/7k/pR5p/3p4/5r2/2P1p2P/P5P1/6K1 w - - 0 40,b6a6 e3e2 a6e6 f4f1,1167,advancedPawn rookEndgame
02AeY,8/4k3/4p3/p2pP3/2pPb3/2K1P1RB/PP2r3/4N3 w - - 3 54,g3g1 e2e3 c3d2 e3h3,1167,fork
05KXt,4r1k1/5p2/6pp/1p6/pqB3P1/5P2/1P4P1/2Q1RK2 b - - 0 44,b4c4 c1c4 e8e1 f1e1 b5c4 e1d2,1167,defensiveMove
0AjV2,4k3/1p6/p3p3/1P1pN3/3P1nP1/5P2/3r4/1R3K2 b - - 0 34,d2d4 b5a6 b7a6 b1b8 e8e7 e5c6,1167,exposedKing
004Lu,8/p1p4p/4Pk2/2PP1p1P/1r3r2/5B2/P3RK2/8 b - - 3 38,f6e7 d5d6 c7d6 c5d6 e7d6 e6e7,1168,advancedPawn exposedKing
01awh,3r3k/pQ2b1pp/8/8/2p2q1n/2B2p2/PP3P1P/1K4NN w - - 0 27,b7e7 d8d1 b1c2 f4c1,1168,fork
02T47,r3k1nr/pp1qppbp/2p3p1/4B3/3P4/2N2Q2/PPP3PP/R3R1K1 b kq - 4 14,g8f6 e5f6 g7f6 f3f6,1168,pin
048Un,6k1/6p1/8/Q7/P4PK1/6P1/8/3q4 w - - 5 44,g4f5 d1h5 f5e4 h5a5,1168,skewer
07eS5,6k1/5pp1/7p/2P5/4P3/2R2P2/3r3r/2R2K2 w - - 1 43,c5c6 h2h1,1168,rookEndgame
0EwOK,8/5rk1/2p1pqp1/p2pR3/P2P4/2P1Q3/1P6/6K1 w - - 2 41,e5e6 f6f1 g1h2 f7f2 e3f2 f1f2,1168,exposedKing
074BS,3r1r1k/1b2npR1/p3pq2/1p1p2Rp/4P3/8/PPPQB2P/7K b - - 3 27,e7g6 g5h5 h8g7 d2h6 g7g8 h6h7,1169,exposedKing
07GKW,8/4R3/k4p2/P3rP1P/K7/4p3/8/8 w - - 2 57,e7e6 e5e6 f5e6 e3e2 h5h6 e2e1q,1169,promotion rookEndgame
02O8w,2r2rk1/5pp1/p5np/b2p4/3P4/Pq1BPN2/1PR2QPP/3R2K1 w - - 6 26,c2c8 b3d1 f2f1 d1f1 g1f1 f8c8,1170,hangingPiece
00Af3,8/8/2B2p1p/P4Pp1/3p1kP1/1b1Pb2P/8/4K3 b - - 0 50,f4g3 a5a6 b3c4 a6a7,1171,advancedPawn
08EON,2r1k2r/1p2bpp1/p1n1p3/3NP1Np/1P1q1P2/P3Q2P/6P1/2R2RK1 b k - 0 20,e6d5 e3d4 c6d4 c1c8 e8d7 c8h8,1171,skewer
09vCl,2r5/4k3/1R6/4p1R1/1p4n1/2p5/P6P/6K1 w - - 0 36,g5g4 c3c2 g4g7 e7f8 g7c7 c8c7,1171,defensiveMove
0Cvn8,r2q1rk1/pp1n2pp/2pbp3/3pNp2/2PPn3/1P2P1P1/PB3P1P/R2QKB1R b KQ - 0 12,d8f6 e5d7 d6b4 e1e2,1171,hangingPiece
0kiWC,2r3k1/1p1qbpp1/1Q3n1p/P2p4/5B2/2P4P/1P3PP1/R2R2K1 w - - 6 27,b6a7 e7c5 a7c5 c8c5,1171,trappedPiece
00sw5,3r2k1/1p3pp1/pq1b3p/3P4/P7/3Q1N2/1r3PPP/R2R2K1 w - - 0 23,a1b1 b6f2 g1h1 f2g2,1172,kingsideAttack mateIn2
01Xg6,B2Qnk1r/p1p2pp1/6q1/2b5/5B2/2P2Np1/PP2P2P/R4R1K w - - 0 19,b2b4 g3g2,1172,advancedPawn mateIn1
022Dh,5r2/p3p1kp/1p4p1/4rp2/2P5/3P1Q1P/R3K1P1/2q2BNR w - - 7 32,e2f2 c1e1,1172,mateIn1
03XSU,2r2bk1/1p3ppp/1P4b1/q2Np3/2B5/1Q2P2P/5PP1/2R3K1 b - - 0 30,a5d2 d5e7 f8e7 c4f7 g6f7 c1c8,1172,discoveredAttack
04x8i,2k2b1r/pppr2p1/5p1p/3n4/2B5/2BP2P1/PPP4P/2K1RR2 b - - 1 19,d5c3 e1e8 d7d8 c4e6 c8b8 e8d8,1172,backRankMate deflection
07jVz,8/1p1r1kpp/pR6/P5b1/1P3p2/2P5/3NK1PP/8 b - - 6 37,d7d2 e2d2 f4f3 d2e1,1172,defensiveMove hangingPiece
0NN19,rnbqk1nr/pp3ppp/3bp3/3pN3/2pP1B2/2N1P3/PPP2PPP/R2QKB1R b KQkq - 3 6,f7f6 d1h5 g7g6 e5g6 h7g6 h5h8,1172,trappedPiece
00QZ3,r1bq3r/ppppnkpp/2n5/b5N1/4P3/B1P5/P4PPP/RN1QK2R b KQ - 1 9,f7f8 d1f3 f8e8 f3f7,1173,mateIn2
03o4R,8/P2P4/4R3/3r2p1/r2k3p/4pB1P/8/4K3 b - - 2 55,d5d7 e6e4 d4c5 e4a4,1173,skewer
08y3P,8/1p2kpp1/p5r1/2p1P2p/P1B2K2/2P5/1P1R2P1/8 w - - 0 27,g2g3 g6g4 f4e3 g4c4,1173,skewer
04e1F,5b2/p4k1p/8/2nP4/8/8/P3KP2/2R5 w - - 6 35,e2e3 f8h6 f2f4 h6f4 e3f4 c5d3 f4f5 d3c1,1174,attraction exposedKing
06AH0,4r1k1/pp3p1p/3p2p1/8/3n4/P2RN2q/1P6/1B1Q2K1 b - - 0 33,h3g3 e3g2 d4e2 d1e2 e8e2 d3g3,1174,defensiveMove
07nyx,8/2p4p/p1p3p1/1p4k1/1P1P1p1P/P2K1PP1/8/8 b - - 0 36,g5f5 g3g4 f5e6 d3e4,1174,pawnEndgame
0BDFq,3rkR2/8/p3p2p/1p6/3q4/2N5/P5rP/5R1K b - - 1 28,e8e7 f1f7 e7d6 f8d8 d6e5 d8d4,1174,skewer
0RrFz,r4rk1/ppp2ppp/2nbp3/6B1/6qN/2PP1P2/P1PQ2PP/R4RK1 b - - 0 14,g4h5 g2g4 h5g5 d2g5,1174,trappedPiece
0ntJ4,r1b2rk1/ppp2ppp/2n1p3/7n/1PBP3q/P1Q1PP2/6PP/R1B1K1NR w KQ - 1 11,g2g3 h5g3 h2g3 h4h1,1174,trappedPiece
00aCb,r2q1rk1/pp2bpp1/2p1b2p/3nP3/3PN3/1P1Q3P/P4BP1/1BR2RK1 b - - 4 25,d5f4 e4f6 g7f6 d3h7,1175,kingsideAttack mateIn2
01bkF,8/p1q3k1/6r1/3ppR2/7Q/7P/P5PK/8 w - - 6 54,f5g5 e5e4 h4g3 c7g3,1175,discoveredAttack
0BmAI,r3k1nr/ppp2ppp/2p5/2b1p1q1/3PP3/2P3P1/PP2KP1P/RNBQ3R b kq - 0 8,g5g4 f2f3 g4h3 d4c5,1175,defensiveMove
02vTI,2k3r1/2p2pq1/p3p3/3p4/1PnP1P2/P1N1P3/4QKP1/R4R2 w - - 7 32,f1g1 g7g3 f2f1 c4e3 e2e3 g3e3,1176,deflection
09tJM,3r2k1/p4pp1/7p/7n/7B/P4P2/1PQpq1PP/3R2K1 w - - 4 30,h4d8 e2e1 d1e1 d2e1q,1176,promotion
00Hut,r4rk1/4p1bp/3p2p1/q1pP1P2/4QP2/4B3/1p5P/1BKR3R w - - 0 22,c1c2 a5c3,1177,mateIn1
027Ar,2q2r2/1pp2rpk/p1npbn1p/3Np3/4P2N/P2QP1PP/1PP3BK/3R1R2 b - - 6 18,e6d5 e4d5 e5e4 g2e4,1177,discoveredAttack
02wWR,rn2r3/pbppk1pp/1p6/2b1N3/3p1B2/5N2/PPP2PPP/4RRK1 b - - 13 17,e7d8 e5f7 d8c8 e1e8,1177,deflection
096Vs,8/6k1/7p/1R6/1p1K4/1P6/6r1/8 w - - 2 46,b5b4 g2g4 d4c5 g4b4 c5b4 h6h5 b4c3 h5h4,1177,defensiveMove rookEndgame
0BH32,bq2r3/2b2p1k/pp1ppn2/6r1/P1P1P1np/1PN5/3RN1PP/3RQBBK w - - 0 34,e1h4 g5h5 h4h5 f6h5,1177,defensiveMove
02tEk,1r3rk1/p5pp/1qp5/3Rp3/8/PPQ5/2P2PPP/4R1K1 w - - 1 21,d5e5 b6f2 g1h1 f2f1 e1f1 f8f1,1178,backRankMate
07V9Y,4r1k1/R7/2pp1pK1/1p4p1/8/2P2p2/1P6/8 b - - 1 46,e8e6 a7a8 e6e8 a8e8,1178,rookEndgame
0C8H7,8/5ppp/8/1p1pPK1P/k2P2P1/P7/8/8 w - - 0 33,e5e6 f7e6 f5e6 a4a3 e6d5 b5b4,1178,pawnEndgame
0FaFr,8/1p4N1/3r4/5k1K/2r5/4R3/8/8 b - - 1 51,f5f6 g7e8 f6f5 e8d6 f5f4 d6c4,1178,exposedKing
0fhSc,3r1rk1/pb4pp/1p2pq2/2p1Rp2/3P4/P1P2PB1/3Q2PP/4R1K1 b - - 9 21,f8f7 e5e6 f6e6 e1e6,1178,trappedPiece
01FU2,rnb1r1k1/pp3p1p/3p2pQ/3NB3/2P5/3BPN2/Pq1b2PP/3K3n b - - 1 16,e8e5 d5f6 g8h8 h6h7,1179,kingsideAttack mateIn2
04CtU,rn2k2r/pp1q1ppp/3bbn2/2pp2N1/8/6P1/PPPP1PBP/RNBQR1K1 w kq - 8 9,g2d5 f6d5 g5e6 f7e6,1179,hangingPiece
08Jhb,1r5r/k1p2p2/p2p4/2nQ2p1/7p/R3P3/1qP2PPP/R5KN w - - 4 27,d5f7 b2b1 a1b1 b8b1,1179,backRankMate
099Yk,r1b1k1nr/pp1p1ppp/8/4P3/1b6/1Q6/P1p1PPPP/1N2KB1R w Kkq - 0 13,b3b4 c2c1q,1180,promotion
09hwu,6k1/p7/8/2p2KP1/8/P7/8/8 b - - 1 54,c5c4 f5e4 g8f7 e4d4 c4c3 d4c3,1180,pawnEndgame
0DMdx,r1b1k2r/ppp2p2/3p4/2b1p3/2BnP1Pp/2NPqP2/PPP1Q2B/R3K2R w KQkq - 3 16,c4f7 e8f7 e2e3 d4c2 e1d2 c2e3,1180,exposedKing
00WDP,1r2kb1r/p4ppp/Q1n5/2qpP1Bb/8/5N1P/P2N1PP1/R4RK1 b k - 2 16,b8b6 a6c8 c6d8 c8d8,1181,mateIn2
01a8M,8/p2R1pkp/1p1R4/8/4PP1K/2r3rP/P7/8 w - - 13 34,d7a7 g3h3 h4g5 c3g3 g5f5 h3h5,1181,rookEndgame
08wAr,8/2k5/R7/4PK2/5P2/pr6/8/8 w - - 1 57,f5f6 b3b6 a6b6 c7b6 f6f7 a3a2 e5e6 a2a1q,1181,promotion rookEndgame
0UkMz,3r1rk1/pp3ppp/2bbp3/8/4PP2/P1NBR3/1PQ3Pq/3R1K2 b - - 0 19,d6f4 e3h3 h2h3 g2h3,1181,trappedPiece
0ge7X,r6r/p1p1qpk1/1p1p4/3P1pPn/2P2P1R/4PP2/PP3K1Q/2R5 w - - 0 31,h4h5 h8h5 h2h5 a8h8 h5h8 g7h8,1181,trappedPiece
01Pkt,8/p6p/6p1/1P2p3/Pk6/4KP2/6PP/8 w - - 4 34,e3e4 b4a4 e4e5 a4b5 f3f4 a7a5,1182,defensiveMove pawnEndgame
03I6Q,2r2rk1/1p3ppp/pqn1b3/2bpPp2/3N1P2/2P1BN2/P5PP/1R1Q1R1K b - - 8 17,b6c7 d4e6 f7e6 e3c5,1182,discoveredAttack
0Ahbz,2kr3r/pp1n1pp1/2pb1n1p/3p1NB1/3P4/5N2/PPP2PPP/2KR3R b - - 1 14,h6g5 f5d6 c8c7 d6f7,1182,hangingPiece
00Ta0,4k3/1R6/6p1/4Np1p/7P/2r3PK/5b2/8 w - - 11 47,e5g6 c3g3 h3h2 g3g6,1183,fork
01Lo7,r2qb2r/6k1/p2p1p2/1ppN1Pp1/4P1Q1/2PP3P/P5P1/3R1RK1 w - - 6 29,g2g3 e8h5 g4h5 h8h5,1183,trappedPiece
046Rc,r4rk1/ppp2ppp/3p4/3q4/1P1b1P1n/3BB1RP/P4P1K/R2Q4 b - - 1 21,d4a1 d3h7 g8h7 d1d5,1183,discoveredAttack
046t6,r1b2rk1/pppp1pp1/1bn4p/7n/2B1P2q/P1NP4/1PPBN1PP/R2Q1R1K w - - 5 13,e2f4 h5g3,1183,pin
04XVt,Rr3r1k/1P5p/1p6/1PbB4/2Pq4/4pPP1/Q3R2P/6K1 w - - 3 31,a2b2 d4b2 e2b2 e3e2 g1g2 e2e1q,1183,advancedPawn discoveredAttack promotion
0oxex,r1bqk1nr/2ppb1pp/p1n2p2/1p2p2Q/B3P2N/8/PPPP1PPP/RNB2RK1 b kq - 1 7,g7g6 h4g6 h7g6 h5h8,1183,trappedPiece
013hi,2k5/bpp2B2/p1np4/4pR2/PP2P1q1/1NPP2P1/5RK1/8 b - - 6 30,a7f2 f7e6 c8d8 f5f8 d8e7 e6g4,1184,discoveredAttack fork
01pet,8/8/2Pk2pp/1b6/1N1K4/7P/6P1/8 b - - 3 42,b5c6 b4c6 d6c6 d4e5,1184,defensiveMove
03fNg,8/2p1rpk1/2pp2p1/p6p/2PP2bP/1PN3P1/P4P2/R4K2 w - - 0 26,a1e1 g4h3 f1g1 e7e1,1184,deflection
04knM,5nr1/1p3k1p/pr2pp2/3p1P2/3P3P/2P2N1K/1P2R3/4R3 b - - 4 31,e6f5 e2e7 f7g6 e1g1 g6h6 g1g8,1184,skewer
05P4e,8/8/4p3/pp2k1p1/6P1/PP2KP2/8/8 b - - 0 42,e5d5 f3f4 g5f4 e3f4,1184,pawnEndgame
08V6a,1r4k1/p5p1/2p1R2p/2PpQ3/2nP4/B3PP1P/P5PK/4q3 w - - 9 34,e6e8 b8e8 e5e8 g8h7 a3c1 e1c1,1184,trappedPiece
00Tya,r4rk1/6pp/1p1Bp3/p7/P1PP4/4nqP1/2QR3P/4R1K1 w - - 1 25,c2a2 f3f1 e1f1 f8f1,1185,kingsideAttack mateIn2
03VQT,6r1/1pp3k1/3p4/p2Pp1pP/2P1n1P1/P7/1P4K1/5R2 b - - 0 36,g8f8 h5h6 g7h6 f1f8,1185,deflection
00Uo9,4Q3/5ppk/2p2b1p/1pq1pP2/2r1B3/5P1P/6P1/5R1K b - - 3 33,c5e7 e8e7 f6e7 f5f6 c4e4 f6e7,1186,advancedPawn discoveredAttack
01uSL,q7/5pkp/1n2pnp1/2p1p3/1p6/1P1PNN1P/2PQ1PP1/6K1 w - - 0 24,f3e5 a8a1 e3f1 a1e5,1186,fork
023eI,7k/p6p/1p6/2b5/1P1pBPq1/3Q4/P6P/7K b - - 2 30,c5d6 d3d4 g4g7 d4d6 g7a1 h1g2,1186,defensiveMove fork
0240A,3b4/3P1k2/2pB4/1p1b2p1/2pK2B1/2P5/P4P2/8 w - - 2 47,d4e5 d8f6 e5f5 d5e6 f5e4 e6g4,1186,deflection
02GOf,8/8/5kp1/1p3p2/p1p2P1p/P1P1KP1P/1P6/8 b - - 4 46,g6g5 f4g5 f6g5 f3f4 g5g6 e3d4,1186,attraction pawnEndgame
04jax,8/4k3/1p4K1/2p1pr2/2P3p1/pP4P1/P2R3P/8 b - - 1 54,e7e6 d2d6 e6d6 g6f5 e5e4 f5e4,1186,deflection rookEndgame
075iw,5r1k/p5pp/2p1Q3/1pq1p3/4P3/8/B4PPP/5RK1 w - - 0 32,f1d1 c5f2 g1h1 f2f1 d1f1 f8f1,1186,backRankMate
07YH3,7k/p4p1p/4rp2/4q3/2Q5/1P6/P4PPP/3R1K2 w - - 5 28,c4d4 e5e2 f1g1 e2e1 d1e1 e6e1,1186,backRankMate
0CmIV,2r2rk1/pp3ppp/1q2p3/3p4/3P1b2/2BB1P2/PP5P/3RQRK1 w - - 0 17,d3h7 g8h7 e1h4 f4h6,1186,hangingPiece
01TEE,2r1r1k1/pp2bppp/1q3n2/4B3/4N3/1P3Q2/P5PP/3R1R1K b - - 4 18,f6e4 f3f7 g8h8 f7g7,1187,kingsideAttack mateIn2
02FdM,3rr1k1/5ppp/8/R7/2QP4/P1P2qPP/1P3P2/3R2K1 w - - 1 28,c4d3 e8e1 d1e1 f3d3,1187,deflection
043BF,k2r4/1p5p/p1n2Q2/8/5B2/6P1/qPP4P/2K1R3 w - - 0 31,c2c3 a2a1 c1c2 a1e1 f6d8 c6d8,1187,skewer
05Xf8,2kr4/Qpq3pp/2p2p2/5P2/8/2P5/Pr4PP/4RR1K b - - 0 28,c7b6 a7a8 c8c7 e1e7 d8d7 e7d7 c7d7 f1d1,1187,attraction
0Eao1,8/1p6/7p/6p1/PP1k4/7P/3K2P1/8 w - - 1 57,d2c2 d4c4 b4b5 c4b4,1187,pawnEndgame
04bxb,6k1/6p1/8/P2p4/1P1P1P1r/2P1pb2/R3N3/5K2 w - - 1 43,a5a6 h4h1 e2g1 e3e2 a2e2 f3e2 f1e2 h1g1,1188,advancedPawn exposedKing pin
05FNp,8/p5pk/1p3r1p/3B1bq1/2P5/5QP1/P4P1P/4R1K1 w - - 1 26,e1e5 g5c1 g1g2 f5h3 g2h3 f6f3,1188,discoveredAttack
09aCO,r7/p1RR4/1p2r2p/2p3p1/5k2/5P2/PP3PKP/8 b - - 3 33,e6e2 d7f7 f4e5 c7e7 e5d4 e7e2,1188,skewer
01Kjm,8/KP2r1pk/5p2/7p/4b2P/3Q4/8/8 w - - 3 72,d3e4 e7e4 b7b8q e4a4 a7b7 a4b4 b7c8 b4b8,1189,skewer
06Myj,1r1k4/7R/2nNp3/1b1pP2P/2pP4/2p5/2P1BP2/3K4 b - - 2 33,c6d4 h7h8 d8d7 h8b8,1189,skewer
07et0,5k2/1r3p2/3P3p/2p2Kp1/2PbN3/p5PP/P2R2P1/8 w - - 3 41,d2d4 c5d4 c4c5 d4d3,1189,hangingPiece
082TZ,3r1bk1/4qpp1/3p3p/1QpP4/4nBP1/1PN4P/2P2P2/R5K1 w - - 5 27,a1e1 e4c3 e1e7 c3b5,1189,hangingPiece
08zLJ,r5k1/3bQ1pp/3pp3/p1p5/4P3/2NP3P/1q4P1/5R1K b - - 1 24,b2c3 e7f7 g8h8 f7f8 a8f8 f1f8,1189,backRankMate
09awU,6k1/pp1P2pp/6p1/2p1q3/2P5/1P3pr1/P4P2/R2Q2K1 w - - 0 27,f2g3 e5g3 g1f1 g3g2 f1e1 f3f2,1189,exposedKing
0BiXY,1r4k1/2pq1pp1/3p3p/8/4Q1P1/1pP2P1P/1P6/2K1R3 b - - 0 26,g8f8 e4h7 f7f6 h7h8 f8f7 h8b8,1189,skewer
0CYe0,8/1p3p2/1P4p1/2K1k2p/p7/6PP/1P3P2/8 b - - 1 40,e5e4 c5d6 e4d3 d6c7,1189,pawnEndgame
01dU7,6k1/5p1p/Q3p3/1p3q2/3r3P/P5P1/5P2/4R1K1 b - - 0 37,d4d2 a6c8 g8g7 c8c3 f5f6 c3d2,1190,fork
01mxD,rn3rk1/p1b2ppp/1p1qp3/3p2n1/1P1P4/PN1QPN2/5PPP/R3BRK1 w - - 6 17,b4b5 g5f3 g2f3 d6h2,1190,kingsideAttack
03by5,2r1Rk2/1Q4p1/p2P1ppn/2P2b1q/3B4/7P/PP3Pp1/4R1K1 b - - 2 24,c8e8 e1e8 f8e8 b7e7,1190,attraction
05CGh,4r1k1/5pp1/1p5p/p1n5/5Q2/2P5/PP3PPP/4N1K1 w - - 1 27,g1f1 e8e1 f1e1 c5d3 e1d2 d3f4,1190,attraction
00QBx,rn1qk2r/pb3ppp/5n2/2b5/7N/2N1p1P1/PP1PPP1P/R1BQKB1R w KQkq - 0 9,h4g2 e3f2,1191,advancedPawn mateIn1
00Zit,r3kb1r/ppp2pp1/3p4/1P2p3/2P3pn/2N1P2q/PB1P1P1N/R2Q1RK1 w kq - 0 15,d1g4 h4f3 h2f3 h3g4,1191,deflection kingsideAttack mateIn2
02GkM,1r1qkb1r/1p3ppp/4b3/p2pP3/P7/1Q6/1P3PPP/RNB2RK1 w k - 3 15,b1c3 d5d4 b3b5 e6d7 b5d3 d4c3,1191,defensiveMove
052Ai,5r2/p5p1/2Rpk2p/3n4/1P1PN3/1b5P/3B1P1K/8 b - - 2 36,f8d8 e4c5 e6f5 c5b3,1191,pin
08G86,8/p5p1/4p3/3pP2p/5PkP/K1P3P1/8/8 b - - 0 42,g4g3 f4f5 e6f5 e5e6 f5f4 e6e7,1191,pawnEndgame
0A5nM,8/p7/3k1p2/3p4/2pP1PPp/P5b1/2KB2N1/8 w - - 0 40,f4f5 h4h3 g2f4 h3h2 f4h5 h2h1q,1191,promotion
0AQCC,8/6R1/2p3kp/P1Pp1q2/3P4/3Q1P2/5K2/7q b - - 0 41,g6f6 g7f7 f6f7 d3f5,1191,attraction
00Ybq,2rr4/4kp2/p3p2q/1p3nNP/3PQP2/P1N5/1P3K2/6R1 b - - 0 34,d8d4 e4b7 d4d7 b7c8,1192,fork
09MNf,8/5p1k/6p1/7r/3N4/P2q4/1Q2nP1P/2KR4 w - - 11 40,d4e2 h5c5 e2c3 c5c3 b2c3 d3c3,1192,exposedKing
0CO9p,1r3bk1/8/pN1p1npp/P1pPp3/8/5KPP/1R3P2/2B5 b - - 3 42,f6d5 b6d5 b8b2 c1b2,1192,hangingPiece
00Y6y,5k2/5pp1/8/1p2N3/1P6/7P/3nR1P1/2r3K1 w - - 1 48,g1h2 d2f1 h2g1 f1g3 g1f2 g3e2,1193,discoveredAttack
01NfS,r3k2r/pp2bppp/2pQ4/2Bn4/6P1/3P4/PPP4P/1K2R1Nq b kq - 3 19,a8d8 e1e7 d5e7 d6e7,1193,mateIn2
023GF,5k2/R5pp/4pp2/8/2p5/1p2N1P1/1P3PKP/2r5 w - - 0 31,a7d7 c4c3 b2c3 b3b2,1193,advancedPawn
02EUf,6r1/1P6/2B5/8/3k3p/3pp2P/1R6/4K3 w - - 2 53,b7b8q g8g1,1193,mateIn1
043c7,8/6K1/5p1p/5P1P/4pkP1/8/8/8 w - - 0 59,g7f6 e4e3 f6g7 e3e2 f5f6 e2e1q,1193,advancedPawn pawnEndgame promotion
0EGlr,8/1K6/3k2p1/1pp3P1/1P6/P7/8/8 w - - 0 53,b7b6 c5c4 b6b5 c4c3 b5c4 c3c2,1193,pawnEndgame
01tZ5,1r2n1r1/2q2ppk/2pb1B2/1p2pN1p/4P3/4Q1RP/PP3PP1/R5K1 b - - 1 25,e8f6 g3g7 g8g7 e3h6 h7g8 h6g7,1194,attraction fork
02WQZ,5rk1/3P1pbp/q3p1p1/r2p4/1Q3P2/N1P1B3/PP4PP/R5K1 b - - 2 23,a5a4 b4f8 g7f8 d7d8q,1194,advancedPawn kingsideAttack promotion
03Vlf,1kr5/1p1q1pp1/p2bb2p/8/3N4/3QP3/PP1B1PPP/3R2K1 w - - 0 24,d4e6 d6h2 g1h2 d7d3,1194,discoveredAttack kingsideAttack
099qG,1r3rk1/ppp3pp/6p1/3Q4/8/2P1PPq1/PP4P1/2KR3R b - - 0 19,g8h8 h1h7 h8h7 d1h1 g3h2 h1h2,1194,attraction
00ICz,2k2rr1/1p1q3p/1p2p3/1NbpQ3/P1p2P2/6P1/6KP/R4R2 b - - 0 31,f8f5 b5a7 c8d8 e5b8 d8e7 b8g8,1195,skewer
01q7V,2r3k1/p4ppp/R1B1b3/2P5/4p3/2b1P3/4KPPP/7R w - - 6 26,h1c1 e6c4 e2d1 c4a6 c1c3 c8c6,1195,fork
02TLp,8/8/5p2/1p5p/2k1Kp2/P5P1/7P/8 w - - 0 36,g3f4 c4b3 e4f5 b3a3 f5f6 b5b4 f6e7 b4b3 f4f5 b3b2 f5f6 b2b1q,1195,advancedPawn pawnEndgame promotion
03mei,r1bk3r/ppp2ppp/8/8/8/4P1P1/PP1P1bBP/R1Bn1K1R b - - 0 11,h8e8 f1e2 c8g4 g2f3,1195,defensiveMove
04j3z,r5k1/3n1p1p/4p3/1R2P3/2qPNp2/2p4P/2Q2PP1/6K1 w - - 2 25,b5b7 a8a1 b7b1 a1b1 c2b1 c3c2,1195,advancedPawn
05HSP,8/5R1p/3BP1p1/6P1/2p4r/2Pnk3/8/3K4 w - - 1 52,e6e7 h4h1 f7f1 h1f1 d1c2 f1c1,1195,exposedKing
00TQf,4r1k1/p1R1n2p/4N3/5rK1/8/6PP/P3R3/8 w - - 3 46,g5g4 h7h5 g4h4 e7g6,1196,mateIn2
012K5,8/3Q1kpp/8/3K4/6P1/8/7P/q7 b - - 9 46,f7g6 d7f5 g6h6 f5h5,1196,mateIn2
03Ekd,8/8/4nk2/5p1p/8/5NKP/6P1/8 b - - 11 66,e6g5 f3g5 f6g5 h3h4 g5f6 g3f4,1196,attraction
04btL,2kr1b1r/1p6/2p1qN2/3pP3/3P3n/1Q5p/1n5K/2RB1R2 b - - 1 35,b2c4 d1g4 e6g4 f6g4,1196,pin
04hnN,6k1/4bppp/1pQ5/2p1N3/3pP3/3q3P/1r3PPK/r7 b - - 1 37,d3a6 c6e8 e7f8 e8f7 g8h8 f7f8,1196,deflection
083Vf,3r2k1/6pp/p4n2/1p6/4b3/1N3B2/PPp2PPP/2R3K1 w - - 4 25,f3e4 d8d1 c1d1 c2d1q,1196,promotion
0Mma2,r4rk1/6pn/1p1p3p/pPpPp2R/Pn2PqP1/1Q3P2/1P1R4/2KB1N2 b - - 1 24,h7f6 h5f5 f6d7 f5f4,1196,trappedPiece
004LZ,8/7R/5p2/p7/7P/2p5/3k2r1/1K2N3 w - - 3 48,e1g2 c3c2 b1a2 c2c1q h7d7 d2e2,1197,advancedPawn defensiveMove deflection promotion
00ZSd,2R5/5pk1/pb4p1/1p1q4/3P1P1p/P3r2P/1PQ3P1/3R2K1 w - - 6 45,g1h1 e3h3 h1g1 b6d4 d1d4 d5d4,1197,pin
04QLZ,8/8/4k3/K4p2/4P2p/6pP/P5P1/8 b - - 0 43,f5e4 a5b4 e6d5 b4c3,1197,defensiveMove pawnEndgame
0C15U,1n1q1rk1/2p2ppp/3b4/1r2p3/4Q3/P3PP2/1B4PP/1R2K1NR b K - 1 15,d6a3 b2a3 b5b1 e4b1,1197,hangingPiece
04wkA,1k6/1pq2pp1/p5p1/3Q2P1/7r/4R3/PPP5/2K5 b - - 1 26,h4h2 e3e8 b8a7 d5d4 c7b6 e8a8 a7a8 d4b6 h2h1 c1d2,1198,deflection
0ABBc,4r1k1/pp2qppp/8/8/1nPr2Q1/N7/PP3PPP/R4K1R w - - 0 16,g4d4 e7e2 f1g1 e2e1 a1e1 e8e1,1198,backRankMate
01Vrb,2k5/pp4pp/4pr2/2qpNn2/8/2P3P1/PP4PP/R2Q1R1K w - - 2 20,e5d3 f5g3 h2g3 f6h6 d1h5 h6h5,1199,kingsideAttack
09yqH,r2q1rk1/1b1pnpbp/p3p1p1/1p6/3BPP2/2P2N2/PP1QB1PP/R4RK1 b - - 0 15,b7e4 d4g7 g8g7 d2d4 g7g8 d4e4,1199,attraction
0B9iA,2r1brk1/6p1/4p1P1/ppbp1p1R/5B1q/2PBP2P/PP6/2KQ4 b - - 4 24,h4f2 h5h8 g8h8 d1h5 h8g8 h5h7,1199,attraction
01Pe4,r2qkb1r/1b3ppp/p1p1p3/2ppN3/4nPP1/1P2P3/PBPP3P/RN1QK2R w KQkq - 2 10,d2d3 d8h4 e1f1 h4f2,1200,mateIn2
08RMU,8/8/bK6/P7/2p2k2/2P5/8/8 b - - 1 45,f4e4 b6a6 e4d3 a6b5 d3c3 a5a6 c3d3 a6a7 c4c3 a7a8q,1200,hangingPiece promotion
01m5k,4r1k1/pp2rp1p/5Rp1/1q6/8/1P4Q1/P4PPP/5RK1 w - - 1 22,a2a4 b5f1 g1f1 e7e1,1201,attraction mateIn2
03jNq,r1b2rk1/5p2/p2pp1p1/1pq1n1bP/4P3/1NNB2Q1/PPP5/2K2R1R w - - 0 20,g3g5 e5d3 c2d3 c5g5,1201,discoveredAttack
0A5Iq,r1bq2kr/ppp3b1/2np1n1p/7B/3PpQ1B/2P1P3/PP1N1PPP/R3K2R w KQ - 2 16,d2e4 f6h5 h4d8 h5f4,1201,hangingPiece
0Im0P,8/4N1pk/2p4p/4P3/1P2P3/1KR4P/r7/r7 w - - 3 34,e7c6 a2a3 b3c4 a3c3 c4c3 a1c1 c3d4 c1c6,1201,skewer
01hmS,r4rk1/p4ppp/Q7/3pb3/1B1Np2q/P3P3/4BPK1/1RR5 w - - 3 26,b4f8 h4h2 g2f1 h2h1,1202,mateIn2
03eks,5r1k/p5pp/1p3q2/2pBp3/2PpP1Qn/PP6/2K4R/8 b - - 1 30,h4g6 h2h7 h8h7 g4h5,1202,attraction
04O8q,r3r3/1b2qpkp/p2p2n1/1ppPpQ2/4P1P1/1BP4R/PP3PP1/R5K1 b - - 4 27,e7f6 h3h7 g7h7 f5f6,1202,deflection
0TCAd,2r1r1k1/3Q1p1p/p2p2p1/3P2B1/1p3P2/3N4/Pbq3PP/K3R2R w - - 0 25,d3b2 e8e1 h1e1 c2c1 e1c1 c8c1,1202,backRankMate
009J1,rn2k2r/pp2bp1p/2p1pNp1/6B1/5P2/7P/PPP4P/2K1RR2 b - - 3 17,e8f8 g5h6,1203,mateIn1
03Qx8,8/6k1/6p1/8/3Pp1P1/R7/4K3/6r1 w - - 1 48,e2e3 g1g3 e3f4 g3a3,1203,rookEndgame skewer
04YaR,5rk1/7p/p1p5/3pB1q1/3P2p1/2PB1rQb/PP2RPpP/4R1K1 w - - 4 32,d3h7 g8h7 e5d6 f3g3,1203,hangingPiece trappedPiece
05ad4,r3k1nr/pp1n1pb1/1qp3p1/4p2p/4P1b1/2NP1N1P/PPP1B1P1/R1BQ1R1K w kq - 0 11,h3g4 h5g4 f3h2 g4g3,1203,discoveredAttack
067sz,5qk1/pp4p1/6Q1/6N1/1bPp4/3n4/PP4PP/R3r1K1 w - - 3 27,a1e1 f8f2 g1h1 f2e1,1203,backRankMate
0Ar8z,r4rk1/2q2pp1/2nbpn1p/pp1p4/3P4/P1P1NB1P/1PQB1PP1/R4RK1 b - - 0 16,c6d4 c3d4 c7c2 e3c2,1203,hangingPiece
001xl,8/4R1k1/p5pp/3B4/5q2/8/5P1P/6K1 b - - 5 40,g7f6 e7f7 f6e5 f7f4,1204,skewer
01Cq8,r2r1k2/5p1p/p4p2/1pP1p3/3Nb3/P3P3/1P3PPP/2RR2K1 w - - 0 20,d4b3 d8d1 c1d1 e4c2 d1d6 c2b3,1205,fork
01osm,7r/pp2Rp2/1n4pk/4Q3/3N2q1/8/PP3PPP/5bK1 w - - 4 29,g1f1 g4d1 e5e1 d1d4 e1e3 d4e3,1205,deflection
0AY1c,6k1/1p5r/2p5/p1P2Np1/6r1/1PQ5/5R2/3K4 w - - 4 36,f2h2 g4g1 c3e1 g1e1 d1e1 h7h2,1205,exposedKing
044fo,8/2k5/2b1P3/8/P1B2r2/1KP5/1P6/3R4 w - - 3 56,c4d5 c6a4 b3a3 a4d1,1206,skewer
00SgB,b3rrk1/qn2R3/1p3ppp/1P1p4/1Q1PnB2/P3P3/4BPPP/5RK1 b - - 0 28,e8e7 b4e7 f8f7 e7e8 g8g7 f4h6,1207,exposedKing kingsideAttack
01bwq,r1b2k1r/pppq1ppp/1n6/1B1PQ1B1/8/2P5/P4PPP/R3K2R b KQ - 2 15,d7d6 e5e8,1207,mateIn1
0A4iH,8/7k/1p4p1/p1p2p1p/P7/1P1r1P1P/4K1P1/1R6 b - - 1 42,d3c3 e2d2 c3f3 g2f3,1207,trappedPiece
00tZP,r2qk2r/1p3ppp/8/2pPPn2/1pPn2b1/3Q1NP1/PP3PBP/RN3RK1 w kq c6 0 14,d5c6 d4f3 d3f3 g4f3,1209,kingsideAttack
00Bul,rnbqk2r/pp3ppp/5n2/3pN3/2B5/2P5/P1PPQPPP/R1B1K2R b KQkq - 1 8,d5c4 e5c6 c8e6 c6d8,1210,discoveredAttack
00xsd,r1bqkb1r/1p1npp1p/p2p1np1/6B1/3N4/3BP3/PPP2PPP/RN1QK2R w KQkq - 0 8,c2c4 d8a5 b1c3 a5g5,1210,fork
053Uv,8/p5pp/1p1R4/1P1P4/1P3k2/2K5/3r4/8 b - - 2 44,f4e3 d6e6 e3f4 c3d2,1210,deflection rookEndgame
0HBtD,8/pp5k/4Rrp1/3p1p1p/7Q/8/q5PP/7K w - - 0 33,h4f6 a2b1 e6e1 b1e1,1210,backRankMate
00cy1,2rknb2/3q1pp1/p1pP3r/1pQ1P2p/5P2/1P4P1/PB4K1/3R4 b - - 0 27,h5h4 c5b6 e8c7 d6c7,1211,advancedPawn pin
01YpY,2r3k1/5ppp/1p3n2/2q1p3/2BN4/5P2/PQ4PP/2R3K1 b - - 2 32,c5d4 b2d4 e5d4 c4f7 g8f7 c1c8,1211,discoveredAttack
02I5f,rr2k3/2p2PQ1/2n5/2n1p1p1/2Pp4/p2P4/P4PK1/8 b - - 0 39,e8d8 f7f8r,1211,advancedPawn mateIn1 promotion
0CARY,6R1/1pr5/p5Bk/5p1P/P3bK2/8/8/8 b - - 3 46,e4c2 g8h8 h6g7 h8h7 g7f6 h7c7,1211,exposedKing skewer
04coX,6k1/1p1b1pp1/p2P3p/8/3P2P1/1P5P/1r3P2/2R3K1 b - - 2 28,d7c6 c1c6 b7c6 d6d7,1212,advancedPawn
0Ul8J,5rk1/p4qpp/2Q5/4p1b1/3pP3/P7/1PPB2PP/R5K1 w - - 1 22,d2g5 f7f2 g1h1 f2f1 a1f1 f8f1,1212,backRankMate
03726,r3q2k/6b1/p5pp/1nQ1Nr2/5P2/2P5/PP4PP/R3R1K1 b - - 0 23,a8c8 e5g6 e8g6 c5c8,1213,deflection kingsideAttack
04hIv,3r2k1/p3bppp/b1p2n2/2P1p3/1p2P3/1N3P2/PP4PP/RNB3K1 w - - 0 17,c1e3 d8d1 g1f2 d1f1,1214,kingsideAttack
03Xd6,r1b1r3/ppp2p2/3pk3/4n1B1/8/2N4Q/Pq4PK/5R2 b - - 9 28,f7f5 h3f5,1215,mateIn1
08Sd9,8/B2k4/8/1P1P1pp1/6np/8/4K2P/8 b - - 0 57,g4h2 b5b6 d7c8 d5d6 h2g4 d6d7 c8d7 b6b7,1215,exposedKing
00Us6,3r1rk1/p3R2p/2p2p2/1pPq4/1n1P1P2/6P1/1B2Q2P/2K1R3 b - - 3 32,d5b3 e2g4 g8h8 g4g7,1216,kingsideAttack mateIn2
04ZkB,5Q2/3q3k/p1rP1pp1/1p2b2p/1B6/P6P/6P1/3R3K b - - 4 34,a6a5 f8e7 d7e7 d6e7,1216,advancedPawn
09FV3,4r3/7p/6p1/1p1k1p2/1PpP1P2/7P/3K1P2/3R4 b - - 6 35,d5d4 d2c2 d4e4 d1e1 e4f4 e1e8,1216,rookEndgame skewer
07987,8/5p2/5kp1/5PPp/5K2/7P/8/8 b - - 0 65,f6g7 f5f6 g7f8 f4e5 f8e8 e5d6,1217,defensiveMove pawnEndgame
054x7,r2n4/pbp1N2k/1p2p2p/8/4P3/3B2R1/PPP5/1K6 b - - 7 27,h7h8 g3g8 h8h7 e4e5 b7e4 d3e4,1218,discoveredAttack exposedKing
05qAk,r2qk2r/pbp1p1b1/1pnp2p1/4P1pP/3P3p/2N1QP2/PPP4P/2KR1BNR w kq - 0 13,e3g5 g7h6 g5h6 h8h6,1218,pin
062ao,3r4/7p/8/R1N2bk1/2p5/2P5/PP2r1PP/2K4R w - - 1 29,h1d1 e2c2 c1b1 d8d1,1218,deflection
07zSM,5r1k/6pp/6p1/3Q2P1/2B4q/pP6/Pb6/1K5R b - - 1 39,h4f4 h1h7 h8h7 d5h1 f4h2 h1h2,1218,attraction
074ux,5rk1/6p1/p2Np1Qp/8/5Pn1/P5Pq/1P3P1P/2R3K1 w - - 9 28,d6e4 h3h2 g1f1 h2h1 f1e2 h1c1,1219,skewer
0HJPY,1r3r1n/p5k1/1p2p1p1/5bP1/3P3R/2P5/PP6/2K4R b - - 5 31,a7a5 h4h7 g7g8 h7h8 g8f7 h1h7 f7e8 h8f8 e8f8 h7h8 f8e7 h8b8,1219,skewer
0Hxpz,rn1qk1nr/pbpp1ppp/1p1bp3/4N3/3P1B2/4P3/PPP2PPP/RN1QKB1R b KQkq - 4 5,f7f6 d1h5 g7g6 e5g6 h7g6 h5h8,1220,trappedPiece
00f1Y,1r6/p2n1pkp/4p1p1/2Np4/1r6/1P1K1P1P/P3R1P1/2R5 b - - 5 36,b8c8 c5e6 f7e6 c1c8,1221,discoveredAttack
02Yk7,4r1k1/1q6/7b/5r1p/3p4/R2Np1P1/1P2Q2P/4R1K1 w - - 4 42,e1f1 f5f1 e2f1 e3e2,1221,advancedPawn
060Q4,4q1k1/pp5p/4rQp1/3pn3/8/2PB3P/PP4P1/4R2K w - - 2 25,f6f4 e5d3 e1e6 e8e6,1221,hangingPiece
067E4,8/5p2/p1k1p3/Pp2Pp1p/1P1K3P/8/6P1/8 b - - 0 42,c6b7 d4c5 b7c7 g2g3 f7f6 e5f6,1221,pawnEndgame
03Bwi,2k4r/p1p3b1/Pp1p4/1P1P1b1p/2B1rBp1/6P1/5P1P/2R2RK1 w - - 1 23,c4d3 e4f4 g3f4 f5d3,1222,discoveredAttack
05E1y,5r1k/p3Nppp/1p1Np3/1Pr1P3/5q1P/2P2bQ1/P5P1/3R2K1 b - - 1 31,f4g3 d6f7 f8f7 d1d8 f7f8 d8f8,1222,backRankMate
00qX2,1r2r2k/Q1R4p/4q1p1/4Bb2/8/8/PP3PPP/3R2K1 b - - 0 28,e6e5 c7h7 h8g8 a7f7,1223,mateIn2
02Ub7,2r2nk1/pb4pp/1p2p3/3pP1q1/3P4/1P3QP1/P2N2B1/5RK1 b - - 1 23,b7a6 f3f7 g8h8 f7f8 c8f8 f1f8,1223,backRankMate deflection
0BKS2,8/pp6/4k1p1/4P3/2K3p1/PP2R1P1/5r2/8 w - - 1 37,c4d3 f2f3 d3e4 f3e3 e4e3 e6e5,1223,exposedKing
0BfX4,1Q1k3r/2r2ppp/3p4/3P4/2q5/P1P5/7P/K1R5 b - - 4 27,c7c8 b8d6 d8e8 c1e1 c4e2 e1e2,1223,exposedKing
06cZu,3Q4/p4pp1/1p2p1qk/8/5nP1/5N2/P4P1K/8 b - - 10 40,g6g4 d8h8 h6g6 f3e5 g6f6 e5g4,1224,exposedKing
0BmZC,2k4r/ppp2Qp1/8/4P3/6rp/2P3Bq/PP3P2/3R1RK1 b - - 0 21,h4g3 f7d7 c8b8 d7d8 h8d8 d1d8,1224,backRankMate
0COYv,6k1/4n1pN/4pp2/p2p4/P2P4/4P3/2r1nPPP/R3R1K1 w - - 0 27,e1e2 c2e2 h7f6 g7f6,1225,trappedPiece
01HI3,Q3R3/1R3ppk/7p/8/2p5/2P5/1Pr4r/4K3 w - - 3 54,b7f7 c2c1,1226,mateIn1
01uDg,1q2nr1k/5p1p/4NP2/p7/5p1Q/4R3/1PP3PP/1K6 b - - 0 32,f4e3 e6f8 e8f6 h4f6,1226,hangingPiece
03ytg,5k2/ppp2qp1/8/3p2B1/3P4/2P3nP/PPQ3P1/6K1 w - - 3 25,c2f2 f7f2 g1f2 g3e4 f2f3 e4g5,1226,attraction
043HS,8/1r3p2/2k3p1/4p2p/1PK5/8/5PPP/3R4 w - - 2 44,d1d5 b7b4 c4b4 c6d5,1226,deflection rookEndgame
0PsPK,6k1/5ppp/R1N2n2/3p4/2q5/2P4P/1B1QrbPK/8 b - - 1 30,e2d2 a6a8 f6e8 a8e8,1226,backRankMate
02VAg,r3r1k1/1bqp1pbp/p1n3p1/1pNpP3/3p1B2/P4N2/1PP1QPPP/4RRK1 b - - 5 16,d7d6 e5d6 e8e2 d6c7,1227,advancedPawn
03Qdr,r6r/1p1kbpp1/6p1/p1pp4/6P1/P2P3P/1PP2PK1/R1B1R3 b - - 3 19,h8h4 e1e7 d7e7 c1g5 e7d7 g5h4,1227,attraction exposedKing
04Zsc,8/6p1/3p2kp/3P4/4P1P1/2b4P/2K5/8 b - - 0 49,g6f6 c2c3 f6e5 c3d3,1227,defensiveMove hangingPiece
050qo,r4rk1/2pq1ppp/pbn3b1/1p1NP3/6P1/5N1P/PP3P2/R1BQR1K1 b - - 0 17,f8e8 d5f6 g7f6 d1d7,1227,discoveredAttack
08j5B,1r6/6p1/7p/8/4k3/7P/1pK2PP1/1R6 w - - 10 45,b1b2 b8b2 c2b2 e4d3,1227,defensiveMove rookEndgame
03XdS,4rk2/ppp2p1p/2qp4/8/8/3K4/PPPP1Q1P/R1B3N1 w - - 0 17,c2c3 c6e4,1228,mateIn1
0652D,r1b2rk1/1pp2ppp/p6q/3N4/4PPn1/P2B2P1/1PP3P1/R2QR1K1 w - - 1 19,g1f1 h6h1 f1e2 h1g2,1228,deflection
08USp,r4r2/pp1b1p1k/4q1p1/7p/4P2P/3B4/P2Q1PP1/2B1K2R b K - 1 22,d7c6 d2h6 h7g8 c1b2,1228,defensiveMove
0HTsP,B2k4/p1pn1q1p/3p1n2/8/6b1/3P4/PPP2KPP/RNB1R3 w - - 1 17,b1c3 f6e4 f2g1 f7f2 g1h1 f2e1,1228,backRankMate
00AhO,r1b2rk1/2q2p1p/1p2pbp1/pP6/2P1Q3/P2B1N2/5PPP/3R1RK1 w - - 0 20,e4a8 c8b7 a8a7 f8a8 a7a8 b7a8,1229,trappedPiece
021YZ,1r4r1/p1kq1p2/3pb3/p2Bp2p/2P3np/P1QPP1P1/5P2/1R2R1K1 b - - 4 23,e6d5 c4d5 c7d8 b1b8,1229,discoveredAttack
0CZsI,8/8/1KQ5/8/1p2k3/8/8/1q6 b - - 3 58,e4d3 c6g6 d3d4 g6b1,1229,skewer
094TE,8/6p1/4p3/p7/5Pp1/1P3kP1/P1K4P/8 w - - 1 39,b3b4 a5b4 c2b3 f3g2 b3b4 g2h2 a2a4 h2g3 a4a5 g3f4 a5a6 g4g3 a6a7 g3g2 a7a8q g2g1q,1230,pawnEndgame promotion
09IbS,8/8/R6p/7k/6p1/2r4P/6PK/3R4 w - - 0 34,d1d6 g4g3 h2g1 c3c1 d6d1 c1d1,1230,rookEndgame
0O9a2,2bq1r2/p2p1nkp/4p1p1/r1p1Pp2/1Q3P2/1BP4P/PP2N1P1/R4R1K w - - 0 27,b4c4 c8a6 c4a6 a5a6,1230,trappedPiece
02RSU,r1r3k1/p4ppp/8/4P3/3PQnq1/5N2/P4PPP/R4RK1 w - - 5 22,g2g3 f4h3 g1g2 g4e4,1231,discoveredAttack kingsideAttack
05mKc,r1b1k1nr/pp6/2n5/2ppq1P1/8/4PQP1/PPPN2B1/R4RK1 b kq - 0 16,c8e6 f3f8 e8d7 f8a8,1232,skewer
0B2sj,8/8/p6p/5kp1/1P6/4K3/P7/8 b - - 0 48,f5g4 a2a4 g4f5 b4b5 a6a5 b5b6,1232,pawnEndgame
0TEIq,2rr4/pp3kp1/2q1p2p/8/1Q6/6P1/PP3PP1/1K1RR3 w - - 8 29,d1d8 c6c2 b1a1 c2c1 e1c1 c8c1,1232,backRankMate
009wR,1R2R3/p7/1p1k3p/1Pb5/P5p1/6P1/5rKP/8 w - - 6 41,g2h1 f2f1 h1g2 f1g1,1234,mateIn2
07nXE,8/R7/P1k4P/2Pp4/3Pb3/4P1K1/rp3P2/2R5 w - - 0 46,c1g1 a2a1 g1a1 b2a1q,1234,promotion
0FAGI,r1r3k1/pQ3p2/2N1pq1p/3p1np1/3P4/7P/P4PP1/R3R1K1 b - - 0 25,f5d4 c6e7 g8g7 e7c8 a8c8 b7c8,1234,trappedPiece
02BgN,6k1/p2R4/6p1/5p2/4bP2/r1K5/P3R3/8 w - - 4 41,c3d4 a3d3 d4c4 d3d7,1235,skewer
07I7d,r3kb1r/pppq1ppp/2n1b3/3np3/2B5/P1NP1N2/1PP2PPP/R1BQK2R w KQkq - 1 8,f3e5 c6e5 c4d5 e6d5 c3d5 d7d5,1235,hangingPiece
0252h,r2qkb1r/p5pp/2p1p3/3p1n2/3P4/2P2Q1P/PP4P1/RNB2RK1 b kq - 3 16,f5h4 f3f7,1236,mateIn1
00u3h,8/2p2rkp/1p4p1/p2PQ3/2P3P1/1P1q1B1P/P1n3K1/8 b - - 7 41,g7h6 g4g5,1237,mateIn1
01GwB,1r1b1r2/3P2pk/7p/4R3/P6P/4RpP1/5P2/6K1 b - - 3 44,b8b7 e5e8 f8g8 e8g8 h7g8 e3e8 g8f7 e8d8,1237,attraction fork
02E3j,1k5r/1p1Q4/pP1p4/P1pP3p/3qP3/2N3p1/2P5/R2KR3 w - - 3 35,d1c1 d4c3 d7d6 b8a8 e1d1 c3a1,1237,fork
02Kg8,r7/Q4pk1/4pq1p/3p2p1/1R6/2P4P/Pr3PP1/4R1K1 w - - 3 26,a7a8 f6f2 g1h2 f2g2,1237,fork mateIn2
0598v,r1r3k1/1q1n1ppp/p2bpnb1/8/P1pN3P/2N1P3/3PBPP1/B1RQK2R b K - 2 16,b7g2 e2f3 g2h1 f3h1,1237,trappedPiece
05yZP,1k6/8/2K1p1p1/3pPp1p/2p2P1P/P1P3P1/8/8 w - - 10 51,c6d6 d5d4 c3d4 c4c3 d6e6 c3c2,1237,pawnEndgame
0279c,r3k2r/pp1bbpR1/1q2p2p/3p4/4n2Q/2NB1P1P/PPPB1P2/R3K3 w Qkq - 1 17,h4h5 b6f2 e1d1 f2d2,1238,mateIn2
02U6g,8/1p1b3k/p3p3/3pP1Bp/1P1n2r1/P7/3R2BK/6R1 w - - 0 33,g2h3 d4f3 h2h1 g4g1,1238,fork
0GD5j,k1rnn3/6qp/p2pp3/2p2P2/1p2P3/1P1P1N2/PNP1Q3/2K4R w - - 0 28,b2c4 g7a1 c1d2 a1h1,1238,skewer
02kJ2,3R4/p3Rp1k/3P4/3q4/1pp5/7P/PP3PP1/6K1 w - - 0 35,d6d7 d5d1 g1h2 d1d6 f2f4 d6e7 d8c8 e7d7,1239,fork
09PWe,8/8/8/4R1pp/2k5/5rPK/8/8 b - - 1 51,g5g4 h3h4 c4d4 e5h5 f3f8 h4g4,1239,rookEndgame
0B4WN,8/8/1p3kp1/8/P7/3K4/7P/8 b - - 0 45,f6f5 d3c4 f5e6 c4b5 e6d7 b5b6,1239,pawnEndgame
00AdI,3r4/4kp1p/1PQ1p1p1/p3b3/1p2P2P/1P6/6PK/8 w - - 1 36,h2h3 d8d3 g2g3 d3g3 h3h2 g3c3,1240,discoveredAttack
06T6r,1k4r1/1b3p2/p7/3pPpq1/P1pP1R2/1pP2Q2/1P3K2/7R w - - 0 38,f4f5 g5d2 f3e2 g8g2 f2g2 d2e2,1240,attraction deflection exposedKing
0Aoti,r3kb1r/p4p2/2n5/2p1pQ1p/3pP2q/3P3P/PPPB1P1P/R3K2R b KQkq - 0 16,f8g7 d2g5 c6e7 g5h4 e7f5 e4f5,1240,trappedPiece
0FAkv,rnb2r1k/ppRpNQpp/1b5n/4P1N1/8/8/Pq1BK1PP/5B1R b - - 0 15,h6f7 g5f7 f8f7 c7c8 b6d8 c8d8 f7f8 d8f8,1240,backRankMate
01i25,r2q1rk1/pbp2ppp/1pnbpn2/3pN3/3P4/2P1P1B1/PP1NBPPP/R2QK2R b KQ - 3 9,c6e5 d4e5 d6e7 e5f6,1241,fork
03CLV,5Q2/7k/p1p3pp/B1PpP1p1/P2Pn1P1/4P2P/8/2q3K1 w - - 3 30,f8f1 c1e3 g1h2 e3g3 h2h1 e4f2 f1f2 g3f2,1241,exposedKing
04kz9,r1b3k1/2p3pp/1p1b3r/p2pN3/1n1PP3/1P4qP/PB2BRP1/R4QK1 b - - 3 21,h6h3 f2f8 d6f8 f1f7 g8h8 f7f8,1241,deflection
031Yd,5r2/pp6/5p1p/3q3k/8/5R2/P5Q1/7K b - - 2 38,f8g8 f3h3,1242,mateIn1
04AF5,3r4/pp2bpk1/7p/P1p5/4q3/6P1/QP3P1P/R1R3K1 w - - 0 28,a2c4 d8d1 c1d1 e4c4,1242,deflection
06POa,8/8/3k2pp/2p2p2/2K2P2/1P4PP/8/8 w - - 0 47,g3g4 f5g4 h3g4 h6h5,1242,pawnEndgame
01fz7,r2qkb1r/pp1Npppp/4b3/1Np5/Q1P5/8/PP1P1PPP/R1B1R1K1 b kq - 0 13,e6d7 b5d6,1243,mateIn1 pin
01VZi,2r3k1/2r2p2/p5p1/q5Pp/1p3P1P/8/PPPRQ3/1K3R2 w - - 0 32,e2e4 b4b3 a2b3 a5d2,1244,discoveredAttack
0DcIY,2k1r3/7p/p1p3p1/q1b5/PpQrPB2/1P1N1P2/6PP/5K1R w - - 1 30,c4c5 a5c5 d3c5 d4d1 f1f2 d1h1,1244,skewer
00KYU,3r4/p2n2kp/1p2Bpp1/2r2N2/4q3/6QP/P5P1/5R1K b - - 1 40,g7f8 g3d6 f8e8 d6e7,1245,mateIn2
05nsE,r4rk1/ppn3p1/1np1p1B1/4p3/2PP1q2/1P4R1/PB4PP/R2Q2K1 w - - 4 24,d1h5 f4f2 g1h1 f2f1 a1f1 f8f1,1245,backRankMate
02BpP,5rk1/1q1n2pp/p2p4/3Pp1B1/2P2p2/3Q3P/P4PP1/5RK1 w - - 0 22,g5e7 d7c5 d3b1 b7e7,1246,discoveredAttack
02EGv,8/5r1k/p1qQp1pp/2p5/2P3P1/5nB1/1P3P1P/2R2K2 b - - 12 32,f3h2 g3h2 c6h1 h2g1,1246,hangingPiece
09M1j,8/8/8/8/6Kp/8/5k1P/8 b - - 1 61,f2g2 h2h3 g2f2 g4h4 f2f3 h4g5,1246,pawnEndgame
0FmHx,r1b1r1k1/pp2qppp/2p2n2/8/2N5/1P1BPQ2/P4PPP/R3R1K1 w - - 6 17,a1d1 c8g4 f3g3 g4d1,1246,skewer
00Oim,1r3rk1/q5pp/2R5/3P4/8/1p2NpPb/1P3P1P/2QR2K1 w - - 0 32,c1c4 a7e3 f2e3 f3f2,1247,advancedPawn
01naC,r1bq1b1r/1ppk1Qp1/p1n1p2p/3n1p2/3PN3/2PB2B1/PP3PPP/R3K1NR b KQ - 3 11,f8e7 e4c5,1247,mateIn1
08XLs,r3k2r/2p3pp/p1p5/2b1N3/4b3/2P4P/PP4P1/RN1R3K b kq - 0 19,a8d8 d1d8 e8d8 e5f7 d8e8 f7h8,1247,exposedKing
00hpL,8/7p/4K2P/8/4k3/8/8/8 b - - 4 53,e4f4 e6f6 f4e4 f6g7 e4f5 g7h7 f5f6 h7g8,1248,pawnEndgame
01LGs,4rr2/ppp2q1k/3p2p1/2bP4/4RPP1/1RBQ4/P6P/7K b - - 0 32,e8e4 d3h3 h7g8 h3h8,1248,mateIn2
02DhH,r4rk1/pbp1bp1p/1p2pnp1/3q2N1/3P3Q/3BB3/PPP3PP/R4RK1 w - - 2 14,f1f6 d5g2,1248,kingsideAttack mateIn1
03dPw,r5k1/6B1/2p2QPp/b1Pp4/p7/P4pPq/1P1R3P/6K1 b - - 2 35,a5d2 f6f7,1248,mateIn1
0557I,7B/1p1k1p1p/3pp3/4b2N/2P4q/1QP5/PP3PPn/R6K w - - 1 31,h8e5 h2f3 e5h2 h4h2,1248,discoveredAttack
08Vip,r1b2rk1/1n3p2/p6p/1p1pN3/3n4/6R1/P1B2PPP/4R2K b - - 1 26,g8h8 e5f7 f8f7 e1e8 f7f8 e8f8,1248,exposedKing
0JDDi,2kr2nr/ppn2pp1/2pb1P2/3p3p/3P4/3BBQPq/PPP4P/RN2R1K1 b - - 0 17,c7e6 d3f5 h3f5 f3f5,1248,trappedPiece
0JM3A,4r1k1/p5p1/7p/1pRpq3/8/3bBr2/P4PPP/R2Q2K1 w - - 0 26,d1f3 e5a1 c5c1 a1c1 e3c1 e8e1,1249,backRankMate
02eiu,r4rk1/3bn1bp/1Bpq2p1/3p4/1P2Pp2/2PB4/4N1PP/2RQ1RK1 w - - 0 20,e2f4 f8f4 b6c5 f4f1,1250,kingsideAttack
04Utd,8/6p1/2p4p/3pNk2/5P1K/P4RP1/7P/5q2 b - - 1 44,g7g5 f4g5 f1f3 e5f3,1250,discoveredAttack
0BURM,4r1k1/1r1n2b1/p1p1p1p1/7p/2pRPP1P/2Nn4/PP2B1P1/1KBR4 w - - 1 25,e2d3 g7d4 d3c4 d4c3,1250,hangingPiece
0Fj2s,8/pp4Q1/8/3p1pk1/8/1KP5/PP5q/6r1 b - - 1 39,g5f4 g7c7 f4g5 c7h2,1250,skewer
00qoE,1n1q2rk/p3b1p1/1pr1p1RB/2p1P3/4N3/2PP1N1P/P3B2K/6R1 b - - 0 28,g7h6 g6h6,1251,kingsideAttack mateIn1
02D9n,2rk1b1r/pQ1bp1pp/3pP3/5q2/2n2N2/7P/PP1B1PP1/R4RK1 b - - 0 21,c4d2 b7d7,1251,mateIn1
04G9v,8/p1r3pk/8/3R4/2pp4/3r1P2/P1R1K1PP/8 w - - 4 36,c2c4 d3e3 e2d2 c7c4,1252,rookEndgame
04GtP,r4rk1/pp6/4p1pp/3b2p1/7n/3P4/PBN1QP1P/5RK1 w - - 4 25,c2e3 h4f3 g1h1 f3d4 e3d5 d4e2,1252,discoveredAttack kingsideAttack
026RF,2rq2k1/4r2p/1p4p1/p2PnpQ1/PPPp4/3B3P/5PP1/R4RK1 w - - 1 27,f1e1 e5f3 g2f3 e7e1 a1e1 d8g5,1253,discoveredAttack kingsideAttack
02PPX,6k1/1p2npp1/p4bqp/8/P7/4BN1P/1P3PP1/3Q2K1 b - - 0 26,f6b2 d1d8 g8h7 d8e7 g6b1 g1h2,1253,defensiveMove fork
02hO3,8/1b6/pk2p3/1p1pb3/1P2P3/P1PBK1P1/3R1Prr/1N1R4 w - - 0 35,f2f4 g2g3,1253,mateIn1
06CUg,3rr1k1/1p3pp1/p6p/8/Q1p1nq2/2P2N1P/PP3PP1/3RR1K1 b - - 9 29,d8d1 a4e8 g8h7 e1d1,1253,hangingPiece
0CPBc,4r1k1/p4p1p/5p2/1p1p4/1Pr2nPP/P4P2/3Q4/3R3K w - - 1 30,h4h5 e8e2 d2e2 f4e2,1253,trappedPiece
037cs,8/5p1p/3p1kp1/3P4/5PP1/8/3K3P/8 w - - 1 44,h2h4 h7h5 g4g5 f6f5,1254,defensiveMove pawnEndgame
03r8Y,8/p1p3rk/1p2p2p/4Q3/5P2/2P2b1K/P1P5/8 w - - 21 35,e5e6 f3g4 e6g4 g7g4 h3g4 h7g6,1254,defensiveMove
04srM,4n3/5Qpk/4p2p/3b4/P7/1q5P/6P1/5R1K w - - 1 37,f7e8 b3h3 h1g1 h3g2,1254,pin
099UJ,6rk/2n2rp1/7p/p1b4N/Pp1p1BP1/1P1R4/1P5P/4R2K b - - 0 34,g7g6 f4e5 h8h7 h5f6 f7f6 e5f6,1254,exposedKing
004mT,5Q2/8/1b1kp1p1/5p2/3p4/5qPK/7P/8 b - - 1 51,d6c6 f8a8 c6d6 a8f3,1255,skewer
04zcb,8/8/1k6/1Pp1p1p1/p1P1P1Pp/7P/1K6/8 b - - 0 47,b6a5 b2a3 a5b6 a3a4 b6c7 a4a5,1255,defensiveMove pawnEndgame
06O8f,8/8/6p1/p1kp1p2/1p2rPpP/PPPKR1P1/8/8 w - - 0 51,a3b4 a5b4 e3e4 d5e4 d3d2 b4c3,1255,rookEndgame
07r8L,r6r/pp6/2pp3p/4pk2/5p2/2PP1R1P/PP3PP1/3R2K1 w - - 4 21,d3d4 e5e4 g2g4 f5g5,1255,defensiveMove rookEndgame
086MC,3K4/2PR4/8/6k1/8/6p1/8/2r5 w - - 0 53,d7d6 g3g2 c7c8q c1c8 d8c8 g2g1q,1255,promotion rookEndgame
092FX,8/6p1/1K6/P2p4/8/4Bkp1/5P2/8 w - - 0 73,b6c5 g3g2 a5a6 g2g1q,1255,promotion
01Dcf,1k4r1/3p1p2/1Bn4p/5q2/5P2/1Q4P1/P7/R5K1 w - - 2 29,a1b1 g8g3 b3g3 f5b1,1256,deflection
02SWp,Q7/6pk/7p/6PP/8/pq6/5PK1/8 b - - 0 39,a3a2 g5g6,1256,mateIn1
04yLX,6k1/5pp1/5q1p/2p2P2/1p1r4/1P3Q1P/2P1RKP1/8 b - - 2 34,d4d1 e2e8 g8h7 f3d1,1256,discoveredAttack
051P5,1r6/4Qp1k/6pp/8/3b4/Pb1q1NP1/5PBP/5RK1 w - - 0 30,e7d6 d4f2 f1f2 d3d6,1256,discoveredAttack
0AEp6,r4n1r/1bq3k1/pp3b2/2p1ppp1/P1P5/1P3P2/1B1Q2PP/R3RBKN w - - 1 25,d2g5 f6g5 b2e5 c7e5,1256,hangingPiece
019Qi,3k4/p1pp3p/1p3K2/8/5P2/8/8/8 b - - 4 44,d8e8 f6g7 h7h5 f4f5 h5h4 f5f6,1257,pawnEndgame
01gFv,2rr2k1/1p3pp1/p4q1p/8/1P2P3/P2B4/6Q1/R2R3K w - - 1 31,d1f1 f6h4 g2h2 h4h2 h1h2 d8d3,1257,exposedKing
02HX9,rn3r1k/pp3p2/4p2p/4N2N/3p4/P7/1PP5/2K3R1 b - - 3 26,f8g8 e5f7 h8h7 h5f6,1257,mateIn2
06AiN,8/8/4Nb2/1p5p/2k2P1P/5KP1/8/8 w - - 3 52,g3g4 h5g4 f3g4 b5b4,1257,defensiveMove
0Are1,2kr1b1r/pppqpppp/1nn5/4P3/3P2b1/2NBBN2/PP3PPP/R2Q1RK1 b - - 10 10,c6e5 f3e5 g4d1 e5d7,1257,hangingPiece
0LtvL,r1bqk2r/pppnppbp/2B3p1/3Np1B1/3P4/8/PPP2PPP/R2QK1NR b KQkq - 0 8,b7c6 g5e7 d8e7 d5e7,1257,trappedPiece
00pVS,r1b1kbnN/ppp3pp/3p4/8/8/2NP4/PPP4P/R2QKBq1 b Qq - 3 15,c8h3 d1h5 g7g6 h5h3,1258,fork
05HEv,5rk1/ppR5/6p1/2p1p3/2P1P3/3P1rK1/PP6/3R4 w - - 1 39,g3g4 f8f4 g4g5 f3g3 g5h6 f4h4,1258,rookEndgame
08pbR,8/8/p3k2p/1p3p1P/1Pp2P2/2P5/P3K3/8 b - - 4 39,e6d5 e2e3 d5d6 e3d4 a6a5 b4a5,1258,pawnEndgame
02DgT,3r3r/4kp2/4p1p1/4P3/2Q2P2/4q3/P5PP/2R2RK1 w - - 1 27,g1h1 h8h2 h1h2 d8h8,1259,attraction mateIn2
02Vx1,r2r1bk1/1b5p/pq3Pp1/1p2N1P1/4P2Q/1PPp3P/6K1/R4R2 b - - 0 30,b6e3 f6f7 g8h8 e5g6 h8g7 h4h6,1259,advancedPawn kingsideAttack pin
00L4x,1r4k1/4Ppbp/p5p1/2q5/p2n4/P2Q2B1/r2N1PPP/3KR2R b - - 0 27,g7h6 e7e8q b8e8 e1e8,1260,advancedPawn kingsideAttack promotion
01GBu,5r1k/3p2bp/p4pp1/qp1br3/4P3/1Q4B1/PP2RPPP/4R1K1 w - - 0 23,e4d5 a5e1 e2e1 e5e1,1260,backRankMate mateIn2
06loL,r1b2rk1/4bppp/p2ppq2/1p6/4PP2/P2BB2P/1PPQN1P1/R6K b - - 5 19,f6b2 e3d4 b2a1 d4a1,1260,trappedPiece
0IE5U,8/2RPk3/6p1/5p1p/1p1K3P/1P4r1/6P1/8 w - - 1 42,d4c4 g3c3 c4b4 c3c7 d7d8q e7d8,1260,skewer
04TYh,rn1q1rk1/p1b3pp/2p4N/P2pp3/1pPP1QP1/7P/1P6/R4RK1 b - - 1 22,g8h8 f4f8 d8f8 f1f8,1261,backRankMate
0263h,1r3r1k/ppp2pp1/8/8/1nP5/1P5R/PbBq1PPP/1Q4K1 b - - 1 20,h8g8 c2h7 g8h8 h7g8 d2h6 h3h6 g7h6 b1h7,1262,discoveredAttack kingsideAttack
04JQd,8/8/5p1p/5R2/2K5/2P3k1/Pr6/8 b - - 1 46,b2f2 f5f2 g3f2 a2a4 f6f5 a4a5 f5f4 a5a6 f4f3 a6a7,1262,advancedPawn rookEndgame
00eGd,7R/8/p2kp3/2r4p/p4K2/6PP/P7/8 b - - 3 39,d6d5 h8h5 e6e5 h5e5,1263,rookEndgame
06mkd,8/8/8/R7/1p6/1kpp4/8/2K5 w - - 1 52,a5a1 d3d2 c1d1 b3b2 a1a5 c3c2,1263,rookEndgame
00ft3,8/p7/2R3p1/4Nnk1/2P4p/7K/Pr6/8 b - - 3 50,g5f4 e5d3 f4g5 d3b2,1264,fork
01gkL,r1b2bkr/ppp2Np1/3pPq1p/4n3/3Q4/8/PPP2PPP/RNB1K2R w KQ - 2 12,f7h8 e5f3 g2f3 f6d4,1264,discoveredAttack
050MU,r3kb1r/ppp2p2/2p3p1/3PPq1p/2B5/2N1Q3/PPP2PPP/2KR4 w kq - 0 15,d5c6 f8h6 e3h6 h8h6,1265,pin
0AVDi,8/8/4p3/8/8/5k2/2K2P2/8 w - - 3 52,c2d2 f3f2 d2d3 f2f3 d3d4 f3f4,1265,pawnEndgame
00IF1,1k6/p1p5/P2p4/3P4/1PK2N1p/4P3/5r2/4B3 b - - 12 57,f2f4 e3f4 h4h3 e1g3,1266,defensiveMove hangingPiece
02w5A,8/p5kp/1p6/3P2P1/3Rp1bP/4Kr2/PP3P1R/3r4 w - - 9 31,e3e4 d1e1,1266,mateIn1
0FqnJ,8/6Q1/3q4/6K1/p7/8/P2k3P/8 b - - 14 59,d6h2 g7b2 d2e3 b2h2,1266,skewer
02gTy,2k5/2B4R/1P4p1/3p1p2/3Kn3/8/1r5P/8 w - - 1 40,d4d5 e4f6 d5e6 f6h7,1267,fork
04HVI,5R2/4k3/p3p2r/1pp3P1/5R2/8/PP1r4/6K1 b - - 1 39,h6g6 f4f7 e7d6 f8d8 d6c6 d8d2,1269,rookEndgame skewer
06GKA,8/5pk1/1q3np1/p3Q3/6p1/4R2P/7K/8 w - - 0 39,h3g4 b6e3 e5e3 f6g4 h2g1 g4e3,1269,attraction exposedKing
00mFI,4r2k/2q1r3/2p4Q/p5P1/1p1Pp1P1/2P1N2P/PP6/4bRK1 b - - 0 28,e7h7 f1f8 e8f8 h6f8,1270,kingsideAttack mateIn2
0M4Pu,1B2B2k/3RP1pp/8/8/1q6/8/4Q1PP/1q5K w - - 0 38,e2d1 b4e1 d1e1 b1e1,1270,backRankMate
01MOR,1k6/1p2R3/2p1B1r1/p6p/N4r2/8/PPP5/3R3K w - - 2 32,a4c5 f4h4 e6h3 h4h3,1271,mateIn2
02eeX,7k/6R1/p6p/1p1p4/1P4Q1/P1r1q3/4p1PP/4Rr1K w - - 4 43,e1f1 e2f1q,1271,advancedPawn mateIn1 promotion
00O9q,5r2/5p1k/4nP2/4N1p1/8/6P1/6K1/R7 b - - 1 78,h7h6 a1h1,1272,mateIn1
03goR,2r3k1/R4pbp/6p1/8/1B6/8/P4rPP/5RK1 w - - 0 23,f1f2 c8c1 b4e1 c1e1 f2f1 g7d4 g1h1 e1f1,1272,backRankMate deflection
02W8D,7R/8/8/p7/PpK4p/1P6/5bk1/8 w - - 0 78,h8h4 f2h4 c4b5 h4d8,1273,defensiveMove hangingPiece
0BZvN,3r1rk1/ppp1b1pp/2n1b3/5p2/3P4/2PBB3/PP3PPP/RN3RK1 w - - 0 13,b1d2 f5f4 e3f4 f8f4,1273,trappedPiece
01tr2,8/5p1k/3q2pp/1R6/pP6/P1Q3PP/5PK1/3r4 w - - 1 37,b5b7 d6d5 c3f3 d1g1 g2g1 d5f3,1274,deflection fork
042fY,2r3k1/5ppp/8/4p1N1/3n4/3n4/P4PPP/1R3RK1 w - - 0 22,b1b7 d4e2 g1h1 d3f2 f1f2 c8c1 f2f1 c1f1,1274,backRankMate deflection
0AYeM,3k4/3b4/p2ppp2/Q7/1p2P3/5P2/PPq1r3/K2N2R1 b - - 1 29,c2c7 g1g8 d7e8 g8e8 d8e8 a5c7,1274,exposedKing
01FXr,7r/1p2bk2/p1P1p1p1/2Np1p2/Q2P4/4P3/4BKPq/R7 w - - 0 28,c6b7 e7h4 f2f3 h2g3,1275,mateIn2
01zU8,6k1/3bnppp/p4n2/1pp5/8/1BNP1N2/PPP2PPP/6K1 w - - 0 19,c3e4 f6e4 d3e4 c5c4 b3c4 b5c4,1275,trappedPiece
0297d,8/p3R2p/1p3pk1/6p1/3r1nPq/1BQ4P/PP3P1K/8 w - - 2 34,c3d4 h4h3 h2g1 h3g2,1275,mateIn2
03Qyl,8/5pk1/p2r2p1/1p6/1P2p1Pp/P1R1P2P/5PK1/8 b - - 0 38,d6d3 c3d3 e4d3 g2f1,1275,defensiveMove rookEndgame
05HoS,r3k1nr/pp2npp1/2p4p/4q2P/6b1/2N1B3/PPPQB1P1/3R2KR b kq - 1 15,g4e2 d2d7 e8f8 d7d8 a8d8 d1d8,1275,backRankMate
0J3x9,5k2/3Q4/2P5/5K2/5p2/6q1/8/8 w - - 6 62,c6c7 g3h3 f5f4 h3d7,1275,skewer
09eLQ,6k1/5p2/5K1P/8/8/8/8/8 w - - 3 52,f6e7 f7f5 e7d6 f5f4 d6d5 f4f3,1276,pawnEndgame
09joO,4r2k/2q2r1n/2b2P1Q/4P2P/2B5/1pP5/1P6/2KNR3 b - - 2 35,c7a5 c4f7 a5a1 c1d2 e8d8 d2e2,1276,hangingPiece
02CQe,r5k1/1b4b1/2p1p2p/pp4pQ/8/P5BP/1Pq3PN/5R1K b - - 0 24,c6c5 h5f7 g8h8 f7b7,1277,fork
041yQ,8/1p3pk1/p1pN1bp1/2P5/1P6/P5P1/3Q1P1K/1q6 b - - 9 40,b1b3 d6e8 g7f8 e8f6,1277,deflection
08xqh,4rrk1/pppbQp1p/5npB/3P4/8/2N3R1/P1q2PPP/1R4K1 w - - 2 20,e7f6 c2b1 c3b1 e8e1,1277,backRankMate
02LST,8/R7/2P4k/3n3p/P5p1/4P1P1/r4PKP/8 w - - 2 39,c6c7 d5e3 g2h1 a2a1,1278,mateIn2 pin
00uDH,2r5/3k1p2/5Pp1/PP1pP1P1/1K1B3P/5p2/8/8 w - - 1 45,d4c5 c8c5 b4c5 f3f2,1279,advancedPawn
02LLO,6k1/3q1p1p/6p1/3nN3/3Q4/P7/2RK1PPP/3r4 w - - 8 35,d2d1 d5c3 c2c3 d7d4,1279,discoveredAttack pin
03Ht0,r1bq1rk1/ppp2ppp/1bnp1n2/3Np1N1/1PP5/P3P3/2QP1PPP/R1B1KB1R b KQ - 2 9,h7h6 d5f6 g7f6 c2h7,1279,kingsideAttack
05LgI,8/1p3rpk/p2p1qp1/3Q2b1/2P5/1P2p3/P3R1PP/4R1K1 w - - 8 33,d5e4 f6f2 e2f2 e3f2,1279,advancedPawn
0KubU,8/4r1pp/5pkn/p1B5/8/1Q6/PP1q1PPP/2R2K2 w - - 15 32,c1d1 d2e2 f1g1 e2e1 d1e1 e7e1,1279,backRankMate
02Ozh,5r2/p4pk1/4q1p1/3p3Q/1P3P2/3P2RP/6PK/8 w - - 4 33,h2g1 e6e1 g1h2 e1g3 h2g3 g6h5,1280,fork
0CmCn,r4rk1/ppp2ppp/2np1q2/2b1p3/2B1P1b1/2NP2Q1/PPP2PPP/R3K1NR w KQ - 0 9,g3g4 f6f2 e1d1 f2f1 d1d2 f1a1,1280,skewer
00NUS,4rk2/pbp2pp1/1p1b4/3P1q2/QPBPN3/1KP2P2/P5r1/R3R3 w - - 0 25,e4d6 f5c2 b3a3 c2b2,1281,mateIn2
05iQ7,r1b2rk1/ppp2pp1/3p3p/6q1/3NPn2/P1BP3P/1PP1BP2/R2Q1K1R w - - 4 14,h1g1 c8h3 f1e1 g5g1,1281,deflection
07Fr3,1R1nr1k1/3P2p1/5p1p/p7/P3p3/6K1/8/8 b - - 0 49,e8e7 b8d8 g8f7 d8f8 f7f8 d7d8q,1282,attraction hangingPiece promotion
00jCD,r4r1k/ppp1b1pp/3qQn2/6B1/8/2N5/PPP2PPP/R4RK1 w - - 3 14,e6b3 f6g4 g2g3 e7g5,1283,discoveredAttack
00nHy,r2q1rk1/p4pbp/1pp1p1p1/4n3/2PpN3/1P4P1/PB2PP1P/1R1Q1RK1 w - - 0 16,d1d4 e5f3 e2f3 g7d4,1283,discoveredAttack
03DTp,8/2B2pk1/5q1p/1p1r2p1/pQ6/P6P/5PP1/6K1 b - - 1 39,f6d4 b4d4 d5d4 c7e5 g7g6 e5d4,1283,attraction
04Muh,r3k1nr/1pp1bppp/p1n1p1q1/4P2b/P2P4/2N1BN2/1P2BPPP/R2Q1RK1 w kq - 3 13,e2d3 h5f3 d3g6 f3d1 g6f7 e8f7,1283,pin
05Ou7,2krr3/pp3pp1/8/2b4p/2p4n/P5N1/BPPQ1q1P/3R1K1R w - - 0 21,d2f2 d8d1 f2e1 d1e1,1283,hangingPiece
07wZw,8/8/p5p1/1pkp1P2/3p3P/P5p1/2P1K3/8 b - - 1 48,a6a5 f5g6 g3g2 e2f2,1283,pawnEndgame
08jHb,r5nr/p1p1q1p1/2Q3k1/4pbNp/7P/8/P1n2PP1/RN3RK1 b - - 2 18,e7d6 c6a8 g8f6 a8h8,1283,hangingPiece
08zna,5r1k/pbR3p1/1p5p/5p1Q/7P/1B2qn2/PP1p2P1/3R3K w - - 0 31,c7b7 e3e1 d1e1 d2e1q,1283,promotion
0BDmT,8/8/5R2/2kpK1P1/1pp5/8/8/5r2 b - - 1 55,f1f6 g5f6 c4c3 f6f7 c5c4 f7f8q,1283,promotion
01gGh,8/7p/3p1p2/2pP4/P3k3/1P1p4/6P1/4K3 b - - 3 37,c5c4 b3c4 e4d4 a4a5 d4c4 a5a6 c4d5 a6a7,1284,advancedPawn pawnEndgame
097Ea,3r2k1/pb4pp/1p3p2/1Bb5/3n1B2/5N2/PP3PPP/3R2K1 b - - 3 20,d4e2 b5e2 d8d1 e2d1,1284,hangingPiece
09Aly,8/5k1p/8/p2K4/5PR1/3r2P1/2r4P/R7 w - - 6 44,d5e5 c2e2 e5f5 d3d5,1284,rookEndgame
01tnZ,4R3/1p6/1Pp2k1K/5P2/P4r2/8/8/8 b - - 4 50,f6f5 e8f8 f5e4 f8f4 e4f4 a4a5,1285,defensiveMove rookEndgame
03oAe,4Rr1k/pp3pr1/3p2q1/5bn1/3Q4/1BP1R2P/PP3PP1/5K2 b - - 12 31,f8e8 e3e8 h8h7 d4h4 g6h6 e8h8 h7h8 h4h6,1285,attraction deflection exposedKing kingsideAttack
09JvN,8/p1p3p1/1kp2p2/6p1/2PK2P1/1P1P4/5P2/8 b - - 2 36,c6c5 d4d5 g7g6 d5e6 b6a5 e6f6,1285,pawnEndgame
01I9O,r5k1/1pp2r2/p3n3/3pP1qp/2P2R1P/8/PP1Q2P1/5RK1 b - - 0 22,g5h6 f4g4 h5g4 d2h6 f7f1 g1f1,1286,discoveredAttack
05yoK,6k1/pb4p1/1p5p/4Np2/3rp3/6P1/PP1NRPP1/5K2 w - - 0 28,d2b3 d4d1 e2e1 b7a6 f1g1 d1e1,1286,deflection
086In,3r2k1/R4p1p/R5p1/pr6/3p4/1P5P/P4PP1/6K1 w - - 0 28,a6a5 b5a5 a7a5 d4d3,1286,rookEndgame
08Dba,1r6/3k1Q2/1qp5/p5p1/3pNp2/5P2/PP6/K7 b - - 0 41,d7c8 e4d6 c8d8 f7e8 d8c7 e8e7,1286,exposedKing
01FB6,5n1k/6p1/7p/8/Qb1P2N1/2q1B2P/6P1/6K1 w - - 0 31,a4e8 c3e1 g1h2 b4d6 g4e5 e1e3,1287,deflection
07Olj,6k1/pp1n2b1/4N3/4P2p/3Pr2P/1P6/P7/2R3K1 b - - 2 29,g7e5 c1c8 g8f7 e6g5 f7e7 g5e4,1287,exposedKing
01yds,2r3k1/5p2/4b1p1/2Q1P2p/4KP2/6P1/7P/8 w - - 3 65,c5d4 c8c4 d4c4 e6c4,1288,pin
045Ni,r4rk1/pp1q1p2/5p1p/8/3n4/P1NB3b/1PP2PP1/R2Q1RK1 w - - 0 21,g2h3 d7h3 c3e4 d4f3 d1f3 h3f3,1288,kingsideAttack
0EGwl,8/5r2/1p1kpP2/n2p2P1/3P4/1PN1r3/P7/2R3K1 b - - 1 30,e3g3 g1f2 g3g5 c3b5 d6d7 c1c7 d7d8 c7f7,1288,skewer
02Wym,r1b1r1k1/pppn1ppp/8/8/3qNPQ1/6P1/P5BP/R3RK2 b - - 3 18,d7b6 e4f6 g8h8 e1e8,1289,discoveredAttack kingsideAttack pin
070Gp,4B3/P4p1p/6p1/2pb4/2p5/2K2k1P/8/8 b - - 0 42,f3g3 e8f7 d5f7 a7a8q,1289,promotion
005Bm,4rk2/p1q5/1p3Q1b/8/1p5N/2P1p3/P3P3/2K5 b - - 0 43,c7f7 h4g6 f8g8 f6h8,1291,mateIn2 pin
00dnp,8/Q7/7r/8/6K1/1r2k1p1/6P1/8 b - - 2 64,e3e2 a7a2 e2e3 a2b3,1291,fork
01eV6,8/8/8/p2k3p/P1p4P/2K2P2/8/8 b - - 0 39,d5c5 f3f4 c5d5 f4f5 d5e5 c3c4 e5f5 c4b5 f5e6 b5a5,1291,pawnEndgame
033ej,5k2/6pp/p5p1/1r2N3/1P5n/2P2P2/P4P1P/4R1K1 w - - 1 35,a2a3 b5e5 e1e5 h4f3 g1f1 f3e5,1291,attraction
004JD,3r4/R7/2p5/p1P2p2/1p4k1/nP6/P2KNP2/8 w - - 3 41,d2e3 a3c2,1292,mateIn1
02MOC,r2q2k1/ppp3pp/8/1BQN1r2/8/8/PP1P1P1P/n1B3K1 b - - 0 19,d8d5 b5c4 d5c4 c5c4,1292,pin
018Iz,8/3P4/8/1kP2pbP/8/5K2/8/8 b - - 0 51,b5c5 h5h6 c5c6 h6h7 c6d7 h7h8q,1293,advancedPawn promotion
03ZZt,2Q5/6k1/p5p1/1pR2p2/1P3Pr1/8/1P2K1r1/8 w - - 1 41,e2d3 g4g3 d3d4 g2d2 d4e5 g3e3,1293,exposedKing
04Ih2,2Q5/1p3kp1/3p2p1/1Q1Pp3/2N1n3/P7/K1q5/8 w - - 0 33,b5b2 e4c3 a2a1 c2d1 b2c1 d1c1,1293,pin
00MFe,3r3k/p5pp/2r2q2/2p4Q/8/8/P5PP/3R1R1K b - - 5 29,d8d1 h5e8 f6f8 e8f8,1294,mateIn2
00xDa,q7/3kbpp1/4p3/1p1pP3/2pPb1P1/1PP1B3/1Q3P1r/R5K1 w - - 0 28,a1a8 h2h1,1294,mateIn1
01jao,2kr3r/ppp2ppp/2nbp3/6B1/P2P2n1/2N2N1q/1PP1BP2/R2QR1K1 w - - 2 14,e2f1 d6h2 g1h1 g4f2,1294,deflection kingsideAttack mateIn2
00ZeT,1Q1k4/4r3/2q4p/2p1pp1P/2Bb4/1P6/P6K/4R3 b - - 4 43,d8d7 c4b5 c6b5 b8b5,1296,pin
01TmZ,r1b2rk1/1p2bppp/pqnp4/3Np3/2B1PP2/PN6/1PP2nPP/R1BQ1R1K w - - 5 13,h1g1 f2h3 g1h1 b6g1 f1g1 h3f2,1296,kingsideAttack
0BH89,8/2p5/3p4/3r4/7P/6P1/1pBK1R2/k7 w - - 0 54,d2c3 d5c5 c3d3 c5c2 d3c2 b2b1q,1296,promotion
0NEDW,8/p1pk4/2N1p1r1/1P1p4/P5pb/4P3/4K1Br/2B3R1 b - - 0 32,g6f6 c6e5 d7c8 e5g4 h2g2 g1g2,1296,trappedPiece
01eyQ,r2qk2r/3pppb1/p5pp/1p1n4/3p3B/3P1Q2/PPP2PPP/R3RBK1 b kq - 1 14,d5f6 h4f6 g7f6 f3f6,1298,pin
052ra,5r2/7k/p3Q2p/4B1pq/8/1Pr2PKN/6PP/7R w - - 2 28,e6e7 f8f7 e7f7 h5f7 h3g5 h6g5,1299,defensiveMove
0UpPL,5rk1/p5pp/2p2q2/Q1p5/2P1R3/1BN5/PP1r1PPP/R5K1 w - - 0 26,c3d1 d2d1 a1d1 f6f2 g1h1 f2f1 d1f1 f8f1,1299,backRankMate
01OfD,8/1p6/k1q5/7P/p7/6P1/4Q2K/8 b - - 5 77,c6b5 e2b5 a6b5 h5h6 a4a3 h6h7,1300,advancedPawn
01tyT,8/5p2/3Q4/6pk/PP4qp/6P1/5PKP/8 w - - 2 48,d6c5 h4h3 g2f1 g4d1,1300,mateIn2
04LbM,r4rk1/2R3pp/p3pp2/1p1q2n1/3P4/3NP1P1/PP3P1P/3Q1RK1 w - - 2 18,c7c5 g5h3,1301,mateIn1
06c7a,8/4kp2/8/8/p1ppq2P/P5PK/1P3Q2/8 b - - 1 44,e4e3 f2e3 d4e3 h3g2,1301,defensiveMove
0Ca9M,r3k2r/ppp1bp1p/6p1/4PP1K/2B5/2N5/PP5P/R2R4 w kq - 0 19,f5g6 h7g6 h5g4 h8h4 g4f3 h4c4,1301,skewer
01k4m,r1bqr1k1/1p2bppp/p4n2/3p2B1/8/2PB1N1P/PP2Q1P1/RN2R1K1 w - - 4 15,b1d2 e7c5 g1h1 e8e2,1303,discoveredAttack
051Lk,1r6/2R2k1p/1p2rnp1/3p1pq1/PN1Pp3/6P1/6B1/4QK1R b - - 1 40,e6e7 c7e7 f7e7 b4c6,1303,attraction
0ETU4,2r2rk1/Qpqbbpp1/4p2p/3pP3/8/P1N2N2/1PP2PPP/R4RK1 w - - 1 15,a1c1 e7c5 a7c5 c7c5,1303,trappedPiece
003mh,r4k1r/1pp2p2/p2p3p/3N4/3P2q1/8/PPP5/1K2Q1NR b - - 1 23,a8e8 e1e8 f8e8 d5f6 e8e7 f6g4,1304,attraction fork
00Qpu,3r1b1r/2pn4/1p1p3p/2kP2qn/Q3Pp2/4Bp2/1P4PP/4R1K1 b - - 3 26,f4e3 e1c1,1304,mateIn1
021GH,6Q1/pp4p1/3R3p/7k/2P4n/4P2P/5qPK/8 w - - 6 37,g8g7 h4f3 h2h1 f2e1,1304,mateIn2 pin
00xxi,6r1/7P/5K2/8/2P2k2/P7/8/8 b - - 0 68,g8f8 f6g7 f8d8 h7h8q d8h8 g7h8 f4e4 a3a4 e4d4 a4a5,1305,advancedPawn defensiveMove promotion rookEndgame
0Fnsl,4k3/pR4Qp/4p3/7P/1p2b3/b7/5PK1/2r5 w - - 2 36,g2h2 c1h1 h2g3 h1g1 g3f4 g1g7,1305,skewer
0181c,rnb3k1/pp3pp1/2p2p1p/8/3P4/2PBrN2/PP4PP/R3R1K1 b - - 1 15,e3d3 e1e8 g8h7 e8c8,1306,fork
02lFu,8/7k/p3q3/3R3p/P3pprP/1P4PK/3Q1P2/8 w - - 1 42,d5h5 h7g6 h5g5 g4g5,1306,defensiveMove discoveredAttack
042gq,2k4r/2p2ppb/pnp1p2p/2q1P2P/4PPP1/1QNr4/PP6/1KBR3R b - - 4 20,h7e4 c3e4 d3b3 e4c5,1306,hangingPiece
05Hk5,1k2r1nr/1p4pp/p4p2/5B2/3q2b1/8/PPPQN1PP/R3KR2 w Q - 2 17,d2d4 e8e2 e1d1 e2e4 d1d2 e4d4,1306,discoveredAttack exposedKing
07QKu,8/8/1p1K4/pB1R4/P7/8/1k6/3r4 w - - 13 78,d6d7 d1d5 d7c6 d5b5 a4b5 a5a4 c6b6 a4a3 b6c7 a3a2 b5b6 a2a1q,1306,hangingPiece promotion
00kZF,r3r3/1p1n2pk/2p1pq1p/2P5/1p2R3/P2Q1N1P/5PP1/R5K1 b - - 1 24,f6a1 e4e1 h7h8 e1a1,1307,discoveredAttack
0234Y,8/6p1/3k3p/8/pp1r4/4RP1P/B3K1P1/8 w - - 0 46,e3d3 d4d3 e2d3 b4b3 a2b1 a4a3 d3c3 a3a2 b1a2 b3a2,1307,advancedPawn
03DB8,6k1/4R3/2r2K1p/8/5P1N/3p4/P5P1/8 w - - 2 38,e7e6 c6e6 f6e6 d3d2 h4f5 d2d1q,1307,advancedPawn promotion
01U4x,r3k2r/ppp2ppp/n3b3/1N1p1q2/3P4/1BP5/PP4PP/R1BQ3K b kq - 0 14,c7c6 b5d6 e8d7 d6f5,1308,fork
02IhF,4r3/1p3p2/1p6/3p1kP1/2pP3P/P1P2K2/1P2p3/4R3 w - - 0 34,e1e2 e8e2 f3e2 f5g4 g5g6 f7g6,1308,rookEndgame
06zIZ,r1b2rk1/p2pbpp1/2p4B/2q1P3/8/2nB2Q1/PPP3PP/2KR3R b - - 0 15,c3a2 c1b1 a2c3 b2c3 a8b8 b1c1,1308,defensiveMove
01Uvy,8/7p/6p1/8/3k1KPP/8/8/8 b - - 0 50,d4d5 f4g5 d5e4 g5h6,1309,pawnEndgame
05KW9,8/8/2R3p1/8/7p/4P1PP/1b3k1K/1q5Q w - - 0 42,h1b1 h4g3 h2h1 g3g2 h1h2 b2e5,1309,advancedPawn
0Qeyj,r4rk1/p1n3p1/3p3p/2pPp3/2P1p1Pq/P7/2Q3PP/1RB1R1K1 w - - 1 23,c2e4 h4f2 g1h1 f2f1 e1f1 f8f1,1309,backRankMate
02HG7,5rr1/pk2q2p/2p1p3/4Qn2/1P6/8/P4PPP/2R2RK1 b - - 0 30,g8g2 g1g2 f5h4 g2h1,1310,defensiveMove hangingPiece
02TFJ,8/p5p1/4p2p/3p1k2/1n3P2/1B3KP1/P6P/8 b - - 4 42,b4d3 b3c2 f5f6 c2d3,1310,pin
02YZr,1bK5/pP3p2/B7/1P4p1/6k1/7p/8/8 b - - 1 43,h3h2 c8b8 h2h1q b8a7 h1d1 b7b8q,1310,advancedPawn promotion
05rN9,8/8/pp6/2p1pk1P/6p1/P5K1/1PP5/8 b - - 2 37,e5e4 h5h6 f5g6 g3g4 e4e3 g4f3 e3e2 f3e2,1310,pawnEndgame
08tsJ,7K/6P1/1kp4R/p1p5/8/p1PP4/2P5/7r b - - 3 37,h1g1 g7g8q g1g8 h8g8 a3a2 h6h1,1310,defensiveMove promotion
0AHOK,8/8/4pk2/3p3p/3P1K1P/5P2/8/8 b - - 0 51,f6g6 f4e5 g6f7 f3f4 f7e7 f4f5 e6f5 e5f5,1310,pawnEndgame
00H1C,r3r3/1kpRnqpp/p4p2/Qp2P2P/1N6/4Pb2/PPP3P1/2K2R2 b - - 0 22,e7c6 a5c7,1311,mateIn1
0284p,6k1/p5N1/6r1/1q1pp2R/4P3/4QK2/5P2/8 b - - 2 38,g8g7 e3a7 g7f6 h5f5 f6e6 a7f7,1311,exposedKing
05hU2,7k/6p1/6K1/RP2rN2/p7/6P1/r7/8 b - - 2 56,e5f5 a5a8 f5f8 a8f8,1311,rookEndgame
02XyH,r2q1rk1/pp2bppp/2b1pn2/4N3/3PN3/3B4/PP3PPP/R2QR1K1 b - - 3 13,d8d4 e4f6 e7f6 d3h7 g8h7 d1d4,1312,discoveredAttack kingsideAttack
07CCc,r4rk1/pp2q3/2n2pp1/4p1P1/4R1PQ/7R/PPP4P/2K5 b - - 1 25,f6g5 h4h8 g8f7 h3h7 f7e8 h7e7,1312,exposedKing skewer
05NAJ,r3k2r/ppp2pp1/2np2n1/4p2p/2P3qP/P1BP1NP1/1P1QPPK1/R4R2 w kq - 3 14,d2g5 g6f4 g5f4 e5f4,1314,pin
01k7T,6k1/pBp2ppp/7r/1P5q/2PPN1b1/P7/3Q1PP1/R5K1 w - - 7 25,e4g3 h5h2 g1f1 h2h1 g3h1 h6h1,1315,kingsideAttack
02YQP,8/2p3pk/pq1nR2p/6pP/P2P2P1/rp2R3/2PQ1P2/1K6 w - - 0 37,e3b3 a3b3 c2b3 b6b3 b1c1 b3e6,1315,fork
0JFtK,2qr4/5kpp/pp2pp2/8/1n2P3/1P4Q1/PB3PPP/5RK1 w - - 3 25,f1c1 c8c1 b2c1 d8d1,1315,backRankMate
00BCa,1r6/p2kp1P1/3p4/2pP4/2P2B2/pN6/5PK1/8 b - - 1 41,a3a2 b3c5 d6c5 f4b8 a2a1q g7g8q,1316,advancedPawn promotion
00Ea3,3r4/p5k1/1p1qprnp/1Q1pN1p1/3P1pP1/1PP5/P5PP/4RRK1 b - - 3 29,g6e5 d4e5 d6c5 b5c5 b6c5 e5f6,1316,fork
023qj,r1b1Q1kr/pp1p1p2/5Bnp/1q4p1/5p2/8/PPP3PP/2KR3R b - - 1 20,g8h7 e8f7,1316,mateIn1
02VaY,r4r2/pp1n2bk/1q1pp1R1/7p/3PP2P/6R1/PPPQB3/2K5 b - - 2 20,g7d4 d2h6,1316,mateIn1
04fMB,2r2rk1/3Q1ppp/pq2p3/1p2N3/1P3P2/P1P5/5nPP/RNB2R1K w - - 3 18,h1g1 f2h3 g1h1 b6g1 f1g1 h3f2,1316,kingsideAttack
09Cf3,1R6/1P6/6p1/8/6kP/8/1r4PK/8 w - - 1 56,h2h1 g4g3 b8c8 b2b1 c8c1 b1c1,1317,rookEndgame
09H5N,8/8/p2b3B/5K2/kp3P2/7P/8/8 w - - 0 45,f5e6 b4b3 e6d6 b3b2 f4f5 b2b1q,1317,promotion
0OujE,4r1k1/2p2ppp/3pq3/3b4/Q7/4bP1P/1P3BP1/4R2K b - - 5 32,e3f2 a4e8 e6e8 e1e8,1317,backRankMate
04DEQ,5rk1/1bq1bppp/2p1pn2/4N3/3P4/3B3P/1BP2PP1/QR4K1 w - - 4 21,a1a7 f8a8 a7a8 b7a8,1318,trappedPiece
0Brfx,r4r2/ppR2nbp/kn4p1/N2p2B1/PP6/2p5/5PPP/R5K1 b - - 0 24,c3c2 b4b5 a6a5 g5d2 g7c3 d2c3,1318,exposedKing
01PBg,5r2/2p2pbk/4p1p1/5n1p/1q3P1P/pP3Q2/P5P1/1BBR3K b - - 1 28,f5h4 f3h5 h7g8 h5h4,1319,pin
0CPLS,2kr1b1r/ppp2pp1/2n1b3/3qp1Np/3P4/2P1B2P/PP2BPP1/R2QK2R b KQ - 2 11,d5g2 e2f3 g2g5 e3g5,1319,trappedPiece
0HAOv,r1b1r1k1/ppp2ppp/2n5/3p4/2qN4/P1P2P2/1BPQ2PP/2KRR3 b - - 1 16,c6d4 e1e8,1319,backRankMate
023sA,5r1k/p1p2qpp/6b1/1P1nP3/8/1Q2P1R1/PB4PP/3R2K1 w - - 2 26,b3d5 f7f2 g1h1 f2f1 d1f1 f8f1,1320,backRankMate fork
03LTp,8/R2Q4/1k3q1p/1pp1p3/3p4/1P1P3P/1KP2r2/8 b - - 4 36,f6c6 a7a6 b6a6 d7c6,1320,attraction deflection
04fWN,1r2kb1r/3q1ppp/1B2pn2/8/8/5Q2/PP3PPP/3R1RK1 b k - 6 21,d7b7 d1d8 b8d8 f3b7,1320,deflection
0516t,1k2r3/ppn3p1/2n1p3/5p1P/q1PP1P2/5QNP/PR4B1/K7 b - - 0 43,a4c4 f3c6 c4c6 g2c6,1320,pin
0PvJA,5r1k/p2Bn1pp/1p1QP3/8/5r1q/2P5/PP4PP/R3R2K w - - 4 31,d7c6 h4e1 a1e1 f4f1 e1f1 f8f1,1321,backRankMate
011J1,4R3/5ppk/7p/2p2q2/1n6/2Br2P1/5P1P/1Q4K1 w - - 0 35,c3b4 d3g3 f2g3 f5b1,1322,discoveredAttack
04ri9,6k1/p3B3/2b2bPQ/q1P5/4p3/P2r4/8/5R1K b - - 0 39,e4e3 h1g1 e3e2 h6h7,1322,defensiveMove
04tI7,1k4r1/1pp5/p1p1Q3/8/6p1/q1bP4/2PB1PP1/3KR3 b - - 0 30,c3d2 e6g8 b8a7 d1d2,1322,hangingPiece
07COk,8/1p3p1p/2k3p1/3N1p2/3P4/5P2/7P/7K w - - 1 39,d5f6 b7b5 h1g2 b5b4,1322,defensiveMove
0BI9X,r6k/p4Bb1/bp4Q1/7N/3q4/4p3/PPP3PP/R5K1 w - - 1 24,h5g7 e3e2 g1h1 d4d1 a1d1 e2d1q,1322,promotion
00tB9,1k1r3r/1bq1b1p1/p2p4/2nBp1P1/4P3/4BP2/1PPQN3/2KR3R w - - 3 24,d5b7 c5b3 c1b1 b3d2,1323,pin
02GQ5,8/p5k1/5R2/3PP3/2P2N1p/1P2n3/3r4/7K w - - 0 42,d5d6 d2d1 h1h2 e3g4 h2h3 g4f6,1323,exposedKing fork
05Pdl,8/k7/2PKp3/4P3/2P5/5bp1/6B1/8 w - - 2 55,d6d7 f3g2 c6c7 g2b7 c7c8q b7c8,1323,hangingPiece
00WJN,5Q2/7K/8/8/4p2P/3kq3/8/8 b - - 1 53,e3g3 f8a3 d3d2 a3g3,1324,skewer
04oyE,r1r3k1/5pbp/1np1q1p1/1p2p3/8/2B3P1/P2Q1PBP/R2R2K1 b - - 3 31,e5e4 c3g7 g8g7 d2d4 e6f6 d4b6,1324,attraction
0GMU0,r2qkb2/p3ppp1/2p3p1/2pp2N1/6P1/1P1PP1n1/P1P4r/RNBQK1R1 w Qq - 2 14,g1g3 h2h1 e1e2 h1d1,1324,skewer
02N0A,r3r1k1/1pp1bp1n/p1n4Q/3qp1P1/8/3P1P1N/PPP1B2P/R3K1R1 b Q - 0 18,d5d6 g5g6 f7g6 g1g6 d6g6 h6g6,1325,fork
0EjG0,3r2k1/5p1p/p2qb1p1/1p6/3P4/1PR5/P2Q1PPP/1B4K1 w - - 1 29,c3d3 e6f5 d3e3 f5b1,1325,skewer
03lR8,2r3k1/5pb1/p5pp/1p2p3/1B1rR3/P3R2P/Bn3PP1/6K1 b - - 9 31,b2d3 e4d4 e5d4 e3d3 c8c1 g1h2,1326,defensiveMove
04e5c,8/1R1k2pp/3P4/8/8/3q1N1P/6PK/8 b - - 3 31,d7d6 b7d7 d6d7 f3e5 d7c8 e5d3,1326,attraction exposedKing
09HP2,4R3/1P6/7P/3k4/3b4/4p1K1/1r6/8 b - - 0 58,d4e5 e8e5 d5e5 h6h7 b2b7 h7h8q,1326,promotion
0AhiZ,8/8/8/2k3Kp/7P/8/8/8 b - - 2 57,c5d5 g5h5 d5e6 h5g6 e6e7 g6g7,1326,pawnEndgame
0I0ds,r2qkbnr/pp3ppp/2b1p3/3pN3/3P4/2N5/PPP2PPP/R1BQK2R b KQkq - 1 8,f7f6 d1h5 g7g6 e5g6 h7g6 h5h8,1326,trappedPiece
00JR7,r4rk1/pp2q1p1/2p1p2p/3nP1pP/3P2P1/2PQ1R2/PPB5/R5K1 b - - 1 23,f8f3 d3h7 g8f7 c2g6 f7f8 h7h8,1327,kingsideAttack
01aXE,b4rk1/p4p2/2q4p/2p5/2Pb2p1/PR3PP1/1PQ3KP/2B1R3 w - - 0 31,c2e4 g4f3 b3f3 c6e4 e1e4 a8e4,1327,pin
01qI9,1r6/1n4p1/1P1p1kp1/4p3/4P3/3K1P1P/5BP1/2R5 w - - 11 46,d3c4 b8c8 c4b5 c8c1,1327,skewer
03CVu,2kr1b1r/1p2npp1/p5b1/2qp2N1/2p2PP1/P1NP4/BPQ5/R1BR2K1 w - - 2 19,c2f2 h8h1 g1h1 c5f2,1327,deflection kingsideAttack
05R52,2K5/7p/3Pk1p1/1N2np2/p7/2P3P1/5PP1/8 w - - 0 40,c3c4 e5c4 d6d7 c4b6 c8b7 b6d7,1327,deflection
0A2QL,8/7p/2K3p1/6P1/1Q5P/5q2/k7/8 w - - 1 50,c6d6 f3f8 d6d5 f8b4,1327,skewer
0Enjj,r1b2rk1/1pq3b1/p4pp1/4p2p/8/2P1BQ2/PP1N1PPP/R2R2K1 w - - 0 17,d2e4 c8g4 f3g3 g4d1,1327,skewer
00Zwc,r2k1r2/pp1nRR2/2pP1N1p/8/3P3p/8/PPP3P1/6K1 b - - 0 24,f8f7 e7e8,1328,mateIn1
01EMd,r6k/4q1pp/1n1pBp2/2p1nP2/1p2R2Q/1P5P/r5P1/2B1R1K1 b - - 6 31,b6d7 h4h7 h8h7 e4h4,1328,attraction kingsideAttack mateIn2
02jvs,6k1/1p2ppbp/3p4/p4p2/1q1P1B1P/4PN2/P4PP1/K1R5 b - - 3 26,a5a4 c1c8 g7f8 f4h6 b4c3 c8c3,1328,pin
03WcF,8/8/8/1k4p1/2q5/2Q5/2K5/8 w - - 20 62,c3c4 b5c4 c2d2 c4d4 d2e2 d4e4,1328,defensiveMove
03f9e,7R/8/8/2P2b2/3K1P2/8/6kp/8 w - - 1 60,d4e5 f5h3 c5c6 h2h1q,1328,advancedPawn promotion
09Mof,8/7p/1p6/p7/P5Pp/1P5P/k1K5/8 b - - 0 44,h7h6 c2c3 a2a3 c3c4,1329,pawnEndgame
0LybU,Rr4k1/5ppp/4p3/3p4/2qPn2Q/4P1PP/R4P1K/2r5 b - - 2 29,c1b1 h4d8 b8d8 a8d8,1329,backRankMate
09T0L,1k6/8/8/1PK2p1p/7P/8/8/8 b - - 1 50,f5f4 c5d4 f4f3 d4e3 b8b7 e3f3,1330,pawnEndgame
09zOx,8/8/3K4/1k1pR2r/p1pP4/2P5/8/8 b - - 1 62,h5e5 d4e5 a4a3 e5e6 b5a4 e6e7 a3a2 e7e8q,1330,promotion
00X5a,3N3k/pQ5p/4p1p1/3q4/8/2b1P1P1/P3RPKP/4n3 w - - 1 28,g2h3 d5h5,1331,mateIn1
02dIS,rn2kb1r/ppp2p1p/4pp2/8/2qP2P1/7P/PPP2PB1/R1BQK2R w KQkq - 0 13,g2b7 c4b4 c2c3 b4b7,1331,fork
03tOG,3r2k1/1p5p/1b2P1pq/pP1P1r2/P7/3Q2P1/6PN/R3R2K w - - 1 32,e6e7 h6h2 h1h2 f5h5,1332,attraction kingsideAttack
05PKP,4nk2/3bQ3/p4P2/1p3N2/3pqPP1/8/BP3K2/8 b - - 3 45,e4e7 f6e7,1332,advancedPawn
05ya7,r7/ppq3k1/3b3r/4p1p1/3pQpP1/PB1P1P2/1PP5/R3R1K1 w - - 8 33,e1e2 a8h8 e2g2 h6h1 g1f2 h1a1,1332,exposedKing skewer
0A3cu,7R/p4rp1/p4k1p/2qp4/5Q2/1P5P/6PK/8 b - - 9 37,f6e7 f4e5 e7d7 e5e8 d7d6 e8f7,1332,exposedKing
03BPz,8/2Q2kpp/p4q2/1p1P4/1P6/7P/6PK/8 b - - 4 35,f6e7 d5d6 e7c7 d6c7,1335,advancedPawn
04PtE,r1b1r1k1/pp3ppp/5q2/3p4/3Pn3/BQP3P1/P4PBP/R3R1K1 w - - 7 16,b3d5 f6f2 g1h1 e4g3 h2g3 e8e1 a1e1 f2e1,1335,kingsideAttack
01eLD,8/p5qk/1pP5/5Q1p/8/P5P1/6KP/3r4 b - - 7 53,h7h8 f5h5 h8g8 h5d1,1336,fork
04aK0,rBb1qrk1/pp2bppp/4p3/8/2B5/1QP5/PP3PPP/3RK1NR b K - 0 11,a8b8 c4b5 e8d8 d1d8,1336,trappedPiece
04uXY,8/8/5k1p/rB5R/P2p4/2n1pKP1/8/8 b - - 0 56,f6g6 b5e8 g6f6 h5a5,1336,discoveredAttack
04Az3,4r1k1/1p3pp1/p5r1/2P4p/4P3/P2PQNq1/8/R3RK2 w - - 2 32,e3f2 g3h3 f1e2 g6g2 e2e3 g2f2,1337,pin
0206q,4k3/5R2/p1p2K2/r4Ppp/6P1/7P/8/8 w - - 0 51,g4h5 a5f5 f6f5 e8f7,1338,deflection rookEndgame
06HVd,4r1k1/ppp2ppp/1bp5/1q6/1N2r3/2P2Q2/PP1P1PPP/R1B2RK1 w - - 3 16,a2a4 b5f1 g1f1 e4e1,1338,attraction
05j7G,8/8/3R4/ppk1P3/4P3/r7/3K4/8 b - - 1 45,b5b4 d6d5 c5c4 e5e6 a3h3 e6e7 h3h8 d5d8,1339,rookEndgame
003S3,r4k1r/pNqnppb1/6pn/2p3Np/7P/2P2Q2/PP3PP1/R1B1K2R b KQ - 2 15,a8b8 g5e6 f8g8 e6c7,1340,pin
01Gqt,4Q3/6bk/6pp/pp6/8/3qBP1P/PP6/K1R5 w - - 0 37,a2a3 d3a3 a1b1 a3b2,1340,mateIn2 pin
0A577,8/3PR1p1/5pkp/8/4P3/1p4P1/3r3P/4K3 b - - 1 37,b3b2 e1d2 b2b1q d7d8q,1340,hangingPiece promotion
0PvJQ,3Qn1k1/pp3rpp/8/3p4/P7/1P1q1P2/1B2r1PP/R3R1K1 w - - 1 27,b2a3 d3e3 g1h1 e2e1 a1e1 e3e1,1340,backRankMate
00xIC,3rr1k1/1R3ppp/8/2p5/q2p1B2/3Q2P1/P1R2P1P/6K1 w - - 3 28,d3c4 e8e1 g1g2 a4c6 f2f3 c6b7,1341,fork
025Cu,rnbqk2r/pp3ppp/3b4/2p5/2B2n2/2N2Q2/PP1PN1PP/R1B1K2R b KQkq - 3 9,f4e2 f3f7,1341,mateIn1
03mG5,6k1/4p2p/p2pN1p1/1p1P3r/2P5/1P2Bq2/P2Q1P2/5KRr w - - 6 33,d2d4 h1g1 f1g1 f3h1,1341,attraction
0KU4f,r4r2/p3nk2/5p1Q/4pPp1/1p1pP3/P2P1R2/P5PP/6K1 w - - 8 29,a3b4 f8h8 h6h8 a8h8,1341,trappedPiece
0MkVe,r1b2rk1/pp3ppp/2nb1n2/2pqp3/8/1PP2N1P/P2PBPP1/RNBQR1K1 b - - 0 9,f8e8 e2c4 d5c4 b3c4,1341,trappedPiece
01EUl,r2qk2r/ppp2pp1/2p2n2/7p/3bP1b1/2N3Q1/PPP2PPP/R1B1KB1R w KQkq - 0 9,h2h3 d4c3 g3c3 d8d1,1342,mateIn2
09DAw,8/1p3R2/p5p1/7p/P6k/1P5P/1r4P1/7K w - - 2 45,f7b7 h4g3 b7c7 b2b1 c7c1 b1c1,1342,rookEndgame
0JTk1,8/5p1k/3q2p1/p1pP3p/PpK2P2/1B3Q2/8/8 w - - 0 44,f3e3 d6a6 c4c5 a6a7 c5b5 a7e3,1342,skewer
0RxH4,r1b2rk1/p4pp1/1q3b2/8/4Q3/4PN2/P4PPP/2R2RK1 w - - 1 20,e4a8 c8b7 a8f8 g8f8,1342,trappedPiece
038rm,7r/p6p/1b3Q1p/8/2qn1Nk1/8/PP3P2/R4RK1 w - - 0 27,f2f3 d4f3 g1h1 c4f4 f6f4 g4f4,1343,discoveredAttack
042LP,rk6/p1R2Q2/2ppN2B/3q4/4K3/6rP/6P1/8 w - - 4 38,e4f4 d5e5,1343,mateIn1
0I3Vy,r2q2k1/1b1n1r1p/pp1pQ1p1/2pP1p1n/P1P2P2/2PB3P/6PN/R1B2RK1 w - - 2 17,e6d6 f7f6 d6e5 d7e5,1343,trappedPiece
0MLcF,r3r1k1/1p1bb1pp/2p1pp2/p1P5/3Pp3/4P1B1/qPQ2PPP/2RK1B1R b - - 1 17,a5a4 f1c4 a2c4 c2c4,1343,trappedPiece
00YbZ,b6k/8/6p1/4q2p/1Q3r1P/P1N3R1/1PP3PK/8 w - - 3 35,b4b6 f4h4 h2g1 e5e1,1344,mateIn2 pin
00g5H,2r3k1/p4pp1/1p5p/1Q6/8/5P2/qP4PP/3R2K1 b - - 3 30,a2c4 d1d8 c8d8 b5c4 d8d1 g1f2,1344,deflection
01Me6,8/8/8/pK3k2/P7/8/8/8 b - - 1 59,f5e5 b5a5 e5d6 a5b6 d6d7 b6b7,1344,defensiveMove pawnEndgame
03ag9,5rk1/p4p1p/1b4pr/2Q1p2q/2B1PnRP/2P2P2/P4P2/2B3RK w - - 1 28,c5d6 h5h4 g4h4 h6h4,1344,kingsideAttack
0MrSh,5rk1/4b3/p2p3Q/1p2n3/4R3/P7/1Pq2PPP/3R2K1 w - - 0 22,d1e1 c2f2 g1h1 f2f1 e1f1 f8f1,1344,backRankMate
0040n,r7/p2k1pp1/p1p1pn2/3p4/3P4/P3PQp1/1PP2P1q/2K4R w - - 0 20,h1h2 g3h2 f3h3 f6g4,1345,advancedPawn
00fjN,r4rk1/pp3p1p/2p3p1/q3bb2/3Pn3/1Q1BPN2/PP2KPPP/2R4R w - - 0 18,f3e5 a5d2 e2f3 d2f2,1345,mateIn2
01mgz,2rq1rk1/1b3ppp/p2p1Nn1/1p3N2/4P3/3Qp3/PPP3PP/R4R1K b - - 0 20,d8f6 f5h6 g7h6 f1f6,1345,discoveredAttack kingsideAttack
042a4,8/R7/6k1/1P5p/2np4/P6r/4KP2/8 b - - 0 36,h3a3 a7a3 c4a3 b5b6 a3c4 b6b7 c4e5 b7b8q,1345,advancedPawn promotion
0AJvG,3r4/pp4k1/2n2qpp/4p3/1P2Qb2/2P2PN1/P1B2P2/4R1K1 b - - 0 25,d8d7 g3h5 g6h5 e4h7 g7f8 h7d7 f6g7 d7g7,1345,skewer
028B5,7r/kpQ2p2/r2R3p/4pb2/2N1q3/8/PP3P1P/K1R5 b - - 3 27,h8c8 d6a6 a7a6 c7a5,1346,attraction mateIn2 pin
0687E,2b3rk/4qprp/3p2pR/1p3P2/p1n1PPQ1/P1PB2R1/1PK4P/8 b - - 7 32,g6f5 h6h7 g7h7 g4g8,1346,deflection
07GDE,8/5K2/5pp1/6kp/4P3/6P1/8/8 b - - 1 64,f6f5 e4e5 g5g4 e5e6 g4g3 e6e7 f5f4 e7e8q,1346,pawnEndgame promotion
0Ddoc,3r1r1k/p1QP2pp/1p4b1/3R4/1P2p2q/P1N1Rp1P/5P2/5B1K w - - 1 40,c7a7 h4f2 d5d1 f2e3,1346,trappedPiece
00761,3r2k1/1b3pbR/p2P2P1/3p2N1/2p5/2P2N2/PP6/2K5 b - - 0 28,f7g6 h7g7 g8g7 g5e6 g7g8 e6d8,1347,attraction exposedKing fork
009FP,r1b1k1nr/ppp2pbp/3ppqp1/8/2BnP3/N2P2QP/PPP2PP1/R1B1K2R b KQkq - 4 9,e6e5 c1g5 f6g5 g3g5,1347,trappedPiece
01b3S,r2q1r1k/4b1p1/p3b2p/4B1pQ/2p1P3/1P1p3P/P2P1P2/2KR2R1 b - - 0 22,c4b3 h5h6 h8g8 h6g7,1347,kingsideAttack mateIn2 pin
02F5u,8/5k2/4p3/6Kp/3P4/5P2/8/8 b - - 0 44,f7g7 g5h5 g7f6 h5g4,1347,defensiveMove pawnEndgame
03gRv,8/4kp2/1b4p1/p1pBP2p/1pK1PP1P/1P4Pb/PB6/8 w - - 6 38,b2c1 h3f1,1347,mateIn1
04rt9,3k3r/pp4p1/2P5/1B1bp3/6P1/BPR2P2/P5K1/3r4 b - - 0 28,h8h1 c6c7 d8c8 b5d7 c8d7 c7c8q,1347,advancedPawn attraction exposedKing promotion
02MlO,r1b5/1pp4p/p2p2pk/3Pr3/1PP5/4q1P1/PQ1N2P1/R4R1K w - - 1 23,d2f3 e5h5 f3h4 e3g3,1348,kingsideAttack pin
01V7x,4kr2/1R6/p1pKP3/P1r2P2/8/8/8/8 b - - 1 49,c5f5 b7b8,1349,mateIn1 rookEndgame
01Vfj,r2q3r/pp3pkp/5bp1/1N1p4/8/2P5/PP3PPP/R2QR1K1 b - - 0 15,h8e8 e1e8 d8e8 b5c7 e8c6 c7a8,1349,fork
07hJ5,7Q/4kpp1/p1p1p3/P1q2b2/2B5/3PRPp1/1PP1K1P1/r7 w - - 0 29,h8g7 a1e1 e2e1 c5e3,1349,attraction
06nSt,4k3/6Bb/3P1p1P/p1N2p2/8/2K3p1/r7/8 b - - 0 46,g3g2 d6d7 e8e7 g7f6 e7f6 d7d8q,1350,attraction exposedKing promotion
0B6DR,8/8/2p4k/1pP2P2/6KP/8/8/8 w - b6 0 58,h4h5 b5b4 f5f6 b4b3 f6f7 h6g7 f7f8q g7f8,1350,pawnEndgame
0BT21,4r1k1/5pbp/1R4p1/8/8/B7/5rPP/5RK1 w - - 0 23,f1f2 e8e1 f2f1 g7d4 g1h1 e1f1,1350,backRankMate
00fXd,8/Q5b1/p2kp3/1p2qpN1/1P6/P7/4nPP1/5K2 b - - 5 46,d6d5 a7c5,1351,mateIn1
03Lp2,8/5pkp/4p3/3p4/4n1P1/1r5P/1P3RK1/1R6 w - - 8 47,f2f3 b3f3 g2f3 e4d2 f3e3 d2b1,1351,attraction
069pG,3r1rk1/1p4p1/2p1p3/4N1Np/1P1P4/P7/6P1/5RK1 b - - 0 30,d8d4 f1f8 g8f8 g5e6,1351,attraction
01gcG,2r2rk1/pp3ppp/2n5/q2p4/3Pn3/P1P2B2/2QB1PPP/R1R3K1 b - - 0 16,c6d4 c3d4 c8c2 d2a5,1352,discoveredAttack hangingPiece
05Fzd,2r1r1k1/p2q1pbp/1p4p1/2pP4/b1P5/4BP2/P2QN1PP/2R2RK1 w - - 1 19,e2g3 e8e3 d2e3 g7d4,1352,pin
05HRv,r2qkb1r/pp3ppp/4bn2/2p1Q3/3pPP2/3P4/PPP1N1PP/RNB2RK1 w kq - 1 12,f4f5 f8d6 e5d6 d8d6,1352,trappedPiece
05coF,r1r2k2/1R4pp/B2pbn2/2p5/8/P3PN1P/2P1KPP1/1R6 w - - 3 24,b7b6 a8a6 b6a6 e6c4 e2e1 c4a6,1352,attraction
081pk,8/1PK5/2R1pk2/1r3p1p/8/8/8/8 b - - 2 56,h5h4 c6b6 b5b6 c7b6,1352,rookEndgame
07ThY,r2q1rk1/pb2bpp1/1pn1pn2/2pp2P1/8/PP1BP1N1/1BPP2PP/R2Q1RK1 b - - 0 15,f6h7 d3h7 g8h7 d1h5,1353,attraction
08FQQ,4rrk1/2bq3p/p1pn2p1/1p1pB1P1/1P1P1P2/P1PQ2N1/6K1/4R2R w - - 4 32,d3g6 h7g6 h1h8 g8f7 h8h7 f7e6 h7d7 e6d7,1354,hangingPiece
00q7m,5k2/7q/4Q3/1p6/6P1/8/6K1/8 w - - 1 62,e6f5 h7f5 g4f5 b5b4 g2f1 b4b3 f1e1 b3b2,1355,advancedPawn
04FiV,3r2k1/pb3ppp/1pnq4/2ppr3/8/2P1QB2/PPNN2PP/4RR1K w - - 0 20,e3f4 e5e1 f4d6 e1f1 d2f1 d8d6,1355,kingsideAttack
04beQ,rnbqk2r/ppp2ppp/3b4/3np3/2B5/3P1N1P/PPP2PP1/RNBQK2R b KQkq - 0 6,b8c6 c4d5 d6b4 c2c3 d8d5 c3b4,1355,hangingPiece
05Kbg,1Rb1r1k1/5p2/3p2p1/4b2p/2Pp3P/3P1BPq/3BPP2/3Q2K1 w - - 4 30,d1f1 h3f1 g1f1 c8h3,1355,attraction
022JP,1r3b2/8/4R3/2p3pp/3k1p2/P1N5/2K2PPP/8 b - - 1 43,f8g7 e6e4,1356,mateIn1
09Yhe,r3b2r/p3kp2/1pq1pP2/3p1p2/1RpP1P2/P1P1Q3/2P4P/4BRK1 b - - 0 26,e7f6 e3e5 f6e7 e5h8,1356,skewer
0BWMu,5r2/4k1p1/p3p3/2P3pR/8/6P1/r4PK1/7R w - - 0 32,h5g5 a2f2 g2h3 f8h8 h3g4 h8h1,1356,skewer
0JOrA,1r3k1r/p4ppp/2nQ4/8/3P4/2N2q2/PPP4P/4R1Kb b - - 0 18,f8g8 d6b8 c6b8 e1e8,1356,backRankMate
0Usxz,4r1k1/1bp1q1pp/1p6/p1nPB2Q/2P5/P5P1/6BP/5RK1 b - - 0 26,e7e5 h5f7 g8h8 f7f8 e8f8 f1f8,1356,backRankMate
01CxB,4k3/R5R1/5pKp/1Pp3r1/8/6P1/4p2P/8 w - - 3 53,g6f6 g5g7 f6g7 e2e1q,1357,advancedPawn promotion rookEndgame
07WiO,r1b2rk1/ppp3pp/2np1bq1/3Np3/2P1P3/4PN1P/PPK1B1P1/3R1Q1R b - - 6 15,g6e4 e2d3 c6b4 d5b4,1357,defensiveMove
0JZHG,r5k1/pp3pp1/3p4/4p3/2PnP3/4K2R/nP4P1/3R4 b - - 1 21,a8c8 d1h1 f7f5 h3h8 g8f7 h8c8,1357,skewer
05YDe,8/pr2Q2p/2k5/4p3/8/2q4P/5PP1/R5K1 w - - 5 40,e7a3 b7b1 a1b1 c3a3,1358,deflection
05ctI,8/8/8/7p/5K2/7k/5P2/8 w - - 6 54,f2f3 h5h4 f4g5 h3g3 f3f4 h4h3 f4f5 h3h2 f5f6 h2h1q,1358,pawnEndgame promotion
013oK,8/8/p3r2k/1Q5p/3P2q1/2P5/PP6/1K3R2 w - - 0 31,b5c5 g4e4 b1c1 e4e3 c1c2 e3e2 c2b3 e2f1,1359,fork
02QDV,4nrk1/5p1p/1q4pQ/p4N2/1p2P3/5K1P/PPr1B3/6R1 b - - 0 33,b6g1 f5e7 g8h8 h6f8,1359,deflection mateIn2
065ey,2r3k1/1p3p2/p2Q1P1p/6p1/6P1/4q2P/r1P1RR1K/8 b - - 1 30,e3c5 e2e8 c8e8 d6c5,1359,deflection
06jXt,8/8/2p1p3/p1P1Pp1p/P3kP1K/6P1/8/8 b - - 1 51,e4f3 h4h5 f3g3 h5g5 g3f3 g5f6 f3f4 f6e6,1359,pawnEndgame
015mX,r3k2r/1ppqb2p/p1b1N1p1/3pPR2/3P2Q1/2P5/PP4PP/RNB3K1 b kq - 0 14,g6f5 g4h5,1360,mateIn1
0QPvf,2Q4k/p5pp/2p5/3q4/8/7P/5rP1/1R5K b - - 2 32,d5g8 b1b8 f2f1 h1h2 g8c8 b8c8 f1f8 c8f8,1360,backRankMate
02YTz,1k5b/pp2n1q1/n1pN4/4Pb2/5B2/1BN2Q2/PPP3P1/3rK3 w - - 0 21,e1d1 f5g4 d1c1 g4f3,1361,pin
08wuw,8/1p4p1/1P2pk2/8/2P1K3/8/8/8 b - - 0 45,g7g5 c4c5 f6e7 c5c6 b7c6 b6b7,1361,pawnEndgame
02qLW,5rk1/5p2/4q1pK/4P1Qp/6P1/7P/8/8 b - - 0 50,e6d7 g5f6 d7d2 g4g5,1362,defensiveMove
02uJi,2k2n2/1p4r1/p2p3p/2pPp3/2PnR3/2N5/PP2N1PP/6K1 w - - 0 25,e4h4 d4f3 g1h1 f3h4,1362,kingsideAttack pin
04QLv,6rk/p4ppp/8/4pPR1/7Q/3P4/Pqr3PP/5RK1 b - - 0 26,f7f6 h4h7 h8h7 g5h5,1362,attraction
05K1G,2kr4/p1p4p/2N5/5b2/2Pb4/8/PP3PPP/R2K4 w - - 1 21,c6e7 c8b7 e7f5 d4b2,1362,defensiveMove discoveredAttack
08wiN,8/8/3p1k2/1p1K2p1/3P2P1/7P/8/8 b - - 1 39,b5b4 d5c4 f6e6 c4b4 e6d5 b4c3,1362,defensiveMove pawnEndgame
000Zo,4r3/1k6/pp3r2/1b2P2p/3R1p2/P1R2P2/1P4PP/6K1 w - - 0 35,e5f6 e8e1 g1f2 e1f1,1363,mateIn2
00ROK,5k2/p1p2R2/1r2rp2/3p1Q2/2qP2R1/2P4P/6PK/4q3 b - - 0 33,f8f7 f5h7 f7f8 g4g8,1363,mateIn2
01Xyq,8/5kpp/1B1p4/P2P4/6PP/5p2/5P1K/r7 b - - 0 41,f7f6 b6d4 f6e7 d4a1,1363,fork
036yi,2r3k1/p4pp1/1pPR2r1/8/1P2p3/P1Q1B1pq/4PP1P/2R3K1 w - - 0 34,d6g6 h3h2 g1f1 h2h1,1364,kingsideAttack
065JG,8/8/P1R5/6P1/1p6/2p2kP1/r4P2/4K3 w - - 1 47,g5g6 a2a1,1364,rookEndgame
09bsX,1r4k1/4bppp/2B1p3/2P5/RnPPp3/3bB3/3N1PPP/6K1 w - - 1 31,a4a8 b4c6 a8b8 c6b8,1364,hangingPiece
05Nmq,r1bq3r/ppp1kB1p/5pp1/2b1p1N1/3n3Q/3P4/PPP2PPP/RNB1K2R b KQ - 1 11,f6g5 c1g5 e7f7 g5d8,1365,skewer
00PUc,3r3k/pp4bp/3Bn1p1/7n/8/8/PP3P1K/R4RN1 w - - 1 27,a1d1 d8d6 d1d6 g7e5 h2h1 e5d6,1366,attraction exposedKing fork
0NYWd,2r3k1/1p1Q1ppp/p5n1/8/P2Pq3/1P5P/1B4P1/5R1K b - - 1 25,c8c2 d7f7 g8h8 f7f8 g6f8 f1f8,1366,backRankMate
03YTT,r3k2r/ppp1qpp1/1bnp4/4pN1b/2B1P1n1/1QPP3P/PP1N2P1/R1B1RK2 w kq - 2 14,f5e7 g4h2,1367,mateIn1
04lPa,5rk1/1b1n2pp/p3q3/1p6/3Q4/2Nn4/PPP3PP/4R2K w - - 6 24,e1e6 f8f1 d4g1 d3f2,1367,pin
0BtUp,7k/r7/1R3N2/7p/7P/p3PP2/3r2P1/K7 b - - 4 39,a7c7 b6b8 h8g7 f6e8 g7f7 e8c7,1367,exposedKing
0D3Pa,r1b1k2r/pppp1ppp/1qn2n2/2b5/1PB1P3/2PPBQ2/P4PPP/RN2K1R1 w Qkq - 3 12,b4c5 b6b2 f3e2 b2a1,1367,trappedPiece
03xkS,8/1p3p1p/8/1R1P1p2/2P2k2/1P5P/1P1r2P1/7K w - - 3 32,b5b7 f4g3 b7e7 d2d1 e7e1 d1e1,1368,rookEndgame
0QF52,r1r3k1/1p4pp/1p2Qp2/8/2PR4/P1q5/5PPP/3R2K1 b - - 1 28,g8h8 e6c8 a8c8 d4d8 c8d8 d1d8,1368,backRankMate
014It,1k1r4/p1p3pp/Pp3r2/3pR3/Q2N4/8/1PPq1PPP/4R1K1 w - - 3 25,e5e8 d2f2 g1h1 f2f1 e1f1 f6f1,1369,backRankMate
01Opl,8/8/4n3/4B3/2k1K3/1p6/5P2/8 w - - 0 56,e4f5 e6d4 f5e4 b3b2 e5d4 b2b1q,1369,advancedPawn promotion
0CJgt,6k1/1p4pp/p4r2/3pN3/1q1PbP2/1P4Q1/P4K1P/3B1R2 w - - 1 34,f1g1 b4d2 d1e2 f6f4 g3f4 d2f4,1369,exposedKing
044c9,1r4k1/2n2p2/2P1p1p1/8/1r2P2P/2R2P2/8/B1R2K2 w - - 2 41,c3c4 b4c4 c1c4 b8b1 f1f2 b1a1,1370,exposedKing
0QI4Q,r2qr1k1/1pp3pn/p1n1b2p/b2QPp2/8/P1N2N1P/1PB2PP1/R1B1R1K1 w - - 2 19,d5c5 a5b6 c3a4 b6c5,1370,trappedPiece
035Y0,r4rk1/pp1b1p1p/3p1n2/2p1pp2/4P2q/3P1B1P/PPP1Q2K/R1B3R1 b - - 1 17,g8h8 c1g5 h4g5 g1g5,1371,trappedPiece
0AEQU,7r/pp3ppp/2k1b3/3r4/3R1B2/7P/PP3PP1/2R3K1 b - - 1 19,d5c5 d4d6 c6b5 a2a4 b5a4 c1c5,1371,exposedKing
04iyl,8/8/1pk5/4p1pp/2K1Pp2/2P2P1P/6P1/8 b - - 0 38,h5h4 c4b4 b6b5 c3c4 b5c4 b4c4,1372,pawnEndgame
05Dye,rn1R1bk1/1p3ppp/p2N4/4PQ2/1q3P2/6P1/PP5P/2K4b b - - 5 22,h1d5 d8f8 g8f8 f5c8 f8e7 d6f5,1372,attraction
06tjB,4r2k/2p2pp1/3b3p/1p1p3q/3P2R1/3Br2P/1PP3P1/R4QK1 b - - 5 30,f7f6 d3g6 h5g6 g4g6,1372,trappedPiece
08Bb2,4r1k1/1p4b1/p1p1b1Pp/8/3P4/3B1P2/Pr2N1P1/R3RK2 b - - 2 27,e6a2 a1a2 b2a2 d3c4 g8f8 c4a2,1372,exposedKing
01IWK,8/8/8/8/3pPk2/3K4/2p2r2/6R1 w - - 0 59,d3d4 f2d2 d4c3 d2d1 c3c2 d1g1,1373,rookEndgame
01Jpm,3R4/8/p5pp/2B5/5b1P/P3p3/8/3K1k2 w - - 2 46,d8f8 e3e2 d1c2 e2e1q f8f4 f1g2,1373,advancedPawn defensiveMove deflection promotion
01o3H,r4rk1/BRp2pp1/3b3p/8/2P2P2/6P1/P6P/3R2K1 w - - 1 23,c4c5 a8a7 b7a7 d6c5 g1f1 c5a7,1373,attraction fork
0GXmh,r2q1rk1/1bp1bppp/p2p1n2/1p6/3QP3/1BN1B2P/PPP2PP1/R4RK1 w - - 2 12,a1d1 c7c5 d4d3 c5c4 b3c4 b5c4,1373,trappedPiece
0PPsq,r3r1k1/ppq2p2/4b1p1/2R3Bn/N7/P1N3P1/1P2PPBP/5RK1 b - - 0 27,c7d7 f1d1 d7d1 c3d1,1373,trappedPiece
036BY,3rB1k1/p2P4/1pp1p2p/2n2pb1/2P5/P2n1R2/6PB/5R1K b - - 0 35,c5d7 f3d3 d8e8 d3d7,1374,hangingPiece
05BPR,1k6/1P4R1/8/K3p3/4rb2/4n3/8/8 b - - 0 71,e3c4 a5a6 c4d6 g7g8 b8c7 b7b8q,1374,advancedPawn defensiveMove exposedKing promotion
075Q6,r5k1/pbp3pp/3p1r1q/2p2p2/2P1p3/4P1P1/P4P1P/1R1QRBK1 b - - 1 20,a8b8 b1b7 b8b7 d1d5 f6f7 d5b7,1374,attraction
08SqC,8/5pkp/2p3p1/2p5/4PQ2/2Pq4/5PPP/1rR3K1 w - - 1 35,e4e5 d3d1 c1d1 b1d1,1374,backRankMate
00aDl,r5k1/1p3p2/2p1ppp1/3p4/2nP4/1QB2B1P/rPP2PP1/qNKR3R w - - 3 22,f3e2 a1b1 c1b1 a2a1,1375,attraction mateIn2
04gj5,6k1/6p1/4Pq1p/2p1pP2/2PRQ1P1/1P6/r1B4P/7K b - - 0 43,e5d4 e6e7 f6e7 e4e7,1375,advancedPawn
05CJZ,8/2k2p1r/1p2p2P/p2pPnP1/P2P1PKB/2P1n3/5R2/4R3 w - - 10 47,g4h5 f5g7,1375,pin
00jPH,1k1r3r/1b1p1p2/p3p3/1p2Pn2/3n2Np/P1Q5/1P3PPP/1B2NRK1 w - - 2 26,b1f5 d4e2 g1h1 e2c3,1376,fork
04yPy,2r3kb/4pp1p/3p1npB/4PN1P/6P1/rp3P2/1PqQ4/K2R3R w - - 0 26,b2a3 b3b2 a1a2 b2b1q,1376,advancedPawn promotion
07VUw,8/6pp/2p5/p4kPK/1p5P/1PP5/8/8 w - - 0 36,c3b4 a5b4 g5g6 h7g6,1376,pawnEndgame
07o6i,5Q2/1pr4p/p5pk/4q3/8/1B4P1/P4P1P/6K1 b - - 4 29,e5g7 f8f4 g6g5 f4d6 g7g6 d6c7 g6b1 g1g2,1376,defensiveMove
04Fmz,r6k/p5p1/1p1q1r1p/3P1p2/7R/P4P2/1B1Q1KP1/8 b - - 0 30,f6f7 h4h6 d6h6 d2h6,1377,pin
06LDv,rn4k1/p5pp/2p1b2r/3B4/7q/5Q2/PP1N1R2/2R3K1 b - - 3 21,b8d7 d5e6 h6e6 f3f7 g8h8 f7e6,1377,attraction
09b6c,rn1qk2r/ppp1p1bp/3p2p1/5b2/2PPQ3/5N2/PP3PPP/R1B1KB1R w KQkq - 1 9,e4d5 c7c6 d5f5 g6f5,1377,trappedPiece
0BxhQ,r5k1/2p2rpp/p4p2/1p2pP2/4P1Q1/2Pq2bP/P1RB2R1/3K4 w - - 0 28,g2g3 d3f1 d2e1 a8d8 d1c1 f1e1,1377,exposedKing
000lC,3r3r/pQNk1ppp/1qnb1n2/1B6/8/8/PPP3PP/3R1R1K w - - 5 19,d1d6 d7d6 b7b6 a7b6,1379,hangingPiece
02Lx4,4r3/p2k1ppp/bn6/3pr3/8/BP3P2/P2N1KPP/R3R3 w - - 2 22,a3b2 e5e2 e1e2 e8e2,1379,fork
0688q,8/7p/8/1r2p3/4k3/6P1/1pK2P1P/1R6 w - - 6 41,b1b2 b5b2 c2b2 e4f3 b2c3 f3f2,1379,rookEndgame
07J24,8/5pp1/7p/2kpPP2/8/4K1P1/7P/8 w - - 5 47,e5e6 f7e6 f5e6 c5d6 e6e7 d6e7,1379,pawnEndgame
0EIfL,4r2k/7p/6B1/1N1Q4/5r2/1P2q3/2P2nPP/1R3R1K w - - 1 34,f1f2 e3e1 b1e1 e8e1 f2f1 e1f1,1379,backRankMate
019cy,5b1r/1Q3p2/p3pk1p/1p1p2p1/3q4/1P3PPP/P5P1/2RK1B1R w - - 0 22,d1e2 d4b2 e2d3 b2c1,1380,fork
02JVU,3k4/R7/8/1P2K1p1/1r2B3/2p3PP/8/8 w - - 2 45,a7b7 b4e4 e5e4 c3c2,1380,advancedPawn
03BAr,2rq2k1/1p3p1p/p3p1pP/3pP1Q1/1P1P4/5N2/2R2PP1/6K1 b - - 0 39,d8g5 c2c8 g5d8 c8d8,1380,hangingPiece
05Sv2,5q1k/1p4p1/p1p2r1p/6b1/3PQ3/1BP5/P5PP/4R1K1 w - - 12 35,e4e8 f6f1 e1f1 f8e8,1380,deflection
0JLFj,rnb1k2r/pp3pbp/1qp1pnp1/3p4/3P1B2/P1N1PN1P/1PP1BPP1/R2QK2R b KQkq - 0 8,b6b2 c3a4 b2a1 d1a1,1380,trappedPiece
01ehq,2kr3r/1bpp1ppp/1b4q1/p3Pn2/PpN5/1BpP1P2/1P1BQ1PP/R4R1K w - - 0 18,b2c3 f5g3 h2g3 g6h5,1381,kingsideAttack mateIn2
038W6,1r3rk1/pp1nqppp/4bn2/2p1N3/5PP1/P1N1Q2P/1P4B1/R4RK1 b - - 4 19,e6c4 e5c4 e7e3 c4e3,1381,hangingPiece
00m6L,8/8/k6p/p4p1P/p1p1pP2/K1P1P3/1P6/8 w - - 1 49,a3a4 a6b6 a4a3 b6b5 a3a2 b5a4,1382,defensiveMove pawnEndgame
028W0,1k6/1p4p1/1pp1p3/8/5q1p/Q4P2/PPP3r1/1K1R4 b - - 1 31,h4h3 d1d8 b8c7 a3e7,1382,mateIn2
04Inc,rn5r/pp3ppk/3Rqn1p/8/1P3Q2/4B3/P4PPP/2R3K1 b - - 3 23,e6e7 f4f5 g7g6 f5f6 e7f6 d6f6,1382,deflection
04RPC,8/8/6pp/2k3P1/p4K1P/P7/8/8 b - - 0 52,h6g5 f4g5 c5c4 g5g6 c4b3 h4h5 b3a3 h5h6 a3a2 h6h7 a4a3 h7h8q,1382,advancedPawn pawnEndgame promotion
0008Q,8/4R3/1p2P3/p4r2/P6p/1P3Pk1/4K3/8 w - - 1 64,e7f7 f5e5 e2f1 e5e6,1383,rookEndgame
01mvn,8/8/5k2/3R2p1/8/4KP2/8/r7 w - - 2 57,e3e4 a1e1 e4d4 e1d1 d4c5 d1d5 c5d5 f6f5 d5d4 f5f4 d4d3 f4f3,1383,rookEndgame
06Asm,5rk1/4b1pp/p1N1p3/2n5/r7/4B1PK/7P/3R1R2 b - - 1 26,f8f1 c6e7 g8f7 d1f1 f7e7 e3c5,1383,hangingPiece
09UOE,1r4k1/2p2ppp/3b2q1/3P1b2/8/pPQ1BBP1/P4P1P/2K1R3 w - - 5 33,h2h4 d6b4 c3d4 b4e1,1383,skewer
05MF9,Q1k1r3/p1p2Npp/1r3n2/8/3P4/4B3/q4PPP/2R3K1 b - - 1 21,b6b8 f7d6 c8d7 a8c6,1384,pin
01K12,5r2/1bN1N1k1/5rp1/4p2p/2PbP3/pP5P/P3R1P1/3R3K w - - 0 34,e7d5 f6f1 d1f1 f8f1 h1h2 d4g1,1385,kingsideAttack
02uQr,8/5p2/1p1k4/4pKP1/P2n2P1/3R4/8/8 w - - 2 49,d3d4 e5d4 g5g6 f7g6 f5e4 d6c5,1385,defensiveMove hangingPiece
055b5,R7/8/5pk1/P3b3/6r1/8/5K2/3R4 w - - 3 45,d1g1 e5d4 f2f3 g4g1,1385,deflection
00PHg,R7/P4p2/5k1p/q5n1/5R2/7P/5PK1/8 b - - 2 46,f6e5 a8e8 e5f4 a7a8q a5a8 e8a8,1386,advancedPawn promotion
01tol,4nrk1/2pR2pp/5p2/p7/P5QP/1q6/1B4P1/1K6 b - - 1 27,f6f5 d7g7 e8g7 g4g7,1386,mateIn2
01xVK,2b2rk1/3pbppp/3r4/q7/2p5/6P1/PPQ1PPBP/R1B1K2R w KQ - 2 16,c1d2 d6d2 c2d2 e7b4 d2b4 a5b4,1386,pin
02Ojk,r1bq2k1/pp1nbrpp/2p1pn1B/2Pp1pN1/3P4/2N4P/PPQ1PP2/R3KBR1 b Q - 4 12,g7h6 g5e6 g8h8 e6d8,1386,discoveredAttack kingsideAttack
038q1,8/8/3k4/p1b1p2p/P1R3pP/2P5/6K1/8 w - - 4 45,g2g3 d6d5 c4g4 h5g4,1386,trappedPiece
00rx9,3k2q1/pp3pN1/2b5/2pp2Q1/6n1/3P1N2/PbP2PPP/5K2 b - - 3 26,b2f6 g7e6 d8e7 g5g8,1387,discoveredAttack
02Jb3,5k2/ppp3p1/3pR3/4b3/6Q1/3q2P1/P4PK1/8 w - - 0 37,g4h5 d3d5 g2g1 d5e6,1387,fork
02tfs,8/3Q4/6p1/3p1kP1/3qpp1p/1P5P/P4PK1/8 b - - 5 43,f5e5 d7g7 e5f5 g7d4,1387,deflection
02NaQ,rnb1kbnr/pp1pq1pp/2p2p2/4N3/3PP3/8/PPP2PPP/RNBQKB1R w KQkq - 1 5,d1h5 g7g6 h5h4 f6e5,1388,defensiveMove
02fzY,7r/6RP/2p5/8/2k4K/1p6/5P2/8 w - - 0 50,h4h5 b3b2 g7b7 h8h7 b7h7 b2b1q,1388,advancedPawn deflection promotion rookEndgame
04cPz,7r/2p5/3b1p2/5kp1/3BR3/6P1/PPP2P1r/3R1K2 w - - 4 25,d1e1 h2h1 f1g2 h8h2 g2f3 g5g4 e4g4 h1e1,1388,deflection
07IhE,2Q5/1K2k2p/6p1/5p2/8/6PP/8/8 w - - 1 60,c8d8 e7d8 b7c6 d8e7 c6d5 e7f6,1388,defensiveMove hangingPiece
0BNFa,2r1r1k1/p3pqb1/3p1pN1/1ppP1PPQ/4P3/3P3P/PP2n3/1K1R3R b - - 0 24,e2f4 g6f4 f7h5 f4h5,1388,hangingPiece
00O8m,r3r1k1/ppp2ppp/2nn1q2/8/3P4/P1P1P1P1/2Q3BP/R1B1KR2 b Q - 4 16,f6e6 d4d5 e6e5 d5c6,1389,fork
01VQD,r1b2rk1/ppp2p1p/6p1/1N1P2q1/1PPbBp2/6n1/1P2Q1PP/R1B2R1K w - - 5 18,h2g3 g5h6 e2h5 h6h5,1389,mateIn2
03Jo2,r4r2/2p2pp1/2p2q2/p1bn1b2/3k4/6QP/PPP2P2/R1BR2K1 b - - 5 21,d4c4 g3b3,1389,mateIn1
05mkR,r1bq1rk1/pppn1ppp/2n5/2b1P3/8/3B1N1P/PP3PP1/RNBQK2R w KQ - 4 10,d3h7 g8h7 f3g5 h7g8,1390,defensiveMove hangingPiece
01X4v,r2q1rk1/pppb1pp1/2n4p/3nP3/8/B1P2N2/P3QPPP/R2R2K1 w - - 0 14,a3f8 d5c3 e2c2 c3d1,1391,fork
085XR,1R6/3r1ppk/p2P3p/1p2P3/1P1R4/1r6/7P/6K1 b - - 0 28,f7f6 e5e6 d7d6 d4d6,1391,rookEndgame
00Myw,r1b3r1/2q2p1k/1n2p2n/p2pP1NP/P1pP1QP1/1pP5/1P3PB1/R3R1K1 b - - 4 26,h7h8 f4f6 g8g7 f6h6,1392,fork
035Lb,8/1R6/5p2/K3k2r/P6p/1P6/5P2/8 w - - 1 40,b7e7 e5d6 a5b4 d6e7,1393,discoveredAttack rookEndgame
03rfy,4r1k1/p4pp1/8/2RKb2Q/q2P4/2R1P3/8/8 w - - 0 41,d4e5 e8d8,1393,mateIn1
0Idc7,8/8/3r1kp1/p2P3p/2P2K1b/P4P1B/3R3P/8 w - - 4 38,a3a4 h4g5 f4e4 g5d2 c4c5 d6d8,1393,skewer
0MP31,r4b1Q/1pqb1k2/p1pp1pp1/4p1p1/4P3/P1NP4/1PP2PPP/R3K2R w KQ - 0 17,h8h7 f8g7 h2h4 a8h8 h7h8 g7h8,1393,trappedPiece
0P4uZ,r1b1k2r/pp1nppbp/1qp2np1/3pN3/3P1B2/P1N1P3/1PP1BPPP/R2QK2R b KQkq - 0 8,b6b2 c3a4 b2a1 d1a1,1393,trappedPiece
00G81,3r4/5k2/p4Pp1/2pK2Pp/2R5/P7/8/8 w - - 7 51,d5c5 d8c8 c5d4 c8c4 d4c4 h5h4,1394,defensiveMove rookEndgame
021cc,8/8/2p1k1p1/p2pP3/P2K1PP1/8/8/8 w - - 0 39,d4c5 g6g5 f4g5 e6e5,1395,deflection pawnEndgame
04Hd0,8/1p4k1/p1q2p2/2b5/7p/6rP/PP1BQ1P1/R3R2K w - - 1 34,d2c3 g3h3,1395,mateIn1 pin
03HuZ,r4rk1/4bp2/2pqpnpN/p7/3P4/2N1P3/2Q2PPP/1B3RK1 b - - 0 22,g8h7 h6f7 f8f7 c2g6 h7h8 g6f7,1396,attraction
03hQh,8/1pp4p/8/P1P2k2/8/2P5/4K3/8 b - - 0 46,f5e6 c5c6 b7c6 a5a6,1396,pawnEndgame
03yVQ,3B4/3k1p2/bP4p1/3pPp1p/3P1K1P/6P1/8/8 w - - 2 58,f4g5 d7d8 g5f6 d8e8 e5e6 f7e6,1397,hangingPiece
01Dt6,3r2k1/1bqPn1pp/p3pp2/1pp3PQ/8/8/PPP4P/1K1R1R2 b - - 1 28,f6f5 h5e8 d8e8 d7e8q,1398,advancedPawn kingsideAttack mateIn2 promotion
032Z3,8/5pk1/q2p1n2/p3p1p1/Pp2P1P1/1B1p1P2/1PPQ4/2K5 b - - 1 29,d3c2 d2g5 g7f8 g5f6 a6f1 c1c2,1399,deflection
02aU0,3R1rk1/1b3pp1/4pb1p/p1r5/Ppp2B2/1Q2PN2/1P3PPP/R5K1 b - - 0 23,c4b3 d8f8 g8f8 f4d6 f6e7 d6c5,1400,attraction fork
0DfuY,k7/P7/8/2p2K1p/R6P/3p4/P7/8 w - - 0 63,a4c4 d3d2 c4c5 d2d1q c5c8 a8a7,1400,promotion
01rGW,6B1/p2R4/5p1p/r5k1/4b3/6P1/P5PK/8 b - - 9 44,a5c5 d7g7 g5f5 g8h7 f5e6 h7e4,1401,deflection
023E4,1r5N/1p1kR1bp/p7/2pN3B/2Pn1P2/8/b5PP/6K1 b - - 1 25,d7d6 h8f7 d6c6 e7c7,1401,mateIn2
04yy4,8/p7/1pp5/8/PPP5/4Kp2/5Pk1/8 w - - 0 41,c4c5 b6c5 b4c5 a7a5 e3e4 g2f2,1401,pawnEndgame
0BHOd,5r2/1k6/p7/1p2RB2/8/PP1P1KP1/2p5/8 w - - 0 37,e5c5 f8f5 c5f5 c2c1q,1401,promotion
0i8Bx,1R3k1r/3pppb1/5np1/2P5/3P3p/2N1PQP1/3q1P1P/6K1 b - - 1 24,f6e8 b8e8 f8e8 f3a8,1401,backRankMate
0iwGt,1k1r4/ppp2Q2/7p/2Pn4/q1P3p1/P5B1/5PPP/3R2K1 w - - 1 27,d1d5 a4d1 d5d1 d8d1,1401,backRankMate
05jlL,8/8/2p3p1/1P1k1p1p/3r4/4KPP1/1R5P/8 b - - 0 47,c6b5 b2b5 d5c4 b5b4 c4b4 e3d4,1402,rookEndgame
07eU3,8/7R/6p1/2k2p2/2B1p2P/1P2P1P1/1q3PK1/8 w - - 1 36,h7h6 b2g7 h6g6 g7g6,1402,trappedPiece
09MyB,r3k2r/1b1p1pp1/p3p3/2b1P1n1/1pP4P/6p1/PP2Q1B1/R4R1K w kq - 0 21,g2b7 h8h4 h1g2 h4h2 g2g3 h2e2,1402,exposedKing skewer
040x1,5k2/ppr1npp1/1q2p3/3pP3/3P3Q/5N2/PP3P1P/1R4K1 b - - 2 23,e7f5 h4d8,1403,mateIn1
04Ciw,8/pp1R2pp/2n2p2/2k5/5P2/1B5P/Pr4P1/6K1 b - - 2 30,c6d4 d7d5 c5c6 d5d4,1403,deflection
01N7F,6k1/Q7/6p1/2p4p/P6P/1P3qPK/2P5/8 w - - 1 46,a7c5 f3h1,1404,mateIn1
09BhL,1k2r2r/1pp4p/8/2b5/p1q1p2Q/P1P3P1/1P5P/RKB5 b - - 7 27,e4e3 h4c4 e3e2 c1d2,1404,hangingPiece
0ByJ6,8/7p/2P5/1P1k3K/1P3b2/8/8/8 b - - 0 53,d5c4 b5b6 c4b5 c6c7 b5b6 c7c8q,1404,promotion
01hRk,3k3r/ppNb4/3B1p2/6pp/2B1P1n1/3P2K1/PPn3PP/7R w - - 0 19,h2h3 h5h4 g3f3 c2d4,1405,mateIn2
02FSn,r2qk2r/1pp3p1/p1nbbn1p/3p1p2/3P4/PQN1PN1P/1PPB1P2/R3KB1R w KQkq - 0 13,b3b7 c6a5 b7a8 d8a8,1405,trappedPiece
02NfB,5r2/1pQ3k1/3p3R/1P3pq1/Pn1P4/1r2P1P1/5PK1/8 b - - 1 42,f8f7 h6h7 g7h7 c7f7 g5g7 f7b3,1405,attraction deflection exposedKing fork
09RfF,k5B1/pp6/8/2p2P2/3nPQ2/8/P4K2/q7 w - - 1 34,g8d5 a1b2 f2f1 b2e2 f1g1 d4f3 f4f3 e2f3,1405,exposedKing
0h1un,k2r3r/pp4pp/4qp2/Q3p3/nP2P3/5PP1/1BR5/1KR5 b - - 2 29,e6b3 a5d8 h8d8 c2c8 d8c8 c1c8,1405,backRankMate
04LFh,8/5pp1/7p/1p1R4/6Pk/1P2RPr1/2r5/5K2 b - - 7 46,g3h3 d5h5 h4g3 f3f4,1406,discoveredAttack rookEndgame
06T7w,r6q/pp1Pk3/2p3R1/2P1Pp2/4p3/8/PP4PP/3R2K1 b - - 0 34,a8g8 g6g8 h8g8 d7d8q g8d8 d1d8,1406,exposedKing promotion
0HktO,r1b2rk1/ppp2ppp/2n2n2/1N6/1q6/8/PPPBBPPP/R2Q1RK1 b - - 1 12,b4b2 d2c3 b2c3 b5c3,1406,trappedPiece
01JzG,8/2k5/8/1r2p2R/6p1/3K4/1p4PP/1N6 w - - 0 41,h5g5 e5e4 d3c2 b5g5,1407,discoveredAttack
01LsE,8/8/5pkp/8/P4rPp/1P5P/r4P2/1R1R1K2 w - - 4 37,b3b4 f4f2 f1g1 f2g2 g1h1 g2h2,1407,rookEndgame
03qfY,1k1r3r/ppp2p2/6p1/4P3/8/1P3B2/P2P1qPP/R2QR2K w - - 2 21,e1e2 h8h2 h1h2 d8h8 f3h5 h8h5,1407,attraction kingsideAttack
05f8h,4r1k1/pb2q3/1p5p/2p1B1P1/6R1/2P3Q1/P1P2PP1/6K1 b - - 0 35,e7e5 g5h6 g8h8 g4g8 e8g8 g3e5,1407,discoveredAttack exposedKing
071ju,r2qkbnr/1pp3pp/p1n5/3pp3/5B2/1QP1PP2/PP3P1P/RN2KB1R w KQkq - 0 9,b3b7 c6a5 b7a8 d8a8,1407,trappedPiece
08AbQ,8/8/1p2K3/p1p3pk/P1P5/1P6/5P2/8 w - - 1 52,e6d6 h5g4 d6c7 g4f3,1407,pawnEndgame
0Af4Y,r2b1r2/1b3ppk/1qp2n1p/1p2pN2/pQ2P3/P1PP1N1P/BP4P1/R4RK1 w - - 2 26,g1h1 c6c5 b4b5 b6b5,1407,trappedPiece
0w1Hv,r3k1nr/p3ppbp/2p3p1/4q3/1P4b1/2N1B3/P1PQB1PP/3RK2R b Kkq - 3 16,g4e2 d2d7 e8f8 d7d8 a8d8 d1d8,1407,backRankMate
01KFo,5rk1/ppq2ppp/3bp3/3p1nP1/3P3P/2P1B3/PP2Q1P1/R4RK1 w - - 1 19,h4h5 d6h2 g1h1 f5g3 h1h2 g3e2,1408,discoveredAttack fork
03I6j,r2q3k/4bBpp/p7/1pp2P2/3nn3/7Q/PPP3PP/R1B2RK1 w - - 0 19,c2c3 d4e2 g1h1 e4f2 f1f2 d8d1 f2f1 d1f1,1408,kingsideAttack
046Gh,4R3/r4p2/p2r4/3k2p1/3R4/3K4/8/8 b - - 1 45,d5c5 e8c8 d6c6 d4c4,1408,rookEndgame
06etj,1r6/pp4kp/3q2p1/2pNp3/2Pn2P1/3P3P/PP1Q4/5RK1 w - - 1 23,f1f6 d6f6 d5f6 d4f3 g1f2 f3d2,1408,exposedKing
01EEp,5r1k/2p3p1/7p/p4N2/Pb1B1n2/3B1b2/1PP4P/R5K1 b - - 0 23,f4d3 d4g7 h8h7 g7f8 b4f8 c2d3,1409,fork
02551,3r2k1/pp3p2/6pR/6P1/8/P1P1r3/2P5/1KR5 b - - 1 34,e3c3 c1h1 g8f8 h6h8 f8e7 h1e1 e7d7 e1d1,1409,rookEndgame
05BMF,r1b1k2r/pp2bp2/2nq3p/3N4/7p/4QN2/PPP1BPPP/2KR4 b kq - 2 15,c8e6 d5f6 e8f8 d1d6,1409,discoveredAttack
09I9f,2r3k1/1p3p2/p2P2p1/3b3p/8/5N1P/6P1/4R1K1 b - - 0 29,d5f3 d6d7 c8d8 e1e8 g8g7 e8d8 f3c6 d8g8 g7g8 d7d8q,1410,promotion
0Dqfl,8/3PK3/1R6/5kp1/8/7P/1p2r3/8 w - - 14 57,e7d6 e2e6 d6c7 e6b6 d7d8q b2b1q,1410,promotion
03NBG,3rr1k1/p6p/5Q2/q1p1Pp2/4b3/1PP1R3/P6P/R5K1 b - - 6 29,e8f8 e3g3,1411,mateIn1
04BBn,r5r1/1p1k1p2/p3b2q/3Bb3/8/P2Q3P/1P3PP1/R4RK1 b - - 0 24,h6h3 d5e6 d7e6 d3h3,1411,attraction
05jY1,8/8/KPk5/8/8/5P2/1r1p3P/3R4 w - - 2 47,b6b7 b2a2,1411,rookEndgame
05kdD,8/P7/8/8/8/5p1k/1KP3pp/7Q w - - 0 55,h1g2 h3g2 a7a8q h2h1q,1411,advancedPawn hangingPiece promotion
06Ki3,7k/5p1P/p3rp1N/4n2Q/5pp1/q1P5/P4P2/3K4 b - - 4 30,e5f3 h6f7 h8g7 h7h8q,1411,promotion
0VMVy,4Q3/1kp5/pP1pprNp/4p3/2P1q1p1/8/6PP/R5K1 w - - 2 29,b6c7 e4d4 g1h1 d4a1,1411,backRankMate
00yP0,2r1r1k1/7p/1q2pp1Q/p2p3R/3P4/2P4P/P4PP1/6K1 b - - 0 27,b6c7 h6f6 c7g7 h5g5 g7g5 f6g5,1412,pin
01tjv,4rr1k/2p3pp/p2P4/1p3p2/1P4n1/1BP1qP1R/P4QP1/R5K1 w - - 0 25,f3g4 e3f2 g1f2 f5g4 f2g1 g4h3,1414,discoveredAttack kingsideAttack
022HT,r3k2r/ppp1qppp/2np4/2b1p3/2P1P1b1/3P1N2/PP2BPPP/R1BQK2R b KQkq - 2 8,c6d4 f3d4 c5d4 e2g4,1415,discoveredAttack
033xz,rn2k2r/pp2qppp/2p2n2/2b2p2/2BP4/5N2/PPPK1PPP/R1BQ3R w kq - 3 10,d4c5 f6e4 d2e1 e4c3,1415,discoveredAttack
0IH16,r2q1rk1/ppp1ppbp/8/3p3n/3P1B2/2P1P1Q1/PP1N1PPP/3K2NR w - - 1 13,f4c7 h5g3 c7d8 g3h1,1415,trappedPiece
0KYmZ,R1r3k1/4rppp/1p3q2/3p3P/Q1pPn1b1/2P1PN2/1B3PP1/4K2R b K - 3 21,e7c7 a4e8 c8e8 a8e8,1415,backRankMate
048FU,2kr3r/ppp2pp1/2nb1n2/4q2p/3Np1b1/PP2P3/1BPNBPPP/R2Q1RK1 w - - 2 13,d4c6 e5h2,1416,kingsideAttack mateIn1
04B6d,8/8/8/7R/3P4/pP1kP1K1/1r6/8 w - - 1 42,d4d5 a3a2 h5h1 b2b1,1416,advancedPawn rookEndgame
05nKb,r3r2k/6pp/p1n2p2/1pp2b2/2B2P2/2P2N1P/PP3PP1/3R1K1R w - - 0 18,c4b3 c5c4 b3c4 b5c4,1416,trappedPiece
0BwIq,r2r2k1/1pbq1pp1/p3p2p/P2pPn1Q/1P3P2/2N1P2R/3B2PP/R5K1 w - - 0 21,g2g4 g7g6 h5g6 f7g6,1416,trappedPiece
04VV5,5r2/p5pk/b2r3p/2QBqp2/4P2N/P5PP/5P2/5RK1 b - - 0 31,a6f1 d5g8 h7g8 c5e5,1417,discoveredAttack
04bIW,r1b2rk1/pp1n1ppp/4p3/2P1n3/QP1N1B1q/3B4/P4PP1/RN3RK1 w - - 5 16,f4g3 h4d4 d3h7 g8h7,1417,hangingPiece
05Sxp,8/8/p4p2/5k2/1P5P/5P1K/2P1b1P1/8 w - - 3 44,g2g4 f5f4 h4h5 e2f3 h3h4 f3g4 h5h6 g4f5,1417,defensiveMove
01Ptp,r1b3k1/1pq3b1/p2N2Q1/2PB4/1P1p4/3Pp3/P4rpP/R5KR b - - 1 30,g8f8 g6e8,1418,mateIn1
03tzC,r3kb1r/pp2pppp/1q3nn1/3P4/2p1P1b1/2P2NB1/PPB1Q1PP/RN2K2R b KQkq - 5 12,b6b2 c2a4 b7b5 e2b2,1418,discoveredAttack
050Qa,6k1/pp3pp1/2p5/6Pp/3p1P1b/PB1b3q/1P1QK3/3R4 w - - 0 28,d2d3 h3g2,1419,mateIn1
008D5,r1bqk2r/pp3ppp/4p2n/3pP3/1b1P1P2/2N5/PP4PP/R1BQKB1R b KQkq - 2 9,h6f5 d1a4 c8d7 a4b4,1421,fork
01dKr,1Q1k3r/5p2/2r1p3/3pP2q/6p1/3B2P1/2P4n/5R1K b - - 2 35,c6c8 b8d6 d8e8 d3b5 c8c6 b5c6,1421,exposedKing
03rSW,2br3k/p3R1pp/1bp5/8/2BnP3/2N3B1/P2K2PP/8 w - - 5 27,g3e5 d4f5 d2c2 f5e7,1421,discoveredAttack
08BKi,2r3k1/p4pp1/2p2np1/2Np4/3P4/q3PB1P/r4PP1/1R1Q2K1 b - - 9 27,a7a5 b1b3 a3c5 d4c5,1421,trappedPiece
02qOC,3r1rk1/4bpp1/p3pn1p/8/1p1B1N2/3R2Q1/PPq2PPP/R5K1 b - - 1 20,e7c5 d4f6 c5f2 g3f2 c2f2 g1f2,1422,pin
07ZAn,8/8/p5P1/P2k4/2np1K2/3N4/8/8 w - - 0 61,d3e5 c4e5 g6g7 e5g6 f4f3 g6e7,1422,defensiveMove
00ZWf,r1b2bnr/ppQp3p/2n2q1k/6pP/2B1P3/3P4/PPP2PP1/RNB1K2R w KQ - 1 11,c2c3 f8d6 c7d6 f6d6,1423,trappedPiece
01f7r,3r3k/7p/6p1/4p3/2R1Bp2/q4P1Q/4K1PP/8 w - - 1 39,c4c2 a3e3 e2f1 d8d1,1423,mateIn2
05010,r1b1r1k1/pp3ppp/1bq5/8/3n1Q2/1PN2P2/P1P1N1PP/R1B2R1K w - - 2 16,e2d4 c6c3 c1d2 c3d4,1424,hangingPiece
00X0Q,6R1/8/8/8/1KP5/3r4/PP3kp1/8 w - - 3 52,c4c5 d3g3 g8g3 f2g3 c5c6 g2g1q,1425,advancedPawn promotion rookEndgame
0IVKV,7r/6q1/p1rk1p2/1p1P2p1/1P1P4/3Q2P1/P4PP1/2R3K1 w - - 0 34,d5c6 g7h6 f2f4 h6h1 g1f2 h1c1,1425,skewer
0iojr,rb3rk1/1pp1RQpp/p7/2P5/1P5q/P4B1P/5PP1/R5K1 b - - 0 22,f8f7 e7e8 f7f8 f3d5 g8h8 e8f8,1425,backRankMate
00KHR,8/6pk/1Q1p2n1/4p3/2P3P1/P2PP2P/1B4K1/4q3 w - - 1 35,g2f3 g6h4 f3e4 e1h1,1426,mateIn2
0BgBU,8/1p3P2/1p2K3/2b1R3/P1k5/8/5r2/8 b - - 1 68,f2d2 e5c5 b6c5 f7f8q,1426,promotion
0DN0L,5R2/3P2k1/pp5p/4B3/P1Bp2n1/7q/1P6/6K1 b - - 10 44,g7f8 d7d8q,1426,promotion
00QCe,1k5r/n2r2pp/5p2/ppN5/5P2/8/2R3PP/1R4K1 b - - 3 28,d7c7 c5a6 b8b7 a6c7,1427,fork
02Yfe,2r5/1p4pp/p3p1k1/n1N5/P7/4P3/1P2K1PP/2R5 w - - 7 26,e2d2 c8c5 c1c5 a5b3 d2c3 b3c5,1427,attraction fork
09lyF,r1b3k1/p2r2pp/1p4q1/1QBp4/P1nP4/4P1N1/5PPP/R3R1K1 w - - 0 23,c5b4 a7a6 b5d7 c8d7,1427,trappedPiece
01CKc,2rq1rk1/1b3ppp/p2pp3/bp1n4/3PQ1N1/PP1B4/1BP2PPP/R4RK1 b - - 3 17,d8h4 g4f6 d5f6 e4h4,1428,discoveredAttack
07Jg5,3r1rk1/pppb1pb1/6pp/2qNp3/3nP3/P1PP2P1/1P4BP/R1BQ1RK1 b - - 0 18,d4b3 c1e3 c5d6 d1b3,1428,defensiveMove
09BQx,8/4kN2/4B3/1K1P4/8/8/PpP5/8 w - - 0 54,d5d6 e7e6 b5c6 b2b1q,1428,hangingPiece promotion
0vdHV,5Q2/P1k4p/2p3p1/8/8/q7/3b1PPP/5K2 w - - 2 44,a7a8q a3d3 f1g1 d3b1,1428,backRankMate
004zI,2q3k1/4br1p/6RQ/1p1n2p1/7P/1P4P1/1B2PP2/6K1 b - - 0 27,h7g6 h6h8,1429,mateIn1
03mUY,rn1qkbnr/p1pp3p/1p2p1P1/7Q/3P4/6P1/PPP2PbP/RNB1K1NR b KQkq - 0 7,h7g6 h5g6 e8e7 c1g5 e7d6 g5d8,1429,skewer
044hT,r3k2r/pp3pbp/2p3p1/q3nb2/1PB1QB2/2N1P2P/P1P2PP1/R3K2R b KQkq - 0 13,a5b4 c4f7 e8f7 e4b4,1429,discoveredAttack pin
09ZtB,8/p5p1/4p2p/4Pk2/2KP4/6P1/6P1/8 w - - 3 44,d4d5 f5e5 d5d6 e5d6,1429,pawnEndgame
03jgY,r5k1/1pR4N/3p2n1/p2Ppr2/8/7P/qP1Q1P2/4K1R1 b - - 0 24,a2a1 c7c1 a1c1 d2c1,1430,defensiveMove pin
01i0G,6k1/8/p2b1q2/1p1p4/1P1P3p/P2Q2P1/5PK1/4R3 w - - 0 38,d3f3 h4h3 g2h3 f6f3,1431,deflection
01iWy,r1b5/ppp3pp/3k4/4p2Q/1q5P/3B4/P2KR3/4R3 w - - 9 30,d2e3 b4f4,1432,mateIn1
08mXx,6k1/p3pp1p/6p1/3Q4/4P3/5B2/P2q1RPP/2r3K1 w - - 1 23,f2f1 d2e3 g1h1 c1f1,1432,backRankMate
02Mor,r4rk1/2p1qppp/p3p3/P1bpQ3/6N1/5P2/1P1B1P1P/R4RK1 w - - 3 25,d2g5 f7f6 g5f6 g7f6,1433,fork
06tOY,r1b2rk1/pp4pp/n1p1ppn1/8/2P1q3/2B2NPP/PP2BP2/R2Q1RK1 b - - 0 13,e6e5 e2d3 e4d3 d1d3,1433,trappedPiece
00M1q,2r3k1/2r1q1p1/p3p1Q1/1p1p4/nP1P4/2P4R/P4PPP/2R3K1 b - - 0 30,e7f6 g6h7 g8f7 h3f3 f6f3 g2f3,1434,pin
098Gu,r5rk/1p3Q1P/2p2N2/4pqp1/p4b2/8/P4PK1/R6R b - - 0 33,g8g7 f7g8 g7g8 h7g8q,1434,promotion
09orT,1q3k2/5p2/R2nb3/4Q2p/3pP3/1pbB4/5PP1/6K1 b - - 0 44,b3b2 e5h8 f8e7 h8b8,1434,skewer
01oPU,1r6/RP4k1/5bp1/2p1p1p1/Q1Pp2q1/3P1pP1/1P3P1K/7R w - - 3 36,a4c6 b8h8 h2g1 h8h1 g1h1 g4h3 h1g1 h3g2,1435,attraction
03iZt,r2q1rk1/ppp3pR/2np2Q1/8/8/2P2NB1/PP3KP1/1Bb5 b - - 0 18,d8f6 h7h8 g8h8 g6h7,1435,attraction kingsideAttack
04bHj,r2q1rk1/ppp1bppp/4p3/n2pPb2/2nP1B2/P1N4P/BPPNQPP1/R3K2R b KQ - 1 13,f5c2 d2c4 d5c4 e2c2,1435,discoveredAttack
0068B,r1q3k1/4bppp/pp2pn2/4B3/8/2N2Q2/PPPR1PPP/6K1 b - - 0 18,f6d7 d2d7 c8d7 f3a8,1436,deflection
00ouE,2r5/2r3k1/1p2pp1p/p2pQ1p1/3P4/4P1P1/PPq2P1R/KR6 w - - 0 30,e5e6 c2b1 a1b1 c7c1,1436,attraction mateIn2
03Tki,7B/5P2/2p1p1k1/8/2PP3q/1p1K1R2/n5P1/8 b - - 0 36,h4h8 f7f8q h8f8 f3f8,1436,advancedPawn promotion
066PI,2r2rk1/p2b1ppp/4pb2/q7/1p6/1QN3P1/PP2PPBP/R2R2K1 w - - 0 19,c3e4 d7a4 e4f6 g7f6 b3f3 a4d1,1436,skewer
06a2S,8/8/1P1k3p/p1pPp1p1/2P3P1/4K2P/8/8 w - - 0 42,e3d3 a5a4 d3e4 a4a3 b6b7 d6c7,1436,pawnEndgame
09Est,3r2k1/p5pp/1p6/4Qp2/2Pp4/3K3q/P4P1P/R5R1 w - - 2 26,d3d2 h3c3 d2e2 d4d3 e2f3 c3e5,1437,exposedKing
039ga,r2q2rk/4p2Q/3p1bpB/p7/1P6/2N2P2/1PP3P1/2KR3R b - - 0 23,h8h7 h6f8 f6h4 h1h4,1438,discoveredAttack mateIn2
05OvV,4Q1k1/1pr2rp1/6p1/pBPp4/Pn1P4/1P3Pq1/1K6/2R4R b - - 3 35,f7f8 h1h8 g8h8 e8f8 h8h7 c1h1 g3h2 h1h2,1438,deflection pin
08is1,8/p5p1/1p2p3/1P2P2p/P4PkP/3K2P1/8/8 b - - 0 43,g4g3 f4f5 e6f5 e5e6,1438,pawnEndgame
00isY,rnbqkb1r/ppp3pp/5n2/3P1p2/4pB2/2N5/PP3PPP/R2QKBNR b KQkq - 0 7,f8b4 d1a4 c7c6 a4b4,1439,fork
055Yq,5k2/p4P2/1p6/2pR4/B1P3rp/8/PP1prRPb/6K1 w - - 0 40,g1f1 e2e1,1439,mateIn1
0VwT4,4brk1/7p/p2Qp1p1/3p4/3q4/7R/PPP1B1PP/6K1 w - - 1 29,g1h1 d4d1 e2d1 f8f1,1439,backRankMate
01dGR,6k1/1p3p2/2p1bQP1/p3Pp2/2P5/1P6/3q1PK1/8 b - - 0 53,d2h6 g6f7 e6f7 f6h6,1440,advancedPawn discoveredAttack
01gro,r3k2r/ppp4p/3qpQp1/5n2/4R3/2P1P2P/P4PP1/5RK1 b kq - 9 22,h8f8 e4e6 f5e7 e6d6 f8f6 d6f6,1440,fork
03HtZ,8/8/3k1p2/p1pBpKp1/1pP3P1/1P3P2/Pb6/8 w - - 17 52,f5f6 e5e4 f6f7 e4e3,1440,discoveredAttack
03YnY,8/2R5/8/7P/3K4/pr4P1/1k3P2/8 w - - 0 42,h5h6 a3a2 c7a7 b3a3 a7a3 b2a3,1440,advancedPawn rookEndgame
053O1,8/6pp/8/P7/1P6/3kp1P1/6K1/8 w - - 1 39,g2f1 d3d2 f1g2 e3e2,1440,advancedPawn pawnEndgame
0DMLv,8/4B2N/p1p3p1/5p2/5k2/P2K1P2/6rP/8 b - - 0 36,g2h2 e7d6 f4f3 d6h2,1440,skewer
0199s,r4r1k/1p2b1p1/4p1Qp/1qppP3/p4P2/2P1P1P1/PP4P1/1K1R3R b - - 0 20,b5e8 h1h6 g7h6 g6h6 h8g8 d1h1,1441,defensiveMove kingsideAttack
04MDt,8/5R2/p1r2bp1/5k1p/5P1P/4B1P1/3K4/8 w - - 2 49,e3d4 c6d6 d2e3 d6d4,1441,pin
05J0M,r3k1r1/pppq1p2/2np1B2/4p2Q/2B1P3/3P4/PPP1RbbK/RN6 b q - 1 14,c6d4 e2f2 d4f3 f2f3 g2f3 h5f3,1442,hangingPiece
0GYZd,r2q2k1/pppb1pbp/4p1p1/3nPn2/8/P4N1Q/1PPN1PPP/2KR1B1R w - - 7 15,g2g4 d5f4 g4f5 f4h3,1442,trappedPiece
02Oy0,8/7p/6p1/2r2kP1/1p5P/1P2R3/P2K4/8 w - - 4 60,d2d3 c5c3 d3d4 c3e3 d4e3 f5g4 e3d2 g4h4 a2a3 b4a3,1443,rookEndgame
05vCQ,8/8/2p2k1p/1p6/3K3P/8/P7/8 b - - 2 47,f6f5 d4c5 h6h5 c5c6 b5b4 c6c5,1443,pawnEndgame
02wTR,2r3k1/2qp1ppp/8/p3P1P1/1p1QP2P/8/PPr5/1K1R3R w - - 2 24,d4d7 c2c1 d1c1 c7d7 c1c8 d7c8,1444,deflection
009BH,3r2k1/6p1/4Q3/4B3/1p3P2/4PKP1/3q4/8 b - - 17 51,g8h8 e6h6 h8g8 h6g7,1445,mateIn2 pin
02GAF,8/R5k1/8/1p4KP/p4p2/1r3P2/8/8 b - - 6 43,g7h8 g5g6 b3c3 a7a8 c3c8 a8c8,1445,exposedKing rookEndgame
03hD4,8/6p1/3q3k/7p/Q6P/6P1/7K/8 w - - 0 50,a4f4 d6f4 g3f4 h6g6,1445,defensiveMove
0U5QL,5rk1/pr3ppp/3Q4/8/6n1/P3BqP1/1P3P1P/R3R1K1 b - - 0 21,b7b2 d6f8 g8f8 e3c5 f8g8 e1e8,1445,backRankMate
00Rep,8/8/b1k5/p1N5/2p5/1P4P1/P6P/6K1 w - - 1 51,c5a6 c4c3 b3b4 c3c2,1446,advancedPawn
03XiU,2kr3r/ppp2ppp/3b4/8/3P1qP1/2P2B2/PPK3P1/RN3Q2 b - - 4 20,c8b8 f1b5 c7c6 f3c6 d8d7 c6d7,1446,pin
045Yc,6k1/6b1/p2p2p1/2pPPppn/8/2N1Q3/1q4PP/5RK1 w - - 0 30,e5d6 g7d4 e3d4 c5d4,1446,pin
04QN1,8/7n/p5Rp/3R4/4pq1k/7P/PP4P1/6K1 b - - 0 40,f4e3 g1h2 e3f4 g2g3 f4g3 g6g3,1446,defensiveMove
06IxM,4r2k/1R4P1/8/3p4/2nq3P/p7/PP6/K3R3 b - - 0 37,h8h7 g7g8q h7g8 e1e8,1446,promotion
0xkXK,1k2r3/ppp1r3/5b2/4P3/Q7/P5qP/1PP3P1/3RRK2 b - - 0 27,e7e5 a4e8 e5e8 e1e8 f6d8 d1d8,1448,backRankMate
06Ent,8/8/8/p3kp1p/6pP/1P1K2P1/5P2/8 w - - 0 47,d3c4 e5e4 c4b5 e4f3 b5a5 f3f2,1449,pawnEndgame
0AYeq,5n2/p4pk1/1p1R2p1/7p/PP2Br1P/5P2/5PK1/8 b - - 4 35,f7f5 g2g3 f4e4 f3e4,1449,trappedPiece
00InW,8/2p5/pp1p4/3PnN2/PPP1Pp2/5P1p/5K1k/8 b - - 3 46,e5f3 f2f3 h2g1 f3f4 h3h2 f5g3,1450,defensiveMove hangingPiece
0Dont,8/4k3/5p2/3PpPp1/4PnN1/5PK1/6RP/4r3 w - - 6 55,g2a2 e1g1 g3f2 g1g2 f2f1 g2a2,1450,skewer
0Hfon,rn1q1k1r/p1pbp3/1p1p1n1p/3P2pQ/2PP1p2/2NB2B1/PP3PPP/R4RK1 w - - 2 14,h5f3 d7g4 f3g4 f6g4,1450,trappedPiece
00WzS,r2qk2r/2pn1p1n/pp1p2bp/3Pp1bB/PPP1P3/2N1B3/3N2PP/R2Q1RK1 w kq - 3 17,h5g6 g5e3 g1h1 f7g6,1451,hangingPiece
01rEy,2b4k/1p4bp/3R2p1/3B4/2p2B2/3r2P1/n5KP/8 b - - 3 29,h7h6 d6d8 h8h7 d5g8,1451,fork
0ATdP,8/8/1p1k4/1P1Pp2p/2K1pppP/1P2P1P1/5P2/8 w - - 0 41,e3f4 e5f4 g3f4 e4e3 c4d3 e3f2,1451,pawnEndgame
01qUO,1n4k1/p6p/2p1q3/2Pp4/P2bP3/1QN2r1P/6P1/R3R2K w - - 3 30,e4d5 f3h3 g2h3 e6h3,1452,mateIn2
029gy,2r2rk1/pp2qppp/2pb4/3pNP2/3P4/1P3P2/PBQ3PP/1BR2nK1 b - - 0 18,f1h2 f5f6 g7g6 f6e7,1452,advancedPawn
03oB6,8/3k4/5P1R/1p1N4/4PKP1/r6P/1b6/8 w - - 3 47,f6f7 b2c1 f4f5 c1h6,1452,skewer
047bE,3q2k1/R3r1pp/2p1p3/1pPp1p2/1P1Pb1P1/Q3P1BP/5P2/6K1 b - - 3 26,f5g4 a7a8 d8a8 a3a8,1452,pin
06lgR,8/6p1/1k3p1p/4p3/4K1PP/5P2/8/8 b - - 3 45,b6c7 e4f5 c7b6 f5g6 e5e4 f3e4,1452,pawnEndgame
00Vdx,2k3rr/ppp2p1p/2np1B2/8/4P3/2NB1b2/PPP2PPP/R4RK1 w - - 1 13,f6h8 g8g2 g1h1 g2g4,1453,kingsideAttack mateIn2
02CX1,6k1/p3b1p1/1p6/7R/2P5/KP4B1/P3rPPP/8 w - - 1 29,a3a4 e2a2 a4b5 a2a5 b5c6 a5h5,1453,skewer
02nXf,2r1k2r/1p1Nppb1/1q3n1p/p2p2p1/6P1/1P2P2P/PBQP1P2/2R1KB1R b Kk - 0 15,c8c2 d7b6 c2c1 b2c1,1453,hangingPiece
09XB5,r1b2rk1/ppp3pp/2n5/2bn4/4p2q/P1P1B2P/1P2BPPN/RN1Q1RK1 b - - 3 12,c5e3 d1d5 g8h8 f2e3,1453,hangingPiece
00SCA,8/2Q5/2p2nk1/8/2r2K2/8/8/8 w - - 4 71,f4e5 c4e4 e5d6 f6e8 d6d7 e8c7,1454,fork
02WmK,8/8/2p5/P7/kP6/3K1p2/8/8 b - - 1 50,a4b4 a5a6 f3f2 d3e2 b4c5 a6a7,1454,advancedPawn pawnEndgame
03ZQd,rn4k1/5ppp/1p1qp3/1Q6/Pp1P1P2/4PP2/2rNK2P/R5R1 b - - 6 21,a8a5 b5e8 d6f8 g1g7 g8g7 a1g1 g7f6 e8f8,1454,attraction deflection kingsideAttack pin
058hC,8/pk1R4/1pr2p1p/8/q6P/8/4QPP1/6K1 b - - 8 33,b7b8 e2e8 c6c8 d7b7 b8b7 e8a4,1454,discoveredAttack
07mQu,8/3N2pk/4r2p/2P1pp2/8/3K4/5PPP/8 b - - 0 37,h7g6 d7f8 g6f7 f8e6 f7e6 d3c4,1454,defensiveMove
0AXVt,8/1p6/p7/2p1k3/2P2p2/PPK2P2/8/8 b - - 2 48,b7b5 c4b5 a6b5 a3a4 b5a4 b3a4,1455,pawnEndgame
01LA9,2r3k1/p4q2/4N1pQ/1p1nP3/3P4/8/5PP1/6KR b - - 0 32,f7e6 h6h8 g8f7 h1h7,1456,mateIn2
03Lsq,2R5/7k/6pp/4NB2/3p1P2/3P1KPq/7r/8 b - - 2 49,h3h5 f5g4 h2f2 f3f2,1456,defensiveMove
009zS,r3r1k1/1p3p1p/p1p3p1/8/6bP/Q3b3/PP2B1P1/R3K2R w KQ - 2 20,g2g3 g4e2 e1e2 e3c5 e2f3 c5a3,1457,discoveredAttack exposedKing
036WH,6k1/p4ppp/2p5/2Qp4/PP1P4/4r1qP/4r1P1/R5RK w - - 3 28,c5c6 g3h3 g2h3 e3h3,1457,mateIn2
0FEhk,8/5nk1/3q4/p3p1pr/1p4R1/1P2QP2/P5P1/2R3K1 w - - 2 50,e3e4 d6b6 g1f1 h5h1 f1e2 h1c1,1457,skewer
00kS9,4r1k1/1ppbrpp1/7p/p2P4/3q1P2/P2B1P2/1P1Q2PP/3RR2K w - - 5 26,d3h7 g8h7 e1e7 d4d2 d1d2 e8e7,1458,hangingPiece
0265C,6k1/2p1r3/1p1p2p1/p2P1bN1/P1P3PQ/4q2P/5R1K/8 b - - 0 40,f5d3 f2f8 g8f8 h4h8,1458,attraction mateIn2
02xCt,2R5/8/p7/3n3R/4p2P/1k6/r1p2P2/2K5 w - - 4 51,h5d5 a2a1 c1d2 a1d1 d2e3 d1d5,1458,exposedKing rookEndgame skewer
019R9,r4rk1/ppp2ppp/8/8/1P1P2nq/P1B1P2P/4NnPN/R2Q1RK1 w - - 0 18,f1f2 h4f2 g1h1 g4e3 d1g1 f2e2,1459,kingsideAttack
06mgf,3r4/5ppp/Qpk1n3/3p4/2pPb3/2P5/PP4PP/4R1K1 w - - 1 28,a2a4 e6c7 a6a7 d8a8 a7a8 c7a8,1459,trappedPiece
00Rmm,2rr2k1/5ppp/p7/1p1nP3/1B1P1PP1/PK5P/4R3/3R4 w - - 4 30,e2c2 c8c2 b3c2 d5e3 c2d3 e3d1,1460,attraction fork
04FET,2R5/8/7P/p2k4/5K2/3b2P1/P1p2P2/8 w - - 1 47,g3g4 d3c4 f4g5 c2c1q,1460,advancedPawn promotion
04mc2,3r3r/p3k3/2p1n3/1p3P1K/8/3B1R2/P1P4P/R7 w - - 1 29,h5g4 d8g8,1460,mateIn1
00Ngg,3qk2r/1p1bbppp/4pn2/1BPp1n2/3P4/4PN2/5PPP/BN1QK2R w Kk - 1 15,d1e2 d8a5 a1c3 a5b5,1461,fork
08ArW,8/8/4k1p1/7p/4KP1P/8/8/8 w - - 6 51,e4f3 e6f5 f3e3 f5g4 e3e4 g4h4 e4f3 h4h3 f4f5 g6f5,1461,pawnEndgame
01kWV,6r1/Rb4r1/pPp1p3/2Pp1pk1/3P3p/4P1P1/5K1P/6R1 b - - 1 33,h4g3 g1g3 g5f6 a7b7 g7b7 g3g8,1462,deflection
02Wga,5r1k/2r3p1/pp1N3p/2p4n/5p2/1B3P1P/PPP4B/R5K1 w - - 2 28,d6e4 c5c4 b3a4 b6b5 a4b5 a6b5,1462,trappedPiece
03PqC,8/3bP3/1p4k1/2p1B2p/2P1q3/6R1/8/5BK1 b - - 1 47,g6f5 f1d3 e4d3 g3d3,1462,pin
04YlW,8/2p1k3/1b4pp/1p2B3/2b1PP2/2P4P/3R1KP1/r2N4 w - - 3 44,d1e3 a1f1 f2g3 b6e3,1462,deflection pin
0257T,r2qnr1k/pppb2pp/2n2b1B/3NN3/8/P5QP/1PP1B1P1/R4RK1 b - - 0 18,f6e5 f1f8,1463,kingsideAttack mateIn1
01lp3,r1b3Q1/p4R2/4p1p1/1p4kp/8/1KPB1n2/PP3q2/8 b - - 1 42,a7a6 g8g6 g5h4 f7f4 h4h3 g6h5,1464,deflection
03ylE,5r1k/5BRp/1n1p1P2/2p5/p1P5/Pp1PqR2/1P4K1/8 b - - 7 47,e3e1 g7h7 h8h7 f3h3 e1h4 h3h4,1464,attraction
08iRv,5r2/4R3/2pp4/p3b1kp/4P3/1P4P1/P1P1KN1P/8 w - - 0 37,e7a7 f8f2 e2f2 e5d4 f2g2 d4a7,1464,exposedKing
0CL2Z,4r3/ppq3kp/3b1pp1/3Q4/3P1P2/2P1R3/PP3KPP/R1r5 w - - 0 25,a1c1 e8e3 f2e3 d6f4 e3d3 f4c1,1464,skewer
01CAb,8/p2Q1p2/1p3p1p/2b1k3/5P2/8/PPBr1q1P/R6K b - - 0 31,e5f4 d7f5 f4e3 f5e4,1465,mateIn2
04SJe,3k3r/2b3q1/2Q1p3/3p4/3P4/BP3Rp1/5P2/6K1 w - - 0 39,f2g3 g7d4 g1g2 d4d2 f3f2 h8h2 g2h2 d2f2,1465,attraction deflection exposedKing
0FlSr,2kr3r/ppq2pQ1/3p4/4pP2/1P2P3/2P3R1/P5P1/R5K1 w - - 1 23,a2a4 c7b6 g1f1 h8h1 f1e2 h1a1,1465,skewer
0V5kF,3r3k/1Q3p1p/pb2p3/2p2p2/b4N2/1Nq1P3/5PPP/2R3K1 w - - 0 24,b7b6 c3c1 b3c1 d8d1,1465,backRankMate
00LNH,1k2r3/pp2r2p/2pqbpp1/3n4/2BP1p2/5N1P/PPQB1PP1/1K1RR3 w - - 2 22,c4b3 e6f5 c2f5 g6f5,1466,pin
00QnO,1k1r1r2/pp4p1/6q1/2Qp4/5bP1/2P4p/PPN3NP/R4R1K w - - 0 30,g2f4 g6e4 h1g1 f8f4,1467,fork
012wC,r2q1rk1/pbpn1p2/1p1bpn1Q/8/8/1B1P1NN1/PPP2PPP/R3K2R b KQ - 0 12,f6h7 g3h5 d8f6 h5f6,1467,kingsideAttack
054S8,4rr1k/p4qpp/1p6/2pp4/3Q4/2P5/PP2RPPP/4R1K1 w - - 0 22,d4g4 f7f2 e2f2 e8e1 f2f1 e1f1,1467,deflection
0GeMN,8/3r4/2k5/4qRp1/p1B1p1P1/P3P3/1PP5/2KN4 b - - 3 42,e5h2 c4b5 c6c7 b5d7,1467,skewer
05UzF,4k3/4r3/R4p2/3p1p1p/1P1PpP1P/2K3P1/8/8 w - - 4 49,a6f6 e4e3 f6a6 e3e2 a6a8 e8f7,1468,advancedPawn rookEndgame
05rPP,8/1b4k1/p3pr2/1p3p1Q/3P1P2/1P2pNq1/2P5/2R2R1K w - - 0 35,f1g1 b7f3 h5f3 f6h6 f3h5 h6h5,1468,exposedKing
01cVL,8/8/5p2/1p1p1k1p/p1pP3P/P1P2KP1/1P6/8 w - - 0 51,f3e3 f5g4 e3f2 f6f5 f2g2 f5f4 g3f4 g4f4,1469,pawnEndgame
03W5g,4r1k1/pp1n1r1Q/6p1/2p5/2B2P2/1P2P1R1/PB1q3P/2R2K2 b - - 0 28,g8h7 g3h3 h7g8 h3h8,1469,pin
0VtBl,r1b2r1k/p1q2Npp/1p6/4bR2/2B5/2PQ3K/PP6/3R4 b - - 2 27,f8f7 d3d8 c7d8 d1d8 f7f8 d8f8,1469,backRankMate
00AFG,r4rk1/2q2ppp/p3bp2/2P2N1Q/Ppp5/8/1PP2PPP/R2R2K1 b - - 6 21,c7c5 f5h6 g7h6 h5c5,1470,discoveredAttack
01eqy,6r1/p1qk4/QbN5/3p1p2/8/4P1r1/P6P/1R2R1K1 w - - 0 32,h2g3 c7g3 g1f1 g3g2,1470,mateIn2
06PHz,8/8/P1p5/2P5/2P1Pk1p/7p/6p1/6K1 w - - 1 43,a6a7 f4g3 e4e5 h3h2,1470,pawnEndgame
0AwNt,8/p7/8/2p5/P3k1KP/3r4/8/5R2 b - - 0 44,d3d8 f1e1 e4d3 e1d1 d3c2 d1d8,1470,skewer
00bJi,7k/1p2R3/p3N3/3p4/2n5/2P5/PPK4r/8 w - - 3 36,c2d3 h2d2,1471,mateIn1
00eix,2r1r1k1/pb2qpbp/1p1p1np1/4P3/3B1P2/1P3BP1/PQ1N3P/1R2R1K1 b - - 0 21,b7f3 e5f6 e7e1 b1e1 e8e1 g1f2,1471,fork
02aTY,6rk/4R2p/3p3p/2pNb3/4P3/2P3qP/PP4P1/5QK1 w - - 7 36,f1f2 g3h2 g1f1 h2h1 f1e2 g8g2,1471,deflection pin
041in,2r4k/8/8/p6N/np5P/6R1/P4r2/K5R1 b - - 3 38,c8c2 g3g8 h8h7 g1g7 h7h6 g8h8,1471,exposedKing
0uIRJ,5r1k/3p1r1p/R3p1p1/8/3P4/1QP5/1P2qPPP/5RK1 w - - 1 33,a6a1 f7f2 f1f2 e2f2 g1h1 f2f1 a1f1 f8f1,1471,backRankMate
00CWE,3r4/1p4p1/2pBkbBp/p1P5/3rp3/P7/1PK2P2/4R3 b - - 1 31,e6d5 g6f7,1472,mateIn1
00coU,6k1/R7/5K2/1r6/5r2/p4N2/8/5R2 w - - 3 50,f6e7 f4f7 e7d6 f7a7,1472,skewer
02vbv,r2qk2r/1Np3p1/4p2p/3pn3/P3n3/2P5/1P3RPP/R1BQ2K1 b kq - 0 16,e4f2 d1h5 e5f7 b7d8,1472,pin
06Tsr,8/8/8/3pPk2/2pP3p/2P2p1K/8/8 b - - 3 61,f5e4 e5e6 f3f2 h3g2 h4h3 g2f2 h3h2 f2g2 h2h1q g2h1,1472,pawnEndgame
0KLSa,4Q3/2k5/8/8/8/P4pP1/1r1K4/8 w - - 1 44,d2e3 b2e2 e3f3 e2e8,1472,skewer
0RHWa,5rk1/pb5p/1p6/1QppN3/4nr1q/2P5/PP2B1PP/R4RK1 w - - 0 27,b5d7 f4f1 e2f1 h4f2 g1h1 f2f1 a1f1 f8f1,1472,backRankMate
000hf,r1bqk2r/pp1nbNp1/2p1p2p/8/2BP4/1PN3P1/P3QP1P/3R1RK1 b kq - 0 19,e8f7 e2e6 f7f8 e6f7,1473,mateIn2
00ySR,2r1rk2/pp1R3p/1b4p1/6B1/4p2P/1B6/PP3PP1/6K1 b - - 0 31,c8c7 g5h6,1473,mateIn1
01Z7Q,r2r2k1/1b2qppp/pp6/2ppn3/P7/2PPN2P/BP1Q1PP1/R4RK1 b - - 1 18,e7g5 f2f4 e5f3 f1f3,1473,fork
02o0C,1r1q1rk1/5pp1/p2bpn1p/3p4/8/P1N1BQ1P/1PP1RPP1/1R4K1 b - - 5 19,d6a3 b2a3 b8b1 c3b1,1473,hangingPiece
047Iw,3r2k1/1bq2p1p/p1p2Bn1/1p3NP1/5n2/1BP4P/PP1Q2P1/4R1K1 b - - 2 27,d8d2 e1e8 g6f8 f5h6,1473,kingsideAttack
04q5c,6r1/4kB2/3p1p2/2q1pP2/1p2b3/pQ4P1/PPP5/1K1R4 b - - 0 33,g8g3 b3e6 e7d8 d1d6 c5d6 e6d6,1473,deflection
00Pr6,r1b2rk1/p4ppp/2p5/6q1/2p3P1/3P1Q1P/PPP5/1K2RR2 b - - 0 17,c4d3 f3f7 f8f7 e1e8 f7f8 f1f8,1474,kingsideAttack
0135i,8/6Rr/7P/3p4/2pk1p2/3b3R/6PK/8 w - - 6 57,h3d3 c4d3 g7h7 d3d2 h7f7 d2d1q,1474,advancedPawn promotion rookEndgame
03VYl,r3rn1k/p3qp1P/bp4pQ/3pP1N1/3p1P2/1P6/P7/2R3KR b - - 1 31,a6c8 h6g7 h8g7 h7h8q,1474,advancedPawn attraction kingsideAttack promotion
04Ju3,r3n2k/p5bp/1p1p2p1/2p3qP/2Q1Nr2/5P2/PPP3B1/2KR3R w - - 0 23,h5g6 f4e4 f3f4 g5f4 c1b1 e4c4,1474,discoveredAttack
02XhI,2kr3r/1pp2p2/2qp2p1/1N6/PP6/8/2P2QnP/R5K1 b - - 2 23,h8h2 b5a7 c8b8 a7c6 b7c6 g1h2,1475,fork
00iWt,8/pk5p/1pp1Q3/8/3R2P1/P1P1K2n/1qP2r2/8 b - - 1 35,b2c2 d4d7 b7a6 e6c4 b6b5 c4c6 a6a5 d7a7,1476,deflection
01lqX,8/8/1R5P/8/1p6/1kr5/r7/1K5R b - - 4 53,c3c2 h1h3 b3c4 b6c6 c4d5 c6c2,1476,rookEndgame
03VQ8,2kr3r/qp3p2/p1pB2p1/Q2pPp2/5P2/PR6/1P4pP/2R4K w - - 0 28,h1g2 h8h2 g2h2 a7f2 h2h1 d8h8 b3h3 h8h3,1476,attraction
02SNn,4r3/7k/6pp/2P2b2/1p1Q4/1P3p1P/P5P1/4rBK1 w - - 0 37,g2f3 f5h3 g1h2 h3f1,1477,pin
0Jk2d,3r2k1/1b3pp1/5bp1/1p1qN3/2pB1P2/2P5/3Q2PP/1N2R1K1 w - - 1 25,d2f2 f6h4 f2e2 h4e1,1477,skewer
00rNc,1q5r/p3kpp1/2Q1p2p/3pP2P/2n3P1/2N2P2/PrP5/K3R1NR w - - 0 26,g1e2 b2a2 c3a2 b8b2,1478,mateIn2
00voi,1r6/2r2p1R/7R/4pPk1/2B2n2/1P3P1P/P4K2/8 b - - 0 43,c7c4 h3h4 g5f5 h7f7,1478,mateIn2
00wft,3r2k1/pp3pp1/7p/b7/2b3Q1/P2qPN1P/3N1PP1/3RK2R w K - 0 30,f3e5 a5d2 d1d2 d3d2,1478,mateIn2
01BUa,2kr4/pp3Rp1/2p1p1P1/4P3/4p3/2P5/PP6/1K6 w - - 0 28,f7g7 e4e3 g7h7 e3e2 h7h1 d8d1,1478,advancedPawn rookEndgame
036O1,r4rk1/p1p1b1p1/2pq1n2/3p3p/3P4/2P5/PPN1QPPP/R1B2RK1 w - - 0 16,c1g5 f6g4 g2g3 e7g5,1478,discoveredAttack
04NEh,r4r1k/ppp1Nppp/3n4/8/8/3BPq2/PPPQ3R/6K1 b - - 5 22,f7f5 h2h7 h8h7 d2h2 f3h3 h2h3,1478,attraction kingsideAttack
05F0r,r2q1rk1/p4p1p/1p2pPp1/3b4/5QPP/2P5/P1K2P2/R7 b - - 0 22,d8d7 f4h6 d7a4 c2d2 a4f4 h6f4,1478,defensiveMove
00Kbj,8/8/6p1/PR3p2/1P3k2/7P/r5P1/7K w - - 1 39,h3h4 f4g3 b5d5 a2a1 d5d1 a1d1,1479,rookEndgame
03yno,5r1k/5p1p/p4b2/1p2pR2/6Q1/7R/PPq3PP/3r2BK b - - 2 28,f8g8 h3h7 h8h7 f5h5,1479,attraction
04ccX,6k1/pb3p2/6pQ/3q4/8/3Br3/PPP3PP/5R1K w - - 1 29,f1g1 d5g2 g1g2 e3e1 d3f1 e1f1,1479,pin
04qqj,4r2k/2p4q/pp5Q/6p1/2P2p2/PP2p2P/5PP1/4R1K1 w - - 1 34,h6g5 e3f2 g1f2 h7c2 f2g1 e8e1,1480,advancedPawn deflection
07irA,rnbq3r/pp3kpp/2p2n2/2Q1p3/4p3/2N5/PPPP1PPP/R1B1K1NR w KQ - 0 8,c3e4 f6e4 c5c4 d8d5 c4d5 c6d5,1480,hangingPiece
08bBH,8/4K3/8/4k2p/5p1P/8/6P1/8 w - - 0 61,e7f7 e5f5 f7g7 f5g4 g7f6 g4h4,1480,pawnEndgame
09xIV,8/8/4p1pp/1k2P3/2pP1P2/2K1P3/1P6/8 w - - 0 46,b2b3 c4b3 c3b3 h6h5 b3c3 h5h4,1480,pawnEndgame
05DyL,5r2/5pkp/p4p1N/1p1b4/4B3/6P1/PP3q1b/2Q1R2K w - - 2 26,e4d5 h2g3 h6g4 f2e1 c1e1 g3e1,1481,exposedKing
05Sc3,8/6p1/6k1/6p1/6P1/1p1p1p1P/1P1Kb3/R7 w - - 0 45,a1a6 g6h7 a6e6 f3f2 e6e2 f2f1q,1482,advancedPawn promotion
01Wpf,4rrk1/pbp3pp/3q4/2P2p2/5b2/P1Q2N1P/6PN/R4R1K b - - 0 27,d6c6 c3c4 f8f7 c4f4,1483,fork
098JW,r1b1r1k1/7p/p5p1/2Bp1n2/2P1p3/3B1RPq/PPQ4P/4R2K b - - 0 27,e4f3 e1e8 g8f7 e8f8,1483,hangingPiece
02yT2,rnq4r/ppN1kppp/4pB2/8/4b3/5Q2/PPP3PP/2KR2NR b - - 0 15,g7f6 f3a3,1484,mateIn1
04Tjo,8/pp3p2/2p2n1k/3p1QNq/3P1P2/2P3P1/PP1br3/R4K2 b - - 3 30,f6e4 f5h7,1484,mateIn1
05kuI,4q3/6pk/8/1p1Qp2p/p4pbP/2P1B1P1/PP4P1/6K1 w - - 0 40,d5d3 e5e4 d3d2 f4e3,1484,defensiveMove
0B7WB,4k3/1p4Q1/p2p4/4p2p/8/5r2/1PP3RK/4q3 b - - 3 43,h5h4 g7g8 f3f8 g8e6 e8d8 e6d6,1484,exposedKing
04cGp,8/6p1/3r2kp/8/p2pR3/2p2R1P/PP1pKPP1/8 w - - 0 38,b2c3 d4c3 f3d3 d6d3 e2d3 d2d1q,1485,advancedPawn attraction promotion rookEndgame
04Fg4,8/3P1k2/8/4R1p1/1K2Pp2/8/8/3r4 w - - 1 56,e5d5 d1d5 e4d5 f7e7 d7d8q e7d8,1486,rookEndgame
05Qw2,r5k1/3RP1p1/7p/1p6/p4p2/4pP1P/4K1P1/8 b - - 0 42,g8f7 d7d8 f7e7 d8a8,1486,rookEndgame
091Lf,r1r3k1/2q2pbp/b3p2B/p2pP3/6N1/3nQNP1/P1p1RPB1/R5K1 w - - 0 26,e3g5 c2c1q a1c1 c7c1 g1h2 c1g5,1486,promotion
00HoG,5r1k/5r2/2b2RQp/1p1p2p1/1q4P1/8/8/1B3R1K b - - 0 36,f7f6 g6h7,1487,mateIn1
02KwH,r5k1/4r1pR/3pNPP1/8/1pp1P3/p7/2P5/1K6 b - - 0 38,e7e6 f6f7 g8f8 h7h8 f8e7 h8a8,1488,advancedPawn rookEndgame skewer
02btz,r6k/1pq3pp/p1n5/4Np1b/7Q/1B6/PP3PPP/3R2K1 b - - 0 23,h5d1 e5g6,1488,mateIn1 pin
02lbK,2k5/5p2/Q1p1p1p1/2P5/1r6/1P2q3/K1R5/8 b - - 0 41,c8d8 a6a5 d8e7 a5b4,1488,fork
02McK,r1b4k/2qnNpbp/pp3np1/3p2B1/B1pP4/2P5/PP1N1PPP/R3Q1K1 w - - 0 17,e7d5 f6d5 e1e8 d7f8,1489,hangingPiece
04waG,2r1Q2k/6p1/p6q/1p4N1/1P1P1p2/P1r4P/5PP1/4R1K1 b - - 10 33,c8e8 e1e8,1489,mateIn1
08Glh,r7/2R5/Pp1r1p2/1q1kp3/8/6P1/5PQP/6K1 b - - 4 40,d5d4 g2a8 b5b1 g1g2 b1e4 a8e4,1489,hangingPiece
08Lcw,4b3/1pb3p1/p1p1p2p/2PpP1k1/PP1Pp3/4P3/4B1PP/4B1K1 b - - 5 25,e8h5 h2h4 g5g6 g2g4 h5g4 e2g4,1489,trappedPiece
0Q2HD,5rk1/p3RRpp/1p6/4P3/4b3/P5PB/1r5P/6K1 b - - 0 28,f8f7 e7e8 f7f8 h3e6 g8h8 e8f8,1489,backRankMate
0XWpB,5r1k/2p1Q1pp/1p1n1r2/p1pR4/P6q/2P1B3/2P2PPP/5RK1 b - - 5 21,f6f2 e7f8 f2f8 f1f8,1489,backRankMate
029wQ,r7/pp1q2bk/3p2p1/2pN3p/2Pn1Q2/3P3P/PP4PN/R5K1 b - - 0 22,g7e5 f4e5 d6e5 d5f6 h7h6 f6d7,1490,fork
04Xrh,r2qk1nr/p4p1b/2n1P1pp/1p1p4/2pP1NQ1/P1P3P1/1P1B1P1P/R3R2K b kq - 0 17,g8f6 e6f7 e8f7 g4e6 f7g7 e6c6,1490,advancedPawn attraction
00pBn,7R/8/8/P5p1/5k2/1KP3r1/7p/8 b - - 1 51,g3g2 a5a6 g2e2 a6a7,1491,advancedPawn rookEndgame
01Fml,8/8/1p2pk1p/pP4p1/P2PpPP1/4P3/3K4/8 w - - 0 43,f4g5 f6g5 d4d5 e6d5,1491,pawnEndgame
01l3i,r3R3/Q1pk1p2/1pbp4/6qp/3N4/7P/PPP5/1K2R3 b - - 0 32,a8a7 e1e7 g5e7 e8e7 d7e7 d4c6 e7d7 c6a7,1491,attraction fork
01ur6,r2q2k1/4p1b1/5pN1/2p2Qp1/8/1p1P2P1/1PPK2P1/7R b - - 1 28,b3c2 f5e6,1491,mateIn1
08spC,8/8/2R5/5k2/2p3pP/1p1n2P1/1K6/8 w - - 8 52,b2a3 b3b2 a3a2 d3b4 a2b2 b4c6,1491,exposedKing
03US3,r4rk1/ppp3pp/2n5/1B1p4/3P3n/2P1q1Pb/PP1N3P/R1BQ1R1K w - - 3 19,d2f3 h3g2,1492,mateIn1
0AO02,8/8/6Rp/4rn1P/5k2/8/4BK2/8 b - - 8 44,f5d4 g6g4 f4f5 g4d4,1492,skewer
0fsjg,8/1pk5/2pbBR2/p7/8/P7/1P4PP/3r2K1 w - - 2 35,f6f1 d6c5 g1h1 d1f1,1492,backRankMate
04qkq,1nr2b1k/2q2p2/4pNp1/3pP3/1p1P3P/2B3R1/1P2QPP1/6K1 b - - 1 27,b4c3 e2h5 g6h5 g3g8,1493,kingsideAttack
077DX,2k2r2/ppp3pp/1q6/4p2Q/1P2P3/P7/2nP1PPP/R1B1R1K1 w - - 0 17,c1b2 b6f2 g1h1 c2e1 h5g4 c8b8,1493,defensiveMove
089BI,rnb1kb1r/ppp2ppp/5q2/3pN3/2B1n3/8/PPPPQPPP/RNB1K2R w KQkq - 1 6,e5f7 f6f7 c4d5 f7d5,1493,hangingPiece
08ipk,1r4k1/pb1R3p/1pq1B3/6p1/2p5/2P3P1/PP2pP1P/4Q1K1 b - - 3 33,g8f8 d7f7 f8e8 e6d7 c6d7 f7d7,1493,exposedKing
00HXr,2k4r/Q1p2pp1/5n2/3rNq2/4p2p/6Pb/PPP1BP1P/R3R1K1 b - - 1 22,h4g3 a7a8,1494,mateIn1
01mqD,4B1k1/2p2p1p/1p1p1P1K/p2P2P1/2P5/1P6/8/2n5 b - - 4 39,c1b3 e8f7 g8f7 h6h7 b3d2 g5g6 f7f6 g6g7,1494,advancedPawn deflection
04kFZ,r2qr1k1/ppp2p1p/5pPB/8/6Q1/2Pp4/P1B3PP/bN3K1R b - - 0 19,d3c2 g6h7 g8h7 g4g7,1494,advancedPawn kingsideAttack
0AtUL,8/pp2k3/2n5/2p1P1N1/4N1n1/2P5/PP4rr/3K1R2 b - - 4 33,g2b2 f1f7 e7d8 g5e6 d8c8 e4d6 c8b8 f7f8 c6d8 f8d8,1494,exposedKing
0017R,r2qk2r/pp2ppbp/1n1p2p1/3Pn3/2P5/2NBBP1P/PP3P2/R2QK2R b KQkq - 0 12,e5c4 d3c4 b6c4 d1a4 d8d7 a4c4,1495,fork
01Btz,2r1k2r/1p2bppp/1q1p4/p2Pp1P1/5n1P/1N3P2/PPPQ4/2KR1B1R w k - 0 17,a2a4 b6b3 f1b5 e8f8,1495,defensiveMove pin
02WXt,2k5/1pp2pp1/3r2p1/8/P2K2P1/1P1RPP2/8/8 w - - 6 34,d4e4 f7f5 g4f5 g6f5 e4f5 d6d3,1495,rookEndgame
08BYm,8/3B4/8/p5KP/Pr6/6k1/8/8 b - - 0 54,b4h4 h5h6 h4d4 h6h7 d4d7 h7h8q,1496,promotion
06xVT,4r1k1/5ppp/3R2n1/1QB5/pP6/P3PPP1/4K1q1/8 w - - 5 36,e2d3 g2f1 d3d2 f1b5,1497,skewer
08SbO,8/4r3/2p3p1/p4pP1/P2P4/3R1P2/1k1K4/8 w - - 0 51,d3c3 e7e2 d2d3 e2e3 d3e3 b2c3,1497,exposedKing
02YDP,1r4k1/q4pp1/2Q5/1BK1p1B1/1PP5/6P1/5P2/8 w - - 1 47,c5d5 a7d4,1498,mateIn1
06Xmo,8/8/8/5p2/p1PK4/P5k1/1P6/8 w - - 1 47,d4e3 f5f4 e3e2 g3g2 e2d2 f4f3,1498,pawnEndgame
04rVW,8/4q1pk/7p/p2Q1p2/b3p2P/2p5/1K1R1PP1/8 w - - 0 36,b2c3 e7b4,1499,mateIn1
018FT,8/6k1/p7/4PQ2/2q5/6PK/8/8 w - - 0 49,f5g4 c4g4 h3g4 a6a5 g4f5 a5a4,1500,defensiveMove
021aU,7k/6pp/2R1p3/p4p2/Q2rq3/6P1/3K1P2/3R4 w - - 0 47,a4d4 e4d4 d2c1 d4a1,1500,hangingPiece
02DwR,k7/P7/1K6/1N6/8/4p1p1/3n4/8 b - - 1 59,d2c4 b6a6 e3e2 b5c7,1500,defensiveMove mateIn2
01rH2,r4rk1/pp1q1p2/2np2pP/2p2b2/2B1PB1b/5P1P/PPP3Q1/R3R1K1 b - - 0 20,f5h3 g2g6 g8h8 g6g7,1501,kingsideAttack mateIn2 pin
052F6,r1b2r2/2q2pkp/p1n1pNpQ/1pp1n3/3pPB2/3B4/PPP2PPP/R3R1K1 b - - 3 18,g7f6 f4g5,1501,mateIn1
0641F,r2qkbnr/pbp3pp/1pn2p2/3Bp3/4P3/2P2N2/PP1P2PP/RNBQK2R w KQkq - 0 8,f3e5 f6e5 d1h5 g7g6,1501,hangingPiece
08HaP,4Rb2/5pkp/1B4p1/1N4n1/1PR5/5nPP/4KP2/r7 w - - 7 33,b5d4 a1e1 e2d3 e1e8 d4f3 g5f3,1501,skewer
04ryc,r5k1/5Rp1/2p4p/4p1q1/pP2p3/2Pb3P/1P3QPK/3R4 w - - 2 33,f7f5 e4e3 f5g5 e3f2,1502,advancedPawn
0eQHp,4r1k1/pp4pp/1qp2B2/5b2/8/3N2Q1/P1P1nPPP/4R1K1 w - - 1 21,e1e2 b6b1 d3c1 b1c1 e2e1 e8e1,1502,backRankMate
08zM7,8/8/8/8/4k1p1/6PP/6K1/8 b - - 0 45,g4h3 g2h3 e4f5 h3h4 f5g6 h4g4,1503,pawnEndgame
0156a,2k4r/ppp1q1p1/3b2p1/3Q4/1P2NPn1/P1P3N1/6P1/R1B2RKr w - - 5 21,g3h1 h8h1 g1h1 e7h4 h1g1 h4h2,1504,attraction kingsideAttack
01TRg,4k3/6R1/4B1K1/1r4p1/6P1/8/3b4/8 b - - 15 45,d2c3 e6d7 e8d8 d7b5 c3g7 g6g7,1504,fork
01c20,2kr3r/Qpp3pp/6n1/nq1Pp1p1/4B1P1/BbP4P/1P6/2KRR3 b - - 2 24,b3d1 e4f5 d8d7 a7a8,1504,mateIn2 pin
09vaO,3r2k1/7B/3q3Q/8/4p3/P1p3PP/5P1K/4r3 b - - 2 44,g8h8 h7g6 h8g8 h6h7 g8f8 h7f7,1504,exposedKing
0Bfet,8/8/1p6/8/2k1K3/4P3/8/8 w - - 1 51,e4f5 b6b5 e3e4 b5b4 e4e5 b4b3 e5e6 b3b2 e6e7 b2b1q,1504,promotion
00WUu,r3k1nr/pp3ppp/1q2b3/8/1n1p4/6P1/PB1QPPBP/R3K1NR w KQkq - 0 13,b2d4 b6d4 d2d4 b4c2 e1f1 c2d4,1505,attraction fork
03Efd,8/7r/3pkpp1/7P/1PP5/7R/2K4P/8 b - - 0 43,h7h5 h3h5 g6h5 b4b5,1506,defensiveMove rookEndgame
0fn0y,1r5k/1P4pp/2p1Q1b1/2qp4/6P1/P7/7K/5R2 b - - 0 35,b8b7 e6c8 g6e8 c8e8 c5f8 f1f8,1507,backRankMate
0sY11,1rr3k1/1bqp1p1p/p4Bp1/3Bn3/7Q/8/PR3PPP/1R4K1 w - - 0 25,d5b7 c7c1 b1c1 c8c1,1507,backRankMate
0GbnU,2r3k1/4bppn/4p3/n2pP3/5B1P/1qrPN1P1/2N2PB1/Q3R1K1 b - - 5 30,a5c6 e1b1 b3c2 e3c2,1509,trappedPiece
022ib,2kr4/2p2pp1/8/1R2PP1p/6n1/8/4Q1PP/3q2BK w - - 1 28,e2b2 d1g1 h1g1 d8d1,1510,attraction mateIn2
04FGP,r2q1rk1/pppbb1p1/3p3n/3Ppp1Q/8/3PPNPP/PP3PB1/R1B2RK1 w - - 0 15,e3e4 d7e8 h5h6 g7h6,1510,trappedPiece
04mZc,r1b2rk1/pp1p1pbp/1qn1pnp1/2p3B1/2B1P3/P1NP1N2/1PP2PPP/R2QK2R b KQ - 0 9,b6b2 c3a4 b2a1 d1a1,1510,trappedPiece
05IZN,8/8/pK3k1p/6pP/6P1/P1r2P2/5R2/8 w - - 0 43,b6a6 c3a3 a6b5 f6e5,1510,defensiveMove rookEndgame
03mFw,4r3/p4p1k/2p1pb2/2Q5/3P4/2P3RP/P2q1PP1/6K1 b - - 6 34,e8g8 c5h5 d2h6 h5h6 h7h6 g3g8,1511,exposedKing
0GbgA,r5k1/p3qpp1/2p1b1r1/1p2P2Q/8/3P1R1P/PP2N1PK/5R2 w - - 1 29,e2f4 g6h6 h5h6 g7h6,1511,trappedPiece
04dbk,8/2Nn2pk/3P3p/8/pp6/8/P5PP/5K2 w - - 0 39,f1e2 b4b3 a2b3 a4a3 c7e6 a3a2,1512,advancedPawn
00UEs,8/3R3p/5kp1/8/2Bnp3/1P5P/P6r/4K3 b - - 1 40,f6e5 d7d5 e5f4 d5d4,1513,deflection
04iY6,4r3/2p5/2p5/2Pk4/KP1P1R2/P4P2/8/8 w - - 1 54,f4f7 d5c4 f7c7 e8a8 c7a7 a8a7,1513,rookEndgame
05U8y,6bk/p1R3q1/1p5p/8/P4Q2/1r6/5PP1/6K1 b - - 3 42,g7a1 g1h2 a1g7 c7g7,1513,defensiveMove
08j9i,2r5/5P1k/p3p3/1p1n3K/4r1P1/1P6/PB3P1P/8 b - - 6 35,c8c2 f7f8q d5f4 h5g5,1513,promotion
09m4A,8/8/6k1/5p1p/7P/5KP1/8/8 b - - 3 62,g6f6 f3f4 f6e6 f4g5 e6e5 g5h5 e5f6 h5h6 f5f4 g3f4,1513,pawnEndgame
01aAR,4k3/R3P3/1p3Kpp/2p5/2P5/1r6/4p1P1/8 b - - 2 37,b3e3 a7a8 e8d7 a8d8 d7c7 e7e8q e3e8 d8e8,1514,advancedPawn deflection exposedKing promotion rookEndgame
0ADxz,2r2k2/r1p3b1/4R1K1/3P4/8/p7/R7/8 b - - 1 41,c8e8 a2f2 g7f6 f2f6 f8g8 e6e8,1514,exposedKing
0ulf6,2k2r2/1R2R2p/p7/3Bp3/4Pbp1/8/PP4PP/6K1 w - - 1 29,b7a7 f4e3 g1h1 f8f1,1514,backRankMate
01vQy,8/8/1Pk2p2/4p2p/2K5/5P2/6P1/8 w - - 0 43,g2g3 f6f5 b6b7 c6b7,1515,pawnEndgame
06NK7,r6r/1p1nk2b/p1p2p2/7q/3PP1p1/1P6/P1Q1NPPB/R4RK1 w - - 2 23,e2g3 h5h2 g1h2 h7e4 h2g1 e4c2,1516,discoveredAttack
0948g,1n2B3/p6P/3kp3/8/5PK1/8/8/4r3 b - - 0 39,e1h1 e8h5 b8c6 h7h8q,1516,promotion
037nc,8/5p2/p3r1kp/1p4p1/2p5/2P2KP1/PP1R1P1P/8 w - - 6 34,d2e2 g5g4 f3g4 e6e2,1517,deflection rookEndgame
08DmD,8/6pp/8/4p3/1Pk3PP/3p4/3K1P2/8 b - - 0 44,h7h6 b4b5 c4b5 d2d3 b5c6 d3e4,1517,pawnEndgame
0iL4s,2kn4/ppp3p1/8/4r3/3QP3/P6p/1PP2rq1/2KRR3 b - - 0 31,e5e8 d4d7 c8b8 d7d8 e8d8 d1d8,1517,backRankMate
00pER,r2q1rk1/4N1bp/p2p2p1/2p3N1/Pp4P1/1Q5P/1P1n1P2/5RK1 b - - 0 21,g8h8 b3g8 f8g8 g5f7,1518,kingsideAttack mateIn2
05rib,1k1r3r/2p2pp1/Qp2p1n1/7p/Pq1b2nP/5NP1/5PB1/R1B1R1K1 w - - 1 20,f3d4 b4e1 a6f1 e1f1,1518,hangingPiece
06SZH,2kr2r1/2p5/p2qR1N1/np1p2pP/8/7Q/PPP2PP1/6K1 b - - 0 28,d6b4 e6e4 c8b7 e4b4,1518,discoveredAttack
0Dfe2,6k1/8/R4B1p/1p4P1/5K1P/8/p7/5r2 w - - 3 56,f4e5 a2a1q a6a1 f1a1,1518,promotion
01iqw,r3kb1r/1p3pp1/p1p1b3/4p1Bp/4P3/2NQ1PP1/PPP2qBP/R6K b kq - 1 16,f7f6 g5e3 e6c4 e3f2 c4d3 c2d3,1519,trappedPiece
02n4I,r5k1/pp1bqrpp/5p1B/3Q4/8/4PP2/P5RP/R3K3 b Q - 0 25,d7c6 g2g7 g8h8 d5f7 e7f7 g7f7,1519,deflection
08KDw,2r4k/6p1/3p3p/p2qpQ2/8/P1P3PK/1r3R1P/5R2 b - - 3 33,b2f2 f5c8 d5g8 c8g8 h8g8 f1f2,1519,hangingPiece
09xRv,6k1/6pp/Q3pp2/3p3q/2pP1P2/2P2NP1/Pr6/4R1K1 b - - 2 33,h5f3 a6e6 g8h8 e6c8,1520,backRankMate
0jHnZ,4r1k1/1Q3ppp/5q2/1P6/8/5B2/5bPP/5RK1 w - - 0 26,f1f2 e8e1 f2f1 f6d4 g1h1 e1f1,1520,backRankMate
02MvQ,2kr3r/pppn1ppp/8/8/3PN1n1/5N1q/PPP1Bb2/R1BQR1K1 w - - 0 20,e4f2 h3g3 g1f1 g3f2,1522,kingsideAttack mateIn2
049yg,4kn2/1p3p2/2q1p3/p3P3/4rP2/P1P2QP1/3K4/R2N4 w - - 1 27,a1b1 e4d4 c3d4 c6f3,1522,discoveredAttack
04YjK,2k4r/5Rp1/2b1p3/4P2r/1P1B4/2P5/5PP1/1N2R1K1 w - - 1 26,g1f1 c6b5 c3c4 b5c4 e1e2 h5h1,1522,pin
0EGUR,2rq1rk1/pp3ppp/1bn1p3/8/4N3/2P5/PP2QPPP/R1B2RK1 b - - 0 14,d8h4 c1g5 h4e4 e2e4,1522,trappedPiece
0FTIj,3r2kr/ppn2p1p/4p2B/3p4/3P3R/P2B2P1/1P3PP1/4K3 b - - 2 27,f7f6 h4g4 g8f7 g4g7 f7e8 g7c7,1522,skewer
03Dim,rn3rk1/pp2qpp1/7p/8/2pP1bb1/2PQ1NN1/PP2P1PP/1K1R1B1R w - - 0 15,d3e4 e7e4 g3e4 g4f5,1523,pin
07HDk,r1bq1rk1/pp2p2p/2n2bpB/3p4/3P4/3B1N2/PPQ2PPP/R4RK1 b - - 3 13,f8f7 d3g6 h7g6 c2g6 f7g7 h6g7 f6g7 f3g5,1523,defensiveMove
0AZju,8/p1r5/1ppbkn2/7Q/1P1Pr2P/P2NP3/5P2/1B5K w - - 0 34,h5g6 e4h4 h1g2 h4g4 g6g4 f6g4,1523,exposedKing
0ETrF,2R2r1k/5pp1/3p3p/p2Np3/4P1P1/1q1P3P/4QP2/1K3R2 w - - 0 27,b1c1 f8c8 c1d2 c8c2 d2e3 c2e2,1523,skewer
0bXUT,3r2k1/1p3p2/2p4p/1Pq3p1/3r4/7Q/5PPP/1RR3K1 w - - 0 26,b5c6 c5c1 b1c1 d4d1 c1d1 d8d1,1523,backRankMate
03VxU,7Q/pp3k2/8/3pn1p1/3P4/6PK/PP2q2P/8 w - - 2 27,d4e5 g5g4 h3h4 e2h2 h4g4 h2h8,1524,deflection skewer
03cLm,8/6R1/6p1/4P3/5PkP/8/p3r3/K7 b - - 0 45,g4h4 g7g6 e2e1 a1a2,1524,rookEndgame
05t9I,4bk2/p1p2p2/1pP5/5N1p/n2B1n2/5P2/2B3PP/7K b - - 1 37,f4e6 c2a4 e6d4 f5d4,1524,hangingPiece
036pl,2r4r/3b1k2/2p2b2/1p1q2p1/1P1PN3/P1QBPpP1/1B5P/2R3K1 w - - 3 41,e4f6 f3f2 g1f2 h8h2,1525,advancedPawn attraction deflection kingsideAttack
03URI,3n2rk/pp4p1/3qp1Qp/5r2/2p3N1/1P5P/PB3PP1/5RK1 b - - 5 30,f5g5 g6h6,1525,kingsideAttack mateIn1 pin
03nXf,1r4k1/6p1/n2p4/p1pP2rp/2P1Q3/P4q1P/3P1P2/1BR2RK1 w - - 1 29,g1h2 g5g2 h2h1 f3h3,1525,deflection
07rHD,8/1B3p2/3Nb3/2p5/2P2K1k/8/5bP1/8 w - - 7 41,b7d5 f2g3 f4e4 g3d6,1525,skewer
00qIK,r4rk1/p3b1pp/1qB1bp2/1p2p3/2p2P2/3PR1P1/PPPN3P/R1BQ2K1 w - - 1 16,c6a8 b6e3 g1g2 f8a8,1526,hangingPiece
04nGz,4r2r/p1pk1p2/Q2b2qp/2p3p1/P1PPp3/8/1P1B1PPP/R3R1K1 w - - 0 21,d4c5 d6h2 g1h2 g6a6,1526,discoveredAttack
0p25j,4r1k1/p4ppp/2N1r3/2bp4/4n3/2P2N2/PP3PPP/3RRK2 w - - 1 24,f3d4 e4d2 f1g1 e6e1 d1e1 e8e1,1526,backRankMate
01243,r7/pp1Qp1B1/8/3kb3/4q3/8/PP3PP1/5K2 b - - 4 34,e5d6 d7b7 d5e6 b7e4,1527,deflection fork
01CQ7,1n3r1k/p5pp/8/7Q/4P3/2NP4/PPPB2qP/R2KRr2 w - - 3 21,d2e3 f1e1 d1e1 f8f1,1527,attraction mateIn2
02YmM,2r2rk1/p2q1pbn/bp1p4/2pPp1PQ/2P1P2p/N6P/PP2BP2/R3R1K1 b - - 2 25,d7h3 e2g4 h3g4 h5g4,1527,fork
04c6u,4rr1k/6pp/Q7/1pp5/3p3q/P2P4/1PP1RPPP/R5K1 w - - 3 25,a1e1 h4f2 e2f2 e8e1 f2f1 e1f1,1527,deflection kingsideAttack
05URT,4kb2/pp1b2pr/4p2N/3pP3/1q1P4/1P2PQ2/P2N2PP/5RK1 b - - 0 19,h7h6 f3f7 e8d8 f7f8 b4f8 f1f8,1527,deflection exposedKing
04KwW,r1b1k2r/pp4pp/1q2pp2/n7/2pPN3/2P1P2P/PP3PPR/1R1QKB2 w kq - 1 14,f1c4 a5c4 d1a4 b6c6 a4c6 b7c6,1528,hangingPiece
050bz,8/3k1p1p/3P2p1/8/2N2BP1/2P2PK1/r7/7b b - - 0 40,a2c2 c4b6 d7c6 d6d7,1528,advancedPawn
0GPnI,7k/2r4b/5p1b/1pB1pP2/4N1K1/1P1P4/r1P2R2/6R1 w - - 1 41,b3b4 c7g7 g4h3 g7g1,1528,skewer
00GVf,2b2k2/6q1/pn4p1/1rp2p2/8/8/1P2Q1P1/1K2R2R b - - 3 32,c8d7 h1h8 g7h8 e2e7 f8g8 e7d8,1529,exposedKing
00Nf5,r1bq1rk1/pp2bppp/2pp1n2/8/5P2/5N2/PBPPB1PP/RN1Q1RK1 w - - 5 11,b1c3 d8b6 g1h1 b6b2 a1b1 b2a3,1529,fork
02GU0,8/1pr5/3k2p1/3P1p1p/1KR1p2P/P5P1/5P2/8 b - - 0 44,c7c4 b4c4 b7b6 a3a4,1529,defensiveMove
02o7A,3q2k1/1p4pp/p1p5/3pN1p1/1P1Pn1P1/4P2P/7B/5RK1 b - - 0 31,d8b6 f1f8 g8f8 e5d7 f8e7 d7b6,1530,attraction fork
04lQ7,3rr1kb/5p1p/2R3pB/3b4/6P1/3n2N1/1PP3BP/3R3K w - - 0 28,d1d3 e8e1 g3f1 e1f1,1530,pin
09Zof,8/3k4/6p1/K3pp1p/7P/1P3PP1/8/8 b - - 0 44,e5e4 f3e4 f5e4 a5b4,1530,pawnEndgame
00IPp,4Q3/6pk/p3p2p/5p2/1p1P2P1/4q2P/2B1n2B/7K w - - 0 35,g4f5 e3f3,1531,mateIn1
03cdR,2rr2k1/pp3ppp/1b4b1/3N1N2/6P1/P2QPPK1/1q5P/2RR4 b - - 1 24,c8c1 d5e7 g8f8 d3d8 b6d8 d1d8,1531,kingsideAttack
011o8,2r5/1p4bk/p2q2p1/3p1bQn/3B4/P1NP1N1P/1P6/K3R3 b - - 0 33,g7h6 e1e7 h7g8 g5h6,1532,deflection
07r28,r2r1k2/4b3/3pqpQp/2p1pR2/p1P1P3/1P5P/P5P1/5RK1 b - - 3 32,a8a7 f5f6 e7f6 f1f6 e6f6 g6f6,1533,exposedKing
0BCEU,r3k2r/pppb1ppp/8/n2P4/2P2p2/2Q2N2/PP1Nq2P/R5KR b kq - 1 16,e8g8 a1e1 e2e1 f3e1,1533,trappedPiece
0EAdy,8/p2r1kp1/1p2b3/n3P3/5BP1/P2BK2P/8/7R w - - 3 38,h1f1 d7d3 e3d3 e6c4 d3e4 c4f1,1533,skewer
00Mbv,2k2b1r/pp3ppp/1n6/BN2p1P1/2Q1Nn1P/8/PP3P2/2KR4 b - - 0 24,b6c4 d1d8,1534,mateIn1
03NYL,r5k1/pp3ppp/2p1r3/2n1P3/8/1P5q/PBP2P1N/R2QR1K1 w - - 2 20,e1e3 e6g6 e3g3 g6g3 f2g3 h3g3 g1h1 c5e4,1534,defensiveMove kingsideAttack
024CM,r3r1k1/pp3pp1/5Q1p/2bq4/8/4PP1P/P2PKP2/6RR b - - 0 19,d5e5 g1g7 g8h8 f6h6,1535,kingsideAttack mateIn2
0470w,8/6p1/4p3/1K2p3/1P5p/7P/4kPP1/8 w - - 1 36,b5c5 e2f2 b4b5 e5e4 b5b6 e4e3 b6b7 e3e2,1535,advancedPawn pawnEndgame
07KTr,8/8/6kp/pp1p4/2pP2K1/P1P4P/1P6/8 w - - 2 48,h3h4 h6h5 g4f4 g6f6,1535,defensiveMove pawnEndgame
08QZq,r1b2rk1/1p3pbp/1q2p1p1/pN2Pn2/P1B5/1P6/5PPP/R1BQR1K1 b - - 0 15,c8d7 d1d7 a8d8 d7c7 b6c7 b5c7,1535,hangingPiece
0Qfbu,5rk1/1b4pp/pp6/2pPP3/P1P1B3/1P5Q/3q1rPP/R3R2K w - - 9 29,h3g3 d2e1 a1e1 f2f1 e1f1 f8f1,1535,backRankMate
0kBcT,5rk1/1pr4p/4R1pQ/6N1/p2p4/P1N1p3/1P1q2PP/1R4K1 w - - 0 32,b1d1 d2f2 g1h1 f2f1 d1f1 f8f1,1535,backRankMate
00csH,2bqkb1r/4p1p1/p6p/1pNPpp2/2r3n1/P1N1B3/1P2QPPP/R4RK1 b k - 3 18,g4e3 e2h5 g7g6 h5g6,1536,mateIn2
01tFL,r1bq1r1k/pp2p2p/3p1nRQ/2p5/8/1B1P4/PPP2bPP/RNB4K b - - 3 15,f6g8 h6g7,1536,mateIn1
0AkeU,rnb2rk1/pp5p/1qpb1pp1/3p1p2/3P1P2/P1NBP1N1/1PP3PP/R2QK2R b KQ - 0 10,b6b2 c3a4 b2a1 d1a1,1536,trappedPiece
006E1,5rk1/R4pp1/1p5p/3Q4/1PPp2q1/3P2P1/5P2/4nK2 w - - 0 34,f1e1 f8e8 e1f1 g4h3 d5g2 e8e1 f1e1 h3g2,1537,deflection
06cLs,rn1bk2r/pp3ppp/3p4/2q1p3/1N2P3/3Q1N2/PPP2PPP/2KR3R w kq - 6 14,d3d6 c5d6 d1d6 d8e7 d6d5 e7b4,1537,skewer
0ATFS,8/2p2rk1/3pR3/1P1P3p/2P2PrP/3N3K/8/8 b - - 6 53,f7f4 d3f4 g4f4 e6e7 g7f6 e7c7,1537,exposedKing
0B1GK,8/8/8/4kp1p/7P/4K1P1/8/8 b - - 1 45,e5f6 e3f4 f6e6 f4g5 e6e5 g5h5 e5f6 h5h6 f5f4 g3f4,1537,pawnEndgame
02cv1,r1q1kb1r/5pp1/3p3p/3Ppb2/2N4P/1nP2N2/1P2QPP1/R1B1K2R w KQkq - 3 20,c4b6 a8a1 e2b5 f5d7,1538,hangingPiece pin
02dgL,r1bq1r1k/p2n3p/2p1B1pQ/3p2B1/4p3/2P5/P1P4P/R3K2R b KQ - 0 20,d8a5 h6f8 d7f8 g5f6,1539,kingsideAttack mateIn2
04Dut,8/B7/p1p5/2p1k2p/3p1p2/1P2b2P/P1P1K1P1/8 w - - 0 37,a7c5 d4d3 e2d3 e3c5,1539,discoveredAttack
086g1,1qrk2r1/pb1n1p2/1p1PB1pp/2p5/2P2P1P/1P3NP1/PB2Q2K/3R4 b - - 0 26,f7e6 e2e6 g8e8 b2f6 d7f6 e6f6,1540,exposedKing
06aNt,1Q4k1/3bR3/1np4r/pp1p2p1/8/PB3P1P/2P3PK/2q5 b - - 1 33,b6c8 e7d7 c1f4 b8f4,1542,hangingPiece
03gNg,r4rk1/pp2b1pp/2n2p2/4p3/8/2PB1QB1/Pq3P1P/R3R1K1 b - - 3 18,b2c3 d3h7 g8h7 f3c3,1543,discoveredAttack
04cI1,5rk1/6pp/4R3/3R4/4Pq2/1pP2P1P/1P1KQ1P1/r7 w - - 3 31,e2e3 a1d1 d2e2 d1e1 e2e1 f4e3,1543,attraction deflection
073jy,8/8/8/3b1k2/8/1p5K/3R4/3n4 b - - 4 69,b3b2 d2d5 f5e4 d5d1,1543,hangingPiece
00Tll,5r1k/1pp3p1/7p/pP1N4/P3P3/2PP3P/3BnbPK/R7 w - - 2 27,d5c7 f2g3 h2h1 g3c7,1544,fork
01HgH,r3k2r/pppqbppp/2n1b3/3p2PQ/1P1Pp2P/2P1P3/P4PB1/RNB1K1NR w KQkq - 1 11,a2a4 e6g4 g2h3 g4h5 h3d7 e8d7,1544,trappedPiece
03JeC,5rk1/3PQppp/p7/6P1/8/2pq4/P5PP/4R2K b - - 0 30,c3c2 e7f8 g8f8 e1e8,1544,attraction mateIn2
00uKb,6k1/p4rp1/8/2p1Bq1p/2P1b3/2P3QP/P5P1/4R1K1 w - - 0 30,g1h2 h5h4 g3h4 f5e5,1545,deflection
02Pu3,5r2/3R4/6k1/1p6/p1pB3P/3n2K1/5P2/8 b - - 3 43,f8f7 h4h5 g6h5 d7f7,1546,deflection
000Pw,6k1/5p1p/4p3/4q3/3nN3/2Q3P1/PP3P1P/6K1 w - - 2 37,e4d2 d4e2 g1f1 e2c3,1547,fork
00iQD,8/8/8/3K2kp/8/2P1P3/8/8 w - - 0 50,c3c4 h5h4 d5e4 g5g4 c4c5 h4h3 e4e5 h3h2 c5c6 h2h1q,1547,advancedPawn pawnEndgame promotion
01Z1w,r7/2p2pk1/q4np1/3PQ3/4P3/5PPp/2R2NKP/8 w - - 0 34,g2h3 a6f1 h3h4 a8h8 h4g5 h8h5 g5f4 h5e5,1547,skewer
02nli,r2q2rk/pp1n1pnp/2p5/3pP3/3P1Q1N/8/PPP2PPP/R4RK1 b - - 2 18,f7f5 h4g6 h7g6 f4h6,1547,kingsideAttack mateIn2
08BxE,8/3B4/8/2p1p1pQ/3n1p2/2K5/P3rk2/8 w - - 13 62,a2a4 e2c2 c3d3 c5c4 d3e4 c2e2 e4d5 c4c3,1548,exposedKing
02g7h,2k2Q2/pR4pp/2prr3/N2n4/3q4/6P1/P4PKP/8 b - - 11 31,d6d8 b7b8 c8b8 f8d8,1549,attraction deflection mateIn2
04S2V,rn4k1/p1p3pp/1p1pp2r/5p1q/2PP4/B1PBPK2/P2Q1P1P/6RR w - - 7 17,f3g2 h5h3,1549,mateIn1
05ox7,rnb1k1nr/ppppqppp/8/b3N3/4P3/P7/1PPP1PPP/RNBQKB1R w KQkq - 1 5,b2b4 e7e5 d2d4 e5e4 c1e3 a5b6,1549,hangingPiece
067UQ,r1b1kb1r/pp3ppp/1q2p1n1/3pP3/2nP4/1PB4N/P3BPPP/RN1QK2R b KQkq - 0 12,c4a3 b1a3 f8a3 b3b4,1549,defensiveMove
0Ne1X,5rk1/5pp1/2R1p2p/q2n4/3PQ3/4PN1P/5PPB/r1R3K1 w - - 1 25,f3e5 a5e1 c1e1 a1e1,1549,backRankMate
00tgU,r4rk1/pbpp2p1/1pn3Qp/3N4/3q1N2/3B4/PP3PPP/5RK1 b - - 5 20,c6e5 d5e7 g8h8 g6h7,1551,kingsideAttack mateIn2
010MJ,3r2k1/pR3pp1/8/5p1p/3n1q2/5P2/PP4R1/6QK b - - 4 29,d4f3 g2g7 g8h8 g7h7 h8h7 b7f7 h7h8 g1g7,1552,attraction
03lc6,2r2rk1/p3p2p/1pq3pP/8/1P3P2/2bPQP2/2R1P1K1/4R3 b - - 0 30,c6d7 c2c3 c8c3 e3e5 f8f6 e5c3,1552,attraction
03tS5,2R5/4kpp1/p6p/3KP1q1/6r1/5B2/PP2RP2/8 b - - 19 34,g4d4 d5d4 g5f4 f3e4,1552,defensiveMove hangingPiece
04E4E,r1b1k1nr/ppp2ppp/8/2bPp3/3n3q/2N2P2/PPP2BPP/R2QKBNR b KQkq - 2 7,d4f3 d1f3 c5f2 f3f2 h4f2 e1f2,1552,hangingPiece
09qHq,r6q/pbpnk1n1/1p1pppQp/6p1/1b1PP3/2NB2B1/PPP2PPP/2KR3R w - - 2 18,c3b5 d7f8 g6g7 h8g7,1552,trappedPiece
02wxP,4rbk1/pp1n3p/3p2p1/2pPn3/4NB2/6Pq/PPP1Q2P/R4RK1 w - - 3 23,e2f2 e5g4 f2g2 h3g2 g1g2 e8e4,1553,kingsideAttack
09nmh,8/8/p7/1P2k3/P1K5/8/8/8 b - - 0 56,a6b5 c4b5 e5d6 b5b6 d6d7 b6b7,1553,pawnEndgame
0G2eZ,r1b1k2r/p2p1ppp/2p5/4p3/2B5/2P3P1/P1PKQ2P/R1B4q b kq - 0 13,e8g8 c1b2 h1a1 b2a1,1553,trappedPiece
01jE5,8/7p/6p1/6Q1/8/2pK1PP1/1r5P/1k6 w - - 10 58,g5c5 c3c2 c5c2 b2c2,1554,advancedPawn
01riG,8/8/6kp/2R1PNp1/2P5/1P4K1/r7/4n3 w - - 5 35,e5e6 a2g2 g3h3 g5g4 h3h4 e1f3,1554,exposedKing
05BC4,rn4k1/ppb3p1/5p2/3q4/1P1p4/PP1P1N1P/5QP1/R1B3K1 w - - 2 25,f2d4 c7b6 d4b6 a7b6,1554,pin
0q3Sx,3BQnk1/5pbp/4p1p1/2P2qN1/3P4/4P3/1r3PPP/5RK1 w - - 4 33,e3e4 f5f2 f1f2 b2b1 f2f1 g7d4 g1h1 b1f1,1554,backRankMate
00T4i,2r4k/q2b1Q1p/2p2P2/1p2p3/4P3/p2P3R/4N1rK/R7 w - - 0 38,h2g2 d7h3 g2h3 a7f7,1555,discoveredAttack
00X2j,8/5KP1/R1k5/8/2pp4/8/8/6r1 b - - 1 50,c6c5 a6g6 g1g6 f7g6 d4d3 g7g8q,1555,advancedPawn promotion rookEndgame
00uJL,7Q/5p2/6p1/R3pk1p/P2q3K/7P/5PP1/7r w - - 2 41,g2g4 d4g4,1555,mateIn1 pin
01MiZ,r1b2rk1/p1ppq3/5n1p/2p3p1/2Q1p3/2N2P2/PPP2KPP/4RB1R b - - 1 15,d7d5 c3d5 f6g4 f2g1,1555,defensiveMove
048EW,2r1k2r/pp3p2/1q6/3p4/2pb4/2P3p1/PPQ2PP1/RN3RK1 w k - 0 21,c3d4 h8h1 g1h1 b6h6 h1g1 h6h2,1555,attraction kingsideAttack
04OYD,r1b1k2r/pppn3p/3bpqp1/3p1p2/3P3N/P3P1P1/1PPNBPP1/R2QK2R w KQkq - 4 11,h4g6 h7g6 h1h8 f6h8,1555,hangingPiece
05Fs3,3qk2r/3nbppp/p3p3/1p1r4/3BNP2/8/PPP3PP/R2Q1RK1 w k - 2 17,e4c3 d5d4 d1d4 e7c5 d4c5 d7c5,1555,pin
0HlmF,2b2rk1/p4pp1/1b2pq1p/3p4/1p3B2/1B1R2P1/P1P1QP1P/2K4R w - - 0 22,f4d6 f6a1 c1d2 a1h1 d6f8 g8f8,1555,skewer
027Il,r2qr1k1/1bpn1p1p/1p1p1p2/3N1P1Q/4PR2/1P6/PP4PP/R5K1 b - - 4 20,d7f8 f4g4 f8g6 f5g6 f7g6 g4g6 h7g6 h5g6,1556,kingsideAttack
03RRS,5rk1/p4ppp/2N2n2/2p5/3q1P2/1P1B1Q1P/2P3P1/7K b - - 1 24,d4c3 d3h7 g8h7 f3c3,1556,discoveredAttack
0D6cN,6k1/2r2p2/bp2p1pP/p1bpPp2/5q2/P4N1R/5PP1/3RQ1K1 b - - 5 37,g8h7 h3h4 f4h4 f3h4,1556,trappedPiece
01Soi,8/8/8/3p1pk1/3P2p1/4PPK1/8/8 b - - 0 55,g5g6 f3g4 g6h6 g4f5,1557,pawnEndgame
0COaC,8/4k3/P3p1p1/3p2p1/3P2P1/3Q1K2/1q6/8 b - - 7 49,b2b6 d3a3 e7d7 a6a7 b6d4 a7a8q,1557,promotion
0Csqq,r1bQnk2/p4ppp/1pq5/8/4p3/1P3P2/P1P3PP/R3R1K1 b - - 0 18,e4f3 d8e7 f8g8 e7e8 c6e8 e1e8,1557,backRankMate
01pkQ,8/R5pk/p1b4p/4pp2/7P/1B4P1/PP1r1P2/5K2 w - - 4 34,a7a6 c6b5 f1e1 d2e2 e1d1 b5a6,1558,fork
03wEu,8/6p1/5p2/5Pk1/3K4/4P3/8/8 w - - 3 50,d4e4 g5g4 e4d3 g4f5,1558,pawnEndgame
06nTK,r1b2r1k/ppp3pp/1qn2p2/2b5/2BN4/2P1B3/PP3PPP/R2Q1RK1 w - - 5 16,d4f5 c8f5 e3c5 b6c5,1558,hangingPiece
097wk,2r3k1/p3Qp1p/1p2p1p1/4P3/q4P2/6P1/PP5P/1K1R4 w - - 8 30,e7d7 a4c2 b1a1 c2c1 d1c1 c8c1,1558,backRankMate
04nVK,8/4k1Nr/3p2pp/1p2p3/5p2/1P6/P4PPP/2R3K1 b - - 0 30,h7g7 c1c7 e7f6 c7g7 f6g7 a2a4 g7f6 a4a5,1560,defensiveMove rookEndgame
0YfVa,2kr4/p2r2pp/8/4pb2/1b1nN3/1B3PP1/PPPB2P1/2KR3R w - - 9 21,d2b4 d4e2 c1b1 d7d1 h1d1 d8d1,1560,backRankMate
02nYL,r2qk2r/1p2bp1p/p1n1b3/3pPpp1/3P4/PQN2N2/1P3PPP/R1B2RK1 w kq - 0 13,b3b7 c6a5 b7a8 d8a8,1561,trappedPiece
08zzU,8/8/pp6/2k5/P1P5/1K6/8/8 w - - 0 43,b3c3 a6a5 c3b3 c5d4,1561,pawnEndgame
01Epj,5r2/1p2Q3/8/pk3rK1/5P2/3P3P/8/8 w - - 2 46,g5g6 f8f6 e7f6 f5f6 g6f6 a5a4 f4f5 a4a3 f6g6 a3a2 f5f6 a2a1q,1562,advancedPawn promotion
01q52,4r3/pp3ppk/7p/1qpQ3b/5B2/8/PPP2PP1/2K1R3 w - - 3 24,e1e8 b5f1 c1d2 f1d1 d2c3 d1d5,1563,skewer
02gM8,4k1r1/8/p7/2pP2b1/P5p1/7p/2BNr1PP/R4R1K w - - 0 34,f1e1 h3g2 h1g1 g5e3,1563,advancedPawn mateIn2
03D2z,3r1rk1/ppp2ppp/4b3/4n3/1PP1PPPq/P6P/2QNB3/R4RK1 w - - 1 20,f4e5 h4g3 g1h1 g3h3,1563,kingsideAttack
03ZEN,r5k1/2q2ppp/2p3b1/1pn1p1b1/4P1PP/1PP2PN1/1BB5/1K4QR b - - 2 24,c7a7 h4g5 a7a2 b1c1 c5b3 c2b3,1563,hangingPiece
03l70,6k1/1p2qppp/pb6/3nPQN1/1P6/4P3/P1P2PPP/3r1BK1 b - - 5 23,d5e3 f5h7 g8f8 h7h8,1563,kingsideAttack
0I0zn,8/p7/P7/2k4p/1p2Kp1r/5P1P/8/7R b - - 2 50,c5b5 e4f5 b4b3 f5g5 h4h3 h1h3,1563,trappedPiece
00lvP,6k1/p4pp1/1p3q1p/2p1R3/2Q5/2P2N1P/P1P2PPK/2r5 w - - 4 24,c4a6 f6f4 g2g3 f4f3 e5e8 g8h7 a6d3 f3d3,1564,deflection
02ZSx,r4b1r/p1k1p1p1/2p5/2p1P2p/1q1nQB2/3P4/P5PP/R4RK1 b - - 1 21,d4c2 e5e6 c7d8 e4c6 b4d4 g1h1,1564,defensiveMove deflection discoveredAttack
03Myn,4r1k1/5pp1/p2p3p/2bN4/2p1PP2/P6K/1P1Q2R1/5q2 b - - 7 45,e8e4 d5f6 g8f8 f6e4 f1f3 e4g3,1564,defensiveMove pin
045SN,8/8/1p1k4/2p1p3/P1B1K3/5P2/P7/4n3 w - - 4 53,c4d3 e1d3 e4d3 d6d5 d3c3 c5c4,1564,defensiveMove
04wu6,3r2k1/p6r/3pq1p1/4ppQ1/3p4/1P4P1/P4P1P/2RR2K1 b - - 2 30,d8c8 c1c8 e6c8 g5g6 h7g7 g6d6,1564,exposedKing
00HzX,4r1k1/5pp1/2R4p/1p6/8/1PP3QP/2q2PP1/6K1 w - - 0 29,c6h6 c2c1 g1h2 c1h6,1565,fork
019Oa,3q4/5kpp/p1p5/1p1n4/2p1Q1P1/P6P/1PPB4/1K6 w - - 0 33,e4h7 d5f6 h7f5 d8d2,1565,discoveredAttack
05BHN,r1n1kQ1r/pbpq2p1/1pn1p2p/3pP3/3P4/B1PB4/P1P3PP/R4RK1 b kq - 5 15,h8f8 f1f8,1565,mateIn1
06yUK,r4rk1/1p2bppp/p1bp1n2/3Np3/P1P1P3/1q1Q2P1/1B3PBP/R2R2K1 b - - 1 17,b3d3 d5e7 g8h8 d1d3,1565,hangingPiece
02A8s,6k1/7p/3P2p1/1R6/8/7r/K7/8 b - - 0 43,g8f8 b5b8 f8f7 d6d7,1566,advancedPawn rookEndgame
05nOx,8/8/6B1/4kp2/4b1P1/4K3/7P/8 w - - 3 43,h2h4 f5f4 e3e2 e4g6,1566,discoveredAttack
0D05g,4kr2/3n3p/2p3p1/p1p1p3/1qP1P3/RP1PN1P1/6KP/2Q5 b - - 1 36,d7b6 e3c2 b4c3 b3b4 a5b4 a3c3,1566,trappedPiece
03XcA,Q7/pp1k1p1p/8/8/1b2q3/1bN5/1P3PPP/RN2K2R w KQ - 1 20,e1f1 b3c4 c3e2 e4e2 f1g1 e2d1,1567,backRankMate
04Ruq,8/pp5p/2p1k3/2P5/1P6/Pr5P/5RK1/8 w - - 1 38,f2f3 b3f3 g2f3 e6d5,1567,rookEndgame
03C3g,1k1r3r/pp4pp/3b1p2/1N6/P2Pqp2/2Q2N1P/5PP1/2R3K1 b - - 3 24,d8c8 c3c8 h8c8 c1c8 b8c8 b5d6 c8d7 d6e4,1568,attraction
046gm,8/1p6/p7/P2k4/3p2P1/2r2RPP/4K3/8 b - - 2 51,c3f3 e2f3 d5c4 f3e2 c4c3 e2d1,1568,defensiveMove
001cr,8/3B2pp/p5k1/2p3P1/1p1p1K2/8/1P6/8 b - - 0 38,c5c4 d7e8,1570,mateIn1
06awF,2r3k1/1R3Rpp/p3p3/3pP3/P2P4/8/5KPP/2r5 b - - 2 26,c8c2 f2g3 c1g1 f7g7,1570,defensiveMove
02U6o,8/6R1/3Pk1p1/3r4/2K5/6P1/8/8 b - - 16 54,d5d6 g7g6 e6e5 g6d6 e5d6 c4d4 d6e6 d4e4 e6f6 e4f4 f6g6 f4g4,1571,defensiveMove rookEndgame
0421L,r7/p7/bp2NQpk/2p5/3p4/3P4/PPP1K2P/q7 b - - 0 39,a1c1 f6h4,1571,mateIn1
052IQ,5k2/4pp2/8/1P1P4/4P2n/6p1/4Nr2/3R1K2 w - - 2 47,f1e1 h4f3,1571,mateIn1
0K4QN,3r2r1/2pk1p1p/8/3Q4/2Pp4/P2PbP2/1PK3RP/qN6 b - - 2 24,d7c8 g2g8 d8g8 d5a8 c8d7 a8g8,1571,skewer
00y2j,3r4/1pB3kp/2b1Pp2/1pN2RpK/1P6/7P/6r1/8 w - - 0 34,c7d8 c6e8,1572,mateIn1
0147O,2N3k1/1p5p/BP4p1/3n1p2/4p3/2n3P1/5P1P/6K1 b - - 5 37,c3a4 a6c4 g8g7 c4d5,1572,pin
01efr,r2qk2r/1p3pp1/p1np4/3NpP2/4P1pb/1P1B4/1PP3PK/R1BQ1R2 w kq - 0 21,d1g4 h4f2 g4h3 h8h3 g2h3 d8h4 f1f2 h4f2,1572,discoveredAttack
02Smp,2r2rk1/pb1nqpp1/1p5p/3p1B2/3Pn3/2N2N2/PPQ2PPP/2R2RK1 w - - 0 16,c3d5 b7d5 c2c8 f8c8 c1c8 d7f8,1572,defensiveMove hangingPiece
03ssN,8/Q5p1/P2Pbqkp/8/R2b4/8/3r1PPP/5RK1 w - - 1 32,a7e7 f6f2 f1f2 d2d1,1572,pin
00rwh,5k2/2p5/r1PpQp2/1pN1p1b1/1P2P1p1/r5Pq/5P2/R2R2K1 w - - 2 37,c5a6 a3g3 f2g3 g5e3,1573,kingsideAttack mateIn2
01dLk,r2qr1k1/pbp2ppp/1pn2n2/8/3PN3/5NP1/PP2QPBP/R3R1K1 b - - 2 13,c6d4 e4f6 g7f6 e2e8 d8e8 e1e8 a8e8 f3d4,1573,discoveredAttack kingsideAttack
02dUE,2k1r2r/ppq2p2/2pb4/2p2P1p/4P2P/1PQ1RpP1/P1P2P2/R1B3K1 w - - 0 23,e3f3 d6e5 c3e1 e5a1,1573,skewer
02kQm,8/8/8/pp6/4k1p1/P1P3P1/1P3K2/8 w - - 2 53,f2e2 a5a4 b2b3 a4b3,1573,pawnEndgame
03pLv,8/5n2/p3p3/1p6/1Pk3Np/2P5/P2K1P2/8 b - - 1 44,h4h3 g4e3,1573,mateIn1
09Gi4,3r4/5kpp/5p2/1p6/2b1N3/P3K3/1P3PPP/2R5 w - - 2 29,e4d2 d8d3 e3e2 d3c3 d2c4 c3c1,1573,exposedKing
01xyH,4k1r1/p4p2/1pb1pB2/2b4p/4P3/1P1r2P1/P4PBP/RN3RK1 w - - 1 17,h2h4 d3g3 g1h1 g3g2,1574,pin
0H767,r3kb1r/1b3ppp/p3pn2/3q4/Pp3P2/1PPB4/1B2Q1PP/RN2R1K1 b kq - 0 15,d5b3 d3c4 b4c3 c4b3,1574,trappedPiece
00DkJ,3r1bnr/2p2ppp/2b5/R1k5/5P2/2N5/4N1PP/1R4K1 b - - 3 21,c5d6 b1d1 d6e7 a5e5 e7f6 d1d8,1575,deflection exposedKing
02GVg,5r2/8/1p3qkp/2n5/1PP3P1/4Q2P/8/4R1K1 b - - 0 36,c5d7 e3d3 g6g7 d3d7,1575,fork
0HFl0,2r3k1/5p2/pp4qp/4R3/1P3P2/P4Pn1/6Q1/3R2K1 w - - 1 30,g1f2 c8c2 f2g1 c2g2,1575,skewer
0Kdxm,R4bk1/6pp/8/6P1/7P/1PPB2q1/2P4r/1K3R2 b - - 6 33,h2f2 d3c4 g8h8 a8f8 f2f8 f1f8,1575,backRankMate
03nUA,8/8/p6p/2p1k1p1/P3P1P1/4K3/1P6/8 b - - 0 39,c5c4 a4a5 e5e6 e3d4 h6h5 g4h5,1576,pawnEndgame
00XTV,8/2k4p/p2p2p1/2pP1p2/2P4P/3K4/P2R1PP1/4r3 w - - 0 28,d2e2 e1e2 d3e2 c7b6 e2f3 b6a5 a2a3 a5a4,1577,rookEndgame
039rW,8/6k1/8/1K4pp/1R4Pr/P7/1P6/8 w - - 0 45,g4h5 h4b4 b5b4 g5g4,1577,defensiveMove rookEndgame
04fcx,2r3r1/1pqk1p1p/p3pPp1/3P4/8/Q7/PP3PPP/2RR2K1 b - - 0 24,c7c1 a3e7,1577,mateIn1
079JT,4r1k1/1b5p/p3pnPQ/1p3q2/6R1/5P2/PPr3P1/R5K1 b - - 0 27,f6g4 h6h7 g8f8 g6g7 f8e7 g7g8q,1577,promotion
02WmY,r2qk2r/1p3pbp/p1npbnp1/3Np3/4P3/2NB4/PPP2PPP/R1BQK2R b KQkq - 3 11,f6d5 e4d5 e6d5 c3d5 d8a5 d5c3,1578,defensiveMove fork
02z15,r6k/qb3Q1p/p4p2/2p5/1P6/2P2N2/P4PrP/R3R1K1 w - - 0 21,g1g2 b7f3 g2f3 a7f7,1578,discoveredAttack
03Caw,3r2k1/pp4pp/8/1PP2p2/5P2/8/P2rp1PP/R1R3K1 w - - 0 26,c1e1 d2d1 g1f2 d1a1,1578,pin rookEndgame
03ctM,6r1/pp2bk1p/4bp2/2p5/5p2/2P2N2/PPB2P1P/1K2R3 b - - 3 28,h7h6 e1e6 f7e6 c2b3 c5c4 b3c4,1578,attraction
05jkz,8/8/8/8/3p4/3k1P2/1K6/8 w - - 0 62,b2c1 d3e2 c1c2 d4d3,1578,pawnEndgame
00IUT,1r2r1k1/ppp1q1pp/4b3/4P3/1Q1p1P2/8/P5PP/R1BR2K1 w - - 6 19,d1d4 c7c5 b4a3 c5d4 a3e7 e8e7,1579,fork
0H5Oo,rn5k/p2b1pp1/1p2p3/3B4/5B2/1N2P3/qPK2PPP/3R2NR b - - 0 17,e6d5 d1a1 d7f5 c2c3 a2a1 b3a1,1579,trappedPiece
04jW4,8/pp1knR1Q/8/8/2q1n3/8/PPPKN3/8 w - - 3 35,d2d1 c4d5 d1e1 d5d2 e1f1 d2d1 f1g2 d1e2,1580,deflection
01d2J,r3r1k1/pp4pp/2pq4/3nNQ1b/3P4/4pP1P/PP2P1B1/1K1R3R b - - 0 19,g7g6 f5f7 g8h8 f7e8 a8e8 e5f7 h8g7 f7d6,1581,fork
08V6S,4r1Qk/p1q4P/8/2p5/3p1b2/1P6/1PP2P2/1n1K2R1 b - - 2 32,e8g8 h7g8q,1581,promotion
01LaG,6rk/R7/3p1q1p/3P2pQ/1P2P3/3P1p1P/P1r3PB/1R5K w - - 0 28,a7f7 f3g2 h1g1 f6d4 f7f2 d4f2,1582,advancedPawn kingsideAttack
02ljf,2kr2n1/pppnqp2/3p2p1/4P2r/3BNP1p/3P1Q1P/P1P3B1/R5K1 b - - 2 16,d6e5 e4d6 c7d6 f3b7,1582,mateIn2
06Acy,r3kR2/p2b2p1/2p1p3/1p1pNp2/5n2/P7/1PP1B3/2K4R b - - 0 24,e8f8 h1h8 f8e7 h8a8,1582,skewer
00j1r,8/2rkb3/1p6/6P1/5q2/3R4/Q1P1K3/8 b - - 4 37,d7c6 a2d5,1583,mateIn1
01kWj,1k6/1q6/1p3Q1p/2r1p1p1/6P1/8/5PPK/1R6 b - - 0 38,b7c6 b1b6 b8c7 b6c6,1583,fork
021U1,r7/bp6/4kNQ1/1b2Pp1p/p2R1P1N/P1q2K2/6PP/7R w - - 5 31,f3f2 a7d4,1583,mateIn1
02GG8,4r3/K1B4R/2kP2p1/P7/8/r5P1/7P/8 w - - 3 41,a5a6 a3a6 a7a6 e8a8,1583,attraction mateIn2
02woL,6k1/Q5p1/3rb2p/8/8/2P2qN1/PP3P1P/5RK1 w - - 0 25,a7b8 g8h7 b8d6 e6h3 d6d5 f3d5,1584,defensiveMove
04x2b,3r1rk1/p1p2ppp/1pn2n2/8/3P4/3B1N2/PP3PPP/R2R2K1 b - - 6 15,c6d4 f3d4 d8d4 d3h7 g8h7 d1d4,1584,discoveredAttack
07Ntp,5rk1/1p3p1p/2p3pQ/1p6/r7/P6R/5PPP/1qB2K2 b - - 1 27,a4h4 h3h4 b1d3 f1e1 f8e8 c1e3,1584,defensiveMove hangingPiece
09D3I,r2qr1k1/pbp2ppp/1pnp1n2/8/2P1PBP1/2PP1N1P/P7/1R1QKB1R w K - 2 12,f1g2 f6e4 d3e4 e8e4 e1f2 e4f4,1584,exposedKing
0Av17,5nk1/pp4r1/4p1BQ/3p2nP/3P2p1/1KN1P2q/PP3R2/8 b - - 10 33,h3e3 f2f8 g8f8 h6h8 f8e7 h8g7,1584,exposedKing
02bBr,5rk1/r4Bp1/7p/1R2pQ2/4Pn2/3P1P1P/p4q2/KR6 b - - 0 34,f8f7 b5b8 f7f8 b8f8,1585,mateIn2
03rGf,8/1p4P1/4K3/p7/P7/8/3kp3/5rR1 w - - 1 67,g7g8q e2e1q e6d6 f1g1,1586,advancedPawn promotion
04A8a,5r2/1bb5/4p1k1/1P1p1p1B/2pP3q/2P3NP/3Q1P2/7K b - - 3 35,g6f6 d2h6 f6e7 h6g7 e7d6 g7f8,1586,deflection
07QcN,r2r2k1/4R1pp/3q4/3P4/2P5/p7/3Q1PPP/4R1K1 w - - 2 32,e7e6 d6e6 e1e6 a3a2 e6e1 a2a1q,1586,promotion
04U7q,7k/6p1/3P3p/8/1p6/4KB2/rP4PP/8 b - - 0 34,a2a7 f3c6 a7a6 d6d7 a6c6 d7d8q,1587,advancedPawn promotion
093JI,4k3/5p1q/4p2P/4PPQ1/7K/3p4/6P1/8 b - - 0 47,h7f5 g5f5 e6f5 h6h7 d3d2 h7h8q,1587,promotion
0DujF,3B1b2/5qkp/1p1p2p1/pP1Ppb2/P1PpB2Q/3P2PP/6K1/8 w - - 8 30,d8b6 f8e7 h4g4 f5g4,1587,trappedPiece
0oMSW,N7/5k2/R7/1p1rp3/5n2/6R1/PPPK1P2/8 w - - 5 40,d2c1 f4e2 c1b1 d5d1,1587,backRankMate
01VR8,3r4/5p2/1k2p3/pp1BPp1p/5P1P/1P2K1P1/P2R4/8 b - - 2 32,d8d5 d2d5 e6d5 e3d4 b6c6 a2a3,1588,defensiveMove rookEndgame
04Hs5,1R6/1P6/5p2/5kp1/5P2/1r4P1/4K3/8 b - - 0 47,g5f4 g3g4 f5g4 b8g8,1588,attraction rookEndgame
07p04,8/8/1P1P2bp/4k1p1/6P1/4pP1P/7b/5K2 b - - 0 42,e5d4 d6d7 g6d3 f1g2 e3e2 d7d8q,1588,promotion
0A9YO,rn2k1nr/pQp2pbp/6p1/2q5/8/4P3/PP3PPP/RNB1K1NR w KQkq - 1 10,b7a8 c5c1 e1e2 c1b2,1588,hangingPiece
01XlK,r3qr2/2pn2bk/p2p1P2/1p4pp/3PN3/P2Q4/1PP2P2/2K4R b - - 0 22,g7h6 e4g5 h7h8 d3h7,1589,mateIn2
02DqO,8/4k3/8/7R/6pK/5p2/P3n1P1/8 w - - 0 51,h4g4 f3g2 g4f3 g2g1q,1589,advancedPawn promotion
0HJeQ,4r3/1pk3pp/1p3p2/2p1p3/R1Pn2P1/5B1P/Pb2PPK1/3R4 w - - 1 30,a4a7 e5e4 f3e4 e8e4,1589,trappedPiece
01BWS,5k2/p7/6RN/6K1/1pq5/8/P7/8 b - - 12 54,c4f1 g6f6 f1f6 g5f6 a7a5 h6f5 b4b3 a2b3,1590,fork
01sqg,4rr1k/pp4pp/2p1Bn2/2b1pP1q/8/2NP1R2/PPPB2QP/4K3 b - - 6 20,f6d5 f3h3 c5f2 e1f2 h5h3 g2h3,1590,trappedPiece
033TG,2kr4/1rp1Q3/5p1p/4bN2/2b1p1P1/4P2P/1q3P2/R1R3K1 b - - 5 36,b2e2 a1a8 b7b8 a8b8 c8b8 e7d8,1590,attraction
06O8g,r2q1rk1/1pp1b1p1/p1n2n1p/3pN3/1P5B/2NP4/P1P2PPP/R2QR1K1 w - - 1 15,c3d5 f6d5 e5c6 b7c6 h4e7 d5e7,1590,hangingPiece
0DhFF,2b1k2r/1p1p1ppp/rq2pn2/p3B3/8/R3P3/2PP1PPP/3QK1NR b Kk - 0 14,b6c5 a3c3 c5e5 c3c8,1590,skewer
01iLZ,2r3k1/6pp/2b5/3R4/3P4/R3P1BP/5P1K/1r6 w - - 3 34,a3c3 b1h1 h2h1 c6d5 h1h2 c8c3,1591,attraction discoveredAttack
047uP,6k1/6pp/4pp2/3b4/1P6/1P6/6PP/rBR3K1 b - - 2 34,d5b3 b1h7 g8h7 c1a1,1591,discoveredAttack
0I4Ga,r1bq1rk1/5ppp/3p1n2/ppp1b3/4P3/1BPPBQ2/PP3PPP/RN2R1K1 w - - 0 15,d3d4 c8g4 d4e5 g4f3,1591,trappedPiece
021Dc,r2q1rk1/pbp2pbn/1p1pp1p1/n5P1/3BP3/P1NP3Q/BPP2PP1/R3K2R b KQ - 2 14,h7g5 h3h8 g7h8 h1h8,1592,kingsideAttack mateIn2
07VAr,8/1p6/6p1/1P6/4K3/5Pk1/8/8 b - - 0 44,b7b6 f3f4 g3g4 e4e5 g4f3 f4f5 g6f5 e5f5,1592,pawnEndgame
08aN2,8/8/5p2/p4pp1/3k1P2/PP3K1P/8/8 w - - 4 41,h3h4 g5h4 b3b4 a5b4,1592,pawnEndgame
00SU7,2rqr1k1/B2b1ppp/5n2/8/3Q4/3B4/P1P2PPP/R3R1K1 w - - 3 22,d4h4 e8e1 a1e1 d8a5 e1a1 a5a7,1593,fork
011JG,r1r3k1/4pp1p/3p2p1/8/q2bPP2/1N1R4/1PP2QPP/1K3R2 w - - 0 26,d3d4 a4a2 b1c1 a2b3,1593,pin
017Vq,5q1k/pr4pp/2p4B/8/3Q3P/2P5/P1PK4/4R3 w - - 5 30,d4e5 b7d7 d2e2 d7e7 e5e7 f8e7,1593,pin
01yYo,1r6/2p1kp2/3p4/3Pp3/p3P2P/P4R2/6P1/4K3 b - - 2 42,b8b3 f3b3 a4b3 e1d2 b3b2 d2c2 b2b1r c2b1,1593,rookEndgame
0BTgM,r1bqr1k1/p2nbpp1/4p2p/3p3n/P1PPP3/1Np2NB1/2B1QPPP/R3K2R b KQ - 1 15,d5e4 e2e4 d7f6 e4a8,1593,trappedPiece
08rGt,rn1q1r2/2pb1p2/p2b1n1k/1p6/2BN4/2N5/PPPQ1PPP/R5K1 b - - 1 15,h6h7 c4d3 f6e4 d3e4 f7f5 e4a8,1594,exposedKing
01O3y,8/1Q5p/3q1ppk/2p1p3/4P1P1/1PP2PK1/r2r4/7R b - - 13 44,h6g5 h1h5 g6h5 b7g7,1595,mateIn2
03KYx,r1bq1r2/p4ppk/1p3b2/n2P2N1/7P/P7/1B3PP1/R2QK2R b KQ - 1 16,f6g5 h4g5 h7g8 d1h5,1595,discoveredAttack
0ATQO,2R5/8/1p1k4/6p1/3q4/5bP1/2Bp3P/1R3K2 b - - 5 43,d2d1q b1d1 f3d1 c8d8 d6e5 d8d4,1595,exposedKing skewer
0ATnP,8/1pp5/5p1p/P2p1k2/P2P1p2/2P2K1P/5P2/8 b - - 1 35,h6h5 h3h4 c7c6 a5a6 b7a6 a4a5 c6c5 d4c5,1595,pawnEndgame
0Ir5m,1r4r1/1P3k1p/2n1p1n1/8/1b6/3K1NP1/PB3P2/R6R b - - 0 27,b8b7 h1h7 f7e8 h7b7,1595,skewer
0BaFV,6k1/5pp1/2K1p3/2n1P3/2P5/7p/P7/6B1 b - - 3 41,c5e4 a2a4 g7g5 a4a5 g8g7 a5a6 g5g4 a6a7 g4g3 a7a8q h3h2 g1h2 g3h2 a8a1,1596,promotion
0HxVS,r4k1r/p1q2p2/4pQpP/8/1p1P4/2P5/PP6/2KB3R b - - 2 28,b4c3 f6h8 f8e7 h8a8 c3b2 c1b2,1596,skewer
0h3d9,Rr5k/6pp/3pB2r/3Pp1Q1/4Pp2/1q2bPP1/2p3KP/R7 b - - 4 38,c2c1q g5d8 b8d8 a8d8,1596,backRankMate
08uis,8/8/4p1p1/3kP1P1/1p3P2/3K2b1/4N3/8 b - - 3 49,b4b3 e2g3 b3b2 d3c2 b2b1q c2b1,1597,hangingPiece
02wdz,3k1r2/1p2qr2/p2pR3/2PP4/4p1QP/2b5/P1P2P2/2K3R1 b - - 3 33,e7d7 e6d6 d7d6 c5d6,1598,pin
03MDl,4rr2/ppR3p1/3pq1k1/4p1p1/8/1P1Q3P/P6P/5R1K b - - 9 32,f8f5 f1f5 e6f5 c7g7 g6f6 g7f7 f6f7 d3f5,1598,attraction deflection
03cWT,8/8/p7/8/4K3/1P6/k7/8 w - - 0 47,e4d4 a2b3 d4d3 a6a5 d3d2 b3b2,1598,defensiveMove pawnEndgame
0473b,8/1B6/8/p1k5/P7/1PK3pn/8/8 w - - 0 49,b7a8 h3f4 c3d2 g3g2 a8g2 f4g2,1598,advancedPawn
09OQD,1k4rr/pp1R1p2/2p5/4p1p1/2P1Pn2/1P3PP1/P2Q2Bq/3R1K2 b - - 6 30,h2g3 d2d6 b8a8 d7d8 g8d8 d6d8 h8d8 d1d8,1598,backRankMate
03AWC,2r1r1k1/1b3p1p/p2q1Bp1/3P2P1/1p2p1R1/3B3Q/PPP4P/1K6 b - - 1 23,e4d3 h3h7 g8h7 g4h4 h7g8 h4h8,1599,attraction kingsideAttack
006pe,r4r2/2q1NN2/4bQpk/2n4p/pp5P/8/1PP2PP1/2KR3R b - - 0 28,e6f7 e7f5 h6h7 f6g7,1600,mateIn2 pin
015pp,8/8/8/3pp3/5P1R/r3k3/6K1/8 b - - 0 51,e5f4 h4h3 e3e2 h3a3 d5d4 a3a2,1600,rookEndgame skewer
02LXB,1br1r1k1/p1qb1ppp/5n2/1p1p4/1P1P3n/2NQPN1P/3BBPP1/2R2RK1 w - - 2 20,c3d5 h4f3 g2f3 c7h2,1600,kingsideAttack mateIn2
034NC,r1b2rk1/pp3ppp/4pn2/3p4/PP1Q4/2P1P1P1/4qPBP/RN3RK1 w - - 1 14,b1d2 e6e5 d4e5 e2d2,1600,deflection
04d8N,8/pkp5/1p2P1Q1/2b3p1/5q2/2N5/PPPK2PP/8 w - - 3 39,d2d3 f4e3 d3c4 e3d4 c4b3 d4b4,1600,exposedKing
07XXn,8/2p4p/2p1pQpk/p7/3PN3/1KP1n1P1/PP6/6q1 w - - 2 27,f6e6 g1d1 b3a3 e3c2 a3a4 c2d4,1600,discoveredAttack
0gS1Q,r3r1k1/ppQ2p1p/3P2p1/8/5P2/2N2R2/PPqb2PP/3R3K w - - 1 27,d6d7 c2d1 c3d1 e8e1 f3f1 e1f1,1600,backRankMate
04HmJ,8/p1p2k1p/5Np1/5p2/q1b5/8/6QP/3R2K1 w - - 2 31,d1d7 f7f6 g2b2 f6e6,1601,hangingPiece
07WU6,4k3/5p2/p2Qb1r1/1p2Pp2/3p1P1p/1q5P/3PN2K/2R5 b - - 7 41,b3d5 c1c8 e6c8 d6d5,1601,deflection
04779,r1b2rk1/pp3pp1/1qn1pn1p/1N1p4/3P1B2/8/PPP1BPPP/R2Q1RK1 b - - 3 12,a7a6 f4c7 b6b5 e2b5,1602,trappedPiece
06cAQ,r7/4R3/1pkp4/p1pn4/5B2/2Nb4/P5PP/2R3K1 w - - 2 28,f4g3 d5e7 c1d1 c5c4,1602,hangingPiece
07OuM,r4rk1/pp2q1pp/4b3/8/4Q3/P3N3/nPP1PPPP/2KR1B1R w - - 1 18,c1b1 a2c3 b2c3 e6a2 b1a2 e7e4,1602,discoveredAttack
05Wyo,8/8/7k/p7/2p1KP2/8/1P6/8 w - - 0 42,e4e5 c4c3 b2c3 a5a4 c3c4 a4a3,1603,pawnEndgame
06Bop,r2q1rk1/1b2npbp/2p3pB/ppp3N1/4p2Q/P1NP4/1PP3PP/R4RK1 b - - 1 14,e7f5 f1f5 g6f5 h6g7 g8g7 h4h7,1603,attraction
07zgd,r3kb1r/1p3ppp/8/p7/1nP1n1b1/1K2BN2/PP3PPP/RN3B1R w kq - 0 12,a2a3 a5a4,1603,mateIn1
02CG7,r1b1k2r/1pp2p2/p3pnp1/4n1Bp/8/P1N5/1P2BPPP/R3K2R b KQkq - 3 18,f6d5 c3d5 e6d5 g5f6 h8g8 f6e5,1604,fork
04qEN,8/8/B2p1K2/p1bPp3/1p2P3/1P1Pk3/8/8 w - - 4 61,f6e6 a5a4 b3a4 b4b3 a6c4 b3b2 c4a2 e3d3,1604,advancedPawn
05fLn,R7/5pkp/3p2p1/2b1p3/4n3/3r1NP1/5PKP/1R6 w - - 0 34,a8c8 d3f3 g2f3 e4d2 f3e2 d2b1,1604,attraction
0Lt2U,8/6bk/p2p4/1p1N2pp/1P2P3/3B3K/6Q1/4q3 w - - 0 39,g2g5 e1h1 h3g3 h1g1 g3f3 g1g5,1604,skewer
02Inh,3rkb1r/pb2pppp/5q2/3N4/8/3Q1P2/PPP3PP/2KR1B1R b k - 0 13,b7d5 d3b5 d5c6 d1d8 e8d8 b5b8,1605,attraction
04ovF,8/p5k1/1p6/1Rb3P1/2P5/1P4K1/b6P/8 w - - 3 44,h2h4 a7a6 b5c5 b6c5,1605,trappedPiece
05NtB,8/8/3R4/6k1/8/4P2p/r4P2/5K2 w - - 2 51,d6d8 a2a1 f1e2 h3h2,1605,rookEndgame
0AxI1,2br1qk1/ppN1rpbp/2nN2p1/5p2/3P4/1PP3P1/P4PBP/R2Q1RK1 w - - 1 18,d6c8 e7c7 c8a7 c6a7,1605,hangingPiece trappedPiece
00aG8,1r3k2/p4ppp/2rN4/8/P2P4/8/2P2PPP/3Q2K1 w - - 3 23,d6f5 c6b6 g1f1 b6b1 d1b1 b8b1,1606,pin
02rN8,8/8/p2p4/1ppPpPk1/2P5/PP1P1K2/8/8 b - - 0 44,g5f5 c4b5 a6b5 a3a4 b5a4 b3a4,1606,pawnEndgame
03w1K,3r4/1bk5/p1pNp1pp/4Pp2/8/6P1/PPP4P/5RK1 w - f6 0 26,e5f6 c7d6 f1d1 d6c7,1606,defensiveMove hangingPiece
05jJv,r2qk2r/ppp3pp/2b1P3/1B6/6n1/1QN5/PP3pPP/R4K1R b kq - 1 16,c6b5 b3b5 c7c6 b5h5 g7g6 h5g4,1606,exposedKing
06vF7,rn2k1nr/1pp2p1p/p2pb1q1/7Q/2BPPp2/2N5/PPP3P1/R1B2K1R w kq - 1 12,h5g6 e6c4 f1g1 f7g6,1606,hangingPiece
06wlo,r1bq2k1/pp3rp1/2p2nQ1/7p/2BpP3/P1P4P/5P2/R1B1K1R1 b Q - 0 19,d8e7 g6g7,1606,mateIn1
02AXB,8/2pr2k1/4N1p1/1p5p/8/2P1Q1K1/2q3PP/8 b - - 10 41,g7h8 e3h6 h8g8 h6f8 g8h7 e6g5,1607,exposedKing
03LZQ,r6k/pb4pp/1p2p3/2p2P2/2n2P1q/P1P1B3/4Q2P/3R1RK1 w - - 0 24,e2c4 h4g4 g1f2 g4f3 f2e1 f3e3,1607,deflection kingsideAttack
07379,8/7p/2P1k1p1/4P3/3K2P1/p7/6P1/8 w - - 0 39,d4c4 a3a2 c6c7 e6d7 e5e6 d7c7 e6e7 c7d7 e7e8q d7e8,1607,pawnEndgame
08TpT,2Q5/6R1/1p1p2p1/p6p/2P2k2/1P3P1P/P2p2P1/6K1 w - - 0 45,g7f7 f4g3 c8g4 h5g4 f3g4 d2d1q,1607,promotion
0Ccos,rn2kb1r/p3qp1p/2pp1p2/1p1Bp3/4P3/1QPP1P2/PP3P1P/RN2K2R b KQkq - 1 10,c6d5 b3d5 e7c7 d5a8,1607,trappedPiece
02UDX,6r1/2p2p1k/1p2nr1p/pPb1p3/P1P1P3/3P2PP/R4PK1/3Q2R1 w - - 3 30,d1h5 e6f4 g2h2 f4h5,1608,pin
03bjc,8/4q1pk/5pbp/3B4/7P/P3P1Q1/7K/8 b - - 0 38,e7e5 g3e5 f6e5 a3a4,1608,defensiveMove
059XJ,6k1/5p1p/4pnp1/ppq1N3/5P2/2P4P/PP4PK/3Q4 b - - 0 27,c5f2 d1d8 g8g7 d8f6 g7f6 e5g4 f6f5 g4f2,1608,attraction
00l7Y,r1b2q2/p3p1bk/2p3p1/3pn2p/8/2NB3P/PPPBQ1P1/5RK1 b - - 1 17,f8d8 e2h5 h7g8 d3g6 e5g6 h5g6,1609,deflection pin
01YHD,8/p1p3p1/1pp4p/3kp2b/KP2N2P/P2P4/5R2/8 w - - 2 37,f2g2 h5d1 g2c2 d1c2,1609,mateIn2
08dao,2k3nb/1b6/p1nppq2/8/2P1PNp1/3p2P1/P2Q1PB1/2KR4 w - - 0 26,d2d3 f6b2,1609,mateIn1
0C0ve,8/8/4P3/8/1kp1RP2/1p4P1/1K1r2P1/8 w - - 3 50,b2c1 b3b2 c1d2 b2b1q,1609,promotion
08Jy2,4r2k/pp4p1/2q4p/5PpP/P1P3Q1/3Pr2P/4RRK1/1B6 w - - 8 36,g2f1 c6h1 g4g1 h1g1 f1g1 e3e2,1610,exposedKing
09KGH,8/8/2k1K3/P2p3p/7P/6P1/8/8 w - - 0 40,a5a6 d5d4 g3g4 d4d3 a6a7 c6b7 a7a8b b7a8,1610,pawnEndgame
0Kdkm,4Q3/5pk1/2P3p1/5p1p/5P1P/4K1P1/8/2q5 w - - 1 53,e3f3 c1f1 f3e3 f1e1 e3d4 e1e8,1610,skewer
01Y67,3rr3/1p1q2pk/5b1p/p1pB1b1Q/2P5/KP1n4/P4P2/2B3RR b - - 9 33,b7b5 h5h6 g7h6 h1h6,1611,mateIn2
03tiQ,6k1/pbp1nr1p/1p4pQ/4P3/3Pq3/6R1/PP1KNPn1/7R b - - 5 27,e7f5 g3g6 f7g7 h6h7,1611,kingsideAttack pin
05LdW,2n5/p1k2q2/1pPr4/3Pp1p1/P7/3Q4/1P3P2/K1R5 b - - 0 41,f7d5 d3h7 c7d8 c6c7 d8e8 h7h8 e8e7 h8c8,1611,skewer
06FJr,3brrk1/1p3p2/2pQ1Bq1/2P1Pn1p/1P3P2/4PRPP/4N1K1/R7 w - - 3 28,d6d3 f5h4 f6h4 g6d3,1611,discoveredAttack
0C81B,7k/ppp2prp/1b1p4/4nB2/2P1P3/1P2nKP1/P2QN3/R6R w - - 4 33,f3f4 e3g2,1611,mateIn1
0DDey,8/8/7P/5p2/4kn1K/P7/1Bp5/8 w - - 0 50,h4g5 f4d3 h6h7 d3b2 h7h8q c2c1q,1611,promotion
025Zb,4r1k1/6p1/4Rp2/Pp1P1q2/8/4BKQ1/6PP/8 w - - 7 36,g3f4 f5d5 f4e4 d5e6 e4e6 e8e6,1613,fork
06sPk,8/5p1p/p3p1p1/2K5/1p3Pk1/1P4P1/P1P4P/8 b - - 0 29,g4h3 c5b4 h3h2 c2c4 h2g3 c4c5,1613,pawnEndgame
0449R,5rk1/1b4p1/p1p1p3/2Pp4/3P2q1/8/PP4PQ/K6R b - - 5 29,g4d4 h2h8 g8f7 h1f1 f7g6 h8f8,1614,deflection
0wYDb,5rk1/5Bpp/p7/8/3b2Q1/4RP2/2Pq1P1P/6K1 b - - 0 26,f8f7 e3e8 f7f8 g4e6 g8h8 e8f8,1614,backRankMate
00O9Z,5QR1/5p1p/1b3qp1/p6k/P2P4/8/1P2rPPP/5RK1 w - - 7 32,g8h8 f6f2 f1f2 e2e1 f2f1 b6d4 g1h1 e1f1,1615,backRankMate deflection fork pin
04U6R,8/2p3k1/1p1p2pp/p2P4/P1P1b3/1Pq2N1P/6P1/3Q3K w - - 7 33,d1d4 c3d4 f3d4 g7f6 h1g1 f6e5 d4c6 e5f4,1615,defensiveMove
051YJ,7k/pp2q1p1/1n2p1Bp/1b3pN1/1n1P3P/8/PP1K1PP1/1Q5R b - - 0 24,h6g5 h4g5 h8g8 h1h8 g8h8 b1h1 h8g8 h1h7 g8f8 h7h8,1615,attraction discoveredAttack kingsideAttack
08q8s,8/p3b1kp/1p6/1Q3p2/2R1P2K/1N1P2P1/P3q2P/8 w - - 0 38,h4h3 e2f1,1615,mateIn1
0Bl7X,2R3R1/4kp2/4p2p/3pP3/p2q1P2/P7/K1P5/8 b - - 8 34,d4f4 c8c7,1616,mateIn1
04UcL,1k1rr3/ppp2p1p/8/3pn1p1/1qP1n3/1P2PN1P/P1Q1BPP1/R4K1R b - - 1 18,d5c4 c2e4 e5f3 e4f3,1617,hangingPiece
07faR,r2qkb1Q/pp1npp1p/1np3pB/3P4/2b1N3/8/PP3PPP/R3R1K1 b q - 1 14,b6d5 e4d6,1617,mateIn1
00Cqg,2rr2k1/pp4bp/4qpp1/3Pp3/8/4Q2P/4B1P1/2RR3K b - - 0 26,c8c1 d5e6 d8d1 e2d1 c1d1 h1h2,1618,defensiveMove hangingPiece
00WqT,r4r2/1ppb1p2/p2p2pk/5P2/4P3/2PBB1R1/PKP2P1q/8 b - - 4 26,h6h5 d3e2 h5h4 e3g5,1618,mateIn2
02vqK,r2qk2r/pppbn2p/2nb1pp1/1B1Q4/3NpP2/1P2P3/PBPP2PP/RN2K2R w KQkq - 1 10,d4c6 b7c6 d5d4 c6b5,1618,fork
05vmV,r7/4Rpkp/5qp1/p2P4/P2n4/2Q3PP/1r3PB1/4R1K1 w - - 0 31,e7f7 g7f7 c3b2 d4f3 g2f3 f6b2,1618,discoveredAttack
0C82b,7r/2R4P/8/8/6P1/2p5/1k1p4/3K4 w - - 2 54,g4g5 h8h7 c7h7 c3c2 d1d2 c2c1q,1618,promotion
0e7en,4r3/2p2k2/p3q3/1pB2r2/6Q1/P4p2/1PPN1R2/3K4 w - - 1 36,f2f1 e6e2 d1c1 e2e1 f1e1 e8e1,1618,backRankMate
07ygB,6k1/5p2/4pQp1/4B1P1/1p1Pp2P/p6K/8/1q6 b - - 3 53,g8f8 f6d8,1619,mateIn1
0GMv9,3r1r1k/7p/3BQ1p1/4p3/4P3/P4pP1/4qP2/6RK b - - 0 30,f8e8 d6e5,1619,mateIn1
00lA1,r3k2r/ppp3Np/3p2pB/2b1p3/2B1P3/2NP3q/PPP2P2/R2R2K1 b - - 3 17,e8d8 h6g5 d8d7 c4e6 h3e6 g7e6,1620,fork
03zSt,r4r1k/1pqbp2n/2p3Q1/p2pN3/P2P3R/1PP1P2P/6P1/R5K1 b - - 4 24,d7f5 h4h7,1620,kingsideAttack mateIn1
048Ua,4rrk1/pp3ppp/5q2/2bp4/8/2PQ4/PP1NRPPP/R5K1 w - - 2 16,a1e1 c5f2 e2f2 e8e1,1620,deflection
04M9B,rqb1kb1r/3p1ppp/2n1pn2/1N2P3/8/2N1BQ2/PPP2PPP/2KR3R b kq - 0 11,c6e5 f3a8 b8a8 b5c7 e8d8 c7a8,1620,attraction
06tOn,6k1/3R4/3B3p/3P1p2/2pb4/3nqP2/1NQ3PP/5K2 w - - 1 35,b2c4 e3e1,1620,mateIn1
07AP3,6k1/1pp2rpp/8/p1P5/4Q3/R7/5PPP/3r1nK1 w - - 1 24,e4e2 f1e3 e2d1 e3d1,1620,discoveredAttack
16jgp,5rk1/pR3rp1/P1p5/2Pp1q1p/6p1/4P3/R2Q1PPP/6K1 w - - 0 29,b7f7 f5b1 d2c1 b1c1,1620,backRankMate
03PgX,4r2k/p4pr1/2p2Q1p/8/3P4/2P2P2/P3KP1q/R3R3 w - - 3 24,e2d2 h2f2 d2d3 e8e1 a1e1 f2e1 f6h6 h8g8,1621,deflection
056MT,1rr3k1/2qN1p2/b3pbpQ/n1p5/P1P2P2/P3P2R/1B4PP/R5K1 b - - 1 23,f6b2 h6h7,1621,mateIn1
08oXF,8/6k1/1p1p1p1p/pPpP1r2/P1P1P1P1/4K3/8/8 w - - 0 40,e4f5 h6h5 e3f3 g7h6 f3g3 h6g5,1621,pawnEndgame
17LkO,r5k1/5r1p/p3b3/3p2p1/1p4P1/1B5R/PPP2q1Q/1K5R w - - 2 29,h3h7 f2f1 h1f1 f7f1,1621,backRankMate
01ctt,8/ppp1kpp1/3b3p/3pn2b/3P1B2/2P4P/PPBN1PP1/5K2 b - - 0 23,e5g6 f4d6 e7d6 g2g4 g6f4 g4h5,1622,trappedPiece
02Fwp,2b5/p4p1k/3q1Pp1/2p5/3p1p1P/1R3P2/PQ4P1/6K1 w - - 0 48,b3b8 d4d3 b8c8 d3d2 b2b3 d2d1q,1622,advancedPawn promotion
03TUS,r4rk1/p1R2Npp/1p2p3/4P3/6Pb/3R3P/qP2QP2/6K1 b - - 0 27,f8f7 c7f7 g8f7 e2f3,1622,attraction
09IR3,r1b1k1nr/pppp1ppp/8/4P3/8/2Q5/P1P1KPPP/RNq2B1R b kq - 3 11,g8h6 b1d2 c1a1 c3a1,1622,trappedPiece
029kN,r5k1/r3npb1/BB1pq1pp/4p3/8/7P/4QPP1/R2R2K1 b - - 6 32,a7d7 a6c4 d6d5 a1a8,1623,discoveredAttack
040Jq,r3k1nr/ppp1bpQp/8/8/5P2/2N5/PPP2P1P/R1B1KB1q b Qkq - 0 11,e8c8 g7h8 e7f6 h8h7 f6c3 b2c3 d8d1 e1d1,1623,hangingPiece
0FYse,8/2P5/6k1/1R6/4r3/1K3p2/8/8 b - - 0 52,e4e8 b5b8 f3f2 b8e8 f2f1q c7c8q,1623,promotion
00n76,8/8/7p/1P1R3P/8/2k5/3p3r/3K4 w - - 3 49,b5b6 h2h1 d1e2 h1e1,1624,rookEndgame
03WTw,r3kb1r/ppq2pp1/2p1pn2/6N1/1P2Q3/P7/2PP1PPP/R1B1K2R w KQkq - 1 14,e4f3 c7e5 f3e3 e5a1,1624,pin
0Bwxu,r2qr1k1/pp1n1ppp/3p1b2/2pN1P2/8/3P1RQ1/PPP3PP/R1B4K b - - 4 15,d7e5 d5f6 d8f6 c1g5 f6g5 g3g5,1624,trappedPiece
00sKo,5rk1/pR4bp/q2p4/3Ppn1p/4Q3/4B2P/5PP1/5RK1 w - - 1 24,b7a7 a6f1 g1f1 f5g3 f1e1 g3e4,1625,attraction pin
01YqT,3b4/3P1p2/8/1P6/2K4k/8/8/8 b - - 0 50,f7f5 c4c5 f5f4 b5b6 f4f3 b6b7 f3f2 b7b8q,1625,advancedPawn promotion
08vXy,8/5p2/4pP2/4P3/R5Pk/5K2/pr6/8 w - - 5 57,f3f4 b2b4 a4b4 a2a1q,1625,deflection promotion
02Dnf,rnbq1rk1/p3b1pp/4pP2/1Pp3B1/8/2p2N2/PP3PPP/R2QKB1R b KQ - 0 11,c3b2 f6e7 d8d1 a1d1,1626,advancedPawn fork
06606,8/Pk6/7p/K5p1/R7/5r1P/8/8 w - - 1 52,a5b5 f3f5 b5c4 f5f4,1626,rookEndgame
01cKS,k1r4r/3bbppp/1Qn1qn2/1N6/5B2/5N2/PPP2PPP/R4RK1 b - - 4 17,f6d5 b6a6 c6a7 a6a7,1627,mateIn2
0YDEO,k3rR2/pp2r3/3Q4/8/2pP4/2P5/1q4P1/5RK1 b - - 4 34,b2e2 d6d8 e8d8 f8d8,1627,backRankMate
04vot,2rk1bnr/Q1q1pppp/1n6/8/2BP4/4PP2/3N1P1P/R1B1K2R w KQ - 1 14,c4f7 c7a7 a1a7 c8c1 e1e2 c1h1,1628,skewer
05aMm,r1bq1rk1/pp3p2/2np3p/4p1p1/2B1n3/2PQ1NB1/P1P2PPP/R4RK1 b - - 1 13,e4g3 d3g6 g8h8 g6h6,1628,kingsideAttack
002Ua,r4rk1/pp3ppp/3p1q2/P1P1p3/2B5/2B2n2/2P2P1P/R2Q1RK1 w - - 0 16,g1h1 f6f4 d1f3 f4f3,1629,kingsideAttack
05n4L,8/8/5k1p/p6P/3KP3/8/8/8 w - - 2 41,e4e5 f6e6 d4e4 a5a4 e4d4 a4a3 d4c3 e6e5,1629,pawnEndgame
05Ajc,r3k3/ppp2p1p/3p4/3N3Q/4P2b/3P4/PPP2qrP/R1BK3R w q - 5 16,c1e3 f2c2,1630,mateIn1
0FpK9,6k1/1R5p/5pp1/1P6/3N1PKP/r3r1P1/8/7R w - - 1 42,h1h3 h7h5,1630,mateIn1
0XhCA,5rk1/p6p/1p4p1/6q1/3Qn3/2P5/PP1R2P1/K3R3 w - - 7 33,e1e4 f8f1 e4e1 f1e1 d2d1 g5c1 d1c1 e1c1,1630,backRankMate
01RWL,8/1B1K4/p4k2/8/1P4p1/5p2/P7/8 w - - 0 46,b7a6 g4g3 b4b5 g3g2 b5b6 g2g1q,1631,advancedPawn promotion
04eRe,r1b2r2/ppqn1ppk/2pb4/3p2N1/3P4/2N1P3/PPP3PP/R2Q1RK1 b - - 1 14,h7g8 d1h5 d6h2 g1h1 d7f6 f1f6,1631,defensiveMove
07h4W,3r2k1/4qp1p/6p1/p4bP1/1pRN1P1P/1P1pP3/P2Q4/1K6 b - - 2 38,e7e3 d2e3 d3d2 d4f5 d2d1q c4c1,1631,hangingPiece
0KLrt,r4k2/ppp4R/5p2/7p/2P2r1P/P7/1P6/2K3R1 b - - 2 30,f4g4 g1g4 h5g4 h7h8 f8f7 h8a8,1631,skewer
02I21,8/1k3p2/1P3P1p/8/3K4/8/8/8 w - - 3 56,d4e4 b7b6 e4d5 b6c7,1632,defensiveMove pawnEndgame
08dW1,r2r1k2/5pp1/2QR3p/p1p2N1P/1p6/4P3/Pq3PP1/6K1 b - - 0 38,d8d6 c6a8 d6d8 a8d8,1632,hangingPiece
097Nd,8/1R1P4/8/3r1p1k/B4Kp1/8/PP5p/8 w - - 0 42,a4c6 h2h1q c6d5 h1d5,1632,promotion
0SeQP,3r1rk1/7p/p3Rpp1/3R1n2/P1P3q1/2Q5/1B3PPP/6K1 w - - 1 28,e6f6 g4d1 d5d1 d8d1 c3e1 d1e1,1634,backRankMate
02pdf,r1b3k1/pp5p/2p3r1/3p4/2Pb1q1P/3P1R2/PP2Q1B1/R4K2 b - - 2 26,f4h4 e2e8 g8g7 e8f8,1635,kingsideAttack mateIn2
08chX,r2q1rk1/ppp2ppp/2n5/3pP3/3PnB2/5P2/P1B2P1P/R2Q1RK1 b - - 0 15,e4c3 d1d3 c3e2 d3e2,1635,trappedPiece
0Cfuj,r3qrk1/p1p3pp/1bpp4/4p3/1PP1P3/P1nQ3P/5PP1/R1B2RK1 w - - 0 16,d3c3 b6d4 c3d3 d4a1,1635,skewer
00VhV,5k2/5P2/4K3/4p3/ppp1P3/2P1P3/PP4P1/8 w - - 2 50,g2g4 a4a3 c3b4 a3b2,1636,advancedPawn pawnEndgame
02Bcd,5rk1/p4pp1/4p1p1/3p4/7Q/1NP1P3/PP1K1Pqn/R4R2 w - - 0 25,h4g3 h2f1 a1f1 g2f1,1636,fork
0COuY,r1b2qk1/pp4p1/7p/3pnp2/3Np2Q/P1P5/1PP2PPP/2KR3R w - - 4 18,h4g3 f5f4 g3h4 g7g5 h4h5 c8g4 h5g4 e5g4,1636,trappedPiece
0Kpfa,r3k2r/1bp2pp1/pp1p1n2/3P4/2P1PBPq/3B4/PP2Q1P1/2R2RK1 w kq - 3 20,g2g3 h4h1 g1f2 h8h2 f2e1 h2e2,1636,skewer
00BM8,r4rk1/pp2bppp/2ppnn2/8/N1P1P3/q1P4P/P2N2PB/R2Q1R1K b - - 0 16,a8d8 d2b1 a3a4 d1a4,1637,trappedPiece
00Kia,5r1k/4n1pp/1p6/pP5Q/P2pB2K/6P1/2P4P/4q3 b - - 4 37,g7g6 h5e5 h8g8 e4d5 e7d5 e5e1,1637,discoveredAttack fork
0BCa5,1k6/pB2r1pp/Pp1bn1P1/2p1p2P/7B/P7/8/K7 b - - 0 39,e7b7 g6h7 b7c7 h7h8q c7c8 h8h7,1637,promotion
01rBE,r1bqr3/ppppk1pp/1b3n2/nP2p1NP/4P3/2PP4/P4PP1/RNBQK2R b KQ - 0 11,d7d5 c1a3 e7d7 g5f7 d8e7 a3e7,1638,trappedPiece
02xIH,8/Q4pkp/1p2p1p1/8/2B1n3/2P2NP1/Pq3PKP/8 w - - 2 25,c4e6 b2f2 g2h3 f2f3 a7f7 f3f7,1638,deflection
01hEk,4r2r/p1p2kp1/2p2p2/2Qb4/8/2B3Nq/PPP2R1P/R5K1 w - - 10 30,a1f1 h3g3 h2g3 h8h1,1639,kingsideAttack mateIn2
022Uz,8/p7/5kpp/b4p2/2R5/1B4P1/P2r1P1P/4K3 w - - 6 36,c4c5 d2d5 c5a5 d5a5,1639,discoveredAttack
03Sxg,8/8/4p2p/2R1P2P/3pK1P1/2pP4/1b1k4/8 w - - 2 58,e4d4 c3c2 d4e4 b2c3 c5c6 c2c1q,1639,advancedPawn discoveredAttack promotion
05FEk,6Q1/2N5/2kp4/4n3/2P4p/4P2P/Pr5K/5B2 w - - 1 35,f1g2 e5f3 h2h1 b2b1 g2f1 b1f1 h1g2 f1g1 g2f3 g1g8,1639,skewer
05LVO,8/6k1/R7/8/8/P3pr2/1P6/1K6 w - - 0 38,b1c1 f3f1 c1c2 e3e2,1639,rookEndgame
05nh4,1r3rk1/1ppq1pbp/3p1np1/1P2p3/2P5/2NPPQPb/3B1PBP/1R3RK1 w - - 1 16,f1e1 h3g4 f3b7 b8b7,1639,trappedPiece
09hlU,3r2k1/4bpp1/p1Pq3p/8/4B3/Pp2n2P/1P2QPP1/2R3K1 w - - 0 30,e2e3 e7g5 e3b3 g5c1,1639,skewer
02obx,rnbqk2r/p1p1ppbp/1p1p1np1/8/3P1B2/2P1PN2/PP1N1PPP/R2QKB1R b KQkq - 1 6,c8a6 f1a6 b8a6 d1a4 d8d7 a4a6,1640,fork
052rZ,1k3r2/pp1r4/6pp/3PN3/2P3PP/5R2/P2n4/5RK1 b - - 4 33,f8f3 e5d7 b8c7 f1f3 d2f3 g1f2,1640,hangingPiece
07HLm,1q4k1/n3bpp1/P1n1p2p/2NpPb2/Q2P1N2/2P1BP2/1r4PP/R4BK1 w - - 7 37,c5b7 f5c2 a4a2 b2a2,1640,trappedPiece
00XZR,8/2p5/p1n5/1pP1p2k/1P1p4/P2P3P/5P2/R4KRq b - - 9 34,h1h3 f1e2 e5e4 g1h1 e4d3 e2d2,1641,defensiveMove pin
01IjU,3R4/8/2k1p3/p2pP3/1prP2Pp/2PK3P/8/8 b - - 1 53,b4c3 d8c8 c6d7 c8c4 d5c4 d3c3,1641,rookEndgame
03ELV,r3r3/pp3pbk/2p3pB/3b4/8/2qB2QP/P1P3P1/3R1R1K b - - 0 22,g7h6 d3g6 f7g6 g3c3,1641,discoveredAttack
07ybB,1r5r/1q3pkp/5bp1/1B6/P7/R6b/5Q1P/1R4K1 b - - 0 31,f6d4 f2d4 f7f6 a3h3,1641,hangingPiece
0B7og,7k/6p1/p1p2p1p/8/8/1P1QB1PP/n2K1P2/7q w - - 4 44,d3a6 h1c1 d2e2 a2c3 e2d3 c1f1 d3c3 f1a6,1641,skewer
0Ed5w,2kr3r/ppq3p1/2pbp3/5b1p/7P/4BQ2/PPP2PP1/3RRNK1 w - - 0 22,c2c3 f5g4 f3e4 g4d1,1641,skewer
00J1t,r1qr3k/pp3pB1/1np1pb2/8/3P3P/2N2PR1/PP1Q2P1/2KR4 b - - 0 22,f6g7 d2g5 d8g8 g5h5 g7h6 h5h6,1642,exposedKing kingsideAttack
04hhS,2r2rk1/B1pn2pp/3p2n1/1NP1p1q1/P4p2/3P2PP/3QPPK1/R4R2 w - - 1 25,c5d6 f4f3 g2h2 g5d2,1642,discoveredAttack
00Bg0,8/3k4/3P1K2/p2R4/5r2/5P2/8/8 w - - 1 57,d5f5 f4f5 f6f5 a5a4 f5e4 a4a3 e4d3 a3a2,1643,advancedPawn rookEndgame
00Uwn,3r1rk1/p1p2pbp/1p4p1/7n/4P3/1P2BP1q/P1B3QP/3R1R1K b - - 6 23,h3h4 e3g5 h5g3 g2g3,1643,fork
00qk4,3r4/ppN1kppp/5n2/8/1n3Nb1/4P3/1B3PPP/R3KB1R w KQ - 0 18,a1c1 b4c2 c1c2 d8d1,1643,mateIn2
00y0m,r5k1/2B2pp1/rP2p1p1/P2q4/3Pp3/R6P/5PP1/1R4K1 b - - 6 32,a6a5 a3a5 a8a5 b6b7 d5b7 b1b7 a5a1 g1h2,1643,advancedPawn
05Syx,6r1/pp3prk/1bpp4/8/1P1Pn1q1/P2B2B1/3Q1PK1/R4R2 b - - 1 28,h7h8 f1h1 g7h7 h1h7 h8h7 a1h1,1644,attraction exposedKing kingsideAttack
082mi,8/8/6R1/5p2/7p/r6P/5KPk/8 b - - 4 41,a3g3 g6g3 h4g3 f2f3 f5f4 h3h4 h2g1 h4h5 g1f1 h5h6,1644,rookEndgame
01x76,5rk1/6pp/2pQ4/3pN3/5q2/2P2b1P/6P1/4R1K1 w - - 0 29,g2f3 f4g3 g1f1 f8f3 e5f3 g3d6 e1e8 g8f7,1645,exposedKing fork
036Ga,7r/1p2Rpk1/pP1p2p1/P2P4/2rP4/2p5/2P5/2K2R2 b - - 3 38,c4d4 e7f7 g7h6 f1h1 h6g5 h1h8,1645,rookEndgame skewer
0997s,5rk1/1Q1R1pbp/6p1/1pp5/8/P3P1PB/1q3PKP/8 w - - 4 31,h3e6 f7e6 d7g7 b2g7,1645,hangingPiece
1A79s,2r3k1/1p4p1/p4p1p/4b3/Pq6/1P1R2P1/3R2PP/5Q1K w - - 7 34,f1f5 c8c1 d2d1 b4e1 d1e1 c1e1 f5f1 e1f1,1645,backRankMate
01GcH,8/KP3k2/8/5p2/8/8/1R2p3/2r5 w - - 0 56,b7b8q c1a1 a7b6 e2e1q b8c7 e1e7 c7e7 f7e7,1646,advancedPawn promotion
02MA3,1r4k1/p1p3p1/2p5/2Pp4/3P1N1q/3B1Prb/PP1R3Q/1R5K w - - 3 29,f4g2 h3g2 d2g2 g3h3 d3f5 h3h2,1646,kingsideAttack pin
04Ojj,8/1p3k1p/p3P1p1/2PP4/2K1b2P/8/1P3P2/8 b - - 0 35,f7e7 c4d4 e4b1 d4e5,1646,defensiveMove
07CGX,2r5/3K3p/k2P2p1/R4p2/1P6/2p3P1/7r/8 b - - 3 36,a6b6 d7c8 c3c2 a5c5 c2c1b c5c1,1646,hangingPiece rookEndgame
0CtCi,1r6/pbR2B2/1p6/2p1k3/2P5/8/P1P3P1/6K1 w - - 3 30,g2g4 e5d6 c7b7 b8b7,1646,trappedPiece
05NFa,r2Nk2r/2p5/p2p1n2/1pb1p3/3nP1b1/1B1P2p1/PPPQ1PPP/RN3RK1 w kq - 3 15,d2g5 d4e2 g1h1 h8h2,1647,kingsideAttack
0346V,8/4kp1p/4p2P/2Pb2P1/3K4/8/8/8 b - - 2 38,f7f5 g5g6 h7g6 h6h7 e7f6 h7h8q,1648,advancedPawn promotion
07HUa,r4rk1/1b2qpp1/p3p3/1p2N2p/1P1PNn2/P3nB1P/3Q2P1/2R2RK1 b - - 5 30,e3f1 d2f4 b7e4 f3e4,1648,hangingPiece
09rtR,8/6k1/1p2B1P1/p3p3/P2p1r2/1K4R1/2P4p/8 w - - 0 45,g3h3 f4f3 h3f3 h2h1q f3f7 g7g6,1648,promotion
0DZ0V,6R1/8/5r1p/3p1k1P/2pK4/1p2P3/6P1/8 b - - 15 52,f6b6 g2g4 f5f6 g8g6 f6f7 g6b6,1648,skewer
0191t,6k1/1p3r2/p1p1p3/4Pqpp/3P4/1P4QP/P4PP1/4R1K1 w - - 0 33,e1e3 h5h4 g3f3 f5b1 g1h2 f7f3,1649,discoveredAttack
00JYV,r2q1rk1/p1p1bppp/2pp1nb1/4p3/4P1PN/2NP3P/PPP2PK1/R1BQ1R2 b - - 4 11,f6e4 h4g6 e4c3 g6e7 d8e7 b2c3,1650,kingsideAttack
037lM,r4r1k/5p1p/2p2b1N/P7/4P3/2n5/6RP/6RK b - - 0 33,c3e4 g2g8 f8g8 h6f7,1650,deflection
0CvtI,r2b2k1/6r1/pp6/3b3Q/4pP2/N3B2R/P5PK/q7 b - - 2 35,a1a2 h5e8,1650,mateIn1
0DOEs,8/4kp2/4P1p1/1p3P2/p1pK3P/P1P5/8/8 w - - 1 52,e6f7 g6f5 f7f8q e7f8,1650,pawnEndgame
00oXF,3r1rk1/1p3p1p/p1q1b1p1/4P2P/2p2P2/P5R1/2Q1B1P1/3R2K1 b - - 1 25,e6f5 c2f5 d8d1 e2d1,1651,pin
01zuf,3r1rk1/pb3p1p/1pn2Ppb/3pP1n1/7q/1P4N1/PB2N1PP/RB1Q1RK1 w - - 1 20,f1f4 g5h3 g2h3 h6f4 e2f4 h4f4,1651,discoveredAttack kingsideAttack
03sAX,r2qr1k1/pb2bppN/2p1p3/1p1pN3/3P1P2/2P1P1n1/PP4PP/R2Q1RK1 b - - 0 15,g3e4 d1h5 g7g6 e5g6 f7g6 h5g6,1651,kingsideAttack
0Cord,3q1k2/1p3p2/2pN1p1P/2P5/1p4R1/8/4rPP1/1K5R b - - 0 32,d8a5 g4g8 f8e7 g8e8 e7d7 e8e2,1651,skewer
00eWz,4r1k1/p5bp/1q4p1/2pPrp2/1pP2N2/6PP/P4QB1/1R3RK1 w - - 2 25,f4e6 e5e6 d5e6 g7d4,1652,pin
01cmV,2rqr1k1/1b2bp1p/p3p1pQ/4P3/1p2N3/8/PPB2PPP/2R2RK1 b - - 2 22,c8c2 e4f6 e7f6 e5f6 d8f6 c1c2,1652,fork
01qSx,r1bq4/pp4k1/7p/3pp1p1/5rn1/1B1Q4/PPPN1PPP/R4RK1 w - - 0 18,d3d5 d8d5 b3d5 f4d4 d5b7 c8b7,1652,fork
051WE,3r2k1/1p4p1/p1p1p2p/P1P1N3/5r1q/3Q4/1B3PPP/5RK1 w - - 6 30,d3c3 h4f2 f1f2 d8d1 c3e1 d1e1 f2f1 e1f1,1652,kingsideAttack
08xX1,1k5r/ppqbbpp1/2p2n1r/4p1Q1/4P3/2N3PP/PPP2PB1/3R1RNK b - - 2 20,f6e4 g5e7 d7h3 e7c7,1653,hangingPiece
00rL0,5q2/3r4/P1k2p1p/1p2pNp1/2b1P1P1/2P2P1P/3r2BK/R5Q1 b - - 4 40,f8c5 g1c5 c6c5 a6a7 d7a7 a1a7 c4f1 f5e3 f1g2 e3g2,1654,advancedPawn
01Qdr,6k1/pp4p1/7p/1PPp4/P2b2rq/5rN1/6PP/3QR2K w - - 0 30,d1f3 h4h2 h1h2 g4h4,1654,attraction mateIn2
02Jjx,2r3k1/p4p2/1p2p2P/6QP/2r1P3/2q5/P7/1K1R3R b - - 2 29,g8f8 d1d8 c8d8 g5d8,1654,mateIn2
08eZR,r4rk1/ppq2ppp/3b2b1/8/3Np3/2P4P/PP2BQP1/R1B2RK1 w - - 2 18,c1e3 d6g3 f2g3 c7g3 e3f4 g3h4,1656,trappedPiece
0G3Yq,8/8/6KP/P1n5/2p5/8/Pk6/8 b - - 0 53,c4c3 h6h7 c3c2 h7h8q b2b1 h8b8,1656,promotion
1756r,5r1k/1pq3pp/1p2Qn2/3B4/2p5/2P4P/r5P1/3R1RK1 b - - 0 25,f8e8 e6e8 f6e8 f1f8,1656,backRankMate
03uPF,r1bqk2r/1p3ppp/p1p1p3/4b2Q/1P6/P1NB4/5PPP/2R2RK1 b kq - 1 17,d8f6 c3e4 f6f4 g2g3 f4f5 e4d6 e5d6 d3f5,1657,discoveredAttack
01aBw,5k1r/R5p1/b4n1p/5P1q/5B2/P2p4/6PP/4Q1K1 b - - 0 26,a6b5 e1e7 f8g8 e7g7,1658,mateIn2
02oUa,2r5/pp3p2/5q1k/6R1/6Pp/5N1P/1P1R1PB1/6K1 w - - 1 32,d2d5 c8c1 g2f1 f6f3 g5h5 h6g7,1658,deflection
04dMP,2b3k1/p4pp1/2p4p/3p4/PP5r/2P1P1qP/5RP1/2Q3RK w - - 8 29,c1f1 c8h3 g2h3 h4h3 f1h3 g3h3,1659,kingsideAttack
0oihZ,2r1r2k/pp2P1pp/1n3qp1/1Q6/3P4/P7/5PPP/2R1R1K1 b - - 4 30,e8e7 c1c8 b6c8 b5e8 e7e8 e1e8 f6f8 e8f8,1659,backRankMate
04Hbf,8/5k2/1pp5/p2p4/P2Pp2P/2P1P1K1/2P5/8 w - - 0 38,g3g4 b6b5 a4b5 c6b5,1660,pawnEndgame
0FiZn,2r2k2/1p1bppbQ/3p2pB/q2P4/6P1/1p1P4/2P2P2/3B1K1R b - - 5 23,a5a1 h7h8,1660,mateIn1
00k2Z,5rk1/8/8/p1pR4/P1Pb4/1P1p2P1/6P1/1R3K2 w - - 3 38,f1e1 d4c3 e1d1 f8f1,1661,mateIn2
02qhV,3r2k1/Rb2qppp/1pB1p3/2n1P3/2P5/1P4P1/1B3P1P/3Q2K1 w - - 1 24,d1f3 b7c6 f3c6 e7a7,1661,discoveredAttack
00IHi,8/4R3/1k6/8/p7/1p1N2P1/5KP1/r7 w - - 0 55,e7e1 a1e1 f2e1 a4a3 e1d2 a3a2 d2c3 a2a1q,1662,advancedPawn promotion
05pk8,6k1/5rp1/5nQp/1q1p1p2/pp1P1N2/3b1P2/PP1B2PP/K3R3 w - - 0 31,f4e6 f5f4 g6f7 g8f7,1662,trappedPiece
09END,8/8/1p5p/P3k3/1P3p2/5K2/8/8 b - - 0 73,e5d5 a5a6 d5c6 b4b5,1662,pawnEndgame
0Bl71,r5k1/5pp1/5b1p/2B5/1P3P2/P4P2/7r/R2R1K2 w - - 2 31,c5d4 f6d4 d1d4 h2h1 f1g2 h1a1,1662,skewer
0DYTq,R7/8/3p4/8/P2kp3/8/1rpK4/5R2 w - - 2 56,a8c8 e4e3 d2c1 b2b1 c1c2 b1f1,1662,skewer
0U34r,1r4k1/5pb1/3p2p1/6q1/p1p1P2R/1Pp5/P6Q/1K5R b - - 1 33,g5f6 h4h8 g7h8 h2h7 g8f8 h7h8 f8e7 h8b8,1662,skewer
007ku,r1bq3Q/1np2kp1/p5B1/1p1Pp3/1Pn2BP1/2b2P2/P3K3/R4N2 b - - 5 35,f7g6 h8h5 g6f6 f4g5,1663,mateIn2
05jP1,7k/6p1/3K2Bp/7P/5r2/8/8/8 b - - 3 69,f4e4 g6e4 g7g6 h5g6,1663,hangingPiece
079Vc,5rk1/pp1q1rp1/2np3p/1P1Np3/4Pn2/2P2N2/P2Q2PP/R4R1K b - - 0 23,c6e7 f3e5 d6e5 d5f6 g7f6 d2d7,1663,discoveredAttack
05mYC,r2q1r2/2pbn2k/p2p2B1/1p1P4/2P1pB1P/1P6/P4P2/b2Q1KR1 b - - 0 21,e7g6 d1h5 h7g8 h5g6 a1g7 g6g7,1664,deflection exposedKing
0nBCM,N6k/1p4pp/p3Q3/2q2p2/b7/7P/5PPK/3r4 b - - 5 38,c5f2 e6c8 d1d8 c8d8 a4e8 d8e8,1664,backRankMate
00ZDZ,8/pp4k1/2p3p1/3nRr2/3P1Pp1/2P3K1/PP6/5R2 w - - 3 36,g3g4 f5e5 d4e5 d5e3 g4f3 e3f1,1665,fork
02ZFk,3Q1k2/8/8/2P5/1n5P/5q2/5P2/6K1 b - - 2 51,f8g7 d8d4 g7f7 d4b4,1665,fork
0Gd86,b1rq2r1/p3bpkp/1p2p1P1/2ppP3/5PP1/2PBP2Q/PP1N3R/R5K1 b - - 0 22,h7g6 h3h6,1665,mateIn1
01MpA,6k1/5p1p/1r3p2/8/3P4/6P1/p4P1P/RrR1N1K1 w - - 3 31,e1d3 b1a1 c1a1 b6b1 g1g2 b1a1,1666,attraction
03qSg,8/R7/pp1nk2P/2p1p3/P7/2P5/4r1P1/6K1 b - - 1 41,a6a5 h6h7 e2e1 g1h2 d6f7 a7f7 e6f7 h7h8q,1666,advancedPawn promotion
04z2u,r4rk1/pp3ppp/2bq4/8/2QP4/1B2pPP1/PP2Nn1P/RN3RK1 w - - 1 19,c4c3 c6f3 f1f2 e3f2 g1f2 f3e2,1666,advancedPawn kingsideAttack
06pqG,6k1/R6R/2b2rBp/8/8/1pp4P/1P3PP1/6K1 w - - 2 39,g6b1 c3c2 b1c2 b3c2 a7a1 g8h7,1666,trappedPiece
0Bsk6,8/7p/5Qpk/3PP3/6PP/1p1q1PK1/rP6/8 b - - 0 48,d3e2 f6f8,1666,mateIn1
05faZ,r4rk1/p6p/2pR1ppQ/2p5/2P1bp2/1BB5/P3q1PP/2R4K w - - 1 24,d6d2 e4g2 h1g1 e2e3 g1g2 f4f3 g2h1 e3h6,1667,discoveredAttack kingsideAttack
02o2h,r5k1/ppp2ppp/5q2/2PQ4/7r/P3B3/1P2nPPP/R4R1K w - - 3 19,d5b7 h4h2 h1h2 f6h4,1668,attraction kingsideAttack mateIn2
06Oak,r3kbnr/2Q2ppp/p3p1b1/3qP3/2N2B2/7P/PP3PP1/R4RK1 b kq - 2 17,d5d7 c7d7 e8d7 c4b6 d7c6 b6a8,1668,attraction
09hDE,8/8/8/6k1/p5P1/1r6/5K1R/8 w - - 2 49,f2e1 b3b1 e1d2 b1b2 d2c3 b2h2,1668,skewer
0Disf,8/1p6/3k2p1/6P1/2PK4/8/8/8 b - - 0 45,d6e6 d4c5 e6f5 c5b6,1668,pawnEndgame
0Dp74,3k1b2/2R5/3p4/1P1N3p/2P2P2/4R2P/1r5r/5K2 w - - 2 39,c7f7 h2h1,1668,mateIn1
05uXV,8/4R1p1/6Pk/5K1P/8/8/8/5r2 w - - 7 61,f5e6 f1e1 e6d6 e1e7 d6e7 h6h5 e7f7 h5h6,1669,rookEndgame
06Pap,5r1k/5p1p/2p2p2/4pN2/4P1Q1/1P5P/2q2rP1/3R3K b - - 21 34,f8g8 g4g8 h8g8 d1d8,1669,attraction
0766c,1kq5/4n3/3bbQ2/p2p1p2/2pP1Pp1/1Pp1P1N1/P1B1N1P1/3K4 w - - 0 34,e2c3 c4b3 c2b3 c8c3,1669,discoveredAttack
077Ow,8/8/7p/3k2p1/pp1P4/2r2N1P/2K3P1/2R5 w - - 2 46,c2b2 a4a3 b2b1 a3a2 b1a2 c3c1,1669,deflection exposedKing
0SsfF,8/ppn5/2pb2k1/5pPP/2PP1P2/2B1rRK1/PP2r3/5R2 b - - 0 36,g6h5 f1h1 h5g6 h1h6 g6f7 h6d6,1669,skewer
00lIV,r2qr1k1/pb2bppp/2p2n2/3pN1B1/2P5/4P3/PPQ2PPP/3RKB1R w K - 3 13,f1e2 e7b4 e1f1 e8e5,1670,discoveredAttack
01IdQ,Q3r3/1P6/KP1q4/5k2/8/8/8/8 b - - 0 72,d6d8 a8d8 e8d8 a6a7,1670,defensiveMove
07M1s,4k2r/pp1rP1pp/n3Qpq1/2p2n2/P7/2P3P1/2P2P1P/R1B1R1K1 b k - 2 21,d7e7 e6c8 e8f7 e1e7 f5e7 c8h8,1670,exposedKing
0OP1e,4r2k/ppp4p/3pP2Q/8/2P3PP/4K3/PP6/5r2 w - - 1 34,g4g5 e8e6 h6e6 f1e1 e3d3 e1e6,1670,skewer
00TRo,5q1k/2r3p1/1p2p2b/3p2NQ/3P4/1p6/5R2/6K1 b - - 1 38,f8b4 h5e8 b4f8 f2f8,1671,mateIn2
00hA5,6n1/2p3k1/1p1p2P1/p2P1K1P/P1P5/1P6/8/8 b - - 2 53,g8h6 f5e6 h6g8 e6d7,1671,defensiveMove
03xhx,2k1q1rr/p1p1n3/1p2p2b/P2bN1np/1P1P1p2/2P2P2/3N1BPP/1R1QRBK1 w - - 1 24,a5b6 g5h3 g1h1 h3f2,1671,deflection kingsideAttack pin
08ola,r7/1p2Np1k/p2p1Prn/4p1pR/1P4p1/P5R1/2P3PP/6K1 w - - 4 34,e7g6 h7g6 h5h6 g6h6,1671,trappedPiece
0BCVb,r4rk1/1p2bppp/p1b1p3/4P1P1/2PBR3/5N1q/P1B2P2/1R1Q2K1 w - - 1 27,e4f4 e7g5 f4e4 c6e4 c2e4 h3g4 g1f1 g4e4,1671,trappedPiece
0z3lT,6k1/1b3ppp/2p1r3/8/3Pp3/2r1P3/2B3PP/RR4K1 b - - 3 26,c3c2 a1a8 b7a8 b1b8 e6e8 b8e8,1671,backRankMate
05rIL,6k1/3q1pp1/7p/p2p4/P4P2/1r6/1P2Q1N1/1R5K w - - 0 39,e2d2 b3h3 h1g1 d7a7 d2f2 h3h1 g1h1 a7f2,1672,deflection exposedKing
0AlSg,5r2/2p1k2R/pp3b2/4p3/8/2P1P3/1nBBKP2/8 b - - 1 35,f8f7 h7f7 e7f7 c2b3 f7f8 d2c1 b2a4 b3a4,1672,trappedPiece
0EmiZ,3k4/R5p1/4N2p/3B3P/1b6/4r3/5r2/2K5 b - - 1 49,d8e8 d5c6,1672,mateIn1
03G75,8/p3p1k1/1p1p2r1/5Qb1/1P6/2P1P1Pp/P2BKR1P/q7 b - - 0 33,a1a2 f5f8 g7h7 f2f7 a2f7 f8f7,1673,exposedKing
04tW5,3r4/ppq2k2/4Rbp1/3P1p2/P4Pn1/B1P3P1/4Q1B1/6K1 w - - 1 28,c3c4 f6d4 g1f1 g4h2 f1e1 c7a5 e1d1 a5a4 e2c2 a4a3,1673,exposedKing
05bmj,R4bk1/5rP1/5pR1/8/2r5/p5P1/1p4K1/8 b - - 0 41,b2b1q g7f8q g8h7 f8f7,1673,deflection promotion
02PWu,5r1k/6p1/2p4p/p2p2q1/P2B1n2/1rP1RPQ1/6PP/3R2K1 w - - 0 34,e3e5 g5e5 d4e5 f4e2 g1f2 e2g3,1674,fork
02b7E,rnbq1r1k/1p3ppB/p3p3/4P1b1/3N4/2NQ4/PPP3P1/1K5R b - - 2 19,b8c6 h7g8 g5h4 d3h7,1674,discoveredAttack kingsideAttack mateIn2
08boB,r2q1r1k/ppp3bp/3p2p1/3Pp3/2Q1n3/2PBR2P/PP3PP1/R5K1 w - - 0 20,c4e4 f8f4 e3e2 f4e4,1674,trappedPiece
0Bmhd,8/8/p5p1/Pp1k1p1p/1P1p1P1P/3K2P1/8/8 b - - 2 42,d5d6 d3d4 d6d7 d4d5,1674,pawnEndgame
0CRxy,8/8/1p4p1/p2p3p/P2P1K1P/1P4P1/7k/8 b - - 7 39,h2g2 g3g4 h5g4 f4g4,1674,pawnEndgame
0QEcu,Q7/2K1p1k1/5p2/8/3B4/5P2/2P4q/8 w - - 2 44,c7d8 h2h8 d8c7 h8a8,1674,skewer
040Iy,8/2q2p1k/4p1pp/1p2P3/4QP2/P6P/6PK/8 w - - 0 32,a3a4 c7c4 e4c4 b5c4 a4a5 c4c3 a5a6 c3c2 a6a7 c2c1q a7a8q c1f4,1676,advancedPawn promotion
06cN5,3rr1k1/p2q1p1p/2p3p1/Q4p2/2PPn3/1N6/P4PPP/4RRK1 b - - 6 22,f5f4 e1e4 e8e4 b3c5 d7d4 c5e4,1677,attraction
09hUj,r3kb1r/pp2pp1p/2pq1np1/8/2BP2b1/2N2N2/PPP2PPP/R2Q1RK1 w kq - 0 10,c4f7 e8f7 f3e5 d6e5 d4e5 g4d1,1677,hangingPiece
00Qqp,6k1/8/p3P1p1/8/8/2P3PP/1r5r/R3RK2 w - - 0 46,e6e7 h2h1,1679,mateIn1 rookEndgame
05pYW,2k4r/pppr1pp1/2n2bp1/3q4/4p1B1/PP2P3/1BQP1PPP/2R1K2R b K - 7 17,c6e5 c2c7,1679,mateIn1
07ST6,5rk1/1rq2pp1/p6p/1p6/4N3/7Q/Pb3PPP/3RR1K1 b - - 1 22,c7c8 h3c8 f8c8 e4d6 b7b8 d6c8,1679,attraction
01M7o,r5r1/p3kp1p/2q1p3/2p2p2/5Q2/6N1/PPP3PP/3R2K1 b - - 1 21,a8d8 f4h4 f7f6 h4h7 e7f8 d1d8,1680,deflection
02dZy,8/6kr/2Q3p1/3p4/4b1P1/2P2r1P/PP3P1K/5R2 w - - 1 42,c6d6 f3h3 h2g1 h3h1,1680,mateIn2
03dKs,8/8/1B6/8/1PK1kp2/6p1/8/8 w - - 0 61,b4b5 f4f3 b6c7 f3f2 c7g3 f2f1q,1680,advancedPawn promotion
04972,rn1qk2r/pbp2ppp/1p1ppn2/3P4/5P2/2B2N2/PPP1Q1PP/2KR1B1R b kq - 2 10,b7d5 c3f6 d8f6 d1d5,1680,pin
077KU,8/8/4kp2/6p1/4P2p/5K1P/6P1/8 w - - 3 58,f3g4 e6e5 g4h5 e5e4 h5g6 e4e5,1681,pawnEndgame
03FqH,2r2rk1/3p3p/4p1pP/1p1b1q2/3R3Q/6B1/1P3PP1/4R1K1 b - - 1 26,g6g5 d4g4 f8f6 g4g5,1682,pin
01UyQ,4r3/3NP1kp/2p2Rp1/5p2/8/2rp3P/5PP1/4R1K1 w - - 2 34,f6f8 d3d2 e1d1 c3c1 g1h2 c1d1,1683,advancedPawn pin
02qoc,4r2r/1R3pk1/4R3/5P2/2p5/2Pn1K2/7p/7N b - - 3 37,e8b8 e6g6 g7f8 b7b8,1683,pin
03NcI,2r2r1k/pbq1Q1pp/1p1p1n2/8/3P1B2/2P5/PP1n1PPP/1BR1R1K1 w - - 0 18,f4d2 c7c6 f2f3 c8e8 e7f8 e8f8,1683,trappedPiece
0px1q,5r1k/6p1/3pB1p1/2pP4/2P5/2B1b2n/1P4PP/R5K1 w - - 7 37,g1h1 h3f2 h1g1 f2d1 g1h1 f8f1,1683,backRankMate
01t6f,r4rk1/2qb2pp/p2bp3/1p1nnN2/1P2Q3/P1P3N1/2B2PPP/R1B2RK1 b - - 0 21,d5c3 f5h6 g7h6 e4h7,1684,kingsideAttack mateIn2
01wIv,3r4/p5R1/8/2p2p1k/2K1rB2/2P2bR1/PP3P2/8 w - - 3 40,c4b3 f3d1 b3a3 e4a4,1684,mateIn2
03Ooe,6k1/p5pp/1bp1r3/8/2pP3P/5QK1/PP4P1/8 w - - 2 29,d4d5 e6e3 f3e3 b6e3,1684,pin
07frc,r2q2rk/pppnb3/2n1pp1B/3pP2Q/3P4/2P4P/PP3PP1/RN2K2R b KQ - 4 15,f6e5 h6f8,1684,mateIn1
08COQ,7k/R1R3p1/6r1/5p1p/3rb2P/1B4P1/PP5K/8 w - - 0 34,a7a8 e4a8 c7c8 h8h7,1684,hangingPiece
0B4Cm,r6k/5R2/2p4p/pbbp4/6R1/1P4P1/1KB2PP1/5r2 b - - 3 31,a8a6 f7h7,1684,mateIn1
0KLZG,2r1rBk1/p4p1p/4p1p1/3pQ3/3P4/5P1P/Pq3P2/2R3RK b - - 0 23,g8f8 c1c8 e8c8 e5h8 f8e7 h8c8,1684,skewer
015Di,r2k1bnr/p1pp1Bpp/1p3q2/4N1B1/3p4/2P5/PP2QPbP/RN2K2R b KQ - 2 10,f6g5 e5c6 g2c6 e2e8,1685,mateIn2
03SLJ,7k/4RN1P/1r6/6K1/8/8/8/1q6 b - - 1 56,h8g7 h7h8q,1685,advancedPawn mateIn1 promotion
06z05,r1b1r1k1/ppp2p1p/5Bp1/4P2q/5R2/2P1Q3/Pn4PP/RN4K1 b - - 0 19,b2c4 f4c4 h5d1 g1f2,1685,hangingPiece
0158C,3r3k/1Qp3p1/p4q1p/8/3n4/5N2/PPP2PPP/2K1R3 w - - 1 23,f3d4 f6d4 a2a3 d4d2 c1b1 d2e1,1686,fork
04SXy,8/R4pp1/pr6/7k/5K1P/5P2/8/8 w - - 0 44,a7f7 b6f6 f7f6 g7f6 f4f5 a6a5,1686,defensiveMove rookEndgame
0Ak4g,rnb2rk1/ppb2ppp/2p2n2/3p4/3Pq3/1Q2BN2/PP1NBPPP/R3K2R b KQ - 1 11,e4g6 f3h4 g6g4 e2g4,1686,trappedPiece
001XA,1qr2rk1/pb2bppp/8/8/2p1N3/P1Bn2P1/2Q2PBP/1R3RK1 b - - 3 23,b8c7 b1b7 c7b7 e4f6 e7f6 g2b7,1687,discoveredAttack
00YhY,8/8/5kp1/R7/4p1P1/5p1P/2r2P2/6K1 w - - 0 52,h3h4 c2c1 g1h2 e4e3,1687,rookEndgame
02M22,4R3/pp3p1k/4b1pp/2r5/2P1Q1P1/8/P4PKP/3r4 b - - 2 28,c5c4 e4e5 c4g4 g2f3,1687,defensiveMove
01NZA,8/p7/6p1/P1KR1k1p/1P2r3/8/8/8 b - - 2 52,e4e5 d5e5 f5e5 b4b5,1688,defensiveMove rookEndgame
01ZHr,4k3/2p1p2R/4p2Q/3p4/3P2P1/1p2P3/1Pn5/3KNq2 w - - 4 34,h7h8 e8d7 h6h4 c2e3 d1d2 e3c4,1688,defensiveMove exposedKing
03ua1,8/4k2p/1p4p1/p3Pp2/2qpnP1P/P3QNP1/1P4K1/8 w - - 0 41,e3d4 c4e2 g2g1 e2f3,1688,deflection
03PDd,1k6/1pp5/p7/5q2/2PQ4/3P2P1/6K1/8 w - - 0 40,d4f4 f5f4 g3f4 a6a5 g2f3 a5a4,1689,defensiveMove
0BxYw,2rk4/p4p2/1p2pqp1/nB1p3r/3P4/Q1P4P/4KP2/R6R b - - 3 24,f6f5 a3d6,1689,mateIn1
00OQt,8/8/8/p3b3/P1B2pKp/1Pk1p2P/6P1/8 w - - 8 50,g4h4 c3d2 h4g4 e3e2 c4e2 d2e2,1690,advancedPawn
04JDR,8/p7/8/P1p5/2P3p1/5k1p/2B4K/8 w - - 2 47,c2f5 g4g3 h2h3 g3g2 f5e4 f3e4,1690,advancedPawn
04lGh,r5k1/1pp2pp1/1p2r2p/6q1/1P6/P2P1Q1P/2P2PP1/R2K3R w - - 3 21,h1e1 e6e1 d1e1 g5e5,1690,attraction
0Cgt8,8/8/p2k1p2/p4Pp1/3N2Pp/1PP4P/2b2K2/8 b - - 5 41,c2d1 f2e1 d1b3 d4b3,1690,trappedPiece
00UyQ,4r1k1/p1p2pp1/1p5p/2Q1P3/5r1q/5R2/P3B1PP/R5K1 w - - 0 22,c5c7 f4f3 g2f3 h4d4 g1g2 d4a1,1692,fork
02zCV,r4k1r/1pp2pp1/1b1p1P2/pP6/P2P1nq1/1Q3N1p/3N1P2/R1B1RB1K w - - 0 21,d2e4 g4g2 f1g2 h3g2 h1g1 h8h1,1692,advancedPawn exposedKing kingsideAttack
00DdW,5rk1/4bppp/4b3/1p1pPpPP/2pP4/2P5/rqNQKP2/2RRN3 b - - 5 23,e7a3 c1b1 b2b3 b1b3,1693,trappedPiece
02fsg,6r1/1p1k3p/8/1p4p1/3b4/1P2N1B1/b1P3PP/4R1K1 b - - 5 22,a2b1 e1d1 d7e6 d1d4,1693,fork pin
03wxG,5rk1/p4ppp/2p5/1p3b2/5P2/2P3P1/P2r1q1P/RNQ1R2K w - - 8 25,c1d2 f5e4 e1e4 f2f1,1693,kingsideAttack
04CN2,1k1rr3/ppp2p1p/8/3B4/3Q4/2NK2b1/PPP3P1/R1B1q3 b - - 8 26,c7c6 c1f4 g3f4 a1e1 e8e1 d4f4,1693,discoveredAttack
09sEE,8/p4p2/1pp2k2/3p3p/P2P1KpP/1PP3P1/6P1/8 b - - 0 35,a7a5 b3b4 a5b4 c3b4,1693,pawnEndgame
0B6s8,r4r2/1ppqnp1k/p2p1n1p/4pNp1/P3P2N/2PP2R1/2Q2PPP/R5K1 w - - 0 19,f5e7 g5h4 g3h3 d7e7,1693,hangingPiece
00Qlc,8/5R2/P7/2p1r3/2Pp2k1/3K4/5p2/8 b - - 1 54,e5f5 f7f5 g4f5 d3e2 f2f1q e2f1,1694,rookEndgame
02wLK,6k1/ppp2pp1/7p/8/2P3P1/1P2pP1P/PB2Rb1K/4r3 w - - 9 31,e2e1 f2e1 h2g1 e3e2,1694,advancedPawn
04POP,8/5Q2/3p4/2p2kp1/P7/1P1q4/8/6K1 b - - 0 48,f5g4 f7c4 d3c4 b3c4 g4f5 a4a5,1695,defensiveMove
0gF7p,1B1R3k/1b3rpp/4Qbn1/8/2P5/1P6/2r3PP/5R1K b - - 1 27,f6d8 e6e8 g6f8 e8f8 f7f8 f1f8,1695,backRankMate
03rqx,8/8/8/1p1PKp2/8/2k5/p7/Rb6 b - - 0 68,c3b2 a1a2 b1a2 d5d6 a2c4 d6d7,1696,advancedPawn
04nDo,2r1r1k1/2q2pb1/p3p1p1/1p6/4N1P1/5P2/PPPQ3R/2K4R b - - 2 23,e8d8 h2h8 g7h8 h1h8 g8h8 d2h6 h8g8 e4f6,1696,attraction kingsideAttack
07hgu,r2q1rk1/3n1ppp/p2p4/3Np3/2Qb4/6B1/PP3PPP/R4RK1 b - - 0 19,a8c8 c4c8 d8c8 d5e7 g8h8 e7c8,1696,attraction
0QICl,rnb2rk1/ppp2qb1/3p2p1/3Pp1Bp/2P1P2P/2N3P1/PP2Bn1R/R1Q1K1N1 w Q - 5 16,c1e3 f2g4 e2g4 f7f1 e1d2 f1a1,1696,skewer
00ieR,6k1/1p3p1p/4p1p1/1P1pP3/P7/4r3/7P/1R4K1 b - - 0 33,e3e5 a4a5 d5d4 a5a6 e5b5 b1b5,1697,rookEndgame
01YlD,8/8/P6p/1N1b4/5k2/7K/3r4/R7 w - - 0 48,a6a7 d5e6 h3h4 d2h2,1697,mateIn2
0H4pj,r1qk3r/5Q1n/2p1p3/p2p4/Pp1p4/3P4/1PP3Pb/RNB1R2K b - - 1 21,h7g5 c1g5,1697,mateIn1
0h0DJ,1r1r2k1/pR3p1p/2p3p1/4p1b1/N3P3/3B3Q/PPP2qPP/2K2R2 w - - 5 18,c1b1 f2f1 d3f1 d8d1,1697,backRankMate
01Gjl,rn2k2N/p1pn3p/8/3b2B1/3p4/N7/PP4PP/4R1K1 b - - 3 21,e8f8 g5h6 f8g8 e1e8 d7f8 e8f8,1698,exposedKing
04Mrj,8/p5p1/5pp1/3n1k2/PpNP1P1P/5K2/5P2/8 b - - 3 42,d5f4 c4e3 f5e6 f3f4 g6g5 h4g5,1698,deflection
04eE6,r2qr3/pp1n1kpp/2nB4/3pp3/P2P4/2PQ3P/1P1N1PP1/R4RK1 w - - 0 16,d3h7 d7f6 h7c2 d8d6,1698,discoveredAttack
00veX,1r3rk1/p4p2/2pq3p/4p1p1/4Pnb1/2PB1PB1/P1Q3PP/3R1RK1 b - - 0 18,d6c5 g3f2 c5a3 f3g4 b8b2 c2c1,1699,defensiveMove
00fJC,1r6/6p1/5p1p/r1kp4/Pp3q2/2pR3P/2Q2PP1/3R2K1 b - - 4 39,b8d8 d3c3 b4c3 c2c3 c5d6 c3a5,1700,fork
07Gkj,8/5k2/5P1p/6PP/2p5/4p3/2K5/8 w - - 0 41,g5h6 f7f6 c2d1 c4c3 d1c2 e3e2 h6h7 f6g7 h7h8q g7h8,1700,pawnEndgame
01QgQ,r1qk4/pp4Q1/2p1p3/4Pp1B/7P/6P1/P5K1/8 b - - 4 41,c6c5 g7f8 d8c7 f8d6,1701,mateIn2
0yCkK,3q2k1/p4ppp/4b3/2Q5/1P6/6PP/r4PB1/4R1K1 b - - 0 24,d8d2 c5c8 e6c8 e1e8,1701,backRankMate
021wj,8/1Q2n3/1p2k3/8/P2qp3/5pP1/1r1p1P1P/3R1RK1 w - - 2 45,b7a6 e4e3 a6a8 e3e2,1702,advancedPawn
07tSd,2r2rk1/p5pp/b3p3/2P1B3/3PQ3/1R6/P2q2PP/4R1K1 w - - 3 25,b3g3 d2f2 g1h1 f2f1 e1f1 f8f1,1702,backRankMate
0rGPl,r1b4k/2p1r1pp/1nQ5/p3p3/2B3P1/P4P1q/2P4P/3R1RK1 b - - 4 24,c8g4 c6a8 b6a8 d1d8 e7e8 d8e8,1702,backRankMate
003IX,8/3pk3/R7/1R2Pp1p/2PPnKr1/8/8/8 w - - 4 43,f4f5 e4g3,1703,mateIn1
00xHQ,1r4k1/5p1p/3R2p1/1qN5/3Qp3/7P/5PPK/1r6 b - - 0 35,b1b4 d6d8 b8d8 d4d8 g8g7 c5d7,1703,defensiveMove
03Qun,5q1k/p6p/1p2Qp2/5Pp1/3N2P1/P3P1KP/1Pr5/8 b - - 6 34,f8b8 g3f3 b8b7 e3e4 c2c8 e6f6,1703,defensiveMove
04jdo,r1b1k2r/p1ppqpp1/2p4p/7n/1b2P3/2N2P2/PPPB2PP/R2QKB1R w KQkq - 1 10,a2a3 e7h4 g2g3 h5g3 a3b4 g3h1,1703,discoveredAttack
02Q8P,r2q1rk1/5p1R/ppb1p1p1/n7/P2P1B2/2PB4/5PPP/1R1Q2K1 b - - 0 19,g8h7 d1h5 h7g8 d3g6 f7g6 h5g6,1705,deflection pin
06v9l,8/8/P1R3p1/5k1p/r6P/8/8/6K1 b - - 0 43,a4h4 c6c5 f5e6 c5a5,1705,rookEndgame
021Un,rn2r1k1/pp3p2/2pQ2bp/4P3/5Rq1/2PB4/PP4PP/R5K1 b - - 8 23,g4d7 d3g6 d7d6 g6f7 g8h8 e5d6,1706,fork
02WQg,6k1/1PQ2p2/6pp/8/8/3q1KP1/6P1/8 w - - 7 50,f3f4 g6g5 f4e5 d3g3,1706,deflection
03eJc,3r2k1/p4rb1/5q2/3p1ppQ/1Pp1p2p/P1P1P2P/5PPB/1RR3K1 b - - 1 33,g7h8 h2e5 f6e5 h5g5 h8g7 g5d8,1706,deflection exposedKing
05VSl,6k1/5pp1/p6p/3p4/3NrnP1/1P6/P1P2P1P/3R2K1 w - - 3 33,f2f3 e4d4 d1d4 f4e2 g1f2 e2d4,1706,attraction
0BbQS,r4rk1/pppq2pp/2np4/3Npn2/5P1N/1P1P4/1PP3PP/R2Q1RK1 w - - 0 15,f4e5 f5h4 f1f8 a8f8,1706,hangingPiece
08RJX,8/6bk/6p1/7p/2Q3P1/P5nP/1r6/6K1 w - - 1 46,g4h5 g7d4 c4d4 g3e2 g1f1 e2d4,1707,exposedKing
08uwv,8/8/5pp1/2k5/p6P/P1K5/5P2/8 w - - 6 55,f2f4 f6f5 c3d3 c5d5,1707,pawnEndgame
0A6S1,8/1p6/p5pp/3k1p2/1P3PP1/P4K1P/5P2/8 w - - 2 37,g4g5 h6h5 f3e3 d5c4,1707,pawnEndgame
0CKgM,r2qr1k1/pb1pbppp/2p5/1p6/3QP1n1/1BPP4/PP3PPP/RNB2RK1 w - - 1 13,f2f3 c6c5 f3g4 c5d4,1707,trappedPiece
0uj1t,2Q2rk1/p1Nn2pp/4N3/2b5/7q/4P3/PP4PP/3R2K1 w - - 1 23,c8d7 h4f2 g1h1 f2f1 d1f1 f8f1,1707,backRankMate
0w3tP,5rk1/1RQ2ppp/2B5/4p3/8/2q1P1P1/r3bP1P/1R4K1 b - - 0 24,e2d3 c7f7 f8f7 b7b8 f7f8 c6d5 g8h8 b8f8,1707,backRankMate
00Wyh,2r5/8/8/pNp1r2p/3kNppP/1P1P4/2R2K2/8 b - - 2 42,d4d3 c2d2 d3e4 b5d6,1708,mateIn2
02Cq3,r1k4r/pp1nQ1p1/5p2/1N3P1p/3P4/2P5/q5PP/4R2K b - - 3 25,a7a6 e7e8 h8e8 e1e8,1708,mateIn2
00MwU,3r1b1R/ppq3p1/2k3P1/3p4/1P1Q4/4PP2/P1P5/2K5 b - - 0 26,a7a6 h8f8 d8f8 d4c5 c6d7 c5f8,1709,attraction fork
00VIe,8/8/8/P6p/8/2RnkN2/r7/3K4 w - - 1 60,f3e1 a2d2,1710,mateIn1
01HQs,2k2b1r/ppp1ppp1/2n4p/8/3r2nq/2NPB3/PPP2P1N/R2QRBK1 w - - 6 14,h2g4 d4g4 f1g2 h4h3 d1g4 h3g4,1710,kingsideAttack pin
03HMG,8/6pp/8/6P1/4KPk1/8/8/8 b - - 5 51,h7h6 g5h6 g7h6 f4f5 g4g5 e4e5 h6h5 f5f6,1710,pawnEndgame
0433A,r3rn2/pp3k2/2pp3B/3b1P1n/7q/3B3P/PR1QN1P1/5R1K w - - 1 25,h6g5 h4h3 h1g1 h3g2,1710,kingsideAttack pin
05bWa,3rr1k1/pp3ppp/1qn5/2bp1b2/2P5/PP3N1P/1B1NBRP1/R4QK1 w - - 3 17,b3b4 c5f2 f1f2 e8e2,1710,kingsideAttack
02CU6,2r5/5k2/1p2b1P1/p3Pp2/3R3P/qP6/P2Q4/1K6 b - - 0 44,f7e7 d2g5 e7e8 g6g7 a3c1 g5c1 c8c1 b1c1,1711,advancedPawn
02ICM,4k3/8/8/4N3/1pPP4/pK5P/3n2P1/8 w - - 2 51,b3c2 b4b3 c2d2 a3a2 d2c3 a2a1q,1711,advancedPawn promotion
041Zm,3Bk1K1/4P3/8/8/ppp3P1/P7/1P6/8 w - - 0 56,d8a5 c4c3 b2c3 b4b3 a5b4 b3b2,1711,advancedPawn
0BM1j,5rk1/pp3pp1/1pp4p/7q/4Pn1B/5P1P/P1P2P1K/1R1Q1R2 w - - 5 20,h2g3 g7g5 g3h2 h5h4,1711,trappedPiece
01AIF,8/8/2p4K/1p3kp1/1P6/2P5/7P/8 w - - 0 52,h2h3 g5g4 h3g4 f5g4,1712,pawnEndgame
03CZE,r1bq1r1k/2p1b2p/p1np2p1/1p2p1P1/n3PN2/P1PP1Q2/BP3P2/RNB1K2R b KQ - 1 15,e5f4 h1h7 h8h7 f3h1 c8h3 h1h3 h7g7 h3h6,1712,attraction kingsideAttack
03xC5,8/5ppp/8/5PPP/2k5/1p6/1K6/8 b - - 0 46,c4d4 g5g6 f7g6 h5h6 g7h6 f5f6,1712,pawnEndgame
06paz,8/8/3Q4/8/3P4/4n2k/6r1/3K4 w - - 5 50,d1c1 g2g1 c1d2 e3c4 d2d3 c4d6,1712,exposedKing
06ZHc,3Q1bk1/3n1ppp/1p4q1/8/8/B4B1P/1P3PP1/6K1 b - - 5 31,h7h5 d8d7 f8a3 b2a3,1713,hangingPiece
0WFad,4r2k/p6p/1pQ3p1/1P3pq1/3Pr3/1B6/6PP/2RR2K1 w - - 5 29,d4d5 g5e3 g1h1 e3e1 d1e1 e4e1 c1e1 e8e1,1713,backRankMate
002Uy,8/8/1p6/k7/P1R5/1K5r/8/8 w - - 26 64,c4c3 h3c3 b3c3 a5a4 c3b2 a4b4,1714,defensiveMove rookEndgame
04oZl,8/8/1PR4b/5k2/2p1pr2/8/2P1KP2/8 b - - 0 43,h6g7 b6b7 g7e5 c6c5 f5g6 c5e5,1714,advancedPawn
0AewS,r2q4/1Qpk1pp1/4rpbp/8/3P4/2K2N2/PP4PP/2R1R3 w - - 3 18,d4d5 e6b6 b7b6 c7b6,1714,trappedPiece
01acW,2kr4/ppp4p/6p1/5p2/1bPrp3/1P1P3P/P1B1KPP1/3R3R w - - 0 19,d3e4 d4d2 d1d2 d8d2 e2f3 d2c2,1715,fork
0RDbH,2k5/p4p2/1p5q/8/3QpP2/P3PbPr/2P2R1P/1R4K1 w - - 4 30,a3a4 h3g3 g1f1 h6h3 f1e1 g3g1 e1d2 g1b1,1715,skewer
01Amq,4r1k1/4Pp2/pQ3b1p/6pP/2p5/P4P2/5BPK/3q4 b - - 2 31,d1a4 b6f6 c4c3 f2d4 a4d4 f6d4,1716,hangingPiece
01h56,r3n3/2q1b1kp/3p2p1/2n2N2/2B1P3/8/1Pp2B2/1NKR3R b - - 1 29,g7h8 h1h7 h8h7 d1h1 e7h4 h1h4,1716,attraction
02t6P,6k1/4r1P1/8/4BP2/5K2/8/8/8 b - - 2 63,e7e5 f4e5 g8g7 e5e6 g7f8 e6f6,1716,defensiveMove
00axT,3R4/8/8/5p2/8/3p3P/1k2rPP1/3K4 b - - 25 48,e2f2 d8d3 f2g2 d3d2 g2d2 d1d2,1717,rookEndgame
07YZu,8/4ppk1/3p2p1/3Pb3/5q2/5P1p/6PP/3R2QK w - - 0 40,d1f1 e5d4 g1d4 f4d4,1717,trappedPiece
098UC,8/8/pk6/2p3R1/P1P1N3/1P1pn3/8/6K1 w - - 0 45,e4c5 d3d2 a4a5 b6c6 c5e4 d2d1q,1717,promotion
05Zga,7k/pppq1R2/6Qp/3PP3/5KnP/2P1b3/PP4P1/8 w - - 7 35,f4e4 d7a4 e4f3 g4e5 f3e3 e5g6,1718,deflection
06zQg,r2r4/RR6/5kp1/p7/P3Kp2/8/6PP/8 b - - 1 36,g6g5 b7b6 d8d6 b6d6,1719,rookEndgame
00hxr,r4rk1/pp3ppp/4p3/3pB1qB/Q1p5/2PbP3/PP1N1P1P/R3K2R w KQ - 0 15,e5g7 g5h5 a4d1 h5d1 a1d1 g8g7,1720,hangingPiece
029k3,r2q2k1/1p2b1pp/2pp4/p3p3/2P1P1b1/P1N2N2/QP4PP/5RK1 b - - 4 23,d8b6 c4c5 g8h8 c5b6,1721,discoveredAttack
097uv,5r1k/7p/1pp1n3/p3Pp2/2q4P/3p1Q2/P3RP1K/3N2R1 w - - 0 36,e2d2 c4h4 f3h3 h4f4 g1g3 f4d2,1721,exposedKing
01E4E,r1bq1rk1/pp3pBp/2pp2p1/8/B3n3/P1N4P/1PP2PP1/R2QK2R b KQ - 0 12,e4c3 g7c3 f8e8 e1f1,1722,defensiveMove
01RxX,3r3r/2k2ppp/p1n1p3/8/PpR5/3P4/1P2NPPP/4R1K1 b - - 2 21,d8d3 e1c1 d3d6 e2d4 d6d4 c4d4,1722,pin
02LtX,r3k2r/ppQ1n1p1/1p1R4/6p1/8/P3qP1b/BPP4P/5R1K b kq - 2 22,h3f1 c7d7 e8f8 d7d8 a8d8 d6d8,1722,exposedKing
00huW,8/3k4/p6p/1p2Q1pP/3P2b1/1PP2qP1/P3p3/1K2R3 w - - 3 44,d4d5 f3d3 b1b2 d3d2 b2a3 d2e1,1723,fork
02kp5,8/8/8/5K2/pr5p/6kP/R5P1/8 w - - 0 58,f5g5 b4b5 g5f6 b5a5,1723,defensiveMove rookEndgame
0X4tF,1r6/p6R/3pk3/3N4/4P1n1/2P5/P3n1PP/5R1K w - - 3 28,h7a7 g4f2 f1f2 b8b1 f2f1 b1f1,1723,backRankMate
0h9Vj,5Q2/6pk/4bp1p/8/8/P1Bq1P2/1P4PP/6K1 w - - 3 35,f8e7 d3e3 g1h1 e3c1 c3e1 c1e1,1723,backRankMate
06Ees,rb2Q3/p5pk/1p2p2B/2pq1r2/3pN3/P2P3P/1Pn3P1/1R3RK1 w - - 2 21,h6g7 b8h2 g1h2 a8e8,1724,discoveredAttack
09RB6,6rk/1pp2p2/5P2/pb1p3P/5pn1/2P2N2/PPB1K3/RN6 w - - 4 27,c2d3 g8e8 e2d2 b5d3 d2d3 e8e3 d3c2 e3f3,1724,exposedKing
0Dhm5,8/p7/P1p3p1/2p2p1p/3k1P1P/1Pp2KP1/2P5/8 b - - 3 34,c5c4 b3b4 d4d5 f3e3 d5e6 e3d4 e6d6 d4c4,1724,pawnEndgame
04YXv,1b2rk2/1p3q2/p1p2p1p/5Q2/2P3R1/1P4P1/P4PK1/8 b - - 6 34,f7e7 f5g6 e7f7 g6h6 f8e7 g4g7,1725,exposedKing
0EElZ,8/8/1p5K/8/k7/2pB3P/8/8 w - - 0 54,h6g5 b6b5 g5f6 b5b4 h3h4 b4b3 h4h5 c3c2 h5h6 c2c1q,1725,promotion
01r7u,8/1p1k1pp1/p5p1/3nR3/3P4/Q5P1/P3KP1r/7q b - - 9 32,d7c6 a3c5 c6d7 e5d5 h1d5 c5d5,1726,deflection exposedKing
04fUn,2k1r3/R7/3K4/2P5/4B3/p2P4/r7/8 b - - 2 57,e8d8 d6c6 a2b2 a7a8 b2b8 e4f5,1726,defensiveMove exposedKing
05VYE,r6r/ppNkp2p/2np2pB/2nRp3/4P3/2q4P/P3QPP1/R5K1 w - - 2 18,c7a8 c3a1 d5d1 a1c3,1726,hangingPiece
07W2W,3r1k2/2p2r2/p4qpQ/2pp4/4pB2/P1P1P3/2PK1P2/7R b - - 1 30,f6g7 h6h8 g7h8 h1h8 f8e7 f4g5,1726,exposedKing
00ldC,3r1r2/pp3pk1/2p1pRp1/6Qp/2P5/P7/1q4PP/5R1K b - - 1 31,d8d2 f6g6 f7g6 g5e7 g7h6 e7f8 b2g7 f8f4 h6h7 f4d2,1727,deflection fork
07dRY,r4rk1/1pp3p1/p1n1q2p/3p4/3P1p1N/2P1P3/PPQ1KP2/6RR w - - 0 20,g1g7 g8g7 h1g1 g7f7 c2h7 f7e8,1727,hangingPiece
00FND,8/1P6/8/7p/3P4/3k1p1P/4p3/3K4 w - - 0 49,d1e1 d3e3 h3h4 f3f2,1728,advancedPawn mateIn2 pawnEndgame
05QFF,5r1k/4bp1p/pr5B/3nP3/1P6/P3R1RP/5PP1/6K1 b - - 2 30,d5e3 h6g7 h8g8 g7f6 e3g4 g3g4,1728,discoveredAttack
00TV2,6k1/p1Q2p1p/4p1p1/3p4/1r6/7P/Pq3PP1/5RK1 b - - 2 26,b2a2 c7c8 g8g7 c8c3 d5d4 c3b4,1729,fork
01lcr,2r3k1/5p1p/4pnpP/Bb1p4/p2P3Q/q2BPP2/1rPK2P1/3R3R w - - 5 25,h4f6 a3d3 d2e1 d3e3,1729,deflection mateIn2 pin
06onc,3n2k1/5pb1/2p2B2/2q2B1Q/8/4P2P/5PP1/6K1 b - - 0 35,g7f6 f5h7 g8g7 h5c5,1729,discoveredAttack
00ueM,2kr4/2pR4/2P1K1P1/8/8/p3n3/8/8 b - - 1 49,a3a2 d7d8 c8d8 g6g7 a2a1q g7g8q,1730,advancedPawn promotion
01hf5,8/1p4kp/5Qp1/3pP2r/4qP2/8/P1rB1R2/6K1 b - - 2 34,g7h6 f6f8,1730,mateIn1
01xkD,r3r3/2R2pkp/4p1p1/pR4P1/5P2/B1b5/P6P/5K2 b - - 4 28,a8c8 c7c3 c8c3 a3b2 g7f8 b2c3,1730,attraction pin
09pOa,5r2/pp2nr1k/6pp/8/3pBP2/P2Pq3/2Q1N2P/5R1K b - - 1 29,e7f5 f1f3 e3f3 e4f3,1730,trappedPiece
0D3Th,r1bq1kr1/ppp1n2p/2np1Bp1/2b3NB/4P3/1Q6/PP3PPP/RN2K2R b KQ - 2 13,g6h5 b3f7,1730,mateIn1
006fF,r1b4r/pp1k2pp/2nb2q1/1B1p2B1/3p3Q/8/PPP2PPP/3RR1K1 b - - 5 17,h7h6 h4g4 d7c7 g5d8 h8d8 g4g6,1731,discoveredAttack exposedKing
047t6,2bR4/6pk/1p5p/r2nBp2/8/p2B3P/5PP1/6K1 b - - 5 36,a5c5 d8c8 d5e7 c8c5,1731,pin
00TJN,r3r1k1/pp3pB1/2q3pp/3R1b2/8/P4Q2/BP3PPP/1R4K1 b - - 0 23,f5b1 f3f7 g8f7 d5d7,1732,attraction kingsideAttack mateIn2
01qFm,8/5p1p/p2r1pk1/1p2p3/1n2P3/3BK1P1/1PP2P1P/R7 w - - 1 24,f2f4 d6d3 c2d3 b4c2 e3d2 c2a1,1732,fork
09Yzh,8/1p3Q2/pq1r3p/6p1/1P3pk1/P3PRn1/6P1/R5K1 w - - 2 34,f3g3 g4g3 f7h5 b6e3,1732,hangingPiece
0l7B6,2r2rk1/ppp3p1/7B/8/6Q1/2N5/Pq3bPP/2R2RK1 w - - 0 23,f1f2 b2f2 g1h1 f2f1 c1f1 f8f1,1732,backRankMate
043If,r2k1b1r/pppq1B1p/2n1p1p1/4B3/3Pb3/4PN1P/PP3PP1/R2QK2R b KQ - 1 12,c6e5 f3e5 f8b4 e1f1 d7b5 f1g1,1733,defensiveMove
09Xpo,2b1r1k1/4pp1p/3p1npB/3q2P1/2Q5/5Pr1/1P2B2K/1R3R2 b - - 2 29,d5f5 h2g3 f5h3 g3f2,1733,hangingPiece
0CVwF,r1bk1q1r/pppp1Bpp/1Q6/3N4/5BnP/6P1/P4P2/R4RK1 b - - 0 19,a7b6 f4c7,1733,mateIn1
0G0rl,r1bqr2n/5kpB/p2BpnQ1/1p1p3P/3P4/1P4P1/P3NP2/2R2RK1 b - - 6 26,h8g6 h5g6,1734,mateIn1
02a72,1R6/6Q1/2p5/7p/1P4nq/3P3P/2Pk1rP1/5RK1 w - - 1 35,b8e8 f2f1 g1f1 h4f2,1735,attraction mateIn2
03YFB,1k1r3r/p1p1q3/QPn1p3/4P1pp/3Ppp2/2P5/2PK1PPP/RR6 b - - 0 22,c7b6 b1b6 a7b6 a6a8 b8c7 a1a7 c6a7 a8a7 c7c6 a7e7,1735,skewer
0CorL,8/8/5kp1/P1p1n3/4P3/Q2p4/P1r3PK/8 w - - 0 38,a5a6 d3d2 a3h3 d2d1q,1735,promotion
0edka,r3r2k/pbp2p1p/1pn3pQ/8/8/2Pq4/PP3PPP/RNB2RK1 w - - 2 20,c1g5 d3f1 g1f1 b7a6 c3c4 a6c4 f1g1 e8e1,1735,backRankMate
00CMj,7R/8/8/6p1/2p1p1k1/2PbK2p/P7/8 w - - 4 71,e3f2 e4e3 f2e3 g4g3,1736,defensiveMove
01vf9,8/1pp2Rpk/3p3p/1q1Pb3/4P3/3P4/5Q1P/1r3B1K b - - 1 32,e5f6 f2f6 b1f1 f6f1,1736,pin
02x7w,2kr4/ppp2pr1/4pp2/2n5/2PqB3/P4Q2/5PPP/R2R2K1 b - - 4 20,d4e4 d1d8 c8d8 f3f6 d8e8 f6g7,1736,attraction fork
016fz,8/8/3R4/1P3k2/2Bb2pK/8/7r/8 w - - 1 63,h4g3 d4e5,1737,mateIn1
01SN2,8/r7/P1p5/3p4/3K2k1/1P5p/2P5/R7 b - - 1 44,g4g3 d4c5 h3h2 c5b6,1737,rookEndgame
06XlC,6k1/1p4P1/5K2/2P1n3/p7/4N3/8/8 b - - 5 56,a4a3 f6e5 a3a2 e3c2 a2a1q c2a1,1737,hangingPiece
00oQO,5rk1/1p4pp/p7/3R1N2/4rn2/6KP/PPR2PP1/8 w - - 1 34,d5d4 f4e2 c2e2 e4e2,1738,fork
01Ni2,2k2r2/1bNp4/pB1P4/8/P7/4Kn2/1P3R1p/5R2 w - - 0 43,e3e2 f3g1 e2d2 f8f2 b6f2 h2h1q,1738,advancedPawn deflection exposedKing promotion
04JOd,r4r2/pp1b3p/5npk/q1p3N1/8/2N1Q3/PP3PPP/R3K2R b KQ - 7 19,a8e8 g5e6 g6g5 e3g5,1738,discoveredAttack
05Ux3,8/1p6/p3p3/3pk2P/4p1PK/2P2r2/PP6/4R3 b - - 2 34,e5f4 h5h6 f3f2 e1h1,1739,rookEndgame
0Bm7B,r1b2rk1/pppp1ppp/8/4PR2/1PN5/2P2Q2/P4P1q/4RK2 b - - 0 21,d7d6 f5h5 h2h5 f3h5,1739,trappedPiece
01IKl,k1r4r/2Qn1p1p/1p1Bpnp1/q7/2BP4/2P5/1PK2P1P/3R2R1 w - - 5 29,c7c8 h8c8 d1a1 c8c4 a1a5 b6a5,1740,hangingPiece
07C65,3r2r1/1p1k1p1p/2p1p3/6b1/Q1P5/5q2/PP3P1P/R1B2RK1 w - - 0 24,a4d1 g5d2,1740,mateIn1
02V2j,3r2k1/pp1PRpp1/2p2nq1/8/3Q4/6Np/PPP3PP/6K1 w - - 1 25,d4f6 g6f6 e7e8 g8h7,1742,hangingPiece
00rAM,3rr1k1/1p3pq1/p1n1b2p/2b3p1/Q7/P2BPNB1/1P3PPP/R2R2K1 w - - 0 20,b2b4 d8d3 d1d3 g7a1,1743,deflection
09SNn,6n1/4b2p/3p1k2/2pP4/1pP2BB1/1P3K1P/8/8 b - - 7 36,h7h6 g4e6 f6g7 e6g8,1743,trappedPiece
00umX,2k3rr/ppp2p2/3b1p2/2pP1q1p/2P2B2/2N2B1b/PP1Q1PP1/R3R1K1 w - - 4 19,f4d6 f5f3 e1e8 c8d7,1744,pin
01xaX,2k2b1r/2p2ppp/p1N1p3/7n/q1P2B2/P5P1/5PBP/1R4K1 b - - 3 20,h5f4 b1b8 c8d7 b8d8,1744,mateIn2
09Wge,8/8/p1p2kp1/1pP4p/1P2KP1P/8/1P6/8 w - - 1 37,f4f5 g6f5 e4f4 f6e6,1744,pawnEndgame
02gIr,4R3/8/6P1/3k1p1p/p4P2/8/1r2p3/4K3 b - - 2 44,a4a3 g6g7 b2b1 e1e2,1745,advancedPawn rookEndgame
060Kj,8/8/4k3/6P1/pp2K3/8/1P6/8 w - - 0 42,g5g6 a4a3 g6g7 e6f7 g7g8q f7g8 b2a3 b4a3 e4d3 a3a2,1745,pawnEndgame
08fk2,r4rk1/1pp3p1/4R2p/1p2P3/8/7P/PP3PP1/R5K1 w - - 1 25,g2g3 g8f7 e6d6 c7d6,1745,trappedPiece
0Ay4I,r4r1k/pp2Np2/3p1N1R/5p2/3p4/8/P5PP/6K1 b - - 0 26,h8g7 e7f5,1745,mateIn1
00yzd,6k1/8/4p1p1/1P5p/1B2PP2/3pb1KP/2p5/4R3 w - - 2 36,g3f3 d3d2 b4d2 e3d2 b5b6 d2e1,1746,advancedPawn
02oHh,r6k/ppp2p1P/3p4/6R1/5r2/8/PPP5/2K4R b - - 1 25,f4f2 h1g1 a7a5 g5g8 h8h7 g8a8,1746,exposedKing rookEndgame
08IGX,r2qk2r/1bppbppp/p1n2n2/1p6/3NP3/1B6/PPP2PPP/RNBQ1RK1 w kq - 1 9,b1c3 c6d4 d1d4 c7c5 d4d3 c5c4 b3c4 b5c4,1746,trappedPiece
00XXM,3r1br1/Qpqk1p2/p1p1p2p/3nP3/8/2P1NP1N/PP6/1K1R3R b - - 3 25,f8e7 c3c4 b7b6 a7c7 d7c7 c4d5,1747,pin
0552M,8/8/p7/P4p2/3Kp1kp/4P3/5PP1/8 b - - 1 40,h4h3 g2h3 g4h3 d4e5 h3g4 e5f6 f5f4 f6e5 f4e3 f2e3,1747,pawnEndgame
09UA3,r2b2k1/1p3p2/3pn1pq/p2Qp3/4P3/5P2/PP2B1PP/3RK2R w K - 3 21,d5d6 d8h4 g2g3 h4g3 h2g3 h6h1,1747,exposedKing
0128O,r4rk1/1q1p2pp/p1b1p3/2p1Q3/8/1B6/PPP2PPP/3RR1K1 b - - 0 21,c6g2 d1d7 b7d7 b3e6 g8h8 e6d7,1748,attraction fork
01FmQ,3r2k1/2B3pp/1Q2Pp2/2b5/P3n3/5N2/2q2PPP/5RK1 w - - 4 32,e6e7 c2f2 f1f2 d8d1 f3e1 d1e1,1748,pin
04eHX,r5k1/5pp1/6r1/p1Qp1q2/3P3p/4BP2/PPR2PPP/5R1K w - - 0 21,c2e2 h4h3 c5c2 h3g2,1748,advancedPawn kingsideAttack
05EY5,r1b1k2r/1p1p1ppp/p1N1pn2/P1b5/4P3/2N1BP2/1qP3PP/R2QKB1R b KQkq - 0 10,c5e3 c3a4 b2a1 d1a1,1748,trappedPiece
05kO5,8/p2rk1pp/P2R1p2/2P5/8/5P2/5P1P/6K1 w - - 3 40,d6c6 d7d1 g1g2 e7d7 c6d6 d1d6,1748,rookEndgame
14AUi,6k1/2qN2pp/p3p3/3R1r2/1p4Q1/5p1P/Pbn2PP1/5BK1 b - - 0 32,f5d5 g4e6 g8h8 e6e8,1748,backRankMate
03OJW,r2q3r/pbpn1k2/1p2pb1B/4n3/4NQp1/3B4/PPP2PPP/R3R1K1 b - - 3 16,e5g6 e4g5 f7g8 d3g6,1749,deflection pin
0Dcy3,1k2r2r/ppp4q/8/n2p4/3P2B1/1PP2PP1/P2Q1K2/R4R2 w - - 3 29,f1h1 h7h2 h1h2 h8h2 f2f1 h2d2,1749,skewer
01Sr1,1r4k1/6pp/4p3/QBR2p2/3q4/B3nP1P/P5P1/6K1 w - - 0 35,a5a7 e3g4 g1h1 d4d1 b5f1 d1f1,1751,discoveredAttack
02Id6,r5nr/p1Nk1ppp/1pn5/1Bb1p3/4P3/1Q6/PPP3qP/R1BK3R w - - 3 13,b3f7 g8e7 f7f1 g2f1,1751,defensiveMove
05FAF,8/6R1/r3p1pP/3k4/3p4/8/5P1K/8 b - - 2 49,d4d3 h6h7 a6a8 g7g8,1751,rookEndgame
0D36d,8/8/1p6/p7/2k5/P7/1KP5/8 w - - 0 64,c2c3 a5a4 b2c2 b6b5 c2d2 c4b3,1751,pawnEndgame
0FxfI,8/8/8/4k3/1P6/5p2/2K5/8 w - - 0 49,c2d3 e5f4 b4b5 f4g3 b5b6 f3f2 d3e2 g3g2 e2e3 f2f1q,1751,promotion
1BGz2,1k6/p1p2r2/6pB/2PQp2p/3nP3/3P4/PP3qPP/6RK w - - 5 26,d5e5 f2g1 h1g1 d4e2 g1h1 f7f1,1751,backRankMate
026Br,3r2k1/p3pp1p/2Q3pb/q2rP3/N4P2/P5P1/7P/2R2R1K b - - 0 24,d5d2 c1c5 d2d1 c5a5,1752,trappedPiece
079hj,8/3r1k2/pb2bp2/1r5p/3p3R/1P1R1B2/P2B1P2/3K4 w - - 0 40,f3h5 b5h5 h4h5 e6g4 f2f3 g4h5,1752,attraction exposedKing
02yTE,4rk1r/pQN2ppp/4p3/3pN3/4n3/1P4P1/P4q1P/R6K b - - 1 22,f2d4 c7e6 f7e6 b7f7,1753,mateIn2
01mLC,7k/p1q4p/5Pp1/1ppb4/3n1PQ1/2KP4/PP6/2R4R w - - 0 27,h1e1 c7a5 b2b4 a5b4,1754,mateIn2
02BLF,3rr1k1/5p2/p2q2pB/1pp1p3/3n2Pb/3R2N1/PP1QB1PP/4K2R w K - 0 23,e1g1 d4e2 d2e2 d6d3 e2d3 d8d3,1754,kingsideAttack
035Fa,8/2P5/5k2/p7/P3K3/8/2r2pp1/5R2 w - - 0 38,f1f2 c2f2 c7c8q g2g1q c8f8 f6e6,1754,advancedPawn defensiveMove hangingPiece promotion rookEndgame
01C8M,r1b2rk1/p3n1b1/6pp/q2np3/2RpNPPP/3Q3N/1PPB4/3B1RK1 b - - 3 22,a5b5 c4c8 b5d3 c8f8 a8f8 c2d3,1755,exposedKing
05uJg,r3q1k1/1p6/p4Brp/2p3PQ/2Pp4/2Pp4/PP5K/R4R2 w - - 4 33,g5h6 g6g2 h2g2 e8h5 h6h7 h5h7,1755,discoveredAttack
06iqI,8/8/8/4R1pk/8/r1r1p2P/5K2/4R3 w - - 0 36,e5e3 c3e3 e1e3 a3e3 f2e3 h5h4 e3f3 h4h3,1755,rookEndgame
07EoQ,rr6/2q1kp2/6pB/ppp1P2n/P2p3P/1P1P4/2P2R1Q/1K3N2 b - - 3 33,b5a4 f2f7 e7f7 e5e6 f7e6 h2c7,1755,attraction discoveredAttack
09J8i,r2r2k1/pp3pp1/5q1p/2P5/1Pbn4/2P1RQ2/P4PPP/RN4K1 w - - 0 19,f3f6 d4e2 e3e2 d8d1 e2e1 d1e1,1755,backRankMate
0CjSM,8/8/8/p1K5/1pP5/k7/P7/8 w - - 1 48,c5b5 a3a2 b5a6 b4b3 c4c5 b3b2 c5c6 b2b1q,1755,pawnEndgame promotion
0zuzr,5rk1/pR3ppp/5q2/2p2P2/2QbB3/r7/5PPP/5RK1 b - - 5 23,f6h4 c4f7 f8f7 b7b8 h4d8 b8d8 f7f8 e4d5 g8h8 d8f8,1756,backRankMate
02Am1,8/2P1R3/5k2/1B1p4/N2Ppn2/4K3/2r5/8 w - - 1 54,c7c8q f4g2,1757,mateIn1
02qzX,3r2k1/p1p3p1/1p2p2p/4r3/nP2NQ2/P4PP1/2q4P/R3R1K1 b - - 1 25,e5h5 e4f6 g7f6 f4g4 g8f7 g4h5,1757,fork
05TSx,r4r1k/pppb2pp/8/8/3P4/4K2P/PP2B1P1/R4R2 w - - 4 24,g2g4 a8e8 e3d3 d7b5 d3c3 b5e2,1757,deflection
09K3K,2r5/pp3p1p/4p3/1N2kp2/2P5/1P1K2P1/P2B3P/8 b - - 1 26,a7a6 d2c3,1757,mateIn1
01wyO,8/8/8/pp1p1k2/6pP/1PP3K1/P7/8 w - - 0 41,a2a3 b5b4 c3b4 a5b4 a3a4 d5d4,1758,defensiveMove pawnEndgame
03iTQ,r1bq2k1/pp1n1pb1/5npp/3N4/1PP5/P3r2N/1B2B1PP/R2Q1RK1 b - - 1 16,e3e8 d5f6 d7f6 d1d8 e8d8 b2f6 g7f6 f1f6,1758,pin
05GRU,r1r4k/3qppbp/6pn/1p1PP3/p1B1P1P1/1bQ4P/1B1N1P2/R1R3K1 w - - 0 29,c4b5 d7b5 c3c8 a8c8 c1c8 h6g8,1759,defensiveMove hangingPiece
09ppM,3rk3/R5Pb/2P5/4P3/1N6/8/3p1K2/8 w - - 2 52,c6c7 d2d1q c7d8r d1d8,1759,promotion
0FA24,r3k2r/ppp2ppp/2p2q2/2b5/4P1b1/3P2P1/PPP1Q2P/RNB1KB1R w KQkq - 3 10,e2g2 g4f3 g2d2 f3h1,1759,skewer
02sJP,3rr1k1/4ppbp/pp1p4/3P2R1/P1P3b1/1PN3P1/1B1R2K1/8 b - - 1 32,g4d7 c3e4 f7f6 e4f6 e7f6 b2f6,1760,kingsideAttack pin
04L43,2k5/1p6/3B2P1/2P5/3r4/p4K2/8/8 b - - 0 57,d4d1 g6g7 d1g1 d6g3,1760,advancedPawn defensiveMove
015JV,8/p5p1/1p3p2/4pkp1/3p2P1/1P1P1K1P/P1P2P2/8 b - - 0 37,f5g6 f3e4 g6f7 e4d5,1761,pawnEndgame
03McI,rn2k1qr/p3b1p1/2p1bnQp/1p2N3/3P4/1P6/P1P2PPP/R1B1R1K1 b kq - 5 15,e6f7 e5f7 g8f7 e1e7 e8e7 c1a3 e7d8 g6f7,1761,attraction deflection exposedKing pin
0yxmS,5rk1/p5pp/bp3q2/3p4/3Pp3/2Q1P1B1/P4nPP/R2R2K1 w - - 0 25,g3f2 f6f2 g1h1 a6f1 d1f1 f2f1 a1f1 f8f1,1761,backRankMate
02jDq,1r4rk/6np/7Q/p1p1q2p/N1Pp1p2/1P1P2B1/P5R1/5KR1 w - - 0 39,h6f4 b8f8 g2f2 f8f4,1762,pin
0AMku,8/pp6/8/3P1k2/5p2/1P1K4/P7/8 w - - 1 49,d5d6 f5e6 d3e4 e6d6 a2a3 d6c5,1762,pawnEndgame
09JhC,r4rk1/3p1ppp/pp6/1p1QP3/8/2P2KP1/1P5q/RN2R3 b - - 0 20,h2b2 a1a2 b2a2 d5a2,1763,trappedPiece
05GCA,8/p3r2p/3k4/R4b2/8/P1P1K1P1/1P5P/8 w - - 3 36,e3d4 e7e4 d4d3 e4e5,1764,discoveredAttack
0OW4a,8/4q3/P4pk1/2Np1p1r/3PnQp1/4P1P1/6P1/5RK1 w - - 1 36,f1a1 e7h7 c5e4 h5h1 g1f2 h1a1,1764,skewer
0TLj6,2r2k1r/1p2bPp1/5q2/3p4/7p/P5B1/6PP/R2QR2K w - - 0 26,e1f1 h4g3 f1f6 h8h2 h1g1 e7c5 g1f1 h2h1 f1e2 h1d1 a1d1 g7f6,1764,skewer
02Bzk,8/8/8/8/2n4P/2K3P1/p1N5/1k6 w - - 1 63,h4h5 c4e3 c2e3 a2a1q,1765,advancedPawn deflection promotion
06llD,8/5k2/p3Rp2/4pPp1/2P4p/rPK4P/6P1/8 b - - 7 52,a6a5 c3b2 a3a2 b2a2,1765,rookEndgame trappedPiece
00MQl,r1b2k1r/pp3ppp/2p5/2bp4/3N1Pnq/1B2B3/PPP3PP/RN1QR2K w - - 4 15,d4f3 c5e3 f3h4 g4f2 h1g1 f2d1,1766,discoveredAttack fork
0cpfh,5rk1/1b3rpp/p7/3P4/P2Qp2q/4R3/1P4PP/4RBK1 w - - 1 24,f1c4 h4f2 g1h1 f2f1 c4f1 f7f1 e1f1 f8f1,1766,backRankMate
00gym,r2qkb1r/pp2pppp/3p1nb1/4n3/4P1PN/2PB3P/PP3P2/RNBQK2R b KQkq - 0 11,g6e4 d3e4 f6e4 d1a4 e5c6 a4e4,1767,fork
01UiU,q4rk1/n2P1ppp/p7/6b1/Pp1B2P1/1Pp1RN1n/2Q2P2/R4K2 w - - 0 30,f3g5 a8h1 f1e2 h3f4,1768,mateIn2
03Ezt,8/8/6kp/p1p2pp1/2P2P2/5KPP/P7/8 b - - 0 37,h6h5 f4g5 g6g5 h3h4,1768,attraction pawnEndgame
0PGoz,k1r5/pp1R1p2/8/4Q3/6p1/P1P5/KPP2P2/5q2 b - - 4 32,f1f2 e5c7 c8c7 d7d8 c7c8 d8c8,1768,backRankMate
0nKMn,7k/p1pq2pp/2np4/3Q4/6N1/P6P/8/5K2 b - - 0 37,c6e5 d5a8 d7c8 a8c8,1768,backRankMate
036Ew,3r3r/1kp3pp/ppn2p2/3B4/P2pP3/3P1P2/5P1P/2R2RK1 b - - 1 24,d8d6 c1c6 d6c6 f1c1,1770,pin
01ew5,8/5p2/4p1p1/1pp1PpP1/3k1P2/PP4P1/3K4/8 w - - 1 36,a3a4 b5a4 b3a4 d4c4 a4a5 c4b5 d2c3 b5a5 c3c4 a5b6,1771,defensiveMove pawnEndgame
03tWb,6k1/1p4pp/8/pP1r4/5P2/1P4PP/4R2K/8 w - - 0 35,e2e5 d5e5 f4e5 g8f7,1772,defensiveMove rookEndgame
05JMW,2bnNb1r/r4ppp/p3p2k/1p2N3/1B4PP/8/PP3P2/2KR3R b - - 2 20,f8b4 g4g5 h6h5 e8g7,1772,deflection
05tQv,8/PR6/8/4k3/3p3P/rp2pK2/8/8 w - - 0 44,b7b3 a3a7 b3b5 e5d6,1772,rookEndgame
063Z3,8/6p1/7k/1r2K1RP/5P2/8/8/8 w - - 5 62,e5e4 b5g5 f4g5 h6g5 e4f3 g5h5 f3g3 h5g5,1772,rookEndgame
00Ueq,r1b2rk1/pp4b1/n1pqp1Q1/4p3/2P2PP1/P2B4/1P6/R1B1K2R b KQ - 1 19,f8f6 h1h8 g8h8 g6h7,1773,attraction kingsideAttack mateIn2 pin
01Uzs,rnbqk2r/ppp2ppp/3bpn2/8/4P3/1BN5/PPPP2PP/R1BQK1NR b KQkq - 0 6,f6e4 c3e4 d8h4 e4f2,1773,defensiveMove hangingPiece
02kQt,r3kb1r/pp3pp1/4p1p1/3pN3/2pP3P/2P1P3/PP6/2KB1R2 b kq - 0 22,f7f6 d1a4 e8d8 e5f7 d8e7 f7h8,1773,exposedKing fork
017Bw,r3k2r/1p3ppp/p4n2/3PpbB1/1n6/2N5/PP2PPPP/R2K1B1R b kq - 4 12,f6d5 e2e4 d5c3 b2c3,1774,fork
05393,5r1k/p3q1b1/1p4Qp/2p1P3/2P5/1P3KP1/P7/2B4R w - - 1 34,f3g2 e7b7 g2g1 f8f1 g1f1 b7h1 f1e2 h1c1 e5e6 c1b2,1774,attraction deflection skewer
0CB1k,8/8/8/6B1/4p1P1/pkP4P/4K3/8 w - - 0 48,g5f6 b3c4 e2e3 a3a2 h3h4 a2a1q,1774,promotion
005gP,8/8/3p4/2kP4/1p4P1/2pK4/P7/8 w - - 1 42,g4g5 c5d5 g5g6 d5e6 g6g7 e6f7 a2a4 b4a3 g7g8r f7g8,1775,pawnEndgame
00rFc,8/1p6/1k4K1/7p/7P/5P2/8/8 b - - 0 50,b6c5 f3f4 c5d6 f4f5,1775,defensiveMove pawnEndgame
06YCj,r1b2rk1/pp4p1/4p1QR/3pqpp1/2p5/4P3/P1B1KPP1/3R4 b - - 1 20,f8f6 g6e8 f6f8 h6h8 g8h8 e8f8,1775,attraction deflection
0CS5U,r2qk1r1/p1pn1pBp/2Q1p3/2b5/5P2/1P6/P1PN2PP/R3K2R w KQq - 1 14,g7f6 d8f6 c6a8 e8e7 a8g8 f6a1 e1e2 a1h1,1775,skewer
0L3JK,7R/8/8/8/5krP/4p2K/8/8 b - - 2 62,e3e2 h8f8 f4e3 h3g4 e2e1q f8e8 e3d2 e8e1,1775,skewer
01X5n,8/8/7p/p1r3p1/2PKpkP1/7P/4R3/8 b - - 2 40,c5e5 e2f2 f4g3 d4e5 g3f2 e5e4,1776,deflection rookEndgame
023zD,1r3rk1/p1p1bppp/3q1n2/1Qn5/8/2N2NP1/PP1PPP1P/R1B1K2R w KQ - 5 13,b5c4 b8b4 c4b4 c5d3 e2d3 d6b4,1777,attraction discoveredAttack
02mSD,8/6pp/p2kP3/3Pr1p1/PPr5/3R4/5KPP/3R4 w - - 3 40,d3e3 c4c2 f2f3 g5g4 f3g3 e5e3,1777,deflection rookEndgame
03NqJ,3K2k1/5p2/7r/4PR2/8/8/8/8 w - - 0 82,d8e7 h6e6 e7d8 g8g7 f5f1 e6e5,1777,rookEndgame
01IW8,r5r1/pb2kp1Q/2p5/q1b1N2P/1p2P3/8/PnP1N3/1K1R4 b - - 0 24,b2d1 h7f7 e7d6 e5c4,1778,mateIn2
02ZlS,2k3r1/pp1b1p2/2pp1q2/4p3/2BPP2P/2Q2nb1/PPP5/2K2R1R b - - 0 23,e5d4 c3f3 f6h6 c1b1,1779,defensiveMove
04BxX,3r3r/bpq3k1/p4ppp/4Nb2/2B3P1/1P3n1P/PB3P2/RNQ1R1K1 w - - 1 20,e5f3 c7g3 g1h1 g3f3,1779,kingsideAttack pin
08Eig,8/8/1p6/1P2k3/P4p2/5K2/8/8 w - - 0 44,a4a5 b6a5 b5b6 e5d6 f3f4 a5a4 b6b7 d6c7 b7b8q c7b8,1779,pawnEndgame
08uBQ,5rk1/4q2p/4pppP/1p1b4/pNrQ1P2/3B2P1/PKP5/3R4 w - - 4 30,d3c4 e7b4 c4b3 b4d4 d1d4 a4b3,1779,hangingPiece
001h8,2r3k1/2r4p/4p1p1/1p1q1pP1/p1bP1P1Q/P6R/5B2/2R3K1 b - - 5 34,c4e2 h4h7 c7h7 c1c8 g8g7 c8c7,1780,deflection kingsideAttack
0B2dw,8/R6R/1p6/4k3/1q6/6PK/3p3P/8 w - - 0 36,h7e7 b4e7 a7e7 e5d6 e7f7 d2d1q,1780,promotion
01G4i,6r1/1pp2rpk/p4nR1/3qpP1P/8/2P3Q1/PP3P1K/6R1 b - - 6 35,f6h5 g6h6 g7h6 g3g8,1781,mateIn2
02tEM,1n6/RP2K2k/1r2p1p1/8/5P2/6P1/8/8 b - - 4 56,h7g7 e7d8 b8c6 d8c7 b6b7 a7b7,1781,defensiveMove
09IAD,5b1r/5p1p/3kp1p1/8/3P1P2/Q7/PrP3qP/R3K2R b KQ - 2 21,d6d5 a3a8 d5d6 a8g2,1781,skewer
00he6,2k5/pp3p2/5q2/2b1p1p1/4P1Pr/1nN2BK1/PPP3P1/R2Q4 w - - 3 23,c3d5 f6f4 d5f4 e5f4,1782,mateIn2
07ijR,8/k7/pp6/1P1p2p1/P2P2P1/2K5/8/8 b - - 4 50,a7b7 b5a6 b7a6 c3b4 a6a7 b4b5 a7b7 a4a5 b6a5 b5a5,1782,pawnEndgame
0sfZU,5r1k/1p4pp/p4q2/3R4/2Q1R3/8/P5PP/6K1 w - - 1 27,e4e1 f6f2 g1h1 f2e1 c4f1 f8f1,1782,backRankMate
156iA,6k1/pp3p1p/3b1qp1/1P6/8/7Q/4rPPP/R4RK1 w - - 1 24,a1a7 f6f2 f1f2 e2e1 f2f1 d6c5 h3e3 c5e3 g1h1 e1f1,1782,backRankMate
00IUW,8/Q1p1r1kp/5pp1/3P3r/4P3/2N2bPq/PPP2R1P/5RK1 w - - 3 23,a7e3 h3g3 h2g3 h5h1,1783,kingsideAttack mateIn2
00hSW,2R5/4b1pk/1r5p/2pPN3/1p2P3/3P4/4K1PP/8 w - - 1 39,e5d7 b4b3 d5d6 e7d6 d7b6 b3b2 b6c4 b2b1q,1783,advancedPawn promotion
04TQD,3r1rk1/pp2qpp1/2p1p2Q/8/8/1P4R1/6PP/5R1K b - - 0 29,g7g6 g3h3 f7f6 h6h8 g8f7 h3h7 f7e8 h7e7,1783,skewer
07mi1,3kb3/pp3qp1/3Q3p/2pNp3/P1PnP3/1P5P/7K/8 b - - 0 29,e8d7 d6c7 d8e8 c7b8 d7c8 b8c8,1783,exposedKing
00IYg,r1b2r2/pp2npp1/1qn1p1k1/3pP1N1/3P3P/P7/1P1Q1PP1/RN2K2R b KQ - 0 13,f7f6 h4h5 g6h6 g5e6 h6h7 e6f8,1784,discoveredAttack
07MXx,1k1r3r/Npp1qpbp/p2pbnp1/8/3QPB2/5P2/PPP2P1P/1K1R1B1R w - - 2 14,f4e3 c7c5 a7c6 b7c6,1784,trappedPiece
0COOC,1r3rk1/pbQnqpbp/1p1p2p1/5P2/3Pn3/1N1B1N2/PP4PP/R1B2RK1 w - - 1 15,f5g6 f8c8 c7b7 b8b7,1784,trappedPiece
0xim3,r4r1k/pQ3Npp/1np3q1/8/8/1B3P1P/PP2n1P1/3R3K b - - 0 24,f8f7 b7a8 b6a8 d1d8 f7f8 d8f8,1784,backRankMate
02Yx1,4R3/8/8/KP2r3/5k2/8/8/8 w - - 1 65,a5a6 e5e8 a6b6 f4e5,1785,defensiveMove hangingPiece rookEndgame
05JKA,8/3NpQ1p/3p2p1/3P4/1p2qn1k/1P6/5PP1/5K2 w - - 0 38,f7h7 h4g5 h7e7 e4e7,1785,defensiveMove
06rX7,r6r/1pN1kppp/p4n2/4p3/3nq1b1/2P1B3/PP3PPP/2RQKB1R w K - 1 15,d1a4 d4f3 g2f3 e4a4,1786,discoveredAttack
07VFI,r1bq2k1/1p1n2Bp/4p1p1/3pPr2/3P4/1p3N2/PP1Q1PP1/R3K2R b KQ - 0 16,g8g7 d2h6 g7f7 h6h7 f7e8 h7g6,1786,deflection
0F6J3,8/8/2K2k2/2N2p2/1P3n2/8/8/8 b - - 1 52,f4e6 c5e6 f6e6 b4b5 f5f4 b5b6 f4f3 b6b7 f3f2 b7b8q f2f1q b8e8 e6f6 e8f8 f6e5 f8f1,1787,promotion skewer
005HG,r2q1rk1/p1p2pp1/3bbn1p/4N3/2Q5/1P4P1/PB1PPP1P/RN2K2R w KQ - 1 12,c4c2 d6e5 b2e5 d8d5 f2f3 d5e5,1788,fork
047oD,r3k2r/pppb1ppp/2n1pn2/8/QbPPq3/2N1B3/PP2NPPP/R3KB1R w KQkq - 9 9,a2a3 c6d4 a4b4 d4c2 e1d2 c2b4 c3e4 f6e4,1788,pin
04Vom,r1bQ4/3p2pk/3B1p1p/pNP2P2/P3q3/3n4/1P4PP/R4RK1 w - - 0 27,d6f8 c8b7 f1f3 a8d8,1788,discoveredAttack
00zeF,5b1r/1pk3pp/pN2p3/8/4n1Pq/3r3P/PQ3P2/2R1K2R b K - 1 20,c7b8 c1c8 b8a7 c8a8,1789,mateIn2
07p1C,1r2r1k1/5p1p/4b1p1/2p5/1n1b1N2/1P3PPq/P2BK2P/1BRQ3R w - - 9 23,f4h3 e6c4,1789,mateIn1
02Mby,3k4/pQ6/2p2p2/2Pqp3/8/6P1/5PKP/8 w - - 1 35,g2h3 d5d7 b7d7 d8d7 h3g4 a7a5,1790,defensiveMove
06cyh,6k1/5p1p/8/pR6/2r1rp2/7P/PP1KpP2/4R3 w - - 0 31,e1e2 e4d4 d2e1 c4c1,1790,rookEndgame
08R6X,8/7p/4kp2/2p2PP1/4K3/7P/8/8 b - - 0 43,e6f7 h3h4 c5c4 e4d4 f6g5 h4g5,1790,pawnEndgame
03z3g,2k5/2P4p/P7/1K6/2R3p1/5p2/r6P/8 w - - 0 40,c4a4 a2a4 b5a4 c8c7 a6a7 c7b7,1791,rookEndgame
08XVE,krr5/8/2p3Q1/3q2b1/1p1P1p2/1N5P/1K3P2/4R3 b - - 0 41,f4f3 e1a1 a8b7 b3c5 d5c5 d4c5,1791,exposedKing
0CUav,r7/p3R3/2pN2p1/1p1pPbkp/8/P4PP1/1n2K2P/8 b - - 0 41,b2c4 d6f7,1791,mateIn1
03ZZq,7r/1p4k1/p3qp1p/4n1p1/3N2P1/8/PP5Q/K1R5 b - - 0 35,e6d7 c1c7 d7c7 d4e6 g7g6 e6c7,1793,attraction pin
08REn,8/b1k2B2/8/3p1nPP/P7/2P5/6K1/8 b - - 0 48,c7d6 h5h6 d5d4 h6h7 d4c3 h7h8q,1793,promotion
0HsHn,8/6P1/1ppk4/p2p3P/6Q1/2P5/P1P1r1K1/4r3 w - - 1 37,g2h3 e1h1 h3g3 h1g1 g3f3 g1g4 f3g4 e2g2,1793,skewer
0SWtF,6k1/3N2p1/3Rp2p/p6q/P2P4/5r2/1Q4P1/5K2 w - - 0 35,g2f3 h5h1 f1f2 h1h2 f2e3 h2b2,1793,skewer
0095W,8/pp1r2kp/q2P1ppb/4p3/2N1P3/1Q5P/PPR2PP1/6K1 w - - 3 32,c4e5 f6e5 c2c7 a6d6,1794,hangingPiece
02Nl2,r1br2Bk/1p6/p1p1p2p/4P3/8/2P2q2/PPQ5/1K5R b - - 1 25,d8g8 h1h6 h8g7 c2h7 g7f8 h6f6 f3f6 e5f6,1794,exposedKing fork
05BWr,6k1/5p2/p1b1p3/1p2q1r1/5N1Q/1PP5/2P2rP1/3R2RK b - - 4 31,f2f4 d1d8 g8g7 h4h8 g7g6 d8g8 g6f5 g8g5 f5g5 h8e5,1794,attraction
0XFsZ,6k1/p1Qp1p2/P5pb/4P2p/3N1q2/2P5/1r3PPP/5RK1 w - - 4 35,c7a7 f4f2 f1f2 b2b1 f2f1 h6e3 g1h1 b1f1,1794,backRankMate
06Qu1,8/8/1Q4p1/6Pp/4p2P/p4k2/5p2/1K6 w - - 2 51,b6f6 f3g2 f6c6 f2f1q,1795,promotion
083xB,7k/6p1/5q2/4p2p/2P1R2P/1P4r1/P7/5RKQ w - - 0 38,h1g2 g3g2 g1g2 f6g6 g2f3 g6f5 f3e3 f5f1,1795,attraction exposedKing skewer
0Lmp0,3r2k1/7p/8/3PK3/1p3P1P/3R4/1r6/4R3 w - - 2 40,e5e6 d8e8 e6f6 e8e1 d5d6 e1e8 d3g3 g8f8,1795,skewer
0RrTi,r4k1r/1pR1nppp/1p2p3/3pP3/1Q6/8/1B3PPP/1q2N1K1 b - - 9 21,a8e8 b4e7 e8e7 c7c8 e7e8 b2a3 b1b4 a3b4 f8g8 c8e8,1795,backRankMate
00NHK,r1b2rk1/1p2b1p1/pqn1p1P1/3pP3/1P1P4/P1N1P3/6P1/R2QK2R b KQ - 0 17,c6e5 h1h8 g8h8 d1h5 h8g8 h5h7,1796,attraction fork
01QsE,k1r5/P1p5/3p1p1r/3Pp2p/4P3/8/3N2PP/R5K1 b - - 1 35,c7c6 d2c4 h6h8 c4b6 a8b7 b6c8,1796,exposedKing fork
01qBb,4rk2/1p2n3/1N2b3/pN2b1pB/P1P1pp2/8/1P3PP1/3RK3 b - - 3 34,e6f7 b6d7 f8g7 h5f7,1796,fork
00008,r6k/pp2r2p/4Rp1Q/3p4/8/1N1P2R1/PqP2bPP/7K b - - 0 24,f2g3 e6e7 b2b1 b3c1 b1c1 h6c1,1797,hangingPiece
02D70,1r4k1/pr2bpp1/2p3b1/3n2B1/N1B5/P4P2/KP5P/R5R1 w - - 5 24,g5e7 b7b2 a4b2 d5c3,1797,mateIn2
04uxm,2k5/5p2/Q1P2p2/4p3/7p/P6P/6PK/3r1r2 b - - 4 37,c8c7 a6b7 c7d6 b7d7 d6c5 d7d1 f1d1 c6c7 d1d6 c7c8q,1797,advancedPawn exposedKing promotion
00D77,5rk1/bpp3pp/p1npb3/4p3/1P2Nr1q/P1PP3P/1B1QBPR1/2K3R1 b - - 2 21,h4h3 g2g7 g8h8 e4g5,1798,kingsideAttack
07JLL,rn1qk2r/pp3pp1/3pbb1p/4pN2/4P3/3B4/PPP2PPP/RN1QK2R w KQkq - 0 10,f5d6 d8d6 d3b5 e8e7,1799,hangingPiece
02jSd,6k1/5p2/p4P2/1p1pP3/2pP4/P7/1P4P1/7K w - - 0 50,g2g4 a6a5 h1g2 b5b4 a3b4 a5b4,1800,pawnEndgame
03ySM,2r3k1/5pp1/Qq2b2p/3p4/3P4/3B3P/1P3PP1/4R1K1 b - - 0 26,b6d4 a6c8 e6c8 e1e8,1800,mateIn2
07uT4,4R3/1p4pk/p1p1Q2p/3p1Pb1/6P1/6q1/PP6/4K3 w - - 2 39,e1d1 g3d3 d1e1 g5h4,1800,mateIn2
0NDvC,2b2rk1/Rq1n1pp1/2pPpn1p/1pB1N3/8/1PP5/2P1QPPP/6K1 b - - 2 20,b7b8 e5c6 c8b7 c6b8,1800,trappedPiece
1m4XI,4r1k1/p4ppp/1qp2b2/8/2P5/1PP1r1P1/P4Q1P/4RRK1 b - - 2 25,f6c3 f2f7 g8h8 f7f8 e8f8 f1f8,1800,backRankMate
013zx,1r1q1rk1/1b2bppp/p7/1p1ppP2/3pP1Q1/P2P2P1/BPP4P/R1B2RK1 b - - 1 16,d5e4 c1h6 e7f6 h6g7 f6g7 f5f6 d8f6 f1f6,1801,pin
0165r,8/7r/2R4P/6k1/4p3/8/4KP2/8 b - - 4 51,h7h6 c6h6 g5h6 e2e3 h6g5 e3e4 g5f6 e4f4,1801,defensiveMove rookEndgame
0CAJl,8/1P6/4p1k1/6P1/1PpP3P/2K5/8/5q2 w - - 0 44,b7b8q f1c1,1801,mateIn1
00HqY,8/6p1/8/6k1/4P3/5KpP/8/8 b - - 3 46,g5h4 f3g2 h4g5 g2g3,1802,pawnEndgame
00ZEc,1r3bk1/5p2/3P1qRP/r1n1p3/ppB5/P2Q1P2/1PP5/1K6 b - - 0 35,g8h7 g6g7 h7h6 d3h7,1803,mateIn2
07nGk,8/p7/krQ4n/2Pp3p/3P4/3q2B1/PP4PP/6K1 w - - 1 31,c5b6 d3d1 g3e1 d1e1,1803,mateIn2
08qdE,6k1/5ppp/p1pb3q/1p6/3P2P1/1BP1n1P1/PP1N1KQ1/R1B1r3 w - - 1 23,g2f3 h6h2 f2e1 d6g3 f3g3 h2g3,1803,deflection
01faz,3nrr1k/1ppR2p1/p6p/6NQ/2B2p1P/1P6/P1PK1PP1/q6R b - - 2 22,a1h1 h5h6 g7h6 d7h7,1804,kingsideAttack mateIn2
0clYh,1R6/6pk/7p/2p1B3/1pb1n3/5N1P/P1P1r3/2R1K3 w - - 4 36,e1d1 e4f2,1804,mateIn1
1OXVb,3r1r1k/pp2bB1n/7Q/2q5/4p3/8/PPP2PPP/3R1RK1 w - - 1 21,f7g6 c5f2 g1h1 f2f1 d1f1 f8f1,1804,backRankMate
04h4k,rn2nrk1/pp2q1bp/2pp2p1/5bP1/2P1BP2/2NP4/PP1BQ3/R3K1NR b KQ - 4 15,g7c3 e4d5 c6d5 e2e7,1805,discoveredAttack kingsideAttack
05USr,r2q1rk1/p1p3pp/2pbbn2/8/3p4/5N2/PPPPNPPP/R1BQ1RK1 w - - 0 11,f3d4 d6h2 g1h2 f6g4,1805,attraction kingsideAttack
0TRiV,8/8/3B3R/1p1RPkP1/p3N2P/P7/KP6/2r1r3 w - - 0 43,b2b4 c1c2,1805,mateIn1
03HYt,3k4/3r4/6R1/4R2p/1p2P2P/pP1bPK2/r4NP1/8 w - - 0 42,e5h5 d3e2 f3g3 e2h5,1806,skewer
04Sku,r2qkbnr/1pp3pp/p1n5/3pp3/5B2/2PBPQ2/PP3PPP/RN2K2R w KQkq - 0 9,f4e5 c6e5 f3h5 e5f7,1806,defensiveMove hangingPiece
1Tt8d,rnbk3r/ppp2ppp/6q1/1B1P4/8/Q7/P4PPP/1N2R1K1 b - - 0 15,c8d7 a3e7 d8c8 b5d7 b8d7 e7e8 h8e8 e1e8,1806,backRankMate
02MnG,8/8/7R/P2R2p1/7P/3p1P1K/5kr1/3b4 w - - 6 49,d5d3 g5g4 f3g4 d1g4,1807,mateIn2
0AneJ,8/8/3PK2k/4p3/7p/4rp2/8/5R2 b - - 0 49,h4h3 d6d7 e3d3 f1f3 d3f3 d7d8q,1807,promotion
04o4M,q2r1rk1/p1R3p1/Bp2bp1p/8/5B1Q/1P5P/P5PK/8 b - - 5 29,a8e4 c7g7 g8g7 f4h6 g7g6 h4e4,1808,attraction discoveredAttack
05nku,8/6p1/p7/3p1kp1/2p5/1PP1K1PP/P7/8 b - - 0 36,f5e5 b3b4 d5d4 c3d4,1808,pawnEndgame
09nKF,8/4bk2/P3p3/3p1p1P/3P4/1pr1PK2/R3B3/8 w - - 0 47,a6a7 b3a2 a7a8q c3a3 a8h8 a2a1q,1808,promotion
00Nay,r2q1r2/ppp2pk1/3p1n2/4p1p1/2B1P3/2NP2Q1/PPP5/2K4R b - - 0 19,g7g6 g3h3 f8h8 h3f5 g6g7 f5g5,1809,deflection
00zqB,3r1rk1/pp6/5pb1/2p2q2/8/P2P4/1PP4Q/2K3RR b - - 1 27,c5c4 h2h7,1809,mateIn1 pin
01AcF,8/6k1/4pRP1/3pPp2/2r2K2/2P5/8/8 w - - 1 43,f4g3 c4g4 g3f3 g4g6,1809,rookEndgame
02EM7,2q5/4Q3/4p1k1/3p2P1/p2Pp3/4P3/5PK1/8 b - - 0 52,a4a3 e7f6 g6h7 g5g6 h7h6 g6g7 h6h7 f6f8,1809,advancedPawn discoveredAttack exposedKing
2iYzE,4r1k1/ppp2ppp/8/2Q5/2B1q3/N1P1n3/PP1r3P/K3R1R1 w - - 16 24,c5g5 e3c2 a3c2 e4e1 g1e1 e8e1 c2e1 d2d1 g5c1 d1c1,1809,backRankMate
030Hr,8/pp4p1/2k2ppp/r2r4/1P1p2P1/2PR3P/5P2/1K1R4 b - - 0 30,a5a3 c3c4 a3d3 c4d5 c6d5 d1d3,1810,exposedKing rookEndgame
04aVu,r7/1p1Q4/nk1p4/pNpPpp1B/2P5/8/PP1K2P1/5q2 b - - 2 36,f1c4 d7d6 b6b5 h5e2 c4e2 d2e2,1810,pin
07TJ3,r2qkb1r/pp4p1/n2pP3/4p3/2P1Np2/8/PP3PKB/R2Q1R2 b kq - 0 20,d8h4 d1a4 b7b5 a4b5 e8d8 b5d7,1810,exposedKing
1Azp2,5r1k/p1p1R1pp/8/q7/2Q5/8/Pr3PPP/5RK1 b - - 2 26,b2a2 c4f7 f8f7 e7e8 f7f8 e8f8,1810,backRankMate
00dqP,r1b2rk1/5p1p/p3pP2/1p1p4/5q1n/1P5P/P1P1QPB1/1K1R2R1 b - - 2 21,f4f6 g2d5 h4g6 d5a8,1812,discoveredAttack
02rnR,2r5/3k2p1/p2p4/1pqR2b1/2n1Bp2/P7/1PP1Q1PP/2K4R b - - 9 26,c5d5 e2g4 d5e6 e4f5 c8c5 f5e6,1812,pin
016rF,r4qk1/pppb2p1/1bnp1R2/6N1/8/2NQ2B1/PP4PP/7K b - - 0 19,f8f6 d3h7 g8f8 h7h8 f8e7 c3d5,1813,kingsideAttack
086qw,4r1rk/p1q2p1p/5n2/8/1Q1p4/1P1B1P2/P1PPKP1P/RN2R3 w - - 5 21,e2d1 e8e1 d1e1 g8g1 e1e2 c7e5 d3e4 f6e4,1813,attraction
09fDR,r1bq1rk1/pp3ppp/2pb4/4n3/2B3Q1/2NP4/PPP2PPP/R1B1R1K1 w - - 2 12,g4d4 e5f3 g2f3 d6h2 g1h2 d8d4,1813,discoveredAttack
0OTQL,3k4/1p6/1Pp2p2/2P2B2/2qPQ2P/K7/3b4/8 w - - 5 47,e4d3 d2c1,1813,mateIn1
0TuYc,2R5/2Q3pk/3qp3/5p1p/7P/5r1K/3r2P1/2R5 w - - 0 44,g2f3 d2h2,1813,mateIn1
003wQ,2r2rk1/6pp/3Q1q2/8/3N1B2/6P1/PP1K3P/R4b2 w - - 0 24,a1f1 f6d6 f4d6 f8f1,1814,pin
06FKc,3k2nr/2p3p1/p1Qbbq1p/8/4p3/4B3/PPP2PPP/2KR3R b - - 3 17,g8e7 d1d6 c7d6 e3b6,1814,mateIn2
00G1l,5k2/1R6/3pp1P1/2p5/1pr1PK2/5P2/8/8 b - - 0 60,c4c1 f4g5 c1g1 g5f6,1815,defensiveMove rookEndgame
02FEH,6k1/5pp1/7p/3pP3/3P4/8/1pr1N1PP/1Rb1K3 b - - 5 38,c1d2 e1d1 c2c1 e2c1 b2c1q b1c1,1815,defensiveMove
0D9zG,R7/P3k1r1/3p1qn1/3P3Q/4Pp2/4bPp1/4B1K1/8 b - - 0 45,g6h4 g2h3 h4g6 a8e8 e7e8 a7a8q,1815,promotion
31gi2,r1q1r1k1/pRp2ppp/1n2p3/2BpP3/3P4/2PPPQ2/P5PP/5RK1 b - - 6 16,c8b7 f3f7 g8h8 c5f8 e8f8 f7f8 a8f8 f1f8,1815,backRankMate
01H66,4r3/6K1/8/5RP1/1PpP4/P1P3k1/8/4b3 w - - 5 52,f5e5 e8e5 d4e5 e1c3 g7g6 c3e5 g6f5 c4c3 f5e5 c3c2 g5g6 c2c1q,1816,advancedPawn pin promotion
0CH48,8/8/1p2pk2/pP1p4/P2P1PPr/2p3R1/8/6K1 w - - 0 43,g1g2 h4g4 g3g4 c3c2 g2f3 c2c1q,1816,promotion
03fUR,2r3k1/p2pqpp1/1p6/2r5/5Q2/P2P3R/1P4PP/5R1K b - - 0 27,c5g5 f4h4 f7f6 h4h8 g8f7 h8c8,1817,skewer
07Szi,1r6/4qp1p/pQBbkn2/P1P5/2p5/4P2P/5PP1/1R2K2R w K - 1 24,c6d5 f6d5 c5d6 b8b6,1817,hangingPiece
0hJ4j,8/4ppk1/5qp1/8/4P2r/1QPrB1K1/1P3PB1/5R2 w - - 3 28,b3b5 f6f4,1817,mateIn1
03MWw,r1b3k1/pp4r1/2pqp1n1/5n1Q/3P2P1/7R/PPB2P1P/3R2K1 b - - 4 27,g6f4 h5e8 d6f8 h3h8 g8h8 e8f8,1818,attraction deflection exposedKing kingsideAttack
04bMQ,3R4/8/p5r1/2P3p1/P7/1K2pk1P/8/8 w - - 0 39,d8d6 e3e2 d6g6 e2e1q,1818,advancedPawn promotion rookEndgame
05eXK,8/6k1/6p1/3n4/1pKP4/r1pN2P1/7P/2R5 b - - 5 47,b4b3 c4d5 b3b2 d3b2,1818,hangingPiece
0p3r4,1kr5/ppr2pp1/3Q4/6Pp/5P2/4b2P/PPq5/K2RR3 w - - 10 30,e1e3 c2d1 d6d1 c7c1 d1c1 c8c1,1818,backRankMate
00qb9,8/8/3k4/1p6/1Pp1K3/2P5/8/8 b - - 2 54,d6c6 e4e5 c6d7 e5d5,1819,pawnEndgame
04Qe0,8/pp3k2/1npQ4/3pP3/8/2P1b3/PP2b2q/1K1R1B2 b - - 0 26,e2d1 e5e6 f7f6 d6h2,1819,discoveredAttack
04sEr,r3kb1r/p2b2p1/2p1pp2/q3P1N1/Pn1PB2p/1Q5P/1P2NPP1/R4RK1 w kq - 0 20,e5f6 a5g5 f6g7 g5g7,1819,hangingPiece
05V7Z,Bn2r1k1/p4ppp/3p4/2p3bP/3p2P1/1P1Q4/1PP1N2q/R2NK3 w Q - 0 21,d1f2 h2g1,1819,mateIn1
09CvB,r4rk1/1ppR1pp1/1b6/p3p1P1/P6B/1BP4Q/1P2qP1K/8 b - - 0 30,a8d8 b3f7 f8f7 d7d8,1819,deflection
0JlEy,8/pb3p2/1p3Pp1/2p1k1P1/P1P1P1KP/1P3R2/4R3/7r w - - 5 52,f3d3 b7c8 g4f3 h1h3 f3g2 h3d3,1819,skewer
0MekL,r1bk1b1r/2qn1ppp/p2p1n2/3P1NB1/1p3P2/3BQ3/PPP3PP/2KRR3 b - - 4 15,a6a5 e3e8,1819,mateIn1
02JQH,rn1b1rk1/6p1/3p4/2pPpp1Q/Np1q3P/1P1B4/P4P2/1K1R2R1 b - - 3 23,d4h4 g1g7 g8g7 d1g1 h4g5 g1g5,1820,attraction kingsideAttack
09CJh,rn2kb1r/p4ppp/2p2q2/3p4/3Q2b1/5N2/PPP2PPP/RNB1K2R b KQkq - 0 9,f8e7 d4g4 f6e6 g4e6,1820,hangingPiece
0fcue,r3kb1r/p1p2p2/2p1pR2/4B3/3P4/2N3pq/PPP1B3/R2Q2K1 w kq - 0 17,e2g4 h3h1,1820,mateIn1
02dAS,r1b2rk1/6pp/p1pp4/4n3/1PP1p1pq/P1N1P3/1B2BPP1/2RQ1RK1 w - - 0 17,g2g3 h4h3 c3e4 e5f3 e2f3 g4f3 d1f3 f8f3,1821,kingsideAttack
08LZy,2k3r1/pp1r1p1p/1qp1p1b1/2P1Q1B1/3P4/bP5P/P3KPP1/R2R4 b - - 0 21,b6b4 g5f4 c8d8 e5b8 d8e7 b8g8,1821,skewer
0LSaC,1rr5/k4p1p/B1Qp3q/1PnPp1p1/8/8/P4P1N/R1R3K1 w - - 3 29,b5b6 a7a6 c1c5 c8c6,1821,trappedPiece
07LnK,8/8/8/8/1p6/1kp5/1P6/K7 w - - 0 52,b2c3 b3c3 a1a2 c3c2,1822,pawnEndgame
0AWv5,rn4k1/3q1p2/2p2Qpr/pp2P3/3P2RP/5P2/PP1K4/6R1 b - - 0 27,d7e6 g4g6 f7g6 f6e6,1822,deflection
0Aeof,r6k/1b4b1/p1q1p1pN/1p6/8/7Q/PP3PPP/4R1K1 b - - 0 27,g7b2 h6f5 h8g8 f5e7 g8f8 e7c6,1822,discoveredAttack
0BO1x,1r3rk1/2p1qppp/p3bn2/8/2p1P1P1/P1NP1P2/1PPQ3P/1K1R1B1R w - - 0 18,b1a1 b8b2 a1b2 f8b8 b2a2 c4d3 c3d5 f6d5,1822,discoveredAttack
0F8o2,r4r2/2pb2k1/p2p2pb/1p1Pnp2/8/P1P3Q1/1PB2PPP/R3R1K1 w - - 0 23,a1d1 f5f4 g3h4 g6g5 h4h5 d7g4 h5g4 e5g4,1823,trappedPiece
00jgd,5Q2/8/8/8/pn6/k6r/8/2K5 w - - 2 83,f8d6 h3c3 c1d2 c3d3 d6d3 b4d3,1824,exposedKing fork
03rTq,4Q3/2p3pk/1p1r4/pP1Pp3/P3Pp1p/2N2b1q/5PRN/6RK w - - 0 34,e8e5 d6g6 e5h5 f3h5,1824,pin
05FMy,5q1k/6p1/2Q1R2p/p1p1p3/3r4/6P1/5PK1/8 b - - 2 38,f8f5 c6c8 h8h7 e6h6 h7h6 c8f5,1824,discoveredAttack
0FREF,r4rk1/5ppp/p1p1p1n1/2Q5/q3P3/5P2/3RN1PP/5R1K b - - 3 21,h7h6 e2c3 a4b3 f1b1 b3b1 c3b1,1824,trappedPiece
0TPv5,8/3R3p/8/4k1pB/1N2pp2/7P/6PK/2q5 b - - 1 42,c1e1 b4d3 e4d3 d7e7 e5d6 e7e1,1824,skewer
021Au,3rr3/5bbk/2q3pp/2pnpp2/7P/1PBP1NP1/R1Q2PB1/4R1K1 b - - 0 29,d5c3 f3g5 h6g5 g2c6,1825,discoveredAttack
042tk,7k/pp2Q2p/7P/5p2/8/1P4q1/P2p4/3R2K1 w - - 0 35,g1f1 g3f3 f1g1 f3d1 g1f2 d1e1,1825,exposedKing fork
0sILd,8/5k1p/2Q3p1/3p2q1/4n3/2PN1P2/PP3KPP/2R5 w - - 1 28,f2g1 g5e3 g1h1 e4f2 d3f2 e3c1 f2d1 c1d1,1825,backRankMate
00lHu,8/p7/6P1/4p3/R4pK1/1r2k2P/8/8 b - - 0 47,f4f3 g6g7 b3b8 a4a3,1826,advancedPawn rookEndgame
02G2S,7R/1P3k2/6p1/5p1p/1r3K1P/8/6P1/8 w - - 5 52,f4g5 f7g7 h8g8 g7g8 b7b8r b4b8,1826,rookEndgame
02fKi,r2q1nr1/pp2pk1R/2p1pb2/3p1nB1/3P1NQ1/2N5/PPP2P2/2KR4 b - - 2 18,f8h7 g4h5 f7g7 f4e6,1826,deflection fork
04jp6,3r2k1/3q1ppp/1P6/8/2Qbp3/6PP/6K1/3R4 b - - 0 34,d7d5 c4d5 d8d5 b6b7 d5b5 d1d4,1826,advancedPawn
05Hgo,6k1/7p/bPBB4/5pp1/3P4/4P1PK/5P1P/4n3 w - - 0 40,b6b7 a6f1 c6g2 f1g2,1826,mateIn2
05IZx,r1bq1rk1/ppp3p1/5n1p/4b3/8/2PBB3/PP3PPP/RN1QK2R w KQ - 0 12,e1g1 e5h2 g1h2 f6g4 h2g1 d8h4,1826,attraction kingsideAttack
07C2e,7k/p1q1KQ2/1p3Pp1/8/2P5/8/5P2/8 w - - 19 69,e7f8 c7d8 f7e8 d8f6,1826,deflection
04cB1,8/8/3k3p/pppP2p1/4Pp2/1P1K1P2/P5PP/8 w - - 0 33,g2g3 f4g3 h2g3 h6h5,1827,defensiveMove pawnEndgame
07pCZ,7k/p4p1p/6p1/3P4/8/2r3P1/4PP1P/5K1R w - - 0 28,e2e4 c3c1 f1e2 c1h1 d5d6 h1b1,1827,skewer
0842c,5rk1/pp5p/3p1rp1/PP1Pp3/5b1P/3Q1BPq/1BR2P2/6K1 w - - 5 28,g3f4 f6f4 f3e2 f4g4 e2g4 h3d3,1827,deflection
0ASbW,8/4B3/6p1/5b1p/1P5P/R2k1r2/8/3K4 b - - 0 74,d3c4 a3f3 f5g4 d1e2 c4d4 e2f2,1827,hangingPiece
043eX,2b5/p2rk1Qp/1p1p4/2pP4/2P2p1q/1P1P4/PB4B1/6K1 b - - 10 40,e7d8 b2f6 d8c7 g7d7 c8d7 f6h4,1828,exposedKing fork
05FD9,8/p7/2pp4/8/2KPk3/1P6/2P5/8 w - - 1 55,c2c3 a7a5 b3b4 a5a4,1828,pawnEndgame
0DSUI,r7/4Npbk/5n1p/4pNpP/4P3/4BP2/1p4r1/1K1R3R w - - 3 30,d1d2 g2d2 e3d2 a8a1 b1b2 a1h1,1828,skewer
0MALl,2R5/2p2rp1/1pQp2k1/4p3/4Pp2/5P2/q7/4K3 b - - 12 57,a2a7 c8a8 a7a8 c6a8,1828,trappedPiece
03WsY,8/8/6p1/p2p4/2k4P/8/PP1K4/8 w - - 0 46,b2b3 c4b4 d2c2 b4a3 c2b1 d5d4 b1a1 d4d3 a1b1 d3d2 b1c2 a3a2,1829,advancedPawn defensiveMove pawnEndgame
045AU,8/3q1p1R/4p3/3k1nQ1/4p2P/2B5/5PPK/3r4 w - - 9 37,g2g4 d7c7 h2g2 c7c3 g5d8 f5d6,1829,defensiveMove
06DT8,4r3/4qk1Q/2p1r1p1/p2p1p2/8/1P3RP1/P1P4P/5RK1 b - - 1 36,f7f6 f3f5 g6f5 f1f5,1829,mateIn2
0NL4m,r4rk1/1R3ppp/p1p5/3nP3/8/P4Q1B/2q2PPP/5RK1 b - - 0 20,a8b8 f3f7 f8f7 b7b8 f7f8 h3e6 g8h8 b8f8,1829,backRankMate
00GiQ,5r2/1p3p1k/6pp/p1qp1P2/7Q/5N2/6PP/5N1K b - - 4 31,b7b5 f3g5 h7g7 f5f6 g7f6 g5e4,1830,attraction pin
00MDy,8/pp6/2p1k3/2Pp2pp/1P1P1p2/P2K1P2/6PP/8 w - - 0 42,g2g3 f4g3 h2g3 h5h4 g3h4 g5h4,1830,pawnEndgame
02NZR,r3k2r/pp1bqppp/5n2/1BbpnQB1/8/2N5/PPP2PPP/R3K1NR w KQkq - 8 11,g5f6 e5f3 e1d1 e7e1,1830,mateIn2
08qww,3k1b1r/2rb1Qp1/1pn1p2p/p2pP3/3p1P2/8/PPPB2PP/4RRK1 w - - 0 20,f4f5 d7e8 f7e6 e8f7 e6f7 c7f7,1830,trappedPiece
0CFWb,Q2R3r/1p2kp1p/1Bp1p1p1/8/7q/8/PPP2PPb/5R1K w - - 1 22,a8b7 h2c7 h1g1 h4h2,1830,discoveredAttack
0QcwE,r1bqr1k1/pp3pp1/8/2pN4/2n1KPnp/P2P4/BPP1N1P1/R1BQ1R2 w - - 1 16,e4f3 d8d5,1830,mateIn1
0aZ41,2q1r2k/1r3R1p/p1p1QNpB/1pb1P3/8/8/PPP2PPP/4R1K1 b - - 0 23,c8e6 h6g7,1830,mateIn1
0ghFu,1k1r3r/1pp3p1/p7/2bNpp1p/2BqP1n1/P1PP1RKP/1P2Q1P1/4R3 w - - 0 24,c3d4 h5h4,1830,mateIn1
022dV,r2q1rk1/ppp2ppp/5b2/4N3/1n1P2Q1/2N5/PP4PP/R1B2RK1 w - - 7 15,c3e4 d8d4 g1h1 f6e5,1831,fork
01hL1,3qr1k1/1b3pp1/p2p1b2/1p6/1P2PBQ1/P1pP1P2/B5PP/4R1K1 w - - 0 21,g4g3 f6h4 g3g4 h4e1,1832,skewer
01kNt,1rr3k1/5p2/3p2p1/3PP2R/1p6/2p2P2/2Q3PP/6K1 w - - 0 32,h5h4 b4b3 c2c1 b3b2 c1h6 b2b1q g1f2 b8b2 f2g3 b1e1 g3h3 e1h4,1833,advancedPawn promotion
04W99,r2q1rk1/ppp2pb1/2n1bn2/3Np1B1/4P3/3B1Q2/PPP2PPP/R3K2R b KQ - 3 13,c6d4 d5f6 d8f6 f3f6 g7f6 g5f6,1833,kingsideAttack
0B0ve,4Q3/kb1R4/p1q3p1/1p5p/8/P5bP/2P2rP1/3R3K w - - 0 34,d7b7 a7b7 e8c6 b7c6,1833,hangingPiece
00oGl,4rbk1/ppq2rpp/2p2n2/8/8/1Q2B1N1/PPP2PPP/R3R1K1 w - - 5 18,e3a7 e8e1 a1e1 c7a5 e1e2 a5a7,1834,fork
07n8s,6k1/pp4p1/4p3/Pqp1PnN1/3rQPP1/1P6/7P/5RK1 w - - 1 37,e4c2 b5f1 g1f1 f5e3 f1e2 e3c2,1834,attraction
0AkKC,5r2/4Npkn/pqbp2p1/4p1b1/2P5/4NPP1/PP2PK2/R2Q3R w - - 2 25,h1h7 g7h7 d1b3 b6b3 a2b3 g5e7,1834,hangingPiece
0DwTB,8/6Kp/8/P1R3p1/5k1r/8/8/8 b - - 0 42,h7h5 c5c4 f4g3 c4h4 g3h4 a5a6 g5g4 a6a7 g4g3 a7a8q,1834,promotion
0EYB6,r3k2r/pbq2pp1/2pb4/P2n2B1/B3p3/2QP4/P1P2PPP/RN2K2R w KQkq - 1 15,c3g7 d6e5 g7h8 e5h8,1834,trappedPiece
0hygC,3q1k2/pp1bb2Q/4p1nB/3pP3/3P4/1PP5/P5PP/6K1 b - - 2 25,f8e8 h7g6,1834,mateIn1
00rw0,r2q3k/5Pb1/2n3Bp/3p2pP/pp1P2Q1/6B1/1PP5/6K1 b - - 0 39,g7d4 g4d4 c6d4 g3e5 d8f6 e5f6,1835,exposedKing fork
015Vc,q4r1k/5pbp/2Np1np1/3P2B1/pQb5/5B2/P4PPP/4R1K1 b - - 1 23,c4d5 g5f6 d5c6 f6g7 h8g7 b4c3,1835,attraction kingsideAttack
01Mee,8/8/4p1R1/3p1n1k/3P1P2/5K2/8/8 w - - 0 53,g6e6 f5d4 f3e3 d4e6 f4f5 e6c7,1835,defensiveMove fork
03fz5,8/p1bqr1kp/3N1pp1/2PB4/3Q1P1P/6Pb/P1R4K/8 w - - 0 40,d6e4 e7e4 d4e4 h3f5 e4c4 f5c2 c4c2 d7d5,1835,skewer
07Uhs,r4r2/6p1/Pp1N3n/2pP2k1/P1P2p1R/8/6K1/5R2 w - - 1 37,d6e4 g5h4 g2f3 h4h5,1835,hangingPiece
0ADTm,r2q1r1k/pp2b2p/2b1pnB1/2npB2Q/8/2P1P1N1/PP3PPP/R4RK1 b - - 2 17,c5d7 h5h7,1835,mateIn1
00Se9,5rk1/pp1n2r1/3p2N1/2pQ4/2P5/4P1P1/qP2KPP1/7R b - - 1 24,g7f7 g6e7 g8g7 d5g5,1836,mateIn2 pin
00g9R,8/p4k2/2p3PP/2P2K2/8/2b5/P7/8 b - - 0 42,f7g8 f5e6 c3d2 h6h7,1837,advancedPawn
03Xp2,2q2bk1/Q4p1p/2p3p1/2Bnp3/P6P/5N2/2P2P2/7K w - - 1 30,c5f8 c8h3 h1g1 d5f4 a7f7 g8f7 f3g5 f7f8 g5h3 f4h3 g1g2 h3f4,1838,exposedKing fork
1nJfG,5rk1/pppR1npp/8/4p2Q/7P/4P1P1/2P2qBK/8 b - - 0 28,f2e3 h5f7 f8f7 d7d8 f7f8 g2d5 g8h8 d8f8,1838,backRankMate
038eV,r1b1kb1r/p4ppp/1pn5/2pnN3/8/6P1/PP3PBP/RNB2RK1 b kq - 1 12,c6e5 g2d5 a8b8 f1e1 f7f6 f2f4,1839,hangingPiece pin
1yAf1,2R2nk1/1p2brpp/p3Q3/3p4/5q2/1P1P4/PB1P2PP/4R1K1 w - - 1 21,b2e5 f4f2 g1h1 f2e1,1839,backRankMate
2QOON,5rk1/ppR2ppp/7r/BP5q/3Pp1n1/P3PbPP/Q4P2/4RBK1 b - - 0 25,h5h3 a2f7 f8f7 c7c8 f7f8 f1c4 h6e6 c4e6 g8h8 c8f8,1839,backRankMate
04epP,8/4k1p1/p3p3/1p1p2p1/3P2P1/P1PKP2P/8/8 w - - 2 36,e3e4 d5e4 d3e4 e7d6 e4d3 d6d5,1840,pawnEndgame
08Dz6,4R3/p2r3B/2bq1ppQ/5k2/8/1P6/P4PPK/8 w - - 3 38,g2g3 d7h7 h6h7 c6e8 h7h3 f5e5,1840,discoveredAttack
0KH6Q,r4rk1/ppp2ppp/2pb4/5b2/8/1B3NP1/PPP2q2/R1BQR2K b - - 0 15,d6g3 c1e3 f2e1 f3e1,1840,trappedPiece
006om,1r3k2/5p1p/2p1pp2/P2n4/2r1N3/P4PK1/2R2P1P/2R5 b - - 9 29,c4a4 e4c5 a4a5 c5d7 f8g7 d7b8,1841,fork
00f2T,4r2k/p7/3p4/2pPbr1p/2P1RR2/2B3qP/P3Q3/7K w - - 1 33,f4f5 g3h3 h1g1 e8g8,1841,fork
02Nig,3Q4/1p6/2p3p1/5r2/p1P2k2/4b3/PP6/7K w - - 7 42,d8b8 f4f3 b8h2 f5h5 h2h5 g6h5,1841,defensiveMove pin
03zMQ,2k1r3/2p5/p3r3/N5pP/6P1/Q2RPRK1/8/1q6 w - - 10 37,f3f2 b1g1 f2g2 e6e3 d3e3 e8e3 a3e3 g1e3,1841,fork
04xL3,1k3r2/1pp4p/p1n1Q3/8/8/P2p2qB/1PP1RNP1/6K1 w - - 0 29,e6e3 d3e2 e3g3 e2e1q,1841,advancedPawn promotion
06dpU,3nrk1Q/p7/1p2p3/3p2q1/3Pp2N/P1P3P1/1P3P1P/7K b - - 1 29,g5g8 h8f6 d8f7 h4g6 g8g6 f6g6,1841,exposedKing
0heIV,4B1k1/pp3p1p/5r2/6p1/3P3q/2P2Q1n/P7/R5RK w - - 0 28,f3f6 h3f4,1841,mateIn1
00FPo,7R/1K3p2/6k1/PP4p1/8/6rp/8/8 b - - 2 47,g5g4 a5a6 h3h2 h8h2,1842,rookEndgame
00Rue,r2qkb1r/pp1nppp1/2p2n1p/3p1b2/3P4/BP2PN2/P1P2PPP/RN1QKB1R w KQkq - 2 7,c2c4 f5b1 a1b1 d8a5 b3b4 a5a3,1842,fork
03Sst,r3nrk1/pp1b2p1/4p2p/3p4/8/1NPB4/PP3qPP/R2QR2K b - - 1 17,d7c6 e1f1 f2h4 d3h7 g8h7 f1f8,1843,deflection
04AeM,8/p7/6p1/2ppk1Pp/7P/1PP1K3/P7/8 b - - 0 36,e5f5 b3b4 c5b4 c3b4,1843,pawnEndgame
05WvQ,8/8/3p4/3P1pp1/2Pk4/4R3/1r2KPPP/8 w - - 6 41,e2f3 g5g4 f3g3 f5f4 g3g4 f4e3,1843,exposedKing rookEndgame
0ND4d,r1bqrb1k/pp4B1/2p2pQ1/4nN2/3P4/2P5/PP3PPP/R4RK1 b - - 8 18,h8g8 f5h6,1843,mateIn1
04lpm,2r3k1/1p6/p3p1K1/7p/PPp3b1/4q3/1Q1N4/5R2 b - - 0 36,c8c7 b2h8 g8h8 f1f8,1844,attraction mateIn2
08B1A,r1bq1rk1/ppp2pbp/2np1np1/4p3/2BPPB2/2P2P2/PP1QN1PP/RN2K2R w KQ - 0 10,f4h6 f6e4 f3e4 d8h4 g2g3 h4h6,1844,exposedKing
03Rmn,2kr3r/pp2bpp1/1q2pn2/1b5p/2B2B2/1N3P1P/PP1Q1P2/2R2RK1 b - - 0 17,d8d2 c4e6 c8d8 c1c8,1845,mateIn2
09FCL,r4r2/p4pkp/2p3p1/4P3/Q1Bq1p2/1P1P1P1b/P4P1P/R5RK w - - 1 23,a1e1 d4f2 a4c6 h3g2 g1g2 f2e1 g2g1 e1e5,1845,deflection
0O3Jh,r3kbnr/pp2pppp/2p5/3p1b2/2PP1B1N/NQ1n4/PP2PPPP/R2KqB1R w kq - 6 9,d1c2 d3b4,1845,mateIn1
02HgU,4r1k1/p4ppp/2pb4/2pp4/5P2/2PP2qP/PP4P1/RNB2QK1 w - - 3 21,b1d2 e8e1 d2f3 e1f1,1846,kingsideAttack pin
03fqG,3r2k1/1p3p2/1Q4pP/p2p4/P1q2P1P/2P5/1K6/7R b - - 0 28,d8e8 b6f6 e8e2 b2c1 e2c2 c1c2,1846,defensiveMove
06Wrf,2rr2k1/pB3p1p/5p2/5b2/1b6/6P1/PP2PP1P/R1B1K2R w KQ - 1 18,e1f1 f5h3 b7g2 d8d1,1846,mateIn2
06eSF,1k3rnr/ppp1p1q1/7b/1P1p1Q2/P2P1PPp/2P4B/4P2K/RN3R2 w - - 1 22,f5e5 h6f4 f1f4 g7e5 d4e5 f8f4,1846,attraction
0XG2Y,8/p3p1R1/3p4/PP2k3/2b2p2/8/5K2/8 b - - 2 46,c4b5 g7g5 e5d4 g5b5,1846,skewer
00eae,2r3kr/1pq1b1p1/p1n1p1P1/3p1pB1/3P3p/P3Q3/1PP1N3/1K4RR b - - 4 26,e7g5 e3e6 g8f8 g1g5,1848,kingsideAttack
0oGoy,2k5/ppp2ppp/5q2/P7/1P2R3/5B2/2Pr2PP/4R1K1 b - - 4 23,f6c3 f3g4 f7f5 g4f5 c8b8 e4e8 d2d8 e8d8,1848,backRankMate
08N44,4r2k/pp5p/1bp3pB/2n1p1N1/2b1P3/P4P2/1P3KPP/R6R w - - 3 21,a1d1 c5e4 f2e1 b6f2,1849,mateIn2
09Pji,N6k/pp5p/4Q1p1/2pPb1q1/2P1pr2/7P/PP2BP1K/4RR2 w - - 2 24,e6e8 f4f8 e8e5 g5e5,1849,discoveredAttack
0HtsP,r2q1rk1/pp2b3/5p2/4B1NQ/3p4/3P3b/PP4PP/R5K1 b - - 1 22,f6g5 h5g6,1849,mateIn1
01Tlc,8/1p3k2/p1p3p1/P1P3K1/1P5P/8/8/8 w - - 9 60,g5h6 f7f6 h6h7 g6g5 h4g5 f6g5,1850,pawnEndgame
07bYd,6k1/2b5/6K1/6P1/4R2P/5P1q/8/8 b - - 6 50,h3f3 e4e8 f3f8 e8f8 g8f8 g6h7,1850,exposedKing
0A1NO,8/7p/4p2k/p3Q3/P1K5/2P3rP/1P4Pq/R5q1 w - - 2 43,a1g1 g3g4 h3g4 h2e5,1850,discoveredAttack
0F0NJ,rnbqr1k1/ppp1ppbp/3p1np1/8/2B1P3/P1NP1N2/1PP2PPP/1RBQK2R b K - 0 7,b8d7 c4f7 g8f7 f3g5 f7g8 g5e6 c7c6 e6d8,1850,trappedPiece
0MeQk,r3k2r/pp1n1p2/2pbppp1/5q2/2PP4/P1Q1BP2/1P2N1PP/R3KR2 b Qkq - 3 17,h8h2 g2g4 f5g5 e3g5,1850,trappedPiece
03FGq,3rr1k1/5ppp/p2q1n2/8/1N6/1P1R1QP1/Pb3P1P/3R2K1 b - - 0 25,d6e7 b4c6 e7e1 d1e1,1851,fork
0KQ9r,4r1k1/8/p3NR2/np1pQK2/3P4/1P2B2q/7P/4b3 w - - 3 44,f5g6 h3h7 g6g5 e1h4 g5g4 h4f6,1851,skewer
00dwJ,2r5/2r3k1/p1q1b1pp/3pn3/3R4/4P1N1/PQ4PP/R5K1 b - - 7 32,c6c1 a1c1 c7c1 g3f1,1852,defensiveMove
013Kj,2r2rk1/pp2qp2/4p3/3p2P1/3P4/P1N4Q/1PP5/1R4K1 b - - 0 30,e7g5 g1h1 g5g6 b1g1 g8g7 g1g6,1852,defensiveMove pin
0Ek0I,6k1/4Qp2/4p1p1/6Kp/4Pr2/2r4P/6P1/8 b - - 1 43,f4e4 g5h6 c3c8 e7f6 g8f8 f6h8 f8e7 h8c8,1852,skewer
01MNV,8/1p4k1/1p1p4/2p1p2K/P1P1P3/1P1P4/8/8 b - - 0 38,g7f6 h5h6 f6e6 h6g6 e6e7 g6g7,1853,defensiveMove pawnEndgame
03P5a,r1b5/1p1k1R1p/p7/5N2/1B6/3B1q2/PP5P/1K6 b - - 0 32,d7d8 b4a5 b7b6 a5b6 d8e8 f5d6,1854,exposedKing
08QjJ,8/8/1Pk2n2/P1p2N2/2K1pp2/8/5P2/8 b - - 0 51,f6d5 b6b7 c6b7 c4d5,1854,deflection
0Mxgc,rnbqk2r/ppp5/4p3/3pPppp/1b1Pn3/2N1BQ2/PPP1NPPP/R3KB1R w KQkq f6 0 10,e5f6 g5g4 f3f4 b4d6 f6f7 e8f8 c3e4 d6f4,1854,trappedPiece
0a1a2,6k1/1p4p1/p4p2/3p3p/3Q1NKP/4PPP1/1Bq5/5b2 w - - 0 38,g4h5 c2f5,1855,mateIn1
04V5S,3qn1k1/1b3pb1/pp1P2pp/2p1p3/P1N5/2N4P/1PPQ1PP1/5BK1 w - - 1 23,c4b6 d8b6 d6d7 e8d6,1856,defensiveMove hangingPiece
038L1,8/8/p4P1p/1p1k4/1Pp1R3/P4KP1/8/3r4 w - - 3 44,e4f4 d1f1 f3e3 f1f4 e3f4 d5e6,1857,rookEndgame
1XpoJ,3r1k2/8/2b5/R3p3/1p2P3/3Bb3/PPP2r2/1K2R3 w - - 0 36,e1e3 f2f1 d3f1 d8d1,1857,backRankMate
1rCRT,2r1r1k1/1p3ppp/1q6/1P2P3/8/1QR4P/5RP1/6K1 b - - 0 31,c8c3 b3f7 g8h8 f7e8,1857,backRankMate
03ow6,5r1k/3P2b1/4B2p/2Q5/Kp6/P7/1rP5/8 b - - 1 44,b4a3 c5f8 g7f8 d7d8q b2b4 a4a5,1858,advancedPawn pin promotion
06IH3,1q2k2r/5p2/1Np1p3/2Pp4/3P2pp/2Q1P1N1/P4K2/1R6 w k - 0 27,g3e2 b8h2 f2e1 h2h1 e1d2 h1b1,1859,skewer
02EhX,r1b1r3/ppkn3p/5n2/1B6/4p3/2R2N2/2PP1PPP/5RK1 b - - 1 19,c7b6 f1b1 a7a6 b5d7 b6a7 d7e8,1860,discoveredAttack exposedKing
02kn2,rnbqk2r/pp3pp1/3bpn1p/1B1pN3/3Q1B2/4P3/PPP2PPP/RN2K2R b KQkq - 2 8,c8d7 e5d7 b8d7 f4d6,1860,discoveredAttack
089y1,3r2k1/1p3ppp/4p3/P1B1P3/1QN1qP2/5n2/5PRP/5K2 w - - 0 29,c4d6 e4d3,1860,mateIn1
0Wgj0,6k1/1pq4p/1r2ppBB/4p3/b5Q1/8/1r3PPP/4R1K1 b - - 0 29,b2b4 g6f7 g8f7 g4g7 f7e8 g7c7,1860,skewer
00mRr,8/2Q2kpp/1p1p2r1/1PnN4/2P1n3/6P1/1r3PK1/8 b - - 6 41,f7e6 c7e7 e6f5 d5e3,1861,mateIn2
03fic,8/6p1/k1r1p2p/p1P5/2K2PP1/4P3/3R4/8 w - - 6 44,d2d6 c6d6 c5d6 a6b6 d6d7 b6c7 d7d8q c7d8,1861,rookEndgame
06xdw,r1b1nrk1/3p1pp1/p1n4p/1pQ1p3/1B2P3/3q1N1P/5PP1/3R1RK1 b - - 1 19,d7d6 c5c6 d3c4 c6a8,1861,hangingPiece
07TO9,3Q4/4r1kp/6p1/p2P2q1/1pP5/8/PP2r3/1KR4R w - - 6 35,d5d6 e2b2 b1b2 e7e2,1861,attraction
0NBgk,r2q1rk1/ppp1p3/3p3Q/2n1n2R/2P1P2B/2P2P2/P3KP2/8 b - - 4 21,g8f7 h5f5 f7e8 f5f8 e8d7 f8d8,1861,skewer
07Lu8,8/6K1/8/6pp/6k1/6P1/7P/8 w - - 2 51,g7h6 h5h4 h6g6 h4h3 g6h6 g4f3 h6g5 f3g2 g5f4 g2h2,1862,pawnEndgame
0LyGl,r1b1k3/pppp1pp1/7r/1B2bP2/4P3/3QB2p/PPP1NP1q/R3RK2 w q - 0 20,e3h6 h2g2,1862,mateIn1
05DY3,4R3/8/kp2p3/3p4/P2P1p2/K1P5/8/5r2 w - - 0 46,e8e6 f4f3 e6f6 f3f2 a3b2 a6a5 f6f4 a5a4 f4f8 a4b5,1863,advancedPawn defensiveMove rookEndgame
0AOHu,8/6b1/1nq3kp/5p2/1pNp2pP/1PnP2P1/3QNP1K/2B5 b - - 5 36,b6d5 c4e5 g7e5 d2h6 g6f7 h6c6,1863,deflection skewer
01M1X,4r3/4bpkp/3p2pN/4P1P1/1p2qn1P/5N2/1P1Q1P2/3R2K1 w - - 0 30,e5d6 e4f3 d2d4 f7f6,1864,hangingPiece
037Iw,3r2r1/1kpq1p1B/pp2b3/4P3/8/2B5/nPP2QPP/2KRR3 w - - 0 22,c1b1 d7d1 e1d1 d8d1,1864,mateIn2
03oay,2b2r2/5p1k/1q5p/1p5R/2p2QpP/3p2P1/PP4PK/3R4 w - - 4 27,f4e4 f7f5 e4e7 h7g8,1864,defensiveMove
05hKl,r1r3k1/1b2bppp/pBq2n2/1p2pP2/2p1P3/P1N2B1P/1PP2QP1/3R1RK1 b - - 5 21,e7c5 b6c5 c6c5 d1d8 c5f8 d8f8,1865,kingsideAttack
0PPwj,2r3k1/p3qp1p/6p1/2p1Pp1P/2Q5/2P5/PP1r1PR1/6RK b - - 0 35,e7e5 h5g6 h7g6 g2g6 g8f8 g6g8 f8e7 g8c8 e5e4 c4e4,1865,skewer
05HWi,r2q1rk1/2pbbp1n/p1np3Q/1p1Np3/1P2P3/PB1P1N2/2P2PPP/R4RK1 b - - 2 14,d7g4 d5e7 d8e7 h6g6 g8h8 g6g4,1866,kingsideAttack pin
08a5H,r5k1/pp1q1ppp/5n2/2pp4/3b4/1BNP1Q2/PPP2PPP/R5K1 b - - 1 18,a8e8 b3a4 b7b5 a4b5 d7b7 b5e8,1866,skewer
0AczD,8/2p4K/6R1/4kp2/8/5P2/6rP/8 b - - 0 53,g2g6 h7g6 e5d5 h2h4 c7c5 h4h5 c5c4 h5h6 c4c3 h6h7 c3c2 h7h8q,1867,promotion
0CuYW,r1b1k1nr/pppp1ppp/2N5/8/2B1P3/4PQ2/P1P3PP/qN2K2R b Kkq - 1 9,a1b1 e1d2 g8h6 h1b1,1867,discoveredAttack
00kDo,8/5ppk/6qp/P1p1p3/2B4Q/1P2PbP1/5P1P/6K1 w - - 1 37,a5a6 g6b1 c4f1 f3e2 h4h3 e2a6,1868,pin
01UH3,2r1kb1r/ppq2ppp/2n1p3/3pPn2/N2P4/4BN2/PP2QPPP/2R2RK1 w k - 9 14,c1c2 c6d4 f3d4 f5d4 e3d4 c7c2 e2b5 c2c6,1868,fork
06qUU,8/8/p3k1p1/Pp2p2p/1P2K2P/5P2/6P1/8 w - - 0 37,g2g4 g6g5 h4g5 h5h4,1868,pawnEndgame
0dDTk,5r2/p6p/5k2/4qp2/5n2/1B4R1/P4p1K/2Q5 b - - 3 38,f4e2 c1g5,1868,mateIn1
05nNw,2r4r/p3bk2/3pn1pp/Q2N1b2/2qN3P/2P1B3/PP3P2/2KR2R1 w - - 1 27,a5a7 c4d5 d4f5 d5f5,1869,hangingPiece
02370,3k3r/1Qp1bpp1/4b2p/3pN3/3q4/rP1B4/2P2PPP/1K1R2R1 w - - 0 28,e5f7 e6f7 b7b8 d8d7 d3b5 d7d6 b8c7 d6c7,1870,hangingPiece
0HLBT,8/Qp2k3/2p1n1np/3p4/6P1/3N2BP/PPPq2K1/8 w - - 1 45,g2f3 e6g5,1870,mateIn1
00K7b,7k/1p4p1/pP1r4/4qp2/P2Nn3/1Q5P/2N3K1/3R4 w - - 4 48,g2f1 e5f4 b3f3 f4f3 d4f3 d6d1,1871,exposedKing
04E5q,r4R1k/p3q1pp/1p6/3pB3/3Pb3/2P3Q1/P5PP/5RK1 b - - 0 27,a8f8 g3g7 e7g7 f1f8,1871,mateIn2 pin
055hQ,5rk1/8/p3P2p/3r3q/7P/PP2n1P1/1BQ2P2/5RK1 w - - 1 32,f2e3 f8f1 g1f1 h5f3,1873,attraction
0DybW,8/8/ppn4p/2p2p2/2K1k3/1PP4P/PN3PP1/8 w - - 0 36,b2a4 c6e5,1873,mateIn1
0N6ET,8/3kpp1p/1r4p1/r2P4/P2RKPPP/8/8/2R5 w - - 1 47,e4e5 b6e6,1873,mateIn1
0NiEI,r3k3/1bp1qpb1/ppn3p1/3pPpP1/3P1P2/2P1B3/PP1N4/R3K1NQ w Qq - 1 16,h1d5 c6a5 d5b7 a5b7,1873,trappedPiece
2sWBk,5r1k/1p2Nppp/p7/4N3/4P3/8/r4bPP/3R3K b - - 0 25,f7f6 e5f7 f8f7 d1d8 f7f8 d8f8,1873,backRankMate
00NEO,4qr2/pR1b2pk/5p1p/4pPP1/3bB3/3P3Q/P1r4P/4BR1K b - - 0 24,d7c6 h3h6 h7g8 h6g7,1874,mateIn2 pin
04aiA,2r5/5p1p/p2q1kr1/3p4/Q3P3/5N2/P4PPP/3R2K1 b - - 0 30,d6f4 e4e5 f6g7 a4f4,1874,discoveredAttack
09nqt,4r1k1/p2r1pbp/1q1p2p1/N1nP4/4P3/P4P2/2RQ2PP/1N1R2K1 w - - 6 32,a5c6 c5e4 g1f1 e4d2,1874,discoveredAttack
016yu,4r1k1/p5pp/1p3n2/5Q2/1q3B2/5P2/PP3P1P/2R3K1 w - - 5 24,f5d3 b4f4 d3c4 f4c4,1875,hangingPiece
048cA,4k3/7R/6p1/1p3r2/1r1p4/5PK1/2P5/5R2 b - - 1 45,b4b2 f1a1 f5f7 a1a8 e8e7 a8a7,1876,exposedKing rookEndgame
04TgC,8/1pp5/pb5p/4Qk2/3P4/P1P3P1/1q5P/6K1 b - - 6 36,f5g4 e5f4 g4h5 f4f5,1876,mateIn2
07xMX,3R4/pbp1r1k1/1p3q1p/8/4P3/2P1Q2N/PP5P/6K1 b - - 0 36,e7e4 e3g3 f6g6 d8g8 g7g8 g3g6,1876,attraction deflection
09xul,1r3r1k/pp3pRp/2p2P2/3nP3/3PB2q/P6n/1BQ2P1P/R6K w - - 1 24,g7g3 h4e4 c2e4 h3f2 h1g2 f2e4,1876,attraction deflection
2Qxdn,2r2rk1/2q4p/3p2pP/p3n1P1/1p1R4/4N2R/PPP3Q1/1K6 w - - 2 27,e3d5 f8f1 g2f1 c7c2 b1a1 c2c1 f1c1 c8c1,1876,backRankMate
030R2,8/8/6k1/2R4p/1r3Pp1/3K2P1/8/8 w - - 0 56,c5c4 b4c4 d3c4 h5h4 g3h4 g4g3,1877,rookEndgame
04lr7,2r3k1/1p1bB2p/p6r/P2Pbp2/2P1p3/1P6/4B1PP/2R2R1K w - - 6 32,g2g3 e5g3 h2h4 g3h4 e7h4 h6h4 h1g2 f5f4,1877,defensiveMove kingsideAttack pin
062nu,3r1rk1/1b3ppp/8/Q7/2BqpP1N/1P4PP/P7/R4RK1 w - - 1 26,g1h1 e4e3 h4f3 b7f3 f1f3 d4a1,1877,discoveredAttack exposedKing
00bPT,2k2Q2/pp2pp2/3p1n2/2pP4/2P1P3/2q2PK1/8/5B2 b - - 1 33,c8d7 f1h3 d7c7 f8e7,1878,deflection
012wW,8/8/7p/7P/2k2Kp1/6P1/8/8 b - - 5 46,c4d5 f4f5 d5d4 f5g6,1878,pawnEndgame
011N0,r5k1/p1pN1p2/1p1b2p1/3p1n2/3P4/2P3Pq/P2Q1P1P/1R2R1K1 w - - 3 23,e1e2 f5h4 d7f6 g8g7,1879,defensiveMove
01Wnj,5rk1/p4ppp/1pQ5/2b1P3/8/P4N2/1Pq2PPP/4R1K1 w - - 1 28,c6b5 c5f2 g1f1 f2e1,1879,fork
01vxD,rn1q1r1k/pbN5/1pp1Qp1p/2Pp2p1/3Pn3/P7/1P2PPPP/R3KBNR w KQ - 1 17,c7a8 b7c8 e6c8 d8c8,1879,trappedPiece
02A3t,2q2bk1/4Q2p/p5p1/1p3pB1/8/5N1P/PP3PP1/6K1 w - - 1 30,e7a7 f8c5 a7c5 c8c5,1879,trappedPiece
088eB,rn1q3r/1ppb3B/pn2pk1p/8/3PP1Q1/8/PP3PPP/RN2K2R b KQ - 1 15,h8h7 g4h4 f6g6 h4d8,1879,skewer
1seQh,q3r1k1/5ppp/2p1P3/1pBp4/3Pn3/1PP1PQ2/6PP/5RK1 b - - 0 19,f7e6 f3f7 g8h8 c5f8 e8f8 f7f8 a8f8 f1f8,1879,backRankMate
0Mvwc,rn2Q1k1/ppp2ppp/8/2b5/2P3b1/3P1qP1/P2B1P1P/R3R1K1 b - - 1 18,c5f8 e8f8 g8f8 d2b4 c7c5 b4c5 f8g8 e1e8,1880,backRankMate
01H6V,8/RR4pk/6r1/7p/P3KP1P/4P1P1/1pr5/8 w - - 0 50,e4f3 c2c7 b7b2 c7a7,1881,rookEndgame
030Dh,8/7p/8/P1b3k1/6p1/1PN2pK1/8/8 b - - 3 43,h7h5 c3e4 g5f5 e4c5 h5h4 g3f2,1881,fork
0TYps,r5k1/1pp2R2/p1p1r2p/3nP3/2N4q/3PPQ2/PPP3p1/R5K1 w - - 1 20,f7f5 h4h1 g1f2 h1a1 f3g2 g8h8,1881,skewer
03SUf,r2q3r/pp2kpp1/2n1pb2/3p4/3n2Q1/2NB4/PPPB1PPP/3RR1K1 b - - 6 19,f6e5 e1e5 c6e5 g4d4,1883,deflection
0BAYE,8/8/P3k3/1KB1P2p/6p1/8/5b2/8 b - - 2 50,g4g3 a6a7 f2c5 a7a8q,1883,promotion
00fky,5rk1/ppqb1p1p/2p2Bp1/3p4/8/2P2Q2/PP3PPP/4R1K1 b - - 0 19,f8e8 e1e8 d7e8 f3e3 c7d6 e3e8,1884,kingsideAttack
01WwV,8/8/8/3KPk2/p7/1pP5/1P6/8 w - - 0 45,d5d6 a4a3 e5e6 a3b2 e6e7 b2b1q,1884,advancedPawn pawnEndgame promotion
02lL0,8/7K/2k5/8/ppP5/5P2/8/B7 w - - 2 46,h7g6 a4a3 a1g7 b4b3 g7f8 b3b2 f8a3 b2b1q,1884,advancedPawn promotion
03HvY,7k/4q3/p2p1N2/1p2pKpp/8/2P5/PP5P/3R4 b - - 5 35,h8g7 d1d6 e5e4 d6d7 e7d7 f6d7,1884,pin
0EYRw,r1b1k1nr/ppQp1p1p/2n3p1/8/1b1qP3/2N5/PPP2PPP/R1B1KBNR w KQkq - 1 8,c1d2 b4d6 c7d6 d4d6,1884,trappedPiece
01Qia,1k4rr/pp3p2/b3p1q1/3p4/6R1/Q6P/PPP2PP1/4R1K1 b - - 4 27,g6c2 a3g3 e6e5 g4g8 h8g8 g3g8,1885,pin
0BkA9,r3k1nr/ppp2ppp/1b1p1q2/3P4/1P2P1b1/PBN2Q2/5PPP/R1B1K2R w KQkq - 1 13,f3g4 f6c3 c1d2 c3a1,1885,hangingPiece
025ip,8/4k3/N5R1/1P1K4/6P1/4p3/P1n2r2/8 w - - 1 40,b5b6 f2d2 d5c5 e3e2,1887,advancedPawn
03VKL,8/2k5/p4pp1/4p1p1/KP2P3/5PPP/8/8 b - - 4 50,c7c6 a4a5 c6b7 b4b5,1887,pawnEndgame
04mNz,b7/7p/PB2k1p1/5p2/1N2p3/2b3P1/1r3P1P/3R2K1 w - - 0 36,b6d4 c3d4 d1d4 b2b1 g1g2 e4e3,1887,discoveredAttack
062Yu,6k1/p4pp1/1p6/1B2p3/P3P3/3nPPRp/r6P/5K2 b - - 2 36,a2h2 b5d3 h2d2 d3e2 h3h2 g3h3,1887,hangingPiece
06jZy,8/4k3/p7/2PKP2p/6p1/7P/P7/8 w - - 0 45,c5c6 g4h3 c6c7 e7d7,1887,pawnEndgame
0DUQr,5r1k/ppp3pp/8/3Qp3/4P2q/5b1P/PPP2P2/R4KR1 w - - 2 22,g1g3 h4g3 f2g3 f3e4 f1e1 e4d5,1887,discoveredAttack
017qg,8/5R1P/3k2p1/4p3/4P1P1/8/p4p1K/r7 w - - 0 46,h7h8q a1h1 h2h1 a2a1q h1g2 a1g1,1888,advancedPawn attraction exposedKing promotion
020eU,r2qk2r/pbppnppp/8/2b1p3/8/2PB3N/2PP1PPP/R1BQK2R b KQkq - 0 9,e8g8 d3h7 g8h7 d1h5 h7g8 h3g5,1888,attraction kingsideAttack
017u3,r2qk2r/4bppp/p3bn2/1p2N3/5B2/2N5/PP3PPP/R2QR1K1 b kq - 1 19,e8g8 e5c6 d8e8 c6e7 e8e7 f4d6 e7d8 d6f8,1889,kingsideAttack skewer
019uR,8/4r2k/6p1/8/4qP1p/1P2pR1P/P3Q1PK/8 w - - 0 49,g2g4 e4f3 e2f3 e3e2 f3c3 e2e1q c3e1 e7e1,1889,advancedPawn promotion
05R5E,8/8/p7/8/2k5/8/1P3K2/8 w - - 1 45,f2e2 c4b3 e2d3 a6a5 d3d2 b3b2,1889,pawnEndgame
2ezyR,2kr4/pp5p/4p3/2Q5/3pP1P1/1N1q4/PP5P/K1R2r2 b - - 0 31,c8b8 c5c7 b8a8 c7d8,1890,backRankMate
070XP,8/7p/6p1/6KP/6P1/6k1/8/8 b - - 0 55,g3h3 h5h6 h3g3 g5f6 g3g4 f6g7 g6g5 g7h7,1891,pawnEndgame
022pe,8/8/1R6/5rkp/1p4p1/6P1/1r3P1P/5RK1 b - - 1 38,b4b3 h2h4 g4h3 f2f4,1892,rookEndgame
04nzp,3r3r/1p3pkp/4p3/3bP3/1Q1N3b/1PP4P/PK3n2/6R1 b - - 1 37,g7h6 d4f5 e6f5 b4h4,1892,discoveredAttack mateIn2
05YTo,8/p5p1/2pk4/6p1/3K2P1/P1P4P/8/8 w - - 2 35,c3c4 c6c5 d4e4 d6e6,1892,pawnEndgame
01Rl0,r2qr1k1/ppp3bp/3p2p1/2n3P1/8/2PBPQ2/P1P1KP2/R6R b - - 0 17,e8f8 d3c4 d6d5 c4d5 d8d5 f3d5,1893,kingsideAttack
0Qqyi,7r/1p4k1/p1b1pR2/4P3/8/2P2N2/Pr4PP/R6K w - - 2 29,f6e6 c6f3 g2f3 b2h2 h1g1 h2h1 g1f2 h1a1,1893,skewer
02X4a,r2q2k1/2RP1ppp/8/p2Q4/Pb1P4/8/5PPP/6K1 b - - 3 26,d8c7 d5a8 b4f8 a8c8 c7d7 c8d7,1894,hangingPiece
0fyAp,3R4/p4ppk/8/2Q4p/P1n5/6Pn/1B3P1P/1q1K4 w - - 2 37,d1e2 h3g1,1894,mateIn1
00cxg,r2qk2r/1p2bpp1/p2pp3/8/4b2P/4B3/PPPQB3/2K3RR b kq - 1 17,g7g6 d2d4 e4h1 d4h8 e8d7 h8d8,1896,fork
09pnA,2r3r1/2pbq2k/1p5p/p1nPB2P/2P1PPp1/6Q1/PPB5/2K3R1 b - - 1 29,c5b7 e5f6 e7f6 e4e5 d7f5 e5f6,1896,attraction discoveredAttack
00JqT,2r2rk1/pp2R3/5p2/3p1q2/3P4/4QPPp/PP3R1P/6K1 w - - 2 30,g3g4 f5b1 f2f1 b1b2 e3e6 g8h8,1897,deflection
024AW,r5rk/5p1p/p4p2/1p2nP2/2P5/1B6/P4P1P/B4R1K b - - 0 27,g8g5 f2f4 g5f5 b3c2,1899,fork
04hAS,1r4k1/6pQ/1q2pr1p/1p1pb3/p7/P1PB3P/1P4P1/R4R1K b - - 3 33,g8f7 d3g6 f7e7 h7g7 e7d6 f1f6,1899,deflection
07mza,5R2/8/5Pkp/6p1/4K1P1/7r/8/8 b - - 2 43,h3h4 e4e5 h4g4 f8g8 g6f7 g8g7,1899,rookEndgame
08RX2,5rk1/p3ppbp/1q6/1NrP4/2P2PQ1/PP5P/6P1/3R1RK1 w - - 1 22,f4f5 c5c4 b5d4 c4d4,1899,discoveredAttack
09VPj,1r3rk1/p1q3bp/1p2p1p1/5p2/2N1R1N1/2P2P2/PPQ3PP/3R2K1 w - - 0 23,e4e6 c7c4 c2e2 c4e2 e6e2 f5g4,1900,hangingPiece
1HV02,2k5/ppp4p/3r4/7Q/1P2p3/P1P1q1r1/6P1/5R1K b - - 1 33,g3g2 f1f8 d6d8 h5f5 c8b8 f8d8,1900,backRankMate
01jBT,2r3k1/pp3ppp/5n2/3p4/3P4/1P3QP1/PB3RB1/4q1K1 w - - 3 23,g1h2 e1f2 f3f2 f6g4 h2g1 g4f2,1901,attraction fork
03nu3,5R2/1P6/2K4P/6k1/5p2/1r6/4p3/8 w - - 0 65,h6h7 e2e1q f8g8 g5f5,1901,advancedPawn defensiveMove promotion
01kKD,2k3rr/pp1q1p2/3p1p2/1p1N4/1P1QP2p/P4b2/2P2PPP/R4RK1 w - - 2 20,g2g3 d7h3 d4c3 c8b8 c3c7 b8a8 c7d8 g8d8,1902,defensiveMove
01skO,r4r1k/pp2q3/4p1Q1/1b1p1p2/3R1R2/2P4P/PP4P1/7K b - - 4 27,f8f7 f4h4 f7h7 h4h7 e7h7 g6f6 h8g8 d4h4 h7h4 f6h4,1902,exposedKing fork
08PuP,6k1/p5b1/2P1p2p/4r1p1/1Q1N4/P7/KP4PP/5q2 b - - 1 39,e5d5 c6c7 f1a6 b4b8 g8f7 c7c8q a6c8 b8c8,1902,exposedKing promotion
0KyXd,7r/p1k2ppp/2p5/1rBp4/8/5PPB/P6P/R5K1 w - - 1 24,c5a7 c6c5 a2a4 b5a5 a7c5 a5c5,1902,trappedPiece
00bqJ,r7/1pp4k/p2p3p/3Ppq2/2P2bb1/1N2R3/PP1Q4/1K1N2R1 w - - 8 27,d2c2 f5c2 b1c2 g4d1 g1d1 f4e3,1903,attraction
03ZFL,6k1/1p4pp/1b3p2/pP2pP1n/P1P3R1/2q4r/3NQPK1/3R4 w - - 0 32,f2f3 h3g3 g4g3 h5f4 g2h2 f4e2,1903,fork
04WvR,r2q1r1k/1b2bppp/p3p1n1/1p1n3Q/3NN3/2P2R2/PPB3PP/R1B3K1 b - - 3 17,d5f6 e4f6 e7f6 f3h3,1903,defensiveMove
0PvOX,6k1/3b1pp1/3N4/2PQPP2/3K2P1/8/8/q7 w - - 3 41,d4e4 d7c6 d5c6 a1h1 e4d4 h1c6,1903,skewer
0vzFG,4rrk1/1pp2ppp/1b6/p1qP4/2P5/5B2/PPQ1RPPP/1R4K1 w - - 4 18,b1e1 c5f2 g1h1 f2e1 e2e1 e8e1,1904,backRankMate
014K4,8/7p/5kpP/p4p2/8/2bR4/P2p1PP1/6K1 w - - 4 44,d3d6 f6e5 d6d3 e5e4,1905,defensiveMove
01s7f,2k2N2/pp6/3P4/2p2N2/P3Pqp1/2P2r1r/1P2Q1Kp/5R1R w - - 1 35,f5e7 c8b8 f1f3 g4f3 g2h3 f3e2,1905,advancedPawn exposedKing fork
02vpt,r2qk1r1/pbppbp2/1pP1pn2/8/2P5/1P2Pp2/PB2B1PP/RN1Q1RK1 w q - 0 13,c6b7 g8g2 g1h1 f3e2,1905,advancedPawn kingsideAttack
03Oqv,r2qkn1R/p4pp1/2n1p3/1N1p2P1/1ppPPN2/5P2/PPPQ4/2K5 b q - 0 19,d8g5 h8f8 e8f8 f4e6 f7e6 d2g5,1905,attraction discoveredAttack
050C0,8/4k3/1p3p2/p7/PP1K1P2/n7/2B5/8 w - - 2 36,b4a5 a3c2 d4c3 c2e3,1905,defensiveMove hangingPiece
01nId,4r3/ppq1b1kp/2b2npQ/6B1/3r4/P2B4/1P3PPP/2R1R1K1 b - - 1 24,g7g8 g5f6 e7f6 e1e8 c6e8 c1c7,1906,kingsideAttack
06lCK,6K1/1R6/3pk1P1/4pnnP/8/8/8/8 b - - 8 58,f5e7 b7e7 e6e7 h5h6 e7f6 h6h7 f6g6 h7h8q,1906,promotion
0BN01,r2q1r1k/ppp1b1pp/3pBn2/4p3/3nP3/2NPB3/PPPQ1PPP/R3K2R w KQ - 5 11,c3d5 d4e6 d5e7 d8e7,1906,hangingPiece
02yun,r1nqr1k1/1pp2p2/p5pp/3P4/P1BN2b1/1PQ2P2/6PP/3R1K1R b - - 0 20,g4d7 d4e6 d7e6 d5e6 d8d1 f1f2 d1d8 e6f7,1907,advancedPawn kingsideAttack
0HY0n,5rkr/4Qppp/pq6/3Rp3/8/8/P5PP/5R1K b - - 0 28,b6e6 e7e6 f7e6 f1f8 g8f8 d5d8 f8f7 d8h8,1907,skewer
00plb,8/1p6/p1p3r1/1kP5/7R/5P1P/5K2/8 w - - 0 54,h4g4 g6g4 f3g4 b5c5,1908,rookEndgame
01Vmt,6k1/3p1p1p/2n1p1p1/3q4/4N3/r3PP2/2Q1K1PP/1R6 b - - 2 22,g8g7 c2b2 c6d4 b2d4 d5d4 e3d4,1908,fork
01qRs,8/8/1P6/1KR1k3/5p2/8/8/r7 b - - 1 63,e5e4 c5c4 e4f5 b6b7 a1b1 c4b4 b1b4 b5b4,1908,advancedPawn rookEndgame
02LgW,3r4/p4k1p/1p4p1/2P1pp2/8/1P2K3/P4PPP/2R5 b - - 0 27,d8c8 c5b6 c8c1 b6b7,1908,advancedPawn rookEndgame
039F6,8/5p2/4pk2/8/3p1P2/5P1P/5K2/8 w - - 0 56,f2e2 f6f5 e2d3 f5f4 h3h4 e6e5,1908,defensiveMove pawnEndgame
03JhA,1r5r/4q1kp/6p1/pp1Q1P2/3Rp3/2P1R3/P6P/6K1 b - - 0 28,e7g5 e3g3 h8d8 g3g5,1908,defensiveMove
05gLw,8/p1NR1kbp/4p1p1/2p2p2/4n3/P3B1P1/7r/2K5 b - - 3 38,f7f6 c7e8 f6e5 e3f4,1908,mateIn2
03LpJ,4r1k1/p1pq1pp1/2pb1n1p/1r6/4P3/2P2PB1/PPQ3PP/RN1R2K1 b - - 3 16,b5b2 c2b2 d6c5 d1d4,1909,hangingPiece
03TNb,5k1r/pN3p2/2n1pQp1/3p2Pq/3P4/2P1K2r/PP3P2/R4R2 w - - 7 29,e3d2 h3f3 f1h1 f3f6 h1h5 f6f2,1909,trappedPiece
0JK5u,8/2Q1kpp1/8/p3pPq1/2pp1nB1/Pr1P2K1/5P2/7R b - - 2 40,e7f6 c7d8,1909,mateIn1
09rSX,1r4k1/5pp1/3p3p/3Pp3/2P5/p2Q3P/1q1N2PK/3R4 w - - 0 34,d1b1 b2b1 d2b1 a3a2 b1c3 a2a1q,1910,promotion
0LQtz,r1bqk2r/1p2bp1p/p3p1p1/2ppP1BQ/7P/4P3/PPP2PP1/RN2K2R w KQkq - 0 11,h5h6 d8a5 b1d2 e7f8 g5f6 f8h6,1910,trappedPiece
0Q7Sn,2r1k2r/5p2/3Qpp1p/8/2q5/8/5PPP/R2R2K1 b k - 0 24,c4c5 d6c5 c8c5 a1a8 e8e7 a8h8,1910,skewer
2pJgd,4r3/5p2/2kp2p1/p7/4n3/5Q1R/1PP2PPP/4qBK1 w - - 5 30,f3f7 e1f1 g1f1 e4d2 f1g1 e8e1,1911,backRankMate
00H87,6k1/2q1pp2/p5pB/2p4n/3pP1Q1/P2P3P/1r4P1/5RK1 b - - 1 30,c7g3 g4c8 g8h7 f1f7 h5g7 f7g7 h7h6 c8h8 h6g5 g7g6 g5g6 h8g8 g6f6 g8g3,1912,attraction deflection skewer
02BBW,2kB3r/ppp2ppp/6q1/2b1p3/3nN3/3P3b/PPP1BPP1/R2Q1RK1 w - - 0 14,e4g3 d4e2 d1e2 g6g3 e2f3 g3f3,1912,kingsideAttack pin
04ZXS,8/p7/4B1bk/1q2Qp1r/3P4/2R5/1r4P1/5RK1 w - - 1 36,c3g3 b5f1 g1f1 h5h1,1912,attraction mateIn2
07bmr,4rr1k/6pp/p5q1/1p6/3P1Pb1/2P5/PP1N1P1P/R3R1KQ w - - 1 26,e1e8 g4h3 h1g2 g6g2,1912,discoveredAttack mateIn2
2QzEP,3r2k1/ppp1R1pp/2b2p2/3r4/6Q1/1PB2P1P/PP3qP1/4R2K b - - 17 29,d5g5 g4e6 g8h8 e7e8 c6e8 e6e8 d8e8 e1e8,1912,backRankMate
00798,6K1/4k3/4P3/6pp/6rP/4R1P1/8/8 w - - 0 60,g8g7 g5h4 g7h6 h4g3,1913,discoveredAttack rookEndgame
01Z4Y,2r2rk1/3b1p1p/3p3P/p2Np1q1/1p2Q3/8/PPP5/1K1R3R b - - 1 23,d7f5 e4f5 g5f5 d5e7 g8h8 e7f5,1913,attraction fork
08Gve,2r2r1k/4b2p/p2pQnpP/6B1/1p3P2/8/PPq3P1/K2RR3 b - - 1 23,c8e8 g5f6 e7f6 e6f6 f8f6 e1e8 f6f8 e8f8,1913,deflection
0EMXo,r1bqk2r/pppnppbp/2n3p1/4P1N1/2B5/8/PPP1QPPP/RNB1K2R b KQkq - 2 8,c6e5 c4f7 e5f7 g5e6 d7e5 e6d8,1913,trappedPiece
0LJNT,4r1k1/1pqn1pp1/p1p2n1p/3p1Q2/PP1P4/2P1PN1P/3N2P1/4R1K1 w - - 7 22,e3e4 g7g6 f5f6 d7f6,1913,trappedPiece
02NcP,r5k1/p4pp1/2p4p/2p5/QPP2BR1/7P/P4RPK/3rq3 b - - 0 28,e1f2 a4d1 h6h5 f4g3,1915,hangingPiece
05Vzs,2kr2r1/pp5p/1q2pp2/8/8/1N1n3P/PP2QPP1/R4RK1 w - - 3 19,a1d1 g8g2 g1g2 d3f4 g2f3 f4e2,1915,attraction
01G5k,8/b6p/P1K2k2/2p3p1/6P1/8/1P3P2/8 b - - 1 49,f6e5 c6b7 e5d6 b7a7 d6c7 b2b3 h7h6 f2f3,1916,defensiveMove trappedPiece
02ooN,r3rnk1/ppq2pp1/3b1p2/2pP3N/6b1/2PB2P1/PPQ2PK1/R1B4R b - - 0 17,c5c4 h5f6 g7f6 d3h7 f8h7 c2h7,1916,kingsideAttack
034Ca,8/6k1/1R6/5b2/5Kpp/8/8/8 b - - 3 62,f5c8 b6c6 c8b7 c6c7 g7f6 c7b7,1916,exposedKing fork
0EI8t,5rk1/2p3pp/Q4p2/1r1q4/1b6/1P5P/PB1P1PP1/R2R2K1 w - - 2 23,b2c3 f8a8 a6b5 d5b5,1916,trappedPiece
00yzf,3rk3/3N2R1/4P1pr/3pP3/2p5/6p1/PP6/2K5 b - - 3 29,g3g2 d7f6 e8f8 g7f7,1917,mateIn2
03kAQ,8/3n4/5k1p/1pPBp3/1P4KP/8/8/8 w - - 1 51,g4h5 f6g7 h5g4 d7f6 g4f5 f6d5,1917,fork
055GB,8/6k1/5R2/6p1/4P1Kp/2r2P2/8/8 w - - 8 50,g4g5 c3c5 g5h4 g7f6,1917,deflection rookEndgame
0BbLS,r7/6kp/pq3rpn/1p1Q1p2/8/P2B4/1PP3PP/R4R1K b - - 0 23,h6g4 d5a8 b6c7 g2g3,1917,hangingPiece
0CMKk,8/4R2P/1p6/8/4p1P1/pk4K1/5P2/7r w - - 3 49,g4g5 a3a2 e7a7 h1h7 a7h7 a2a1q,1917,promotion
0EXga,3r1r2/pbp2pkp/2p2p2/8/1b2P1N1/2N5/PPP2PPP/R3R1K1 w - - 2 15,e1e3 h7h5 e3g3 h5g4,1917,trappedPiece
04crN,r4rk1/pb3p1p/1p2p1p1/2qp1P2/6P1/1P1BP2P/PBPK2Q1/5R2 b - - 0 22,c5e3 d2e3 d5d4 e3f2 b7g2 f2g2,1918,hangingPiece
07uFw,r1bqr1k1/ppp2pb1/2n3Q1/3Np1p1/2B1P3/P7/1PPP1PP1/R1B1K2R b KQ - 0 12,f7g6 d5e7 g8f8 e7g6,1918,mateIn2
01g9c,r4rk1/ppq3pp/8/3pn1B1/8/3B1N1b/PP2NKPb/2RQR3 w - - 0 19,c1c7 e5g4 f2f1 f8f3,1919,deflection mateIn2 pin
0A2t1,r6r/ppp1kpp1/2p1b2p/4Pn2/8/2N2N2/PPPR1PPP/3R2K1 b - - 1 14,a8d8 g2g4 d8d2 d1d2 f5d6 e5d6,1919,trappedPiece
2N4mV,r3n1k1/1b2q1pp/p3p3/1p1p4/4N1Q1/1B6/PPP3PP/5RK1 b - - 1 21,d5e4 g4e6 e7e6 b3e6 g8h8 f1f8,1919,backRankMate
01Qs6,6k1/1N3ppp/p1PK4/8/4p3/7P/8/1r6 b - - 0 43,e4e3 c6c7 b1d1 d6c6 h7h6 c7c8q,1920,advancedPawn defensiveMove promotion
02Mow,r1b2rk1/p1p2ppp/2pp4/2b3B1/3Nq3/2P4P/PP3PP1/R2Q1RK1 b - - 0 12,c8h3 g2h3 e4g6 d1g4 c5d4 c3d4,1920,hangingPiece
02irR,3r4/2KP1k2/8/5p2/p4Ppp/P1P5/1P2R3/8 b - - 2 54,d8d7 c7d7 h4h3 e2h2,1920,hangingPiece rookEndgame
01Vce,2r4r/6b1/8/1b1pPQ1k/2p2P2/4P3/PP1B3q/2K5 b - - 7 33,h5h4 d2e1 h2g3 f5g5 h4h3 g5g3,1922,pin
04E6r,r4rk1/2q1bp2/3p1n1p/Pbp1p1p1/2N1P1P1/2PPBN1P/2Q2P2/R3K2R w KQ - 1 22,c4b6 c7b6 a5b6 a8a1 e3c1 b5d3 c2d3 a1c1,1922,deflection
00aa9,6k1/7p/6p1/5p2/5PP1/7P/1p6/1K6 w - - 0 42,b1b2 f5g4 h3g4 h7h5 g4h5 g6h5,1923,pawnEndgame
01h1x,7r/p5pp/2p1b3/N2k4/3p4/8/Pr3PPP/2R1R1K1 b - - 1 26,c6c5 a5c4 b2a2 e1e5 d5c6 e5e6,1923,deflection
02SQK,1r2r1k1/3nbppp/p1q1p3/3pR2Q/3B4/3B4/PPP2PPP/R5K1 b - - 9 19,g7g6 h5h7 g8h7 e5h5 h7g8 h5h8,1923,attraction kingsideAttack pin
05O47,3r2k1/1p3pp1/p2n3p/3Q4/1P6/P3PPP1/1B3KRq/8 b - - 4 27,d6e4 f3e4 d8d5 g2h2 d5d2 f2g1,1923,hangingPiece
04cDV,r4k1r/pp2Bppp/4nq2/1B6/8/2b3QP/P4PP1/3R1RK1 b - - 0 18,f8e7 g3d6,1924,mateIn1
04gZJ,8/8/1n6/4P3/pNk3K1/6P1/1P6/8 w - - 3 66,e5e6 c4b4 e6e7 b6d5,1924,hangingPiece
09VSq,r4rk1/p1p2pn1/3p2pQ/3P3P/6P1/1pq2P2/P5B1/1K1R2NR w - - 0 21,h6d2 b3a2 b1a2 c3c4 a2a1 c4a4 d2a2 a4d1,1924,attraction deflection
00zOQ,2r3k1/p7/7p/1p4p1/6R1/3B1q1P/2P4P/2B3RK w - - 6 35,g1g2 c8e8 c1d2 f3d1 g2g1 d1d2,1925,deflection
03zfX,1rb2rk1/p1q2pnp/2pp1Q2/1p4P1/4P3/1P3NNP/P7/1K1R3R w - - 5 27,d1d6 g7e8 d6c6 c7g3,1925,fork
05d4D,k7/pp6/2p1rb2/8/K3b3/8/7Q/3R4 w - - 0 44,h2h6 e4c2 a4a3 f6e7 a3b2 e6h6,1925,discoveredAttack
06bCO,2Q5/pp3R2/q1nP2p1/7p/4P2P/P5k1/1P6/7K w - - 0 37,c8f8 a6e2 f7f3 e2f3 f8f3 g3f3,1925,exposedKing
09P2R,6k1/p3ppbp/1p3np1/8/3P4/1Qr1PN1P/P4PP1/2rR2K1 w - - 1 23,b3a4 b6b5 a4b5 c1d1,1926,deflection
035YV,r1bk3r/1p3ppp/p7/2b5/P7/4Bp2/1P3PPP/R3KB1R b KQ - 1 14,h8e8 e1c1 c8d7 e3c5,1927,pin
03Nzv,8/6pp/5p2/p1k5/2P2P2/P2K2P1/8/8 b - - 0 46,g7g5 f4g5 f6g5 g3g4 a5a4 d3c3,1927,defensiveMove pawnEndgame
0BcqE,r2r4/BR4pk/2p2pp1/4n3/P1P5/2b2BP1/5P1P/3R2K1 w - - 2 29,d1d8 e5f3 g1g2 f3e1 g2f1 a8d8,1927,hangingPiece
02Fby,4r1k1/5ppp/8/p7/3Bb3/2P5/P3rPPP/RR3K2 w - - 3 26,b1e1 e4g2 f1g2 e2e1 a1e1 e8e1,1928,deflection
02nkx,6r1/pppk4/2n1q3/3p2rp/3PP3/2P4P/PP2QRP1/RN4K1 w - - 1 24,e4d5 g5g2 f2g2 e6e2,1928,kingsideAttack pin
03vMK,1rq1b1k1/2p2ppp/3p4/8/2Q2PP1/1BB1n1rP/PPP2R1K/3R4 w - - 3 28,c4d4 g3h3 h2h3 c8g4,1928,attraction
06HBS,3r3k/4b1p1/2Rp3p/1Q1Rp3/1B6/P4qPP/1P6/7K w - - 2 38,h1g1 f3g3 g1f1 d8f8 f1e2 f8f2,1928,exposedKing
25J7w,4r2k/p5pp/1pn1B3/q4p2/5Q2/P4N2/1K4PP/2R5 b - - 0 29,e8e6 f4b8 c6b8 c1c8 e6e8 c8e8,1928,backRankMate
00eak,4r1k1/5pp1/5n1p/P5r1/7q/1QP1p1PP/1P3P2/R3RBK1 w - - 0 27,g1h2 f6g4 h2g2 g4f2,1929,pin
02oEK,7r/2RR4/5p2/p3pKbk/P3P2p/1p6/1P6/8 w - - 7 44,d7h7 h8h7 c7h7 g5h6 h7b7 h4h3 b7b3 h5h4,1929,defensiveMove
09IkH,7r/5pkB/2p3p1/4Pq2/p1PP3Q/2p4P/Pr6/K2R3R w - - 0 31,h1f1 b2a2 a1a2 f5c2 a2a1 c2b2,1929,attraction
09frX,3r4/4R1b1/1R2Bp2/7k/4P1pN/P1r5/2n2P1P/2B3K1 w - - 2 23,e7g7 d8d1 g1g2 c2e1 g2f1 e1f3 f1e2 d1e1,1929,discoveredAttack
0Jli4,3qkbnr/2p2ppp/2p1p3/3p4/b2N4/2B1PQ2/3P1PPP/1N3RK1 b k - 1 13,f8d6 d4e6 f7e6 c3g7 g8e7 g7h8,1929,trappedPiece
02YjH,r2qkb1r/pQ2pppp/3p4/8/3n4/6PP/PP3P2/RN2R1K1 b kq - 0 14,d4c2 b7c6 d8d7 c6a8 d7d8 a8c6,1930,deflection fork
06Gr2,1r4k1/2p2ppp/8/p3rb2/P1K5/1B3P2/Rb1N2P1/3R4 w - - 2 28,a2b2 b8b4 c4c3 e5e3,1930,mateIn2
02H9Q,8/5pk1/5p2/5P2/6P1/3pR3/2pKp3/8 w - - 4 51,e3e7 g7h6 e7e4 h6g5,1931,rookEndgame
0CQhq,r4rk1/pp4p1/4p1p1/q1b1n3/8/2N5/PP1QBPPP/3R1RK1 w - - 0 18,d2g5 e5f3 e2f3 c5f2 f1f2 a5g5,1931,discoveredAttack
03JVX,2rq1rk1/bp3p1p/p3p1p1/1P2P3/5P2/P3p1NR/6PP/RQ5K b - - 1 23,d8d2 g3e4 d2d8 e4f6 d8f6 e5f6,1932,kingsideAttack
04F9l,3R4/ppp2pp1/2p3k1/6N1/2P1r1b1/1P2b1Pp/PBq4P/4Q1RK b - - 8 23,e3g1 e1e4 c2e4 g5e4 g1e3 e4d2,1932,defensiveMove
07H8i,8/3R3p/p1n1N1k1/5pB1/5P2/p1q2PK1/8/8 b - - 2 37,a3a2 e6f8 g6h5 d7h7,1932,deflection mateIn2
07UbC,8/8/1p3K2/8/p7/7P/P4P2/2k5 w - - 0 47,h3h4 b6b5 f6e6 b5b4 h4h5 b4b3 a2a3 b3b2,1932,pawnEndgame
086r2,5k2/2R5/1PQ5/2Pp1n2/5P2/2b1r3/3K2P1/8 w - - 11 42,d2c2 f5d4 c2b1 e3e1 b1a2 e1a1,1932,exposedKing
08aqt,8/8/3k4/p4P2/5K2/8/8/8 w - - 3 51,f5f6 a5a4 f6f7 d6e7 f7f8r e7f8 f4e3 a4a3 e3d2 a3a2,1932,pawnEndgame
03M6W,7k/ppp3rr/1b1p1Q2/4p3/4P1q1/P2P2B1/1PP1RP1P/R5K1 w - - 0 24,f6f5 g4g3 h2g3 g7g3 g1f1 h7h1,1933,kingsideAttack pin
04KSR,r1b1Q3/ppp3kp/3p2p1/4b3/2B1P3/2N3P1/PPPq2KP/5R2 w - - 11 25,f1f2 c8h3 g2h3 d2h6 h3g2 a8e8,1933,attraction
06quS,3rN1k1/1p4b1/nPq3pp/P1P1np2/b2p4/B2P2P1/5PBP/2Q1R1K1 b - - 2 34,e5f3 g2f3 c6f3 c1c4 g8h8 c4a4,1933,exposedKing
0BW44,5r1k/2PR3p/8/4Q3/5p1b/4p1qP/P5P1/5K2 b - - 3 35,h4f6 e5f6 f8f6 c7c8q g3g8 d7d8 g8d8 c8d8,1933,promotion
0DcV3,5rk1/p1p3p1/1p5p/2N1qn2/6Q1/3P4/PP1B2PP/R6K b - - 0 22,e5c5 d2b4 c5f2 b4f8,1933,skewer
00rqm,2r2r1k/3b3n/p6q/1p1nN3/7P/3P2Q1/PPP2P2/1K4RR b - - 0 30,d7f5 g3g8 f8g8 e5f7,1934,kingsideAttack mateIn2
04QBi,2kr1b1r/pp1n1ppp/Q1p1pn2/7q/4PB2/5N2/PPP1BPPP/2KR3R b - - 7 12,h5g4 a6c6 b7c6 e2a6,1934,mateIn2
08Ivm,8/5k1p/3p1Pp1/3P2P1/5K2/8/8/8 b - - 4 59,h7h6 g5h6 f7f6 f4g4,1934,pawnEndgame
01Amj,8/8/8/2p1K3/p7/Bk6/8/8 w - - 1 54,a3c1 a4a3 c1a3 b3a3 e5d5 a3b4,1937,defensiveMove
06OET,1k1r3r/pp2np1p/5p2/q1b2b2/8/1BN2N2/PP2QPPP/2KR3R w - - 13 19,e2b5 a5c3 b2c3 c5a3,1937,mateIn2
0BEqK,4r3/4P3/6R1/4k2p/4P1p1/6P1/6K1/8 w - - 0 48,g6g7 e5f6 g7h7 f6g6 h7h5 g6h5,1937,trappedPiece
0VB7d,r2q1n2/pp3k1B/1bp2pQB/3p3P/3P2b1/2P2N2/P4PP1/4R1K1 b - - 2 21,f8g6 h5g6,1937,mateIn1
04EZu,4r3/1p6/p2P4/P7/2P5/1P5p/5kpK/6R1 b - - 0 54,e8e1 g1e1 f2e1 h2g1 h3h2 g1g2 h2h1q g2h1,1938,rookEndgame
08Sa9,8/pp6/2p1k3/2P2p1p/1PK2PpP/P5P1/8/8 b - - 1 31,b7b5 c5b6 a7b6 a3a4,1938,pawnEndgame
08uVJ,8/p2K4/2P5/1P3k2/4n3/8/8/8 b - - 4 55,e4f6 d7d8 f6d5 c6c7 f5e4 c7c8q,1938,promotion
0BbXb,2k1r3/ppp3pp/5p2/8/3rN1n1/5QP1/PPP1KPP1/R2R3q b - - 13 21,d4d1 f3g4 c8b8 a1d1,1938,hangingPiece
0LSEq,4rrk1/2q2pp1/p1pbp2p/1p1pN3/1P1PnP2/P3QPPP/1BP3K1/3R1R2 b - - 0 27,d6e5 d4e5 e4g3 g2g3,1938,trappedPiece
03WmP,8/p4pk1/3Qp3/3bR2r/2p4p/2Pq1P1K/P5P1/5R2 b - - 0 38,d3f1 e5h5 f1h1 d6h2 h1h2 h3h2,1939,hangingPiece
0AyuM,r1bqk2r/ppp2ppp/2n5/2bpp3/6n1/3P1NP1/PPPNPPBP/R1BQ1RK1 w kq - 6 7,f3e1 c5f2 f1f2 g4e3 d2b3 e3d1,1939,trappedPiece
0B4cF,3r4/4rkb1/p1q1p1pp/1pP2P2/2pP4/P1B2PQ1/6PP/1R2R1K1 b - - 0 29,g6f5 g3g7 f7g7 d4d5 g7f7 d5c6,1939,discoveredAttack
03tCg,2r2rk1/1p3pqp/p1n3p1/3p2N1/3P1PR1/P2Q3P/1P4P1/2R3K1 w - - 1 28,f4f5 c6e5 d4e5 c8c1 g1h2 g7e5,1941,discoveredAttack
04Dsf,1r1k1r2/2p2qp1/1pQp3p/p2P4/4R1BP/8/PPP3p1/2K1R3 w - - 0 32,e4e7 f7e7 e1e7 g2g1q,1941,advancedPawn promotion
05LeR,5r1k/bp6/p1p3p1/4p2p/7P/2PRNrP1/PP2RP2/6K1 w - - 1 29,d3d7 f3f2 e2f2 a7e3,1941,deflection pin
05LvB,6k1/p7/1p2r2p/5qPQ/2Pbp3/P5P1/4RPB1/6K1 b - - 0 28,h6g5 g2h3 f5g6 h3e6,1942,skewer
0GbDM,r6r/1pp1qkpp/5n2/3P1b2/pbPN4/NK1n1P2/PP4PP/R1BQ1B1R w - - 0 15,b3c2 d3e1,1943,mateIn1
00YjD,8/8/2p5/5k2/3R2p1/1P1P2K1/2r5/8 w - - 0 38,d4c4 c2c4 d3c4 c6c5 b3b4 c5b4,1944,rookEndgame
03RER,8/1p1k4/4p3/3pP3/1PpN1P2/2P3n1/2K5/8 b - - 0 36,g3f5 d4f5 e6f5 c2d2 d5d4 c3d4 b7b5 d4d5,1944,defensiveMove
04q9k,rnb2rk1/pp6/4p2p/3p4/3P4/PPqB2QP/5PP1/R4RK1 b - - 1 22,g8f7 d3g6 f7g7 g3c3,1944,discoveredAttack
067Xw,5k2/p3Npbp/6p1/3P1p2/p1P5/5B2/1r3PPP/5RK1 w - - 2 27,e7c6 a4a3 d5d6 a3a2 d6d7 g7f6 d7d8q f6d8,1944,advancedPawn
09CMV,k1r5/5Pq1/K1pQ1R2/p6p/P1P5/1P6/8/8 w - - 2 59,f7f8q g7a7,1944,mateIn1
016vg,4r1k1/2R3p1/p3r2p/1p2p3/1q3P2/1P4P1/P3Q2P/4R1K1 w - - 0 31,f4e5 e6e5 e2e5 e8e5 e1e5 b4d4 g1f1 d4e5,1945,attraction fork
06mgO,5rk1/4p1b1/p1pq3p/P2p2p1/1P1P4/2B1QP1n/6P1/3R1RK1 w - - 0 30,g2h3 d6g3 g1h1 g3h3 h1g1 h3g3,1945,exposedKing
0CwgF,3q1k2/5Pp1/2p1Q3/2P3K1/1p1P1P2/8/8/8 w - - 1 44,g5g6 d8f6 e6f6 g7f6 d4d5 b4b3 g6f6 b3b2 d5c6 b2b1q,1945,promotion
0TcR6,1r4k1/1r2bp1p/pBpRb1p1/2P1p3/N3P3/P5P1/1P3P1P/4R1K1 w - - 4 21,d6c6 e6d7 c6c7 d7a4 c7b7 b8b7,1945,skewer
03XwD,6r1/6P1/8/2K2p2/1p5k/1P6/8/6R1 b - - 0 56,f5f4 c5d4 f4f3 d4e3 f3f2 e3f2,1946,rookEndgame
077Aw,8/8/1k1p3p/p2P2p1/1pK2p1P/1P3PP1/1P6/8 w - - 0 39,g3f4 g5h4 f4f5 b6c7,1946,pawnEndgame
0kRIT,3r2k1/1p3p2/5p1B/5Q2/3r4/8/Pq3PPP/R1R3K1 w - - 1 27,f5f6 b2c1 a1c1 d4d1 c1d1 d8d1,1946,backRankMate
07goT,5q2/2r3k1/4Rppp/P1p5/8/4Q2P/6P1/6K1 b - - 0 46,g7f7 e6f6 f7f6 e3f4 f6e6 f4f8,1947,attraction skewer
086bC,2r2rk1/3q1ppp/3p1b2/3P4/3B2n1/5R2/PPNQ2PP/R5K1 w - - 3 20,h2h3 c8c2 d2c2 f6d4,1947,deflection
0Ny25,2rR3k/1b2Q2p/p5p1/1p2Pp2/5P1P/P7/BP3qP1/7K b - - 1 35,c8d8 e7f6,1947,mateIn1
08tn8,3Q2R1/p3bp2/1p3kPp/5qn1/8/4P1P1/5PK1/8 w - - 7 42,g6f7 f5h3 g2g1 g5f3,1948,mateIn2
0DEms,6r1/pp3p1k/1n6/1B1PQpq1/8/7p/P6p/1R3R1K w - - 3 33,b1b2 g5g1 f1g1 h2g1q,1948,promotion
2SacJ,4rk1r/pR2nppp/3Q4/8/2P5/5P2/q2PP2P/2B1K3 b - - 0 24,a2c4 d6e7 e8e7 b7b8 e7e8 c1a3 c4b4 a3b4 f8g8 b8e8,1948,backRankMate
2vuAr,r3r1k1/5ppp/p2BP3/q3P3/2pP2P1/2pp1Q2/P2P3P/5RK1 b - - 0 24,f7e6 f3f7 g8h8 d6f8 a5e5 d4e5 e8f8 f7f8 a8f8 f1f8,1948,backRankMate
00WVK,k7/7R/p1P5/4K3/1P6/r6p/8/8 b - - 2 51,a3b3 h7h8 a8a7 c6c7,1949,advancedPawn rookEndgame
03xAn,3r3k/5p1P/p1Q2P1b/q4Pn1/2p5/2p5/PPP1B3/1K4RR w - - 1 27,h1h6 a5b4 c6b7 b4b7,1949,pin
03xYR,6k1/5pp1/4p2p/4P1q1/2pP4/1rn3P1/2R1QK1P/R7 w - - 0 29,e2c4 g5f5 f2g1 f5c2 a1a8 g8h7,1949,fork
2ybqN,5rk1/ppp2ppp/1q6/1n2N3/1Q6/8/PPP5/2K1R3 b - - 3 26,b5d4 b4f8 g8f8 e5d7 f8g8 e1e8,1949,backRankMate
00UJF,2kr2r1/3q1p2/pp1b1n1p/2pP4/2Pp1B2/PQ1P3P/4B1PK/R4R2 w - - 2 21,f4d6 d7d6 h2g1 g8g2 g1g2 d8g8 e2g4 f6g4,1950,attraction
00xDW,7k/5Bp1/3p3p/8/4P1n1/r1rP4/6PP/1R1R2K1 b - - 0 36,c3d3 d1d3 a3d3 f7g6,1950,defensiveMove
016b0,r5k1/p2Q1pp1/1p2P1rp/2p5/P1Pp4/5q2/1P3P1P/3RRK2 b - - 0 31,g6g2 d7f7 f3f7 e6f7 g8f7 f1g2,1950,advancedPawn kingsideAttack
01yU9,4r1k1/pp3ppb/1qpb4/3pnPP1/3N4/2N4Q/PPPB2B1/R5K1 w - - 4 23,d2e3 b6b2 a1f1 b2c3,1950,fork
03fg8,8/8/8/2p5/3k1K1p/3P3P/6P1/8 w - - 1 58,g2g3 d4d3 g3h4 c5c4 h4h5 c4c3 h5h6 c3c2 f4f5 c2c1q,1950,advancedPawn pawnEndgame promotion
03Neq,r7/1p2k2p/4p1pP/4p3/1PPpP3/p2Kn2R/1P3RP1/8 w - - 0 32,h3f3 a3a2 f3f7 e7d6 c4c5 d6c6 b4b5 c6c5,1952,advancedPawn defensiveMove
04ROo,3r4/p1q2p1p/1p2bkp1/4R3/2Pr1P2/1PQ1R1P1/P4P1P/6K1 b - - 2 25,c7d6 e5d5 d6d5 c4d5,1952,pin
055N4,5r1k/pp1q1r1P/n1p2pQ1/3p4/8/1P6/PBPP1P2/2K3R1 b - - 0 24,d7d8 b2f6 d8f6 g6g8 f8g8 h7g8q,1952,advancedPawn exposedKing promotion
0Gmeo,r2k1b1r/pp3ppp/4b3/1B1N2q1/8/8/PP4PP/R2QR2K b - - 0 17,g5d5 d1d5 e6d5 e1e8 d8c7 e8a8,1952,skewer
0JyS1,r4rk1/p5pp/1p1b1p2/2pP4/P1P1P3/5P1q/2Q2P1P/R1B2R1K w - - 3 20,f3f4 h3f1,1952,mateIn1
02czb,r4r1k/pp2nBp1/1b1N3p/6N1/7Q/2P3BP/P3qPPK/2n5 b - - 1 26,e2d2 h4h6 g7h6 g3e5,1953,kingsideAttack mateIn2
05BlS,3r4/5p2/3N2p1/2PkP2p/1P6/2K5/8/8 b - - 5 51,d8d6 e5d6 d5e6 b4b5 h5h4 b5b6 h4h3 b6b7,1953,advancedPawn
0JxjD,r3kr2/pp2qbQp/2np4/2p3N1/2npP3/6BP/P5P1/R4RK1 b q - 0 22,f7g6 f1f8 e7f8 g7b7,1953,skewer
023BQ,1r5k/Np3p1p/4pp2/6r1/2P5/P3P3/5P2/R4R1K w - - 1 24,a7b5 b8g8 f2f3 g5h5,1954,mateIn2
02AQs,7r/6p1/Pk6/R7/1P6/8/2K5/8 w - - 1 49,a5a2 h8h2 c2b3 h2a2 b3a2 g7g5,1954,defensiveMove rookEndgame
02OnY,1rr3k1/4Rpbp/6p1/2P1p3/PPP5/5PP1/5PK1/1R6 b - - 0 33,c8c5 b4c5 b8b1 e7e8 g7f8 c5c6 b1c1 c6c7,1954,advancedPawn
0XOfu,r3r3/p1q1kppp/4b3/5R1Q/2p5/2P5/P1P3PP/4R1K1 b - - 2 19,g7g6 f5f7 e7f7 h5h7 f7f8 h7c7,1954,skewer
01qh2,r1b1r1k1/pp1p1Npp/2p2q2/2bn3Q/2B5/3P4/PPP2PPP/R1B2RK1 w - - 0 12,c4d5 f6f2 g1h1 f2f1,1955,deflection kingsideAttack mateIn2
020Gj,r4r1k/ppp1N1pp/1b1p1p2/8/8/2PB1q1b/P1QB1P1P/R3R1K1 w - - 0 21,d3e4 b6f2,1955,kingsideAttack mateIn1
05ciH,4r1k1/3qp1b1/1p1p4/1P1b2PQ/p7/P3R3/6P1/4R1K1 b - - 2 29,e8f8 g5g6 f8f5 h5h7 g8f8 e3e7 d7e7 e1e7,1955,exposedKing
02Rzn,8/7p/7p/4p2k/4P2P/5KP1/8/8 w - - 1 48,f3g2 h5g4 g2f2 g4h3 f2f3 h6h5 f3f2 h3h2,1957,pawnEndgame
01xmi,r1bqk2r/pp2nppp/4p3/2bnP3/8/3B1N2/PP2QPPP/RNB2RK1 b kq - 1 10,e7g6 d3g6 f7g6 e2b5 c8d7 b5c5,1958,fork
027TT,4r1k1/bb2rpp1/p2Pq2p/1p6/3P4/1P4P1/P1NQRP1P/4R1K1 b - - 0 24,e6e2 e1e2 e7e2 d6d7 e2d2 d7e8q,1958,advancedPawn promotion
0M7mB,5rk1/Q1p2ppp/1p1b4/3RP3/4q3/1P2B3/1PP2PPP/6K1 w - - 1 18,d5d2 f8a8 a7a8 e4a8,1958,trappedPiece
0Ovuz,r6r/1pp1nkpp/p1n1b3/4P3/8/1Q6/PPPN2PP/2K3NR w - - 2 17,b3b7 a8a7 b7a7 c6a7,1958,trappedPiece
025Rn,2rr1bk1/R4pp1/4p1bp/3n4/1pq1N3/5QBP/1P3PP1/1B2R1K1 b - - 3 29,c4b5 e4d6 f8d6 b1g6,1959,fork
07clM,4r2k/pp4r1/8/8/4P1qb/4QR1p/PP2R3/5B1K b - - 5 35,e8e4 f3f8 h8h7 e3e4 g4e4 e2e4,1959,exposedKing
0B08j,r5k1/pp3pp1/1npN2rp/4P3/5P2/8/qPQ3PP/2R1R1K1 b - - 1 21,b6d5 c1a1 a2a1 e1a1,1960,trappedPiece
0O55I,6R1/p2Q3p/1b2pp2/5k2/5PP1/1P2P3/P1KP3r/5q2 b - - 0 43,f5e4 d7c6,1961,mateIn1
1kb6W,2r2rk1/5ppp/pp2p3/1bbp4/5N2/5QB1/PPq3PP/K2R1BNR w - - 8 20,f1b5 c5d4 f4d3 d4b2 d3b2 c2c1 d1c1 c8c1,1961,backRankMate
04k5T,8/7K/6p1/5p2/4kP1P/R2p2P1/6r1/8 w - - 0 50,h7g6 g2g3 g6f6 d3d2,1962,advancedPawn rookEndgame
00VNr,5rk1/npp3p1/p3pr1p/2b5/3NR3/4B2P/PPP2PP1/R5K1 w - - 5 22,e4e6 c5d4 e6f6 d4f6 e3a7 b7b6,1963,defensiveMove
03NrK,5q1k/1p3prp/p2np2Q/3p1p2/3P4/1PP2NRP/P3KP2/8 b - - 2 30,g7g8 h6f6 g8g7 g3g7 f8g7 f6d8,1963,kingsideAttack
05vpY,8/8/6RP/2k5/1p2r3/4p3/4K3/8 b - - 0 60,c5d4 h6h7 e4h4 g6g4 h4g4 h7h8q,1963,advancedPawn deflection promotion rookEndgame
0EwIB,4rrk1/Q1pq1pp1/p2p3p/1p1Pn3/5B2/1P5P/1PP2PP1/3RR1K1 w - - 3 19,a7a6 e8a8 a6b7 f8b8 b7b8 a8b8,1963,trappedPiece
0LTIP,2rr2k1/5ppp/2p2n2/1p2N3/p1pP4/P1P1B1qb/1P2R1P1/2QR2K1 b - - 1 24,h3g4 e3f2 g4e2 f2g3 e2d1 c1d1,1963,trappedPiece
07CCA,2kr2nr/pp4pp/4pp2/4Pb2/Bq1p1P2/5N2/PPP1N1PP/R2QK2R w KQ - 2 14,c2c3 d4c3 d1c1 c3c2 e1f2 b4a4,1964,discoveredAttack exposedKing
0BhTt,r3k2r/pbpp1p1R/1p2n3/4P3/5B2/N2PK1P1/PP6/7R b kq - 0 23,b7h1 h7h8 e8e7 h8h1,1964,hangingPiece
1oByG,5r1k/p1Q3pp/8/8/8/P2P1B2/1PPq2PP/R1n4K w - - 3 27,c7g3 d2d1 f3d1 f8f1,1964,backRankMate
09kAc,8/4Q2p/5ppk/p7/P3BP2/4n1PK/4q2P/8 w - - 9 49,e7f6 e2g4,1965,mateIn1
0AJz9,8/4k3/2B5/r2p4/3Pp3/4P1P1/5PK1/8 w - - 5 84,c6b7 e7d7 g3g4 d7c7 g2g3 c7b7,1965,trappedPiece
0OTv9,8/B7/4k3/1P4p1/2P1p3/5p2/2N4r/2K5 b - - 0 47,e6d6 a7b8 d6d7 b8h2,1965,skewer
00e7H,8/7p/p1p4k/1p1p4/3Qpq2/2P2NpP/PP4K1/8 w - - 0 44,f3d2 c6c5 d4c5 f4d2,1966,deflection
06q4t,r4r2/pppqp3/2npb1kP/6N1/4Pp2/P1PPQ3/2P2PB1/R3K2R w KQ - 2 18,e3f3 e6g4 f3h3 g4h3 g2h3 d7e8,1966,trappedPiece
04LdT,5r2/4r3/pp1k2pp/4p3/1PR3PP/2PP4/3KR3/8 w - - 1 37,d3d4 d6d5 c4c7 e7c7,1967,rookEndgame trappedPiece
06Lkx,2k4r/1Pq2p2/1r2p2p/1QNp2p1/2n5/2P2P1P/1P4P1/R5K1 b - - 0 32,b6b7 a1a8 b7b8 a8b8 c7b8 b5d7,1967,exposedKing
07AKC,8/8/8/8/p2B4/2Pk4/5K2/8 w - - 0 66,f2e1 a4a3 d4e5 d3c4 e5f6 a3a2 e1e2 a2a1q,1967,promotion
0UEEc,7k/3q1K2/7p/7Q/8/5P2/8/8 w - - 10 44,f7g6 d7e6,1967,mateIn1
04ViB,8/5kpp/4N3/4bP2/p7/P3B2P/1Pp5/K1Rr4 w - - 1 37,e6f4 e5d4 a1a2 d4e3 c1c2 e3f4,1969,pin
0DqSn,4Rr1k/b5pp/p1q2p2/1p6/1P3P2/PB6/1B2QnPP/4R2K w - - 1 30,h1g1 f2e4 g1f1 f8e8,1969,discoveredAttack
025gx,5r1k/2b1Npp1/1p2p2p/1qn5/3Q4/P7/3R1PPP/3R2K1 w - - 0 26,d2b2 b5e8 e7d5 e6d5,1970,trappedPiece
02YSF,8/p5k1/2p1R1P1/3p4/3P4/r7/1r6/5RK1 b - - 5 32,b2c2 f1f7 g7h6 g6g7 h6h7 e6h6 h7h6 g7g8q,1970,advancedPawn deflection discoveredAttack exposedKing promotion rookEndgame
031EM,1r1r2k1/1b3p1p/p4qp1/4nNR1/4p2Q/8/PPP1B2P/1K1R4 b - - 2 27,b7d5 g5g6 f6g6 f5e7 g8g7 e7g6,1970,attraction fork
2WhL6,4r1k1/5p1p/6p1/pp6/8/2Q2B2/PPPNbqPP/4R2K w - - 6 32,e1e2 f2e1 e2e1 e8e1 d2f1 e1f1,1970,backRankMate
06FcT,8/8/p1p1k1pp/2P5/PP6/5P1P/5P2/6K1 w - - 1 40,g1f1 e6d5 f3f4 d5c4 f1e2 c4b4 e2f3 b4c5,1971,pawnEndgame
09nvK,3r3k/p2N1R2/1p5p/2p1P1p1/P7/1Pr5/6PK/8 b - - 0 38,h8g8 e5e6 d8d7 e6d7 g8f7 d7d8q,1971,promotion
02GZ7,8/p6p/1p5K/2k5/8/2P5/PP6/8 w - - 4 53,h6h7 c5c4 h7g6 c4d3 c3c4 d3c4,1972,pawnEndgame
008lc,7k/pb1qn2n/1p2R2Q/2p2p2/2Pp4/3B4/PP3PrP/4RK2 b - - 1 27,g2g7 h6g7 h8g7 e6e7 d7e7 e1e7,1973,attraction exposedKing fork
04aUC,1r1r3k/1R1b2p1/4pn1p/p6q/3p1P2/P2B2Q1/1P4PP/4BR1K w - - 1 27,e1a5 h5a5 b7b8 d8b8,1973,hangingPiece
05qT7,r5k1/5pp1/1pP4p/3p4/p2P4/R3P2P/5PP1/6K1 w - - 1 31,g1f1 b6b5 c6c7 a8c8 f1e2 c8c7,1973,rookEndgame
02MgP,3r1rk1/p1q3pb/1p1b4/8/3B2PQ/2P2p1P/PP3P2/R3RNK1 w - - 1 28,f1g3 d6g3 h4g3 c7g3 f2g3 d8d4 c3d4 f3f2,1974,advancedPawn kingsideAttack
04DZk,r3kb1r/pbp1p1pp/1pn2n2/3q1p2/2QP4/5NP1/PP2PPBP/RNB2RK1 w kq - 1 9,f3e5 d5g2 g1g2 c6e5 g2g1 e5c4,1974,discoveredAttack kingsideAttack
08Dd6,8/2pk4/3B1pp1/1K2p2p/1P2PP1P/6P1/8/8 b - - 0 42,d7d6 f4e5 d6e5 b5c6,1974,pawnEndgame
02cG7,r2q1krb/pp1b3Q/6nR/8/3p4/1P3P2/PB1P4/R3K1N1 b Q - 2 29,d7f5 b2a3 d8e7 a3e7 g6e7 h7h8 g8h8 h6h8,1975,exposedKing pin
03Cge,8/pR3kpp/5p2/2pK1P2/7P/2rp4/5P2/8 b - - 1 32,f7f8 d5e6 g7g6 e6f6 f8e8 f6e6,1976,defensiveMove rookEndgame
05wz4,8/p1k5/bpQp4/2pP4/2P3pP/2r3P1/P3r3/6K1 b - - 1 45,c7d8 c6d6 d8c8 d6f8 c8c7 f8g7,1976,exposedKing
06n2c,4k3/1pp4p/3p2pP/6P1/5P2/pP6/P1PK4/8 b - - 1 34,e8e7 f4f5 g6f5 g5g6 h7g6 h6h7,1976,pawnEndgame
0DSjF,5R2/p3P1pk/3P3p/1p2q3/8/7P/6P1/6K1 b - - 6 41,e5c5 g1h1 c5d6 e7e8q d6d1 h1h2,1976,promotion
0DgID,8/5k2/4PP2/8/5Np1/4r2p/7K/8 b - - 0 52,f7e8 f6f7 e8e7 f4g6 e7e6 f7f8q,1976,promotion
00lJm,5r1k/ppp1nBp1/3pN3/7p/3P3P/2P2RK1/PP3QP1/1q5r b - - 6 26,f8f7 f3f7 b1d3 f2f3,1977,hangingPiece
04hNd,8/7p/2p5/3q1pQ1/4p3/5kPP/3P1P2/6K1 b - - 2 35,d5d3 g5h5,1977,mateIn1
1RJbG,1kbr3R/pp2b3/3P1Np1/5pP1/2Q5/2P5/1PK2P2/q7 b - - 0 37,e7f6 c4c7 b8a8 c7c8 d8c8 h8c8,1977,backRankMate
02Jyd,4rk2/5p2/3R4/3P2R1/2p1r2p/2P4P/5KP1/8 w - - 0 34,d6c6 e4f4 f2g1 e8e1 g1h2 f4f1 c6c8 f8e7 g5e5 e1e5,1978,rookEndgame
071Uj,3r1rk1/Qp2qppp/8/4Pp2/5P2/6PP/PPP5/R3K2R w KQ - 1 19,a1d1 e7b4 e1f2 d8d2 d1d2 b4d2,1978,exposedKing
0MeVD,r3k2r/pp1b1ppp/nq1p4/4p3/1PPNB3/P6P/2Q2PP1/2B2RK1 b kq - 0 15,b6d4 c1e3 d4e4 c2e4,1978,trappedPiece
06DqR,r5k1/2n5/5r1p/p1pP1N2/PpP2p1q/1P1Q4/3B1R1N/7K b - - 0 32,h4f2 h2g4 f6f5 g4f2,1979,trappedPiece
090vc,4r1k1/pR2B1p1/6p1/8/8/2bp4/P4PPP/3K4 w - - 6 31,b7a7 e8b8 d1c1 d3d2 c1c2 b8b2 c2c3 d2d1q,1979,deflection promotion
0Q2jz,8/7p/2Q2kpq/5p2/8/8/5PP1/6K1 b - - 6 38,f6g5 f2f4 g5f4 c6c1 f4e5 c1h6,1979,skewer
01xUb,r1b1k2r/1p2qpbp/p1n1pnp1/8/Q7/2N2N2/PP1B1PPP/2KR1B1R b kq - 9 14,b7b5 f1b5 e8g8 b5c6,1980,pin
02YBE,5bk1/5R2/p6P/1p1q2r1/3p4/2P5/P4QP1/6K1 b - - 2 40,f8c5 h6h7 g8h8 f2f6 g5g7 f6g7,1980,advancedPawn exposedKing
02fT9,r2q1rk1/p1p1n1pp/1pnp4/bN2pP2/P1P5/5NB1/5PPP/1R1Q1RK1 b - - 0 16,e7f5 d1d5 g8h8 d5c6 a7a6 b5a3,1980,defensiveMove fork
04ky0,3rr1k1/ppp1bpp1/2q2n2/8/6b1/4BN2/PPPNQPPP/R2R2K1 w - - 5 17,e2c4 g4f3 g2f3 d8d2 c4c6 d2d1,1981,kingsideAttack
07Hd9,r5b1/6R1/p7/1p5k/2n3p1/P5P1/8/2B3K1 b - - 0 37,c4e5 g7g5 h5h6 g5g8 h6h7 g8a8,1981,discoveredAttack
0BfnJ,6k1/3PK3/8/4P3/8/p2r1Rpp/8/8 b - - 1 47,d3d7 e7d7 g3g2 f3g3 g8h7 g3h3 h7g6 h3g3 g6f5 g3g2,1981,hangingPiece
2CGDl,6k1/2p1q2p/Q5p1/5r2/5n2/1PBP4/1PP3PP/R5K1 w - - 1 23,a1e1 e7e1 c3e1 f4e2 g1h1 f5f1,1981,backRankMate
073Hj,6k1/5pp1/p7/7p/1Pp5/7P/P4P2/5K2 b - - 1 31,f7f5 a2a4 g8f7 b4b5 a6b5 a4a5 f7e6 a5a6,1982,pawnEndgame
001kG,rnbq3r/1p2bkpp/p4n2/8/2pNP3/2N5/PPP3PP/R1BQ1RK1 b - - 1 11,e7c5 d1h5 f7g8 h5c5,1983,pin
02hwW,5r1k/2q3rp/p2Rp1p1/6Pn/1pB1P3/4QP2/PPP5/2K2R2 w - - 1 25,e3d3 h5f4 d3d4 e6e5 d4e5 c7c4,1983,deflection
03170,8/8/p2k1ppp/1p1p4/PP1K2P1/1P3P2/7P/8 b - - 0 36,f6f5 g4f5 g6f5 f3f4,1983,defensiveMove pawnEndgame
04Qju,b4rk1/P4p1p/3bp1p1/1qn5/2pB3Q/8/1P4PP/R3R1K1 b - - 3 31,f8c8 h4f6 g8f8 f6h8 f8e7 h8c8,1983,skewer
0QL4X,6k1/pp3p1p/3P2p1/1bp5/8/1P1PrB2/P5PP/R5K1 b - - 0 24,e3d3 f3e2 d3d6 e2b5,1983,skewer
02v2E,8/6p1/8/3K2k1/5p2/5PP1/8/8 w - - 0 43,g3g4 g5h4 g4g5 h4g3 g5g6 g3f3,1984,pawnEndgame
05DKu,r5k1/pp3r2/1q6/3Q4/1P6/P1Bp1P1P/5R1K/2R5 w - - 3 37,d5d3 b6f2 h2h1 f2f3 d3f3 f7f3,1984,hangingPiece
010WS,6k1/p2Q4/3p2p1/8/3qPn2/5P2/PPR3PP/6K1 w - - 2 37,c2f2 f4e2 g1h1 d4d1 f2f1 d1f1,1985,pin
02gI7,r4rk1/2p2pp1/1q2p2p/8/1P4RP/5Q2/P4PP1/3R2K1 b - - 0 23,a8a2 f3f6 b6f2 f6f2 a2f2 g1f2,1985,pin
0MIcZ,r4rk1/p1Q2pp1/1n2p1bp/8/3PP3/q4NP1/P2R1PBP/4R1K1 w - - 1 22,f3e5 f8c8 c7b7 a8b8 b7b8 c8b8,1985,trappedPiece
0B84V,Rnkr3r/1ppb4/1b1p4/1P1Bp1qp/4P3/2PP3p/2QN1p1K/2B1NR2 w - - 2 22,d2c4 g5g1 f1g1 f2g1q,1986,promotion
0BdVI,3q1k2/5r2/5n1R/p1Q1pP2/4p3/2PP4/1r3P2/R3K3 b Q - 1 29,d8e7 c5c8 e7e8 h6h8 f8g7 h8e8,1986,skewer
0HENX,5r2/R1bk3p/7n/2p3p1/2P5/P3RBPP/3r1PK1/8 b - - 0 26,d7d6 a7a6 d6d7 a6h6,1986,skewer
0iNXs,6k1/6pp/2Q1pr2/p1P5/4p3/1P6/P3BqPP/3R3K b - - 1 27,f2e2 d1d8 f6f8 c6e6 g8h8 d8f8,1986,backRankMate
043gg,2r1r1k1/pp3ppp/2n5/1B1p4/3Pq3/2Q5/PP3PPP/R3R1K1 b - - 1 18,e4d4 e1e8 c8e8 c3d4 c6d4 b5e8,1987,kingsideAttack
09EAN,3b2k1/6p1/1n3p1p/3Np3/2pnP3/P4P2/1B2B1PP/6K1 w - - 4 34,d5b6 d4e2 g1f2 c4c3,1987,hangingPiece
0KmQR,6Q1/8/8/1p2q1k1/6b1/8/p4BK1/8 b - - 9 85,g5f6 f2d4 e5d4 g8h8 f6f7 h8d4,1987,skewer
0AL2v,2r3k1/6Pp/8/2P2p2/p2Bp3/Pr1bP3/3K1PP1/2R4R w - - 4 32,h1h7 g8h7 c1h1 h7g6 h1h8 b3b8,1988,hangingPiece
00eTD,r1bq1r2/2p2p1k/pb1p1pnp/1p2p2Q/1P2P2N/P1PP1N2/B4PPP/R4RK1 w - - 6 17,a2f7 g6f4 f7g6 h7g7 h4f5 c8f5,1989,defensiveMove
09nQI,6k1/8/4p2p/2b1P3/1p6/5qNp/PR1Q3B/6K1 w - - 3 36,d2f2 f3g2,1989,mateIn1
06mzi,r4rk1/3R2p1/4p2p/q5p1/1pP1p1P1/1p2B2P/P3QP2/2KR4 w - - 2 32,a2b3 a5a1 c1d2 a1c3,1991,mateIn2
087BT,3r3k/R7/2R3p1/1p6/3r4/8/PPK5/8 w - - 0 40,c6g6 d4c4 c2b1 d8d1,1991,mateIn2
33qx7,r4r1k/1p2Nppp/8/p3N3/3P1R2/8/1qP3PP/5RK1 b - - 1 22,a5a4 e5g6 f7g6 f4f8 a8f8 f1f8,1991,backRankMate
02MXX,5r1k/1N4pp/p7/4P3/3p4/3Q1nPb/PP3P1P/4R1K1 w - - 1 31,g1h1 h3g2 h1g2 f3e1 g2f1 e1d3,1992,attraction fork
03JMe,5b1r/ppQ1kppp/5n2/1q1p4/8/4PbBP/P4P2/2R1K1R1 b - - 1 19,f6d7 c7d6 e7d8 c1c8 d8c8 d6c7,1992,attraction
00UI2,2r3nr/p5pp/b3kp2/3p4/4p3/BP3P2/P1PN2PP/2KR3R b - - 0 18,f6f5 f3e4 f5e4 d2e4 d5e4 d1d6 e6f7 d6a6,1993,fork
04DmI,4k3/pbp1r3/1p3qnQ/4p1N1/2Pn1P2/8/PP4PP/R4RK1 w - - 0 28,f4e5 d4e2 g1h1 b7g2 h1g2 g6f4,1993,attraction kingsideAttack
09D2l,8/8/R3nk1p/8/2B2P2/1P1K4/8/4r3 w - - 5 45,c4d5 e1d1 d3e4 d1d4 e4e3 d4d5,1993,deflection
00WTN,8/7R/B2k4/2pnp3/P7/3KP3/1r6/8 w - - 1 43,a6c4 e5e4 d3e4 d5f6,1994,attraction
01t67,2r5/8/p3P3/5P2/7K/2p4P/P2k1P2/4R3 w - - 4 53,e1g1 c8h8 h4g4 h8g8,1994,rookEndgame
04R0B,1r2r2k/6b1/p2pp3/7q/2p1NP2/P3R3/1PPB2Q1/6K1 b - - 5 33,g7d4 d2c3 d4c3 e3h3,1994,pin
05Ryc,k2rrn2/p1Q5/1p6/3q4/8/2N3B1/PPP2P1P/1K2R3 w - - 0 27,e1e8 d5h1 e8e1 h1e1 c3d1 d8d1,1994,backRankMate
02aCK,8/5p1p/K3p1p1/2k5/Pp2PP2/1P6/2B4n/8 b - - 1 41,h2f3 a6b7 f3d4 a4a5 d4c2 a5a6 c2d4 a6a7,1995,advancedPawn
07hBo,7k/5pp1/8/p2B3p/3QPP2/5KPb/P1q4P/8 w - - 0 35,d5b3 h3g4 f3e3 c2e2,1995,mateIn2
2ABKy,5rk1/5ppp/6n1/1p1N1Q2/p2q4/P1r5/6PP/4RR1K b - - 0 26,c3a3 f5f7 f8f7 e1e8 g6f8 d5e7 g8h8 e8f8 f7f8 f1f8,1995,backRankMate
03Q5V,8/8/1p1r1pk1/pR1P2p1/P2K2P1/8/8/8 b - - 6 45,f6f5 d4e5 d6f6 d5d6,1996,rookEndgame
03wyj,r5k1/p1p3pp/1p2p3/2P1n1r1/5q2/2P3N1/P1Q2P1P/R4RK1 b - - 0 23,f4g4 f2f4 e5f3 f1f3 g4f3 f4g5,1996,fork
04jT2,8/8/p1k5/Pp6/3Pp1p1/4P1P1/2K5/8 w - - 8 68,c2d2 b5b4 d2c2 c6b5 d4d5 b5a5,1996,pawnEndgame
07WyD,2kr3r/pp3pp1/4pn2/3pq3/6p1/3BP1P1/PP1N1P2/R2Q1RK1 w - - 1 16,g1g2 h8h2 g2h2 e5h5 h2g1 d8h8,1996,attraction
31qeI,5rk1/5p1p/Rp2p1p1/4N3/3P3Q/2n1qP2/P5PP/5BK1 w - - 6 29,g1h1 c3e2 f1e2 e3c1 e2d1 c1d1 h4e1 d1e1,1996,backRankMate
01oma,r4q1k/1p4pp/1n2Q1pN/p3P3/Pbp1P3/3p4/1P2B1PP/5RK1 b - - 5 25,d3e2 f1f8 a8f8 e6g8 f8g8 h6f7,1998,kingsideAttack
06GQr,8/8/5Pk1/6P1/1r6/1p4K1/1R6/8 w - - 7 73,b2f2 b3b2 f6f7 b2b1q f7f8q b1g1,1998,promotion rookEndgame
004Ax,8/8/4R1kp/p7/5rPK/8/7P/8 b - - 2 42,g6f7 e6h6 f4f6 h6h7 f7g6 h7a7,1999,exposedKing rookEndgame
02jzk,8/2R5/PB3p2/3Kp3/r1n3p1/2k5/8/8 b - - 0 50,g4g3 a6a7 c3b3 c7c4 a4c4 a7a8q,1999,advancedPawn deflection pin promotion
07CXf,1k2r2r/8/pPp2p2/Q5p1/1R2B1np/3P2P1/PR4KP/2B1q3 w - - 0 33,a5a6 h4h3 g2f3 g4e5,1999,mateIn2
0BAXi,5r1k/1Q6/p2pB1pp/3Pp3/3pP3/3P2PP/PP4RK/5qb1 w - - 3 30,h2h1 g1f2 h1h2 f2g3 g2g3 f8f2 g3g2 f2g2,1999,discoveredAttack
05FsC,2r1q1k1/p6p/4p1P1/4Pp2/3p1P2/1Pr1P2Q/P7/4R1RK b - - 0 28,h7g6 h3h6 c8c7 g1g6 e8g6 h6g6,2000,exposedKing
0Ae6l,3r4/8/2p3kp/8/P5r1/1P1B1RP1/8/6K1 b - - 8 39,g6g5 f3f5 g5g6 f5d5 g6f7 d5d8,2000,discoveredAttack
0LF4E,6k1/p1p1b2R/1p6/3PPp2/1P3P2/3BK1P1/8/2q4R w - - 2 36,e3d4 e7c5 b4c5 c1c5,2000,mateIn2
6qjJq,2r2bn1/1p5R/p1kpb3/P1pN2n1/B1P1PPP1/8/1P3N2/2K5 b - - 1 35,b7b5 a5b6,2000,mateIn1
00afi,3r2k1/1p5p/pbbqpr2/3PR3/P5p1/2B2N1P/1PQ2P1P/3R3K b - - 0 26,f6f3 e5g5 g8f8 c2h7 d6h2 h1h2 f3h3 h7h3,2001,deflection
06eAS,r3r2k/PQ2b2p/3p3P/2pPp1p1/4PpN1/5n2/4q1P1/1R4RK b - - 1 38,f3g1 b7a8 e8a8 b1b8 e7d8 b8a8 h8g8 a8d8,2001,attraction pin
0UtiS,8/p4Rp1/2k1N3/3pP3/p1nP4/P7/1r6/5K2 b - - 1 43,c4a3 e6d8 c6b5 f7b7 b5c4 b7b2,2001,skewer
00KNK,r3r1k1/p1p4p/3b4/4p1qN/8/1P1b1Q2/P2P1PP1/B5KR b - - 2 22,e5e4 h5f6 g8f8 f6h7 f8e7 a1f6 g5f6 f3f6,2002,deflection fork
08RGa,6rk/2b2p1p/p1pq1p2/3p1Q2/1P1N3P/2P2N2/P3RPr1/4R1K1 w - - 0 24,g1f1 g2g1 f3g1 g8g1 f1g1 d6h2 g1f1 h2h1,2002,attraction
0BLCZ,1rr2bk1/5ppp/3p4/p2Q4/1q1B4/1P6/2P1RPPP/1K1R4 w - - 1 23,e2e4 b8b5 d5b5 b4b5,2002,trappedPiece
1n8Zw,r2q4/1pp5/pbk1Q2B/4p2p/P1BPp1n1/2P5/1P3P1P/R5K1 b - - 4 24,d8d6 c4d5,2002,mateIn1
5nZPL,r1b1k1nr/ppp2ppp/2n5/1Bb3B1/4P3/5N2/Pp4PP/RN1R3K b kq - 1 12,b2a1q d1d8,2002,mateIn1
09UOO,8/p4ppk/Pp2p3/2b5/2K4Q/2P3P1/1q6/3R4 b - - 1 34,h7g8 d1d8 c5f8 d8f8 g8f8 h4d8,2003,attraction
0AUTR,8/7p/3k2p1/pp1P3P/3K1P2/8/P7/8 b - - 0 35,a5a4 h5g6 h7g6 a2a3 b5b4 a3b4,2003,pawnEndgame
05d2E,2rr3k/p5p1/1p2Q2p/4pp2/1P6/2p1qN1P/P5P1/2RR3K w - - 2 29,e6e5 d8d1 c1d1 c3c2 d1d8 c8d8,2004,advancedPawn
073kr,5rk1/6p1/2pRq2p/1p2pNn1/4P3/2P1Q1P1/r6P/5RK1 b - - 10 30,e6c4 f5e7 g8h7 f1f8 a2a1 g1g2,2004,deflection
6fFxP,r1b2rk1/1pp2ppp/pb1p3Q/3N4/1P4q1/P3P3/1B3PPP/R4RK1 b - - 3 16,g7h6 d5e7,2004,mateIn1
02wsO,4k3/6R1/3Bp3/1P2P1Pp/3b1P2/4p3/7r/3K4 w - - 0 35,g7e7 e8d8 e7c7 e3e2 d1e1 d4f2 e1e2 f2b6,2005,advancedPawn discoveredAttack exposedKing
07avT,r4rk1/1p3p1q/2pb2pP/p1n3Q1/P1P1p1RN/3p4/1P3P1P/R1B3K1 b - - 1 26,c5e6 g5f6 a8e8 h4g6 h7g6 g4g6 f7g6 f6g6,2005,kingsideAttack
0CJYV,q7/4P2k/2rP2p1/1p2Rp1p/pB3P1P/P5P1/5P1K/8 b - - 2 42,c6c1 b4e1 a8e8 d6d7 e8d7 e7e8q d7e8 e5e8,2005,promotion
0FLpD,2B2knr/p4pp1/4p3/1Q2P2p/1b1q4/3b4/PP1N1PPP/R1B1K1NR w KQ - 1 15,b5b8 d4e4 e1d1 d3c2,2006,mateIn2
043aO,4r1kb/Q6p/2p1p3/4nppN/1q6/2N1P3/Pr3PPP/2R2RK1 b - - 5 23,e5d3 a7d7 g8f8 d7d3,2007,fork
05zbv,8/p3k3/2p5/P3PKpp/1P6/1BP2p1P/6n1/8 w - - 0 40,f5g5 g2e3 g5f4 f3f2 f4e3 f2f1q,2007,advancedPawn promotion
07Apj,5r1k/6qp/p2pB3/1p1Pn3/3B1N2/1P6/P5PP/Q5K1 w - - 6 29,f4h5 e5f3 g1h1 g7d4 a1f1 d4h4 g2f3 h4h5,2007,pin
08AeO,8/8/1p2k1p1/p4p1p/2PK1P1P/1P4P1/8/8 w - - 1 52,c4c5 b6b5 c5c6 e6d6,2007,pawnEndgame
0B7LJ,1Q6/1b6/k5Rp/8/8/5pPP/5P1K/1rq5 b - - 4 46,b7c6 g6c6 c1c6 b8b1,2007,deflection
1Rmb2,8/7p/R5b1/2pNp2k/2P1P2P/7K/p1r3P1/8 b - - 2 43,g6e4 g2g4,2007,mateIn1
00p5I,2r4r/1b4k1/2q1p1p1/2p5/1p1pR1QP/pP1P1PP1/P1P5/4R1K1 b - - 0 30,h8h6 e4e6 c6f3 e6e7 g7f8 e1f1 f3f1 g1f1 f8e7 g4g5 e7d7 g5h6,2008,fork pin
08QFG,5r1k/6r1/p3Q3/1pp5/5q2/2P2b2/PP4PP/4RRK1 w - - 0 30,f1f3 g7g2 g1g2 f4f3,2008,attraction
0CEiN,r1b1k1nr/pppqb2p/5pp1/3Nn3/2B4Q/8/PPP2PPP/R1B1R1K1 b kq - 3 15,d7c6 c4b5 c6b5 d5c7 e8f7 c7b5,2008,deflection
0QlVe,5k2/BR6/6r1/p3r3/6K1/1P1n2P1/P4p2/5R2 w - - 10 42,g4h3 d3f4 g3f4 e5h5,2008,mateIn2
4UhTN,r3k1r1/5p1p/p1p2p2/2Np4/1q1N2b1/4PK2/PP3PPP/2RQ3R w q - 1 18,f3f4 b4b8,2009,mateIn1
01312,8/pp6/8/2pp1k1P/8/2P3K1/PP6/8 b - - 0 39,d5d4 c3d4 c5d4 g3f3,2010,defensiveMove pawnEndgame
0AR06,r3k2r/pp3ppp/1B2p3/1b1pP3/1b6/1P3N2/P3nPPP/R2Q1K1R w kq - 1 15,f3d4 e2d4 f1g1 d4e2 d1e2 b5e2,2010,discoveredAttack
669z7,3R2rk/1p3prp/p3p3/8/4b2q/P1Q5/1PP5/1K1R4 b - - 3 33,e4f5 d8g8 h8g8 c3c8 h4d8 c8d8,2010,backRankMate
07h6r,1r5k/2p3b1/3pQNp1/6P1/q7/7P/5P2/4R1K1 b - - 0 39,a4f4 e6e8 b8e8 e1e8 g7f8 e8f8 h8g7 f6h5 g7f8 h5f4,2011,exposedKing
0N2xy,2k2b2/1pp2p1p/p7/4QPpq/2b2p2/8/PPP1B1PP/R1Br1K1R w - - 4 18,f1f2 f8c5 e5c5 h5e2,2011,mateIn2
00dTd,3r4/ppp1Q3/1b2kP2/8/4qp2/P1Pr4/1P3P2/1K2N3 b - - 5 31,e6d5 e7d8 d5c6 e1d3,2012,hangingPiece
00iQH,2r2r2/p4p1k/4q2N/3pn1p1/4p1RQ/2P1P2P/PP4P1/5RK1 w - - 1 27,h6f7 g5h4 f7g5 h7h6 g5e6 f8f1 g1f1 e5g4,2012,kingsideAttack
01pSj,8/5k2/8/2N1p1p1/1P2Pn1p/2P2P1P/5RP1/1r4K1 w - - 4 37,g1h2 f4h5 g2g3 h4g3 h2g2 g3f2,2012,advancedPawn fork
0331W,rn3rk1/pp3ppp/4p3/3p1b2/2PPn2P/q1PB1N2/P1QB1PP1/1K1R3R b - - 6 14,e4f2 d3f5 e6f5 d2c1 a3a5 c2f2,2012,discoveredAttack
04MWF,8/1Pk5/6p1/2K4p/pP3p2/2P5/P5P1/8 w - - 0 47,c5d5 f4f3 b7b8q c7b8 g2f3 h5h4,2012,defensiveMove pawnEndgame
0A6Gj,7r/R7/1p3kp1/2p2pR1/3prB2/1P3K2/P1P5/8 w - - 3 34,a7b7 e4f4 f3f4 h8h4,2012,attraction
60PEu,8/Q5b1/4pkp1/1p1q1bNp/1PnP1B2/7P/4nPPK/5R2 b - - 7 28,e2f4 g5h7,2012,mateIn1
06Zg2,8/1p6/4p3/p1p1P2k/P1P1Pp1p/6pP/1P2K1P1/8 w - - 1 41,e2f1 f4f3 g2f3 h5g5,2013,pawnEndgame
0FDI6,r7/1R6/4p2p/p5p1/k1r5/6P1/5K1P/1R6 b - - 7 39,c4b4 b7b4 a5b4 b1a1 a4b5 a1a8,2013,skewer
0Ql05,r3k2r/ppp2pp1/3p2b1/2bPp3/3n2P1/3P2q1/PPP2PB1/R1BQR1K1 w kq - 0 15,f2g3 d4e2 g1f1 e2g3,2013,mateIn2
018eM,r3kb1r/1p1b1pp1/pq3p1p/3p4/3P4/2N2N2/PPP1QPPP/R3K2R b KQkq - 1 11,f8e7 e2e7 e8e7 c3d5 e7d6 d5b6,2014,attraction fork
04Z40,4r1k1/pp3ppp/8/3p4/3b1PP1/5Q1P/PP2r3/R1B4K w - - 1 27,a2a4 e2e1 h1h2 e8e2 h2g3 e1g1,2014,exposedKing
05TUD,r2q1rk1/pp2bpp1/2n1P3/3p1bNQ/2pP3P/4B3/PP3PP1/3RK2R b K - 0 18,f5g6 e6f7 f8f7 h5g6 e7g5 h4g5,2014,advancedPawn kingsideAttack
06s5z,r4rk1/pbppqppp/B1n2n2/8/8/P1N2N2/1PQ2bPP/R1B1R1K1 w - - 0 15,g1f2 e7c5 c1e3 f6g4 f2g3 g4e3,2014,deflection
07iSx,1n2k3/1bpp2rB/1p1bp2p/2q5/p3NP2/8/PPP3PP/R2Q1R1K w - - 5 18,e4c5 b7g2 h1g1 d6c5 f1f2 g2f3 g1f1 f3d1,2014,discoveredAttack
09G7d,8/6p1/3k1p1p/5p1P/8/4P1P1/5PK1/8 b - - 0 43,d6e5 g2f3 e5d5 f3f4 d5e6 f2f3 e6f7 f4f5,2014,pawnEndgame
4QmBv,8/8/R2k4/3r1b2/3N4/2K5/8/8 b - - 25 63,d6c5 a6c6,2014,mateIn1
0B2UG,1n3k1r/rpNR1pb1/p1bP3p/2p3p1/P1B5/5n1P/1PPQ1K2/R7 b - - 1 23,f3d2 d7d8 c6e8 d8e8,2015,mateIn2
05Ewv,3r4/b1p2r1k/p6p/1p2Bp2/1P1p1P2/P2B4/2P2P1P/6RK b - - 3 30,c7c6 d3f5 f7f5 g1g7 h7h8 g7d7 h8g8 d7d8,2016,discoveredAttack
0EpFM,r4rk1/pp4pp/2p1p3/2npqp2/4P3/2N3R1/PP1B1QKP/5R2 b - - 0 23,f5e4 f2c5 f8f1 g2f1,2016,hangingPiece
0R69U,r4br1/1R2pppp/p1kp4/8/3B1P2/2P5/P5PP/1R4K1 b - - 2 19,g7g6 c3c4 a6a5 b1b6,2016,mateIn2
0c7tK,r2q1rk1/2p3pp/1p1b4/p2P1pnQ/2PBp3/P4P2/1PB3PP/3RR1K1 b - - 2 21,g7g6 h5h6 f8f7 h2h4 g5f3 g2f3,2016,trappedPiece
4CYFy,2k2r1r/ppp1R3/1b1p4/3P4/4Q1q1/2N2NPp/PP3P1K/4R3 b - - 1 28,g4f3 e4e6 c8b8 e7e8 f8e8 e6e8 h8e8 e1e8,2016,backRankMate
00p93,1k1r1b1r/n1p3p1/p5p1/1pn1P3/P2B2Pq/2P2Q1P/1PB1K3/R6R b - - 0 24,c5e6 d4a7 b8a7 a4b5 d8d2 e2d2,2017,pin
04KfT,5rnk/pppq2rp/4P1nN/3p1p1Q/8/2P1R3/PP3PPP/R5K1 b - - 0 23,g6f4 e6d7 f4h5 e3e8 g7d7 e8f8,2017,advancedPawn pin
06OL3,8/1p1r4/2p3k1/p2rRpp1/3P1P2/P1K3P1/1P1R4/8 b - - 1 35,c6c5 e5d5 d7d5 c3c4,2017,rookEndgame
0OCyO,r5k1/1p2b1pp/p3Q3/2p5/PnN2r2/8/qPP2PPP/3R1RK1 b - - 0 18,f4f7 d1a1 a2a1 f1a1,2017,trappedPiece
0gjp9,r2r2k1/p4pp1/1p2p3/2p3PQ/3P1q2/8/PPP2P2/1K1R2R1 b - - 0 24,d8d4 d1d4 f4d4 g1h1 g7g6 h5h7 g8f8 h7h8 d4h8 h1h8 f8g7 h8a8,2017,skewer
6vieB,1r2q1k1/5ppp/3Q4/4p3/8/6P1/P1r4P/3R2K1 b - - 0 33,e8c6 d6b8 c6c8 d1d8 c8d8 b8d8,2017,backRankMate
02GrG,8/5p2/2R1k1p1/p2r3p/P4KP1/5P1P/8/8 b - - 1 37,d5d6 c6d6 e6d6 g4h5,2018,rookEndgame
07ykW,5R2/7K/7P/8/7r/4k3/5p2/8 w - - 4 59,h7g7 h4g4 g7h8 g4f4 f8f4 e3f4,2018,rookEndgame
0KrBh,r1bqk2r/ppp2ppp/8/2bp2B1/3nn3/3P4/PPP1NPPP/RN1QKB1R w KQkq - 7 9,g5d8 d4f3 g2f3 c5f2,2018,mateIn2
27N1U,6k1/7p/3p2bb/1p1Pp2p/4q3/PKR1BrP1/1P1Q3P/2N5 w - - 5 36,e3h6 e4c4,2018,mateIn1
02ye0,2kr1bR1/ppp2p1p/4pq2/8/5p2/2N2Q2/PPPBBK2/8 w - - 1 24,f3f4 f6f4 d2f4 f8c5 f2f3 d8g8,2019,discoveredAttack exposedKing
0KenT,r2q1rk1/3bpp1p/2np1bp1/7P/pp1NP3/1B2BP2/PPPQ2P1/2KR3R w - - 0 16,d4c6 a4b3 c6d8 b3a2 d2b4 a2a1q,2019,promotion
0S6EN,r5k1/1b4Bp/pp1pp1p1/2p1n3/P3Pn1q/2N2P1P/1PPQBP2/R3R1K1 w - - 1 18,g7e5 h4g5 g1f1 g5g2,2019,mateIn2
08vSn,8/8/p5R1/r3kpp1/P7/1P4K1/5P2/8 b - - 2 41,f5f4 g3g4 e5e4 g6g5 a5g5 g4g5,2020,rookEndgame
5y7oq,1r3rk1/p2N1ppp/bqp5/6P1/1b1PpB2/1Pn5/P1PQ1P1P/2KR3R w - - 0 17,d7b6 b4a3,2020,mateIn1
60e56,8/1P6/8/8/3p2P1/3K1k1P/8/4q3 w - - 0 58,b7b8q e1c3,2020,mateIn1
02Gyp,8/4k3/5R1K/4r1p1/6P1/8/8/8 w - - 0 63,f6f5 e5f5 g4f5 e7f6 h6h5 f6f5,2021,rookEndgame
03U1f,1k2r3/p2p4/1p1q2p1/3bPrB1/Q6P/1P4P1/P7/R3R1K1 b - - 0 28,f5e5 e1e5 e8e5 g5f4 d6c5 g1f1,2021,defensiveMove pin
05voz,5rk1/1p3p2/3b2p1/3B4/3B1P2/2P5/r6P/6RK b - - 1 31,a2a5 g1g6 g8h7 g6d6,2021,pin
06h3O,rn1Qbk1r/ppBq1ppp/5N2/8/8/P7/2P3PP/R3R2K b - - 0 19,d7d8 c7d6 d8d6 e1e8,2021,deflection mateIn2
09o3s,3r2k1/1p3ppp/p2Nr3/2pQ4/4P1q1/4K3/PP3PP1/R1BR4 w - - 5 24,d5c5 g4d1 c1d2 d1a1,2021,hangingPiece
01iF8,5r1k/1p4pp/p5r1/3P4/3Bb2b/2Q5/PP4PP/R4B1K w - - 11 27,a1e1 f8f1 e1f1 e4g2 h1g1 g2f3,2022,fork
03hDc,8/2kb4/8/R1pB4/2P2P2/p5P1/r5P1/6K1 w - - 0 45,a5c5 c7b6 c5b5 d7b5,2022,defensiveMove trappedPiece
07MNL,r2r2k1/1RR2p1p/4p1p1/8/3B4/2P3P1/4KP2/6b1 b - - 8 28,d8d4 c3d4 a8a2 e2f1,2022,hangingPiece
093wA,8/6pp/8/1p2k1PP/1p2P3/1P3K2/8/8 b - - 0 34,g7g6 h5g6 h7g6 f3e3,2022,pawnEndgame
1mRnq,2rr2k1/3q1pp1/1Q2p2p/p7/4BP2/6B1/PP4PP/1K5R w - - 1 25,e4f3 d7d3 b1a1 d3d1 h1d1 d8d1 f3d1 c8c1,2022,backRankMate
5vSsI,5nk1/1p5p/5pp1/QP6/2qP4/4r3/P1r2PP1/R5KR w - - 0 26,f2e3 c4e2 h1h2 e2e3 g1h1 c2c1 a1c1 e3c1 a5e1 c1e1,2022,backRankMate
02HTm,5k2/p2n1ppp/4p3/1Q2n3/8/4q3/PP4PP/5R1K b - - 0 24,e5g4 b5b4 e3c5 b4g4,2023,fork
04Mua,6k1/R4p2/P3p2p/3p1rp1/8/8/5r2/R5K1 b - - 5 42,f2b2 a7b7 b2e2 a6a7 f5f2 a7a8q,2023,advancedPawn promotion rookEndgame
2dFP5,3r1rk1/4n1pp/p3pq2/QbPpN3/3P4/P7/1B3PPP/2R1R1K1 w - - 0 24,a3a4 f6f2 g1h1 b5f1 e1f1 f2f1 c1f1 f8f1,2023,backRankMate
01fsb,3q1rk1/1R3ppp/r5b1/p1bN4/6P1/5N1P/P1P2P2/3QR1K1 w - - 1 18,b7d7 d8d7 d5f6 a6f6 d1d7 f6f3,2024,hangingPiece
06Dlh,1k1r4/ppp2p2/3q1np1/4b1Q1/4P3/2N2P1P/PP1BK1P1/3R4 w - - 2 19,g5e3 d6a6 e2f2 e5d4,2024,pin
04OIv,3q2k1/pb1p2p1/1p1Pp1B1/2b2P2/2P4p/6PK/7P/4RR2 b - - 0 37,d8f6 f5e6 f6g6 e6d7 g6d6 e1e8 g8h7 d7d8q d6d8 e8d8,2025,advancedPawn promotion
07AUs,2kr3r/pp4p1/2p3p1/8/3P1qn1/2P1R3/PP4B1/R1BQ2K1 w - - 8 24,e3f3 h8h1 g2h1 f4h2 g1f1 h2h1,2025,deflection exposedKing kingsideAttack
0MAM3,8/2P3pk/p2Q3p/1p1p4/1B4PK/P4P2/1q2n2P/8 b - - 4 45,e2f4 d6f4 g7g5 h4h3 g5f4 c7c8q,2025,promotion
0WJGo,r4rk1/ppq5/2pbR1p1/6p1/3P4/2P4P/P4PP1/R2Q2K1 b - - 0 19,a8e8 e6g6 g8f7 d1h5 f7e7 g6g7 e7d8 g7c7,2025,skewer
0273Q,4r1k1/7R/8/p5p1/2PnB3/3P2p1/P7/6K1 w - - 1 38,h7h5 d4e2 g1f1 g3g2 f1g2 e2f4 g2f3 f4h5,2026,advancedPawn attraction exposedKing fork
00OLF,k1r5/n1p3p1/Q2pN3/P2Pp2p/q3Pp1P/2RK4/5PP1/8 w - - 4 36,e6c7 c8c7 c3c7 a4d1 d3c3 d1c1 c3b3 c1c7,2027,skewer
07AtG,4r1k1/P4pp1/2p2p2/3p4/3P2p1/2BQ1N1q/5P1b/R6K w - - 0 26,a7a8q h2b8 h1g1 g4f3,2027,discoveredAttack
09W2r,5r1k/pp1Q2p1/1bp1Pq1p/8/3P1r2/1P4N1/P1R2PKP/3R4 b - - 2 31,f4f2 c2f2 f6f2 g2h3 f8d8 e6e7 d8d7 e7e8q h8h7 e8d7,2027,promotion
0BYTz,3q1rk1/p1p3pp/8/2b5/1rp2Bn1/3B4/PP3PPP/RN1Q1RK1 b - - 0 15,f8f4 d3c4 b4c4 d1d8,2027,discoveredAttack
04GTt,4bk1R/pp3q2/4pr2/3p4/3P4/2P3QP/PP4P1/6K1 b - - 27 38,f8e7 g3c7 e8d7 c7c5,2028,mateIn2
04tY2,6k1/8/5B2/2p5/2r3P1/7P/p1b2K2/2R5 w - - 0 38,g4g5 c4f4 f2e3 f4f6 g5f6 c2b1,2028,defensiveMove
0fGPS,8/p4kpp/2B1p3/1p4n1/1Pp5/P7/2K3PP/8 b - - 4 29,a7a6 h2h4 f7f6 h4g5,2028,trappedPiece
08iCd,8/8/8/1p1pk1p1/2p3Pp/2P1KP1P/1P6/8 b - - 0 40,e5d6 f3f4 g5f4 e3f4,2029,pawnEndgame
0e2UG,6k1/2p2pp1/pp4bp/3Q4/3P4/P4P2/1P1Bq1PP/6K1 w - - 1 26,d2c3 e2e3 g1h1 e3c1 c3e1 c1e1,2029,backRankMate
35rYj,8/5kpp/p5r1/2pN4/P1P1q3/8/1Q1B1P1P/4R1K1 w - - 5 37,g1f1 e4d3 e1e2 d3h3 f1e1 g6g1,2029,backRankMate
4FRl2,8/1p5p/p7/1N2k3/4pnB1/1P2K2P/P1r5/3R4 w - - 0 37,b5a3 f4g2,2029,mateIn1
538U0,2b1r1k1/7p/2p2ppB/3p4/1q1P4/2Kn4/B1PQ1PP1/3R2NR w - - 3 24,c3d3 c8f5,2029,mateIn1
02D5t,4r1k1/p1p3pp/2Q5/8/1q6/3r3P/PB4P1/2R4K b - - 0 31,e8d8 c6e6 g8h8 b2g7 h8g7 c1c7 d3d7 c7d7 d8d7 e6d7,2030,attraction
08wTC,5k2/pR3pp1/3N3p/3n4/8/5P1P/P5PK/4r3 b - - 0 33,e1e2 b7b8 f8e7 b8e8 e7d6 e8e2,2030,skewer
0iEC2,r4rk1/5pbp/4p1p1/pp1p1qPP/5B2/P1P3Q1/1P1N1P2/2KR1B1b b - - 2 22,b5b4 f1h3 f5f4 g3f4,2030,trappedPiece
7DNoH,7r/pp1k1R2/2p5/3p4/3qp3/P7/1PP5/1K3Q2 b - - 1 34,d7c8 f1f5 c8b8 f5f4 b8a8 f7f8 h8f8 f4f8,2030,backRankMate
08yIb,2kr3r/ppp1n2p/2nb1p2/5bp1/4N2B/2PBPN2/PPK2PPP/R6R w - - 0 15,h4g3 d6g3 h2g3 d8d3 c2d3 h8d8 d3e2 f5e4,2031,attraction deflection
0C673,8/p6k/1p1N4/2p4p/2Pp1r2/3Pb2K/PP4RP/8 w - - 2 33,d6e4 f4e4 d3e4 d4d3 h3g3 d3d2 g3f3 d2d1q,2031,promotion
07R2h,3q2k1/1Q2rpb1/3Pn2p/2P3p1/8/P5P1/1P4BP/3R2K1 w - - 1 36,d6e7 d8d1 g2f1 g7d4 g1g2 e6f4 g3f4 d1g4 g2h1 g4g1,2032,hangingPiece
08Hc8,8/8/8/1prkp1p1/p3R1P1/P1P2K2/1P6/8 w - - 4 44,f3e3 c5c4 e4c4 d5c4 e3e4 c4b3,2032,rookEndgame
0LFwt,4R3/3Q3p/3p1rpk/3B4/4N2q/3P4/PPP2n2/2K5 w - - 5 35,e4f6 h4g5 c1b1 g5g1 e8e1 g1e1,2032,backRankMate
0Sg2t,8/4k1Bp/1pb1p3/p4p2/2P5/1PN1KP2/P5Pb/8 w - - 2 31,g7d4 e6e5 d4b6 h2g1 e3d2 g1b6,2032,skewer
0pbrW,2Q5/4p3/3pk3/p3rqp1/1p6/1P6/PKP5/3R4 b - - 3 34,e6f6 d1f1 f5f1 c8f8 f6g6 f8f1,2032,skewer
09iy5,5rk1/1pqrbppp/p1p2n2/5R2/3PP3/1P2Q3/PB2N1PP/R6K w - - 1 20,a1f1 c7h2 h1h2 f6g4 h2h3 g4e3,2033,attraction
0AuAy,4k3/p4pp1/4p1p1/2PpP3/1r3P2/3PK1P1/7P/2R5 b - - 4 36,e8d7 c1a1 d7c6 a1a7,2033,rookEndgame
0C7U8,2kn2nr/ppp2pQp/4p3/8/1b2PB2/2N5/PPP2q1P/2K2B1R w - - 0 13,g7h8 f2f4 c1b1 f4f3 f1g2 f3g2,2033,hangingPiece
01s7u,4r1k1/Q4pbp/p5p1/1p2q3/4pp2/1B5P/P4PP1/3R3K b - - 1 35,e4e3 b3f7 g8h8 f7e8,2034,fork
04UNz,2r3k1/1R4p1/p2p3p/3P1p2/P2QpP2/6qP/2r3P1/6RK b - - 6 29,c2g2 b7g7 g3g7 g1g2 c8c1 h1h2,2034,defensiveMove fork pin
5rFD9,2Q5/1K3ppp/3kp3/8/1P3P2/7P/pb4P1/8 b - - 0 49,a2a1q c8d8,2034,mateIn1
037Ap,8/8/2p2k2/p5p1/Pp1P1pP1/1P3K1P/8/8 w - - 0 37,h3h4 g5h4 f3f4 f6g6,2035,defensiveMove pawnEndgame
4TFTp,Qbk4r/1p3pp1/5nb1/4p2r/2B5/1PN1B3/5P2/5RK1 w - - 2 31,e3a7 h5g5,2035,mateIn1
01vUA,r4rk1/p1pN3p/1p2pppP/8/8/2B5/PPP3b1/2K2R1R b - - 1 23,f8f7 d7f6 f7f6 c3f6,2036,kingsideAttack
03R2c,r1b1r3/7k/p2p2p1/1ppP3p/4P1Pq/1P1N1Q1P/P7/3B1R1K b - - 1 35,h5g4 f3f7 h7h6 d3f4 c8f5 e4f5,2036,fork
03XyJ,Q3k2r/1p3ppp/4p3/B2r4/q7/2P2P2/1KP4P/7R b k - 1 21,e8e7 a5d8 h8d8 a8a4,2036,discoveredAttack
0Et5C,8/5k2/3R4/2P5/1p1p1pp1/4b3/1P4K1/8 w - - 0 63,c5c6 f4f3 g2g3 e3f4 g3f4 f3f2 f4e5 f2f1q,2036,promotion
00C3O,r2qkbnr/pp4pp/2p2p2/4n2b/2B1P3/2N2N2/PPP3PP/R1BQ1RK1 w kq - 0 10,d1e2 h5f3 g2f3 d8d4,2037,kingsideAttack
29zi4,r2qk2r/pppn1ppp/3b4/3Qn3/2B2Bb1/2N2N2/PPP2PPP/R3R1K1 b kq - 3 11,g4f3 d5f7,2038,mateIn1
3WwKo,7k/2p3pp/p1Qp4/2bN1qB1/8/5N2/PP2rPPP/R5K1 w - - 1 23,a1e1 e2e1 f3e1 f5f2 g1h1 f2e1,2038,backRankMate
6QE4a,r5kr/pp3Rpb/2p1B2p/4P1qP/6Q1/4b1N1/PPP3P1/R6K b - - 0 19,g5g4 f7f5,2038,mateIn1
00UqU,2k4r/q5p1/p2rpn1p/8/1RQP4/2P1P3/1P4PP/R5K1 b - - 0 25,a7c7 a1a6 c7c4 b4c4 c8d7 a6a7,2039,exposedKing
03njv,r6k/pp3Qpp/2npr3/q1b1P1N1/2P5/1P5P/P5P1/R1B2K1R w - - 1 20,f7e6 a8f8 g5f7 h8g8 c1f4 f8f7,2039,pin
0BGvj,5R2/k7/p1pN4/Bp2p3/3bP3/3P4/P2r4/K1R5 w - - 2 33,a1b1 d2b2 b1a1 b2b4 c1c3 d4c3,2039,discoveredAttack
0CwBD,8/6pk/1p3p1p/1P3N2/2PN1P2/6PP/3q1nQK/4n3 w - - 15 48,d4f3 f2g4 h3g4 d2g2,2039,mateIn2
0V9u5,r5k1/6r1/8/2Bp4/1PbNPq2/5P2/pKR5/Q6R w - - 0 40,b2c3 f4e3 c3b2 e3a3,2039,mateIn2
02f60,5rk1/3b4/3bpr1p/3p2pP/2pP1qP1/2P2B2/2Q1RRP1/5NK1 b - - 17 39,g8g7 g2g3 f4f3 f2f3 f6f3 c2g6 g7h8 g6h6,2040,deflection trappedPiece
0XTBj,r5k1/pp4pp/4N1r1/1P1PP3/3Pp3/4PbPq/2Q4P/R4RK1 w - - 1 25,e6f4 g6g3 h2g3 h3h1 g1f2 h1h2 f2e1 h2c2,2040,skewer
0dVi8,8/1r2k3/1p6/3p3R/pP2p1n1/P2nP3/3P2R1/1K6 b - - 0 44,g4e5 g2g7 e5f7 g7f7 e7f7 h5h7 f7f8 h7b7,2040,skewer
60v3w,8/2k3b1/1qNp3p/5p2/Q7/8/P2prPPP/5RK1 w - - 3 32,c6b4 b6f2 f1f2 e2e1 f2f1 g7d4 g1h1 e1f1,2040,backRankMate
06o2P,5r2/p5R1/2pp1r2/4bP1k/8/2PB2p1/PP3pP1/3K1R2 b - - 4 39,h5h6 g7g4 h6h7 f1h1 f6h6 f5f6 h7h8 h1h6,2041,deflection discoveredAttack exposedKing pin
0B2wJ,r3k2r/pp1bq3/1bn2n1p/5pp1/5Q2/2NP1N2/PP1BBPPP/2R2RK1 w kq - 0 18,f4c4 c6a5 c3d5 a5c4 d5e7 c4d2,2041,trappedPiece
0Bg0q,2r3k1/4bppp/bQn1p3/3p4/2pP4/1N2P1B1/1K1NqPPP/1RR5 w - - 0 25,b6a6 c4c3 c1c3 e2a6,2041,discoveredAttack
0GhOA,8/P7/1Q1K2pk/4pq2/8/7p/1P6/8 b - - 0 39,h3h2 b6e3 h6h7 a7a8q,2041,promotion
0ceQm,k2r3r/pR1b4/2nNp3/q3Pp1p/3p1P1Q/P1p5/2P3PP/R1B3K1 b - - 1 22,a5d5 b7b5 d5b5 d6b5,2041,trappedPiece
3V6jO,5rk1/p3Rr1p/6p1/2pp4/P7/1P5Q/2Pq2PP/4R1K1 w - - 3 27,h3e6 d2f2 g1h1 f2e1 e6e1 f7f1 e1f1 f8f1,2041,backRankMate
04B7R,1r3rk1/2R1Rppp/1p6/pq6/2BQ4/P5Pb/1P3P1P/6K1 b - - 3 22,b8d8 e7f7 d8d4 f7g7 g8h8 g7h7,2042,kingsideAttack
08D7H,r2q3k/1b2b1r1/p3Q3/1p1pR3/3P3P/P1N3P1/1P3PK1/R7 b - - 0 24,b7c8 e5h5 g7h7 h5h7 h8h7 e6f7,2042,attraction exposedKing kingsideAttack
0Bc6t,2Q5/5ppk/P2p2qp/2pP4/8/2b1BP2/4r1PP/6RK b - - 0 32,e2e3 a6a7 g6d3 a7a8q e3e1 g1e1,2042,promotion
4D9vy,R2n1B1k/1p3Rpp/p7/8/6b1/2q5/P1N3PP/6K1 b - - 0 22,d8f7 f8c5 g4c8 a8c8 f7d8 c8d8,2042,backRankMate
04HwQ,rn2kbnr/p6p/b1p1p1N1/3q1p1Q/PppPN3/4P3/1P3PPP/R1B1KB1R b KQkq - 0 11,h7g6 h5h8 f5e4 h8g8,2043,hangingPiece
05lwN,8/3k4/P5p1/1N1P3p/1b6/5K2/8/8 b - - 0 53,b4c5 a6a7 c5a7 b5a7 h5h4 a7b5,2043,advancedPawn
0CN2w,5rk1/2p3pp/Qbqp1p2/8/PP2P1Pr/5P2/1B5P/R3R2K w - - 1 26,a4a5 h4h2 h1h2 b6g1 h2g1 c6a6,2043,discoveredAttack
0ClVy,4r1k1/ppP3pp/2p3p1/4n1B1/B1P1p1P1/7r/PP3P1b/R2Q1R1K w - - 0 21,d1d7 h2f4 h1g1 e5f3 g1g2 h3h2,2044,discoveredAttack
00OPc,1k1rr3/ppp1q3/8/4nQNp/8/2P4P/PP4P1/2K1R2R w - - 0 25,g5f3 e5d3 f5d3 d8d3 e1e7 e8e7,2045,fork
02j44,rn3knr/pbppq3/1p4Bp/4P1pQ/2p5/2P3N1/P4PPP/R3R1K1 b - - 1 17,b8c6 h5f3 f8g7 g3f5 g7g6 f5e7 c6e7 f3b7,2045,exposedKing fork
05hcE,4r1k1/1p2rpp1/2p3bp/3nN3/pq1P1NQP/8/PP2RPP1/4R1K1 b - - 5 26,b4d4 f4g6 d4g4 g6e7 e8e7 e5g4,2045,kingsideAttack
0CR0h,7R/8/8/2k5/Kp5P/p1r5/P7/8 b - - 3 53,c3c4 h8c8 c5d4 c8c4 d4c4 h4h5 c4c3 h5h6 b4b3 h6h7 b3b2 h7h8q,2045,promotion rookEndgame
0Dj7f,1k4r1/1p1rb2p/p3qp2/P1pN1p2/7P/1R2P1P1/4P1B1/1R2K3 b - - 0 23,d7d5 b3b7 b8c8 b7b8 c8d7 b1b7 d7d6 b7b6 d6e5 b6e6 e5e6 g2d5,2045,skewer
0gYs1,r3r1k1/pp3ppp/2pq1pn1/3b4/3P4/2PB4/PP1QNPPP/4RRK1 w - - 0 15,a2a3 d5g2 d3g6 g2f1 g6f7 g8f7,2045,trappedPiece
1TzSw,r3k1nr/p4ppp/b1p1p3/1q1pP3/1b1P4/1P2B3/P1QN1PPP/R3K1NR w KQkq - 7 13,a2a3 b5f1,2045,mateIn1
031WO,r1bqr1k1/pp2bpp1/2p2n1p/3p4/5Q1B/3B1N2/PPP2PPP/R3R1K1 b - - 3 14,f6h7 d3h7 g8h7 f4f7,2046,kingsideAttack
058Fh,Q7/5pk1/4R2n/2P4p/3P2pP/4P1P1/1rpq4/5RK1 w - - 2 50,e6g6 g7g6 a8e4 g6g7,2046,defensiveMove hangingPiece
07OC8,8/8/p1p4R/1p1pp3/6k1/1PKP4/1PP3r1/8 w - - 0 38,h6c6 a6a5 b3b4 a5a4,2046,rookEndgame
04XX8,rn3rk1/p1pq2pp/1p2bb2/3p4/8/1BNP4/PPP1Q1PP/4RRK1 b - - 3 16,f8e8 b3d5 e6d5 e2e8 d7e8 e1e8,2047,kingsideAttack
05GCF,8/3r1kp1/2P1np2/6p1/p1KNP3/5P1P/3R2P1/8 b - - 0 42,d7d4 d2d4 e6d4 c6c7,2047,advancedPawn
0B8Xh,1kr4r/pp1qR2p/2n5/1BpN2p1/Q1Pb2P1/3p1P2/P5P1/5R1K b - - 3 24,d7d8 e7b7 b8b7 a4a6 b7b8 b5c6 d8b6 d5b6 c8c6 b6d7,2047,attraction deflection
0C79A,8/1R2k1p1/6Pp/3pK2P/3Pp3/5p2/5r2/8 b - - 1 46,e7e8 e5d6 f2c2 b7b8 c2c8 b8c8,2047,rookEndgame
0gwIQ,8/3q3k/7p/1p6/1Q1P4/K1P5/PP5R/2r5 w - - 5 44,b4f8 d7a7 a3b4 a7a4 b4c5 c1c3 b2c3 a4a3 c5b5 a3f8,2047,skewer
2hDX8,r3r3/ppp2ppp/2nk4/1B6/4N1b1/3P1N2/PPP3PP/4RK2 b - - 4 16,d6d5 b5c4,2047,mateIn1
00YYk,2kr2r1/1p1q3p/p1nb4/2p1p3/2N1R3/3P1QP1/PPP5/R1B3K1 b - - 4 22,d8f8 f3f8 g8f8 c4b6 c8c7 b6d7,2048,fork
03qBo,3r2k1/5p2/Q3pp1p/7q/1bB5/6P1/P4P1P/4R1K1 w - - 0 29,a6b6 b4a5 b6d8 a5d8,2048,fork
06fhB,8/r7/5kP1/8/3K3P/8/2p5/4R3 w - - 2 57,h4h5 a7d7 d4c3 d7d1 e1e6 f6e6,2048,rookEndgame
08QEz,r3k2r/pp2bppp/2pPP3/2qn4/5B2/7P/P1P1Q1P1/R4R1K b kq - 2 19,d5f4 e6f7 e8f7 e2e7 f7g6 f1f4,2048,attraction
0YyIh,8/6KP/6n1/6k1/5b2/8/1p6/1R6 w - - 0 66,h7h8q f4e5 g7f7 e5h8,2048,skewer
04cNE,r1b2r2/p1p2p1k/2p1pQ2/6p1/6N1/2B5/P1P1KPP1/7q b - - 3 24,c8a6 e2f3 h1d1 f3g3 d1d6 c3e5,2049,defensiveMove
07SAP,8/p3R1pk/1p3n1p/7P/1BPr1pP1/P7/5P2/2K5 w - - 1 30,b4c3 d4c4 c1b2 c4c3 b2c3 f6d5 c3c4 d5e7,2049,attraction exposedKing
16meG,1r3rk1/p3pp2/6B1/7R/2p2P2/4b1Q1/P3K1PP/q7 b - - 1 24,b8b2 g6c2,2049,mateIn1
0109Y,r3r2Q/p3kpn1/5q2/3p4/1p5P/3B1PR1/PPP2nP1/1K2R3 b - - 6 27,e7d7 d3b5 d7d6 b5e8 a8e8 e1e8,2050,skewer
03BQX,5Rr1/1pkb2r1/3p1Q2/4p2p/2PqP2P/3Pn1P1/2B5/2R4K b - - 4 42,g7g3 f6d8 c7c6 c2a4 c6c5 d8a5 b7b5 c4b5,2050,discoveredAttack
04orv,2k1r3/pp3pQp/8/6BK/6P1/2Pr4/Pq3b1P/R5NR b - - 4 21,b2a1 g7f7 a1e1 f7c4 c8b8 c4d3,2050,fork
0Pwlf,r3k2r/p1q2p2/b1p1pp2/3p4/P3P3/2P3b1/1P1N1PB1/R2QR1K1 w kq - 0 16,f2g3 c7b6 e1e3 b6e3,2050,mateIn2
0hODk,4k2r/1Qp1qpbp/1rn1p1p1/p7/3P4/P3PN2/1P1B1PPP/2R2RK1 w k - 1 16,b7a8 e8d7 a8h8 g7h8,2050,trappedPiece
04Pe7,2r3k1/pp4p1/4bq1p/8/1b1P4/2N5/PPQ1B1PP/3R2K1 b - - 1 22,e6a2 c2a4 b4c3 a4a2 f6f7 a2f7,2051,fork
0AJTV,8/6kp/6p1/1p6/1P4KP/8/P7/8 w - - 3 58,g4f4 g7f6 f4g4 h7h6,2051,pawnEndgame
2mbuQ,2r2rk1/pb1n1q2/1p2p2Q/3p4/3P4/4PN2/PP3PPP/2R2RK1 w - - 3 20,f3g5 f7f2 g1h1 f2f1 c1f1 f8f1,2051,backRankMate
06l4B,1k6/1p6/1Qn5/PN1p4/5b2/7P/1Pr1KP2/8 w - - 0 34,e2d3 c6b4 d3d4 c2c4,2052,mateIn2
0Ep7A,r1b1k2r/pp1nbppp/4p3/3pP3/3B4/q7/3NBPPP/2RQ1RK1 b kq - 0 14,e8g8 c1a1 a3b4 a1a4 b4d4 a4d4,2052,trappedPiece
0FhBG,r2q2k1/p1p2rp1/1pP5/3pQ3/5pb1/1B6/PP4PP/2K1R2R b - - 3 21,f7f5 e5e6 g8f8 h2h3 f5f6 e6g4,2052,skewer
6PBbF,5r2/ppp1qN1p/1nn1BkpQ/8/2Pp4/P7/1P4PP/5RK1 b - - 8 25,f6e6 h6h3,2052,mateIn1
046AR,3r1b1r/pp4pk/2p1p2p/5b1B/3Pq3/2P3P1/PP1K3P/R1BQ3R w - - 3 20,h5f3 d8d4 c3d4 f8b4,2053,mateIn2
5cLuy,1r6/1P3p1k/7p/PR6/8/3q1PQ1/3r2PP/1R4K1 w - - 3 37,g3b8 d3d4 g1h1 d2d1 b1d1 d4d1,2053,backRankMate
04hwM,r3k2r/1pp2pp1/p2p1q2/4bN1p/4P1b1/1B3N2/PP3PK1/R2QR3 w kq - 2 21,f3e5 g4d1 b3f7 e8d8,2054,defensiveMove
0H8LG,2k1r3/ppp2ppp/b7/3p4/P2P1b2/1BN1rP2/1PPK2PP/R2R4 w - - 4 21,c3d5 e3d3,2054,mateIn1
4Vs0I,5r1k/1p4q1/p2Q2Bb/3P4/2P4p/1P6/P5PP/3R2K1 w - - 1 31,g6e4 g7d4 d1d4 h6e3 g1h1 f8f1,2054,backRankMate
001aK,6k1/5p2/4p3/P1B5/2P4P/4Pnp1/Rb1rN3/5K2 b - - 1 33,d2e2 f1e2 g3g2 e3e4 f3d4 e2f2,2055,hangingPiece
00aZ3,8/6k1/1n6/1K2p1p1/P5P1/1B3r2/1PP5/8 b - - 1 36,b6d5 b3d5 f3f4 a4a5 e5e4 a5a6 e4e3 a6a7,2055,advancedPawn hangingPiece
02K3C,r1b1kb1r/pp2pppp/2n2n2/3P4/2B5/q4N2/P2B1PPP/1R1QK2R b Kkq - 2 11,c8g4 d5c6 b7c6 d2b4 a3b4 b1b4,2055,trappedPiece
0RKMV,N1bk1b1r/pp2qppp/2pp1n2/4N3/4PP2/8/PPPP2PP/R1BQK2R w KQ - 0 10,e5c4 c8g4 d2d3 g4d1,2055,trappedPiece
02eiM,5rk1/1pp3pp/r2qp3/7P/p2PpnP1/P7/1PQ1N3/2KR2BR w - - 4 26,c2e4 f4e2 e4e2 d6c6 c1b1 c6h1,2056,fork
09oCO,8/8/7p/pp2k1p1/3p2P1/PP1K3P/2P5/8 w - - 0 32,a3a4 b5a4 b3a4 e5d5,2056,pawnEndgame
0balb,r3br1k/6pp/p7/1pp2N2/4P3/P2P4/1PPB1qPP/1R1Q3K b - - 0 22,e8c6 d2e3 f8f5 e3f2,2056,trappedPiece
01E12,2k5/1pp1r1bQ/pr2p3/3p1p2/q2P4/P2NP3/1PP3PP/K3RR2 b - - 0 25,g7d4 h7e7 d4b2 d3b2,2057,hangingPiece
03Lut,6k1/6pp/4q2r/8/8/6P1/5P2/2KQ1R2 w - - 0 54,f1e1 e6c8 d1c2 h6c6 c2c6 c8c6,2057,pin
08oZy,r2r2k1/bb3pNp/p5n1/1p1p4/1P2n1qP/P2QPN2/1B3PP1/RB3RK1 w - - 1 20,f3e5 g6e5 b2e5 f7f6 g7f5 g4f5,2057,trappedPiece
0E5JK,k1r5/1p5p/p2P3b/B7/8/2P1rp2/PRPK2B1/1R6 w - - 0 34,d6d7 e3e7 d2d3 e7d7,2057,discoveredAttack
4djBf,r6r/4B2p/6p1/1Q1pP3/3P1q2/2Pk4/5PP1/6K1 b - - 4 31,d3e4 b5b1,2057,mateIn1
00slx,8/6r1/3kpRp1/6Pp/3K1P1P/8/8/8 b - - 0 61,d6e7 d4e5 g7g8 f6e6 e7f7 f4f5,2058,rookEndgame
03rAq,8/8/4p3/1pPp1k1p/p1p4P/P1P1PK2/1P6/8 b - - 0 41,e6e5 e3e4 d5e4 f3e3,2058,pawnEndgame
02kZ1,3r2r1/pk6/bpnbQ1B1/2q5/8/P1P1B3/2P3PP/R2R3K b - - 2 25,g8g6 e6f7 b7a8 e3c5,2059,fork
07jnu,8/8/R1p1r3/3p2k1/P5p1/2P5/1P4PK/8 w - - 1 44,a4a5 g5f4 g2g3 f4f3 a6a8 e6e2,2060,rookEndgame
0935z,2k5/1p4R1/1pPp1B2/1P3p1p/4pP1P/r3K3/r7/2R5 w - - 3 34,e3d4 a3d3 d4c4 a2a4,2060,mateIn2
0pFJB,4k2r/5ppp/p4P2/2b3P1/2R5/2K2b1P/8/6R1 b k - 2 29,c5g1 f6g7 h8g8 c4c8 e8e7 c8g8,2060,skewer
01MhR,4r2k/8/p1p3Qp/6p1/1qB3b1/2N3N1/1P4PP/R3r2K w - - 2 31,c4f1 e8e6 a1e1 e6g6,2061,pin
04jz1,5rk1/pb2Rppp/1p4q1/2n5/2BNnB2/2P5/PP1Q2PP/6K1 w - - 1 21,d2c2 g6f6 e7b7 f6f4 b7f7 f8f7,2061,fork
080U6,7R/p4k2/1p3B2/3p1nP1/3P1K1P/P4P2/7r/5b2 b - - 6 53,h2h4 f4f5 h4h8 f6h8 f1g2 f3f4 g2e4 f5e5,2061,hangingPiece
0Ktzy,r3r1k1/pp3pp1/2pq3p/3p4/3PN1P1/4Pn1P/PP2NP2/R2Q1RK1 w - - 1 21,g1g2 d6h2 g2f3 d5e4,2061,mateIn2
00s9T,8/8/p5pp/2k5/2p4P/2K2P2/P5P1/8 w - - 0 41,g2g4 g6g5 h4g5 h6g5,2062,pawnEndgame
0CxzB,6k1/1pqbr1bp/2pN2p1/p1Ppn3/3B4/PPQ5/4B1PP/5R1K b - - 0 27,b7b6 c5b6 c7d6 d4c5 d6b8 c5e7,2062,skewer
0FxiJ,8/p7/5K2/1p6/8/kP5P/P7/8 b - - 0 44,a3a2 b3b4 a2b3 h3h4 b3b4 h4h5 b4a3 h5h6 b5b4 h6h7 b4b3 h7h8q,2062,promotion
03Iup,3R2k1/1rp2pp1/p1p1q1bp/8/4p3/P1B1Q3/1PP2PPP/6K1 b - - 0 22,g8h7 d8h8 h7h8 e3h6 h8g8 h6g7,2063,attraction deflection pin
0cmrz,K7/8/8/2p2p2/8/2P1kpB1/1P5P/8 w - - 3 45,h2h4 f5f4 g3e1 e3e2 e1f2 e2f2,2063,trappedPiece
4MUYl,8/1p1Q1k1p/2pp3P/3Pp1pq/2P5/PP6/1K6/8 b - - 3 45,f7g6 d7e6,2063,mateIn1
01zxR,7k/r2q4/p5R1/NpPp1r1p/1P1P2nK/3Q2P1/P1N5/7R w - - 5 36,c2e3 d7e7 h4h3 g4f2 h3h2 f2d3 g6h6 h8g8,2064,defensiveMove fork
027OD,r2q1rk1/1pp2ppp/1pp5/4B3/1P2P2n/P2P1P2/2PQ1P1P/R4K1R w - - 0 16,h1g1 f7f6 e5b2 h4f3 d2c3 f3g1,2064,fork
07low,3r2k1/pp2Bpbp/8/3P1q2/8/2N4b/PPPQN1r1/2RRK3 w - - 5 30,d2f4 g7c3 b2c3 g2e2 e1e2 f5f4,2064,exposedKing
00x5X,7r/Bp1k1ppp/b7/4P3/1b1N4/8/PP3rPP/R2K3R w - - 0 19,d4c2 f2d2 d1c1 h8c8 h1d1 c8c2,2065,pin
014eN,r5k1/1pp3pp/2np3q/p3p3/6n1/1P2PNN1/PBP2PBr/R2Q2K1 w - - 4 19,f3h2 h6h2 g1f1 g4e3 f2e3 a8f8,2065,kingsideAttack
01gpx,4k3/7r/p1PPK3/4P2p/1p6/8/7P/8 b - - 0 51,b4b3 d6d7 e8d8 e6d6 h7h6 e5e6 h6e6 d6e6 d8c7 e6e7,2065,advancedPawn defensiveMove rookEndgame
0EtnL,2r5/1b5p/1p1r1kp1/p2p4/P2Kp3/1BP1RP1P/1P4P1/3R4 w - - 2 37,d1f1 c8c4 b3c4 d5c4 d4c4 b7a6 c4b3 a6f1,2065,discoveredAttack skewer
00ziz,8/p1p2k1p/Pp5P/1PPP1K2/3P4/8/8/2b5 b - - 0 45,c1h6 d5d6 c7d6 c5b6,2066,deflection
046Sy,4r1k1/2pQ1ppq/1p2r2p/2p1Nb2/2P1R3/P2P4/1P3PPP/4R1K1 b - - 13 25,f5e4 d7f7 g8h8 e1e4 h7e4 d3e4,2066,kingsideAttack
0KXQt,8/8/2Pb1p2/1K5p/P4k1B/1R2pp2/1P6/8 w - - 0 53,b3a3 d6a3 c6c7 f3f2 c7c8q f2f1q,2066,promotion
04YPD,r4k2/1ppR2p1/8/1PP5/5P1p/Pp5P/1Kb3P1/3n1NR1 w - - 5 30,b2c1 a8a3 d7d1 a3a1 c1b2 a1d1,2067,deflection exposedKing
077SA,2kr2r1/pppb1pQ1/7p/8/2B1n2q/2P1B3/P4PPP/RN2R1K1 w - - 5 17,g7h6 g8g2 g1g2 d7h3,2067,attraction kingsideAttack
08MRH,r5k1/ppq4p/3b2pB/n2P1p2/2p1r3/2Q2N2/PP3PPP/R4RK1 w - - 0 20,f3g5 d6h2 g1h1 e4h4 g2g3 h2g3,2067,discoveredAttack kingsideAttack
0B3cj,1n2kb1r/2R1Q1p1/pr1p1p1p/3P2PP/p4q2/P6B/1PP2P2/1K2R3 b k - 0 26,f8e7 c7c8 e8f7 g5g6,2067,mateIn2
0Jjos,6r1/pp5Q/4pk1p/3p4/2nP1q1P/2P2P2/4K3/6R1 w - - 2 34,h7g8 f4d2 e2f1 c4e3,2067,mateIn2
79Rmq,6k1/p4ppp/8/2bp4/P4Q2/8/1q2rPPP/R3R1K1 w - - 2 21,f4g4 e2e1 a1e1 b2f2 g1h1 f2e1,2068,backRankMate
06nNY,r2q1bnr/pp4k1/2pp1Nb1/4p2p/B3P2P/3P1Q2/PPP2P2/R3K1R1 w Q - 5 20,g1g6 g7g6 f3f5 g6g7,2069,hangingPiece
08DZy,r2r2k1/5pb1/p1p1p1p1/6N1/3q4/2P3BQ/PP4PP/4R2K b - - 0 24,d4d5 h3h7 g8f8 g5e6 f7e6 e1f1,2069,kingsideAttack
0D4ds,r2q1rk1/pp1b1p1p/4pb2/5p1Q/3R4/2P2N2/PP3PPP/2K2B1R w - - 1 15,f3e5 f6e5 d4h4 f8e8,2069,hangingPiece
0jqs1,4r1k1/pp2r1pp/5p1P/3p1P2/4pqP1/2P3R1/PP2Q1K1/5R2 b - - 2 34,f4h6 g3h3 h6g5 h3h5 g5h5 g4h5,2069,trappedPiece
06vqv,5knN/1pp4p/6p1/P2P1q2/2B1R3/7b/P2P1bPP/1N3Q1K w - - 0 20,g2h3 f5e4 f1g2 e4b1,2070,hangingPiece kingsideAttack
0E5pf,2R1R3/3k2p1/1r3p1p/p2r1P2/1b1P3P/4B3/4K3/8 b - - 5 45,b6c6 c8d8 d7c7 d8d5,2070,skewer
0FzgS,4kb1r/p2b1ppp/1n6/q2np3/4P3/1QN5/PP3PPP/R1B1K1NR w KQk - 0 13,e4d5 d7a4 b3b6 a7b6,2070,trappedPiece
09Xj8,8/8/1p6/1R6/P4p2/1P4kP/1r6/6K1 w - - 10 55,g1f1 b2b1 f1e2 f4f3,2071,rookEndgame
0IApn,8/3P2pk/2q4p/2p2p2/1pP2Pn1/1P3QP1/4p1KP/3R4 w - - 0 45,d7d8q g4e3 g2f2 c6f3 f2f3 e2d1q d8d1 e3d1,2072,promotion
41iK8,5rk1/p4Qpp/2p5/2q5/4P1b1/PB6/1r4PP/3R1R1K b - - 0 27,f8f7 d1d8 c5f8 b3f7 g8h8 d8f8,2072,backRankMate
03JVD,r7/6P1/8/8/5p2/5P1p/3RK3/2k5 w - - 1 51,e2e1 a8e8 d2e2 h3h2 e2e8 h2h1q,2073,advancedPawn pin promotion rookEndgame
03zgW,8/8/p5p1/2pk1p1p/5P1P/1PP1K1P1/8/8 w - - 1 35,e3d3 c5c4 b3c4 d5c5,2073,pawnEndgame
04hcp,2r2rk1/4pp1p/p2q2p1/1p1NR3/3P4/P4Q1P/1n3PP1/R5K1 b - - 3 22,e7e6 d5f6 g8g7 f6h5,2073,kingsideAttack
5g9hy,1k1r4/pp5p/q7/2npN3/4n1Q1/1R3P2/P1R3PP/6K1 b - - 0 26,c5b3 g4c8 d8c8 e5d7 b8a8 c2c8,2073,backRankMate
066yl,r7/1p1kn1Q1/p2Np2p/3pP3/3P4/4q3/P5PP/5R1K b - - 1 24,e3d4 d6f5 d4c5 f5e7 c5e7 f1f7,2074,pin
0D2Fc,6k1/pQ3ppp/4R1r1/8/3q4/P4P2/BPR2KPP/3r4 w - - 3 26,e6e3 d4h4 g2g3 h4h2,2074,mateIn2
0NVC5,2r1k2r/1q3p2/p2Rp1bp/1p2Q3/8/2P3P1/PP4PK/5R2 b k - 2 25,e8e7 d6e6 f7e6 e5g7 e7d6 g7b7,2074,skewer
0QZA3,8/8/p7/P1K3p1/4P3/1P3k2/8/8 w - - 0 50,b3b4 g5g4 c5c6 g4g3 b4b5 g3g2 b5b6 g2g1q,2074,promotion
04sdS,r3k2r/pb1p1ppp/2nBp3/1BP5/1P6/q3PK2/3Q1PPP/3R4 b kq - 3 21,c6b4 c5c6 d7c6 d6b4 a3b4 d2b4,2075,defensiveMove
04xJJ,4rrk1/ppp2ppp/3p2n1/4n1q1/3pP1b1/1B4BP/PPPN2P1/R3QRK1 b - - 0 14,g4e2 f1f5 g5e3 g3f2 e3h6 e1e2,2075,defensiveMove
05lSg,5b1r/1p1k2p1/2p4p/6N1/Q3bqP1/1P3N2/1PP1n2P/5RBK w - - 0 27,a4e4 e2g3 h2g3 h6g5 e4h7 h8h7,2075,discoveredAttack kingsideAttack
6Tduj,2kr3N/p5pp/1pP5/2K1p3/Q1Bn1q2/2P5/PP1Pb1PP/RNB4R w - - 0 17,c5b4 f4f8,2075,mateIn1
003aS,8/8/5k1p/6p1/1R4PP/1p2KP2/8/1r6 w - - 0 43,h4h5 b3b2 b4b6 f6e5 f3f4 g5f4,2076,advancedPawn defensiveMove rookEndgame
2GNyR,1R6/2p2p2/p5b1/kp1Q4/1qB5/3P4/PPP2r2/2K3R1 w - - 5 39,c4b3 b4f4 c1b1 f2f1 g1f1 f4f1,2076,backRankMate
01QV2,8/pp6/4k3/P4p2/1PP2K2/8/8/8 w - - 1 50,b4b5 e6d6 f4f5 d6c5 f5e6 c5c4 b5b6 a7b6,2077,pawnEndgame
0Acau,8/5p1k/1pQ4p/p2P2p1/Pb1B1n2/1B3P1P/6PK/4q3 b - - 6 34,f4e2 b3c2 h7g8 c6e8 b4f8 c2h7 g8h7 e8f7 f8g7 f7g7,2077,attraction deflection
4fdfZ,6k1/1pp3pp/1b1p1r2/1Q2p3/3pP3/3P2P1/2P2q1P/R6K b - - 1 28,f2c2 a1a8 f6f8 b5d5 g8h8 a8f8,2077,backRankMate
00dWq,2r1kb2/5p1p/p3p3/1p2P1Q1/1Pq5/P1p3P1/2P4P/2KR1R2 w - - 0 28,g5f4 f8h6 c1b1 h6f4,2078,pin
03Daz,5rk1/5p2/p2qp1pp/2p5/3p2Q1/1P5P/P5P1/5RK1 b - - 0 38,f7f5 g4g6 g8h8 g6h6 h8g8 h6g6,2078,exposedKing
0459E,2k3r1/p1p2prp/2p5/2q5/2p5/2Q3Pb/PPPN1P1P/R3R1K1 w - - 3 18,c3c4 g7g3 h2g3 g8g3 g1h1 c5f2 e1e8 c8d7,2078,deflection kingsideAttack pin
0I0k1,8/ppp3rk/8/4p2p/2Q2KP1/P4P2/1P2R3/6q1 w - - 0 38,e2e5 g7g4 f3g4 g1g4 f4e3 g4c4,2078,skewer
05tr4,8/5k2/3K2p1/4p1r1/4R1P1/8/8/8 w - - 8 58,e4e5 g5g4 e5e7 f7f6,2079,rookEndgame
06MAj,8/8/1R4p1/7p/P4k1P/6r1/7K/8 b - - 3 47,g3g4 b6b4 f4f3 b4g4 h5g4 h2g1,2079,rookEndgame
0D7PH,r2qr1k1/pp2bppp/2p2nn1/3pN1B1/3P4/2P1RN2/PPQ2PPP/R5K1 b - - 1 15,f6g4 e5g4 e7g5 e3e8 d8e8 f3g5,2079,hangingPiece
4dlKY,3R1nk1/4qpp1/pp5p/2p5/P7/5P2/1P1Qr1PP/3R2K1 w - - 5 28,d2d6 e7e3 g1h1 e2e1 d1e1 e3e1,2079,backRankMate
011LP,8/2k4p/p3Pp2/1p6/1P1Kp3/P7/6PP/8 b - - 1 36,f6f5 g2g4 f5g4 d4e4,2080,deflection pawnEndgame
03k1q,3r2k1/p1Q2pp1/6rp/5b2/1P1q3P/P2P2P1/4BP1K/3RR3 w - - 0 26,e2h5 d4f2 h2h1 g6g3,2080,deflection
0BXrw,1r3rk1/2pR1p2/pp2p1p1/6R1/1n2NN2/8/Pn3P1P/4K3 b - - 0 23,b8d8 e4f6 g8h8 f4g6 h8g7 g6f8,2080,discoveredAttack
0N8M9,8/6p1/p4pp1/2k3P1/P3PK1P/8/8/8 b - - 0 40,c5b4 g5f6 g7f6 e4e5 f6e5 f4e5 b4a4 e5f6 a4b3 f6g6 a6a5 h4h5 b3a2 h5h6 a2b1 h6h7 a5a4 h7h8q,2080,promotion
07QNR,8/2p3B1/2r3P1/8/8/3k4/p3pK2/4R3 w - - 0 52,g7b2 c6g6 e1e2 g6g2 f2g2 d3e2,2081,deflection exposedKing
0FnGB,8/4k3/3PP1p1/4K1P1/p1p5/2P5/2b5/8 b - - 0 51,e7e8 e5f6 c2e4 d6d7 e8d8 e6e7 d8d7 f6f7 e4d5 f7f8 d7e6 e7e8q,2081,promotion
0JQJQ,r4rk1/5p2/p2p2pp/1ppPbNq1/4Pn1P/2P1RQ2/PPB3P1/R5K1 b - - 0 24,g5h5 g2g4 g6f5 g4h5,2082,trappedPiece
3sAJs,5rk1/1Q2b2p/3q1rp1/3p4/BP2p3/P4P1R/6PP/4R1K1 w - - 0 29,f3e4 d6c5 b4c5 e7c5 h3e3 c5e3 g1h1 f6f1 e1f1 f8f1,2082,backRankMate
04iAT,1br5/3q1rpk/1p1p3p/1P1P1pPP/2P1p3/3Q1P1K/1B4R1/6R1 w - - 0 47,f3e4 f5e4 h3h2 e4d3 g5g6 h7h8 g6f7 d7f7,2083,discoveredAttack
0GeiA,7Q/8/4K3/k7/8/8/1pr5/8 w - - 5 65,e6f5 c2c5 f5f4 b2b1q h8a8 a5b4 a8b8 c5b5,2083,promotion
2hzNO,8/7R/1k4p1/3pP3/pp1n2P1/2r3K1/P1B5/2R5 w - - 1 49,g3f4 d4e6,2083,mateIn1
04rhy,6k1/1b3pbp/1q2p1p1/4P3/1p1Pp3/4B3/PPQN2PP/7K b - - 1 26,g7e5 d2c4 b6b5 d4e5 b7d5 b2b3,2084,defensiveMove
0BEqL,r1b1Q3/1p4kp/p1pp4/6q1/3P1p2/2P3B1/P4PPP/R5K1 w - - 2 20,g3f4 g5f4 a1e1 f4f8 e1e7 g7g8,2084,hangingPiece
0XfCa,1rb2kn1/7Q/p3pbp1/qP2np2/3p3P/1P4N1/PB1P1P2/R4KNR w - - 1 21,b2d4 a5b5 g3e2 b8b7 a1c1 b7h7,2084,trappedPiece
03RZV,8/8/6p1/p1pP1k2/K1P5/8/8/8 w - - 2 46,a4a5 f5e5 a5b5 e5d6 b5a4 g6g5 a4b3 g5g4,2085,defensiveMove pawnEndgame
04Qx2,2rq1rk1/3p3p/pb2p1B1/1p2P3/6Q1/P5P1/1n3PP1/2R2RK1 b - - 0 22,d8e7 g6e8 e7g7 g4g7 g8g7 c1c8,2085,discoveredAttack kingsideAttack
0Oib2,6r1/ppq2p1k/8/5b2/1B1NP1r1/8/P4Rp1/R2Q2K1 w - - 0 30,f2f5 c7h2 g1h2 g2g1q d1g1 g4h4,2085,promotion
0aajD,Q7/8/8/1p4kp/4P3/2K4b/P4qn1/1R6 b - - 1 44,g5f4 b1f1 f2f1 a8f8 f4g3 f8f1,2085,skewer
2wm3h,6k1/pp4p1/7p/1P1p4/P1r1pq2/8/Q4PPP/3R2K1 w - - 0 31,d1d5 f4c1 d5d1 c1d1,2085,backRankMate
0450n,8/1p1P2p1/2b3k1/6P1/p3r2P/P5K1/8/3R4 b - - 2 40,e4e3 g3f2 e3f3 f2e2,2086,defensiveMove
04q4K,8/p3k1p1/4p2p/1n2Np1P/8/PK4b1/1P3rP1/3R3R w - - 2 45,d1d7 e7e8 h1e1 g3e5 e1e5 e8d7,2086,defensiveMove
0Ema0,r2q1r2/p2pR1pk/1pbP2pp/8/5Q2/2P5/PB3PPP/R5K1 w - - 4 23,e7g7 h7g7 c3c4 g7h7 f4d4 f8f7,2086,hangingPiece
04OgJ,8/8/8/p3p1k1/P2p2P1/5P2/4K3/8 w - - 4 49,e2e1 e5e4 f3e4 g5g4,2087,deflection pawnEndgame
04q2K,2rqr1k1/p2n1p2/1p2P2Q/2p2p1P/3p4/3P2P1/PPP2PK1/R3R3 b - - 0 24,d8f6 e6d7 f6h6 e1e8 c8e8 d7e8q,2087,advancedPawn promotion
0AfJi,8/p3nk2/1rp1p2P/4PpR1/1P1q1P2/P5P1/2Q5/5K2 b - - 2 45,e7g6 g5f5 e6f5 c2f5 f7e8 f5g6,2087,deflection
0F71V,8/3bPk2/1KPP4/8/1p6/1p4P1/8/8 b - - 0 47,d7c6 b6c6 b3b2 c6d7 f7g7 e7e8q,2087,hangingPiece promotion
02F70,8/1pp1b3/1n2kp2/6p1/p1PPN1P1/1P3K2/P2B4/8 b - - 0 30,f6f5 d4d5 e6f7 g4f5 a4b3 a2b3,2088,deflection
05WHF,8/8/3P4/1b4K1/4p1P1/1k2P3/8/8 b - - 0 56,b3c4 g5f6 c4d3 g4g5 d3e3 g5g6 e3f2 g6g7,2088,advancedPawn
09nfc,r1bq2k1/pppn2p1/4p1Qp/4P1b1/3P4/2PB4/P1P3PP/5RK1 b - - 0 15,d7f8 g6f7 g8h8 f7f8 d8f8 f1f8,2088,deflection
0B3Ak,1nk1R2r/QpB2ppp/2pb4/6P1/5qb1/7B/PPP2P1P/R5K1 b - - 5 19,c8c7 a7a5 b7b6 a5a7,2088,mateIn2
0BdCZ,3r2k1/1p2q1p1/5p1Q/4p3/3pP3/pP3P2/K3N3/6R1 w - - 0 29,e2g3 g7h6 g3f5 g8f8 f5e7 f8e7,2088,hangingPiece
0Io3Y,6rr/1bk1p2p/3p4/3PPQ2/5N2/2p2P2/1q4PR/3RK3 w - - 0 33,d1b1 c3c2 b1b2 c2c1q e1f2 c1b2,2088,promotion
01Brx,5rk1/p1r3b1/1p1pR3/3b1n1q/3PNp2/2P2N2/PP2BPQP/R6K w - - 5 23,e4f6 f8f6 e6f6 f5h4 f3h4 d5g2 h4g2 h5e2,2089,kingsideAttack
087ew,8/8/3k4/p4p2/P2K3p/4P2P/8/8 w - - 3 35,e3e4 f5e4 d4e4 d6c5,2089,pawnEndgame
08WGe,8/8/4r1k1/R3p2p/4K3/6P1/5P2/8 b - - 15 61,g6g5 a5e5 e6e5 e4e5 g5g4 e5e4 h5h4 g3h4,2089,rookEndgame
08j1w,7k/6pp/2N5/5BP1/7n/q6Q/5R2/4r2K w - - 2 40,h1h2 a3d6 h3g3 e1h1 h2h1 d6g3 f2a2 g3f3,2089,deflection exposedKing
0jH4h,2br4/2p1R1p1/p1p2pkp/8/2PP4/2B2KP1/P6P/8 b - - 2 25,d8d7 e7e8 c8b7 e8b8 c6c5 b8b7,2089,trappedPiece
03RBY,8/5p2/3kp1p1/p1p3P1/2P1KP2/1P6/8/8 b - - 2 39,e6e5 f4f5 a5a4 b3a4 g6f5 e4f5,2090,pawnEndgame
0AGWj,8/5k2/p2r1p2/1pR2Kp1/1P1p3p/1P1P3P/2P3P1/8 b - - 2 42,d6e6 c5c7 e6e7 c7e7 f7e7 f5e4 e7e6 e4d4,2090,rookEndgame
6hSg8,8/6k1/2q5/6p1/3PpKP1/2P1Q3/8/8 w - - 0 52,f4f5 c6d5,2090,mateIn1
016Ju,4Rbk1/p4p1p/6p1/8/1PQ5/2P3NP/2rq1PP1/6K1 w - - 1 31,g3e4 c2c1 g1h2 d2f4 g2g3 f4f3 e8f8 g8f8 c4c5 f8g8,2091,defensiveMove
09IHl,8/7p/6p1/1kp5/2n2PP1/pKB1P3/3P4/8 b - - 0 39,h7h5 f4f5 g6f5 g4h5,2091,deflection
0AXza,8/5k2/p7/3N1bp1/1P1B1P1p/P3K1bP/3R2P1/4r3 w - - 1 53,e3f3 g5g4 h3g4 f5e4,2091,mateIn2
0Hwa4,4k1r1/p4p2/4pB1p/3pPn2/2pq1Pp1/Pb6/6PP/N1R1Q2K b - - 1 29,d4f4 a1b3 c4b3 c1c8 e8d7 c8g8 b3b2 g8d8,2091,skewer
5U4ZT,6k1/5pp1/2Q2b1p/2N5/N2P1q2/1P6/P3rPPP/R5K1 w - - 1 28,a1f1 f4f2 f1f2 e2e1 f2f1 f6d4 g1h1 e1f1,2091,backRankMate
00fxc,4r2k/1pQ2p2/p4N1p/5P2/1P6/P1Pn1K2/4r3/6R1 w - - 1 36,c7f7 e8e3 f3g4 d3e5 g4h5 e2h2,2092,exposedKing fork
02NG2,2k4r/Qp3p2/2p3pp/4q3/8/5P2/Pr3P1P/3RR2K b - - 1 25,e5c7 a7d4 h8d8 d4b2,2092,fork
04uUT,5r1k/6pp/4P3/5P2/p1B1K3/8/7P/8 b - - 2 44,g7g6 f5f6 f8f6 e6e7,2092,advancedPawn
0ieDi,2r1r1k1/p4pp1/1p1Bpn1p/q3R3/2PP4/1Q4P1/P4P1P/4R1K1 b - - 2 22,a5d2 e1d1 d2d1 b3d1,2092,trappedPiece
52F1l,6k1/3n1ppp/1p1n2q1/p2QN3/8/6P1/PBr2PKP/3R4 b - - 3 25,d7e5 d5a8 c2c8 a8c8 d6c8 d1d8,2092,backRankMate
77SAw,1r4k1/4R1pp/p4p2/8/2pq4/3p1P1P/PP4P1/4Q2K b - - 5 33,d4b2 e1e6 g8h8 e7e8 b8e8 e6e8,2092,backRankMate
01UsT,r3r1k1/pp2qp1p/3b2p1/3p4/3P2n1/1PN5/PBP1BPPP/R2QK2R w KQ - 6 15,h2h3 g4f2 e1f2 e7e3 f2f1 d6g3,2093,attraction defensiveMove
05gES,3R1bk1/2q2n1p/rn2rPp1/2p1p3/p3P3/1P2NN1P/PBQ2P2/3R2K1 w - - 1 32,e3d5 c7d8 d5e7 f8e7 d1d8 e7d8,2093,hangingPiece
06SXL,rn1qk2r/ppp2ppp/5n2/4P1B1/6b1/5Q2/PPP3PP/RN2KB1R w KQkq - 1 9,f3b7 d8d1 e1f2 d1d4 g5e3 f6e4 b7e4 d4e4,2093,exposedKing
0IKWe,8/8/8/1B6/1R6/p1P1nk2/r7/2K5 w - - 0 48,b4a4 a2a1 c1d2 a1d1,2093,mateIn2
3Itj7,r5k1/1p4b1/2p3rp/4p3/1PPpPp2/3B1K2/7q/1RN1QR2 w - - 6 30,f1f2 h2h5,2093,mateIn1
05XDB,r1b1k2r/pp4pp/4qp2/4b3/1B1NQ2P/8/PP3PP1/2R1K2R b Kkq - 5 18,e5d4 c1c8 e8d7 c8c7 d7c7 e4e6 a8e8 b4e7,2094,deflection exposedKing pin
05fU3,2r3k1/4qppp/4p3/2p1Q3/4P3/2R5/rP3PPP/2R3K1 b - - 0 26,a2b2 c3g3 g7g6 e5b2,2094,discoveredAttack
09BEu,r1b2rk1/pp1n2pp/2pbNp2/6B1/3Pp2N/8/PqPQ1PPP/R4RK1 b - - 1 14,f6g5 d2g5 g8f7 g5g7,2094,kingsideAttack
0JiUM,7k/1p4pP/4R3/p2Q1p2/8/3PK1r1/1P5q/R7 w - - 4 33,e3d4 h2b2 d4c5 b2b4,2094,mateIn2
5X4nH,r4k2/p3np2/5N2/1qB1p1p1/1P6/3n1P2/P1pK3Q/R7 b - - 3 28,d3c5 h2h6,2094,mateIn1
03uDG,r2q1rk1/3pnpb1/ppn1pBpp/2p1P3/4N3/3P1N2/PPP2PPP/R2QR1K1 b - - 1 13,d7d5 e5d6 g7f6 e4f6,2095,kingsideAttack
05Ba5,r1bk1bnr/pp1pqpp1/2n4p/1NpQ4/2B1PB2/5N2/PP3PPP/R3K2R b KQ - 5 9,g8f6 f4c7 d8e8 b5d6 e7d6 d5f7,2095,deflection
09m48,rn2k2r/1p2ppb1/p1p4p/4P2P/2P1Nqp1/P7/1P2Q1P1/1K1R2NR b kq - 1 18,g7e5 d1f1 f4f1 e2f1,2095,trappedPiece
00DKr,3r1k2/2p1R3/p2p2n1/1p6/1P1P2Q1/7P/5qPK/3R4 w - - 2 42,d1e1 g6e7 e1e4 f8e8,2096,defensiveMove
00y3g,8/4Qpk1/p3p2p/1p1b3r/7P/3B4/2P3PK/4r3 b - - 4 44,e1d1 d3e2 h5h4 e7h4,2096,fork
07AfS,r2qr3/1bp3kp/2n2p2/3Q1P2/1bB5/2N2P2/PP4PP/R3K1NR w KQ - 1 17,g1e2 e8e2 e1e2 c6d4 e2d3 b7d5,2096,attraction discoveredAttack exposedKing pin
0h7mm,r2q1k2/1p3Bpp/1p6/4N3/1p2bPP1/1P5P/PQ5R/K7 w - - 1 31,b2d2 a8a2 d2a2 d8d1 a1b2 d1d4 b2c1 d4g1 c1d2 g1h2 d2e3 h2a2,2096,skewer
3uOg6,1k1r4/1b2N1p1/p2p2p1/q3p3/4P2P/2n4B/2PNQ3/2KRR3 w - - 3 31,e2c4 a5a3,2096,mateIn1
4L59W,r4r1k/1pp1p1b1/p6p/2PPp1p1/1P2N3/1Q2p3/PB2P1Bq/R2R1K2 w - - 0 23,g2f3 h2h1,2096,mateIn1
00QjF,8/8/1pr1p1kp/pbPp2pN/3Pp1P1/1P2K3/P6P/2R5 b - - 0 29,e6e5 c5b6 c6c1 b6b7 c1e1 e3d2,2097,advancedPawn
00qJM,2R5/p4ppk/1p6/6Q1/8/7P/q4PPK/4r3 b - - 0 35,a2e6 g5h5 e6h6 h5f7,2097,deflection
039ed,4r1k1/pp2rpp1/2p3p1/3p2Pn/5n1P/3PBB2/PPP2P2/R3RK2 b - - 1 23,h5g3 f2g3 e7e3 e1e3 e8e3 f1f2 e3f3 f2f3,2097,hangingPiece
077ct,r2qr1k1/1p2bppp/p3b3/2ppP1N1/P2n4/2NPB1Q1/1PP3PP/R4RK1 b - - 7 15,d4c2 g5e6 f7e6 e3h6 g7g5 g3f2 g8h8 f2c2,2097,pin
03hMR,r5k1/5ppp/b1p4P/1p2pP2/1P2P3/p1n1QKP1/P1qN2B1/7R b - - 2 26,a8d8 e3g5 c2d3 f3g4 g7g6 g5f6,2098,defensiveMove
05g7S,8/1p2Pk2/p1p5/P4NP1/1P1p1K2/3P4/8/7r b - - 0 50,h1f1 f4e5 f1g1 e5d6 g1g5 d6d7 g5f5 e7e8q,2098,advancedPawn promotion
09eed,1rb1k3/4bpp1/p1pp4/q4PP1/8/1PPB4/P2Q4/1NK4R b - - 0 22,c8f5 h1h8 e8d7 h8b8,2098,skewer
0TIyQ,1r3r1k/2PP4/3P3p/3B2pP/6P1/8/6K1/n7 b - - 0 48,b8d8 d5e6 a1c2 c7c8q,2098,promotion
01tgp,6r1/4pk2/p1rp1n2/4pQ2/Np2P3/1P2qRp1/P1P5/1K3R2 b - - 1 33,e3e2 f5h5 g8g6 f3f6 e7f6 h5e2,2099,discoveredAttack pin
0U3Bj,r1b1r1k1/3n1ppn/3Bp2p/1R1pP2P/2pN1P2/7R/2PQ1KP1/q4B2 b - - 4 25,c8a6 h3a3 a1a3 d6a3,2099,trappedPiece
0UJ2S,k3r3/pR3Q2/2n1q2p/6p1/5p2/P1B4P/1PP2P2/1K6 w - - 1 28,f7c7 e8e7 c7c6 e6c6,2099,trappedPiece
02na8,r3kbnr/ppp1p1pp/2n2p2/8/4QB2/1N6/PqP2PPP/RN2K2R b KQkq - 1 9,e7e5 f4c1 f8b4 e1f1 b2a1 b3a1,2100,defensiveMove trappedPiece
04iZY,2k4r/1pr5/q5p1/4P1p1/P3Q3/4B1p1/8/3R1RK1 w - - 0 30,e5e6 a6e2 d1d2 h8h1 e4h1 e2e3 g1g2 e3d2,2100,deflection exposedKing fork
0AkSb,3r2k1/p4ppp/1p6/2p5/5Q1P/4P1P1/Pq2BP2/4K2R w K - 0 22,f4f3 b2c1 e2d1 c1d2 e1f1 d2d1,2100,deflection
3lqli,6k1/1b6/4pPp1/6Qp/5P2/7R/3q1K1P/8 w - - 6 41,f2g3 d2e1,2100,mateIn1
00mF3,1r6/6k1/b2p1p2/2qP1Pp1/1pP1P1P1/3Q4/3BK3/7R w - - 4 38,d3h3 c5c4 e2f2 c4e2 f2g1 e2d1,2101,exposedKing fork
01Jnn,8/1Pk5/5p1p/1P4p1/4p3/7P/5PP1/5K2 b - - 2 40,c7b7 g2g4 f6f5 g4f5,2101,pawnEndgame
0XtKd,5rk1/5ppp/p5b1/q7/2NN1R2/1P6/P5PP/5R1K b - - 2 31,a5a2 f4f2 a2f2 f1f2,2101,trappedPiece
00vUf,3R4/p4pkp/2p5/6p1/1P1B4/r3PP2/2r3PP/5K2 b - - 6 31,g7g6 d8d6 f7f6 d6f6 g6g7 f6c6,2102,discoveredAttack
01znD,8/5pk1/7p/7P/5Pq1/8/5QK1/8 w - - 0 55,f2g3 g4g3 g2g3 g7f6 g3g4 f6e6,2102,defensiveMove
024AF,2r2r1k/3qbpp1/p6p/1p1ppPPn/3p3N/PB1P3P/1PPQ1P2/2KR3R w - - 1 20,g5h6 e7h4 h6g7 h8g7 d1g1 g7h7,2102,defensiveMove hangingPiece
027Wr,5k2/8/1b2P3/p2K4/1p3P1p/2p4P/P7/2B5 b - - 0 39,f8e7 f4f5 b6d8 c1g5 e7e8 f5f6 d8f6 g5f6,2102,exposedKing
08v5s,8/1R6/6k1/5p2/3b2p1/6r1/1P3R2/5K2 w - - 1 50,f2d2 g3g1 f1e2 g1g2 e2d1 g2d2 d1d2 g4g3 b7b3 f5f4,2102,exposedKing
0Ua2I,r4rk1/pppq1ppp/8/3p3n/1bP3bQ/2NBP3/PP1B1PPP/R4RK1 w - - 0 13,c4d5 b4e7 d3f5 e7h4,2102,trappedPiece
1eCxe,r6r/5p2/p2N1Rp1/2n1k1B1/1q2P1p1/1Pp4P/P1P3P1/1K1R4 b - - 1 29,c5e4 d6f7,2102,mateIn1
0JMfl,8/2P1p1k1/8/p4pp1/5p1q/P1R5/8/6KR b - - 4 45,h4g4 g1f2 f4f3 c7c8q g4g2 f2e3,2103,promotion
0PxHX,8/8/8/7P/4p1P1/pk1n4/3Q1P1K/2r5 w - - 3 50,h5h6 a3a2 d2a5 a2a1q a5a1 c1a1,2103,promotion
10zNv,r7/5pp1/pN1k1n2/3B3P/2p5/2KnP3/Pq5P/2RQ3R w - - 2 27,c3c4 d3e5,2103,mateIn1
6Trfs,R1r3k1/1pq1Rppp/8/1P6/2nP1n2/8/Q4PPP/2r1N1K1 b - - 2 24,c4d6 a2f7 d6f7 e7e8 c8e8 a8e8,2103,backRankMate
03YH7,rn3r2/ppq1p1k1/2p3p1/2P1P1p1/6P1/1Q6/PP2B3/R4RK1 b - - 0 23,c7e5 f1f8 g7f8 a1f1 f8e8 b3g8,2104,attraction
0OtTk,1r5k/6r1/2pR4/Q7/K1q1P2P/P1P5/1P6/3R4 w - - 7 41,b2b4 b8b4 a5b4 g7a7,2105,mateIn2
0T5IU,5rk1/ppP3pp/8/2Q1p3/P7/1P3P2/5KR1/q7 b - - 0 29,a1b2 f2g3 b2d4 c5f8 g8f8 c7c8q,2105,promotion
08Z36,8/6pp/8/5P1P/2p3P1/2k1K3/8/8 b - - 0 59,c3c2 h5h6 g7h6 f5f6 c4c3 f6f7,2106,pawnEndgame
01WD0,2rr2k1/4b1pp/p2pp3/1p4PP/4P1Q1/PNN1pP2/KPP4R/5q2 b - - 2 25,d8e8 g4e6 g8h8 h5h6 g7g6 e6f7,2107,kingsideAttack
02jk5,8/1k6/1P1Kp3/5ppp/8/5P1P/5P2/8 b - - 1 48,g5g4 f3g4 f5g4 h3h4,2107,defensiveMove pawnEndgame
03IMR,r2qkb1r/pp3ppp/4pn2/1N3b2/Q1nP4/5N2/PP3PPP/R1B1R1K1 b kq - 1 11,c4b6 b5d6 e8e7 d6f5,2107,mateIn2 pin
06q3X,2r5/5p2/6kp/2pKN1p1/p5P1/P1B3P1/1P6/2b5 b - - 11 45,g6f6 e5c6 f6g6 c6e7 g6h7 e7c8,2107,discoveredAttack
0402R,7k/p6p/1p1rrp2/3P4/2P1b3/1P2R1P1/P4p1P/K4R2 b - - 1 37,e4g2 d5e6 g2f1 e6e7 f1c4 e7e8q,2108,advancedPawn promotion
04JOU,r1b3k1/p1p3pp/1p2pr2/1q1nQ3/7P/3P1N2/PPP2PP1/1K1R1B1R w - - 2 16,d3d4 d5c3 b1a1 b5e5 d4e5 c3d1,2108,pin
06e87,3q1rk1/rb4p1/4pn1R/pp3B2/3P4/5N1P/PPQ2P2/2K3R1 b - - 0 20,b7f3 f5e6 f8f7 g1g7,2108,kingsideAttack pin
0Du2x,5rk1/5p1p/4pPp1/1Npb4/R1n1qP2/1QP5/1PnB1RPP/6K1 w - - 1 30,b5d6 c4d6 a4e4 d5b3,2108,discoveredAttack hangingPiece
00Ac7,8/2p1pk1p/Pp4p1/8/p1P2P2/3r2P1/3PR2P/3K4 b - - 1 33,a4a3 a6a7 d3d8 e2e3 a3a2 e3a3,2109,advancedPawn rookEndgame
00XbN,6k1/R4p1p/6P1/3p4/8/2b5/1r2rBPP/5RK1 b - - 0 26,e2f2 g6f7 g8f8 a7a8,2109,advancedPawn
07oFg,8/8/p2p4/1p6/1Pr2k1R/P7/3K4/8 b - - 4 63,f4g3 h4c4 b5c4 a3a4,2109,rookEndgame
0XNMb,r2q2k1/ppp2p1p/4b1pB/8/8/2PB1Q1P/P1P3P1/5K1R w - - 0 19,f3b7 a8b8 b7a7 b8b1 f1e2 b1h1,2109,skewer
05U1U,8/kp6/1qp5/p1Qp3P/3P4/8/6P1/7K b - - 0 45,a5a4 h5h6 a7a6 c5b6 a6b6 h6h7,2110,advancedPawn
16DKv,r3r1k1/pp3ppp/2p5/5b2/1PPbNp1q/P2P1B2/2Q1RPPP/4R1K1 w - - 5 20,e4d6 h4f2 g1h1 f2e1 e2e1 e8e1,2110,backRankMate
0aXWK,3r2k1/1pq2pbn/p1p1r1pB/4p2p/6PP/3PQB2/PPP2PK1/4R2R w - - 1 23,g4h5 g7h6 e3h6 g6g5 h6e6 f7e6,2111,trappedPiece
02Rt2,r1b2r2/pp2p1qp/1k2p3/2n5/1P1N4/5B2/P1P3P1/1K1R2Q1 b - - 0 28,b6c7 d4b5 c7b8 g1c5,2112,discoveredAttack
00xOm,5rk1/7p/p2R2p1/1p2n1P1/2q1Q1P1/PBP5/KP5r/8 b - - 4 40,h2b2 a2b2 f8f2 e4c2 f2c2 b2c2,2114,hangingPiece pin
0DSks,2r2rk1/4bppp/4p3/p3q2P/1pbR2Q1/6P1/PB3PB1/2R3K1 b - - 1 23,c4a2 c1c8 f8c8 d4d8 c8d8 b2e5,2114,discoveredAttack
0h8kV,8/4r2p/4Nkp1/3Q1p2/1K5P/8/8/2r5 w - - 14 51,e6f4 e7b7 d5b7 c1b1 b4c5 b1b7,2114,skewer
02b3R,5rk1/2p2pp1/p2nbq1p/7r/8/2P1B3/PPQN1PPP/R3R1K1 w - - 6 19,d2e4 f6h4 f2f3 h4h2,2115,kingsideAttack
01B5q,r4rk1/1pp1np1p/p4Qp1/3P3P/P2Nq3/8/1B4R1/5B1K b - - 0 36,e7d5 f6g7 g8g7 d4f5 g7g8 f5h6,2117,attraction pin
04rB1,8/1r6/N7/1B2k2p/1KP2pp1/8/6PP/8 w - - 0 44,c4c5 f4f3 c5c6 b7b5 b4b5 f3f2 b5b6 f2f1q,2117,advancedPawn promotion
0EjQX,2r2rk1/5p1p/p3bQpP/8/P4R2/3Bq3/6P1/2q2R1K b - - 0 28,c1f1 d3f1 e3c3 f4d4 c3d4 f6d4,2117,hangingPiece
02tYt,2k5/1RR3pp/2p5/p1N1p2n/P7/1P5P/2nr4/3r1NK1 b - - 6 28,c8d8 c5e6 d8e8 c7e7,2118,mateIn2
08U76,rn3rk1/pb3ppp/1p2pq2/2bn4/8/2N2NP1/PPQ1PPBP/R1BR2K1 w - - 4 12,f3g5 f6f2 g1h1 f2g2,2118,kingsideAttack
0BNWh,1rb1Q3/pp1p1Npk/4p3/2P2p2/1P6/P6P/4qPPK/8 b - - 3 28,e2f2 e8h8 h7g6 f7e5 g6f6 e5g4 f5g4 h8f8 f6e5 f8f2,2118,skewer
00D12,8/6pp/8/3kP3/1p1P2P1/rPpK3P/4R3/8 b - - 1 39,a3b3 e5e6 c3c2 d3c2 b3c3 c2d2,2119,rookEndgame
062e9,8/4R1pp/5pk1/1ppb4/5PPP/8/2r2B2/6K1 b - - 0 37,c5c4 f4f5 g6h6 f2e3 g7g5 f5g6 h6g6 h4h5,2120,attraction
09fof,8/8/5R1p/8/3pb1P1/kpKp4/8/8 w - - 0 54,c3d4 d3d2 d4c3 d2d1n,2120,promotion
03r0J,4r1rk/2R1B1bp/2B3p1/8/p4P2/Pb5P/2K3P1/7R w - - 1 32,c2c1 e8c8 e7d6 c8c7 d6c7 g8c8,2121,pin
0AMFh,8/8/4kp2/1P4p1/K7/P7/8/8 w - - 1 50,b5b6 e6d7 a4b5 d7c8 b5c5 g5g4,2122,pawnEndgame
4W6K4,5rk1/R5pp/2N1p3/3pNp1K/4nPPP/8/4br2/3R4 b - - 0 29,f5g4 c6e7 g8h8 e5f7 f8f7 a7a8 f7f8 a8f8,2122,backRankMate
00iQC,1k1r1b1r/4q3/QBpp4/4p3/4P2p/5p2/P5PP/4R1K1 b - - 0 28,d8d7 e1b1 d7b7 b6a7 b8c8 a6c6 e7c7 c6e8,2123,exposedKing
03mRM,2kr3r/pp4R1/3qp2p/2p3n1/P1BPNnp1/2P5/1P4P1/R3Q1K1 b - - 1 25,f4h3 g2h3 g5f3 g1f1,2123,defensiveMove
0AQK6,3r3k/p1p4p/1p2Prpq/5b2/4pR2/1BP3Q1/PP5P/5R1K b - - 3 25,d8d3 e6e7 d3g3 e7e8q f6f8 e8e5,2123,promotion
0dtAr,1k4r1/pp3p1p/2p1p3/5p1q/1P1P3r/P2R4/2Q3P1/3RN1K1 w - - 1 31,e1f3 h4h1 g1f2 g8g2 f2g2 h5h3 g2f2 h1h2 f3h2 h3h2 f2f3 h2c2,2123,skewer
02XE2,2q3rk/pp2bpp1/n1p4p/5P1Q/1P2NP2/2P5/P6P/6RK b - - 4 27,e7f8 e4g5 c8f5 g5f7 f5f7 h5f7,2124,kingsideAttack pin
037D4,r1b2rk1/1p2Qppp/p2p4/3P4/5R2/3q4/P5PP/5R1K b - - 1 22,b7b5 e7f8 g8f8 f4f7 f8e8 f7f8 e8d7 f1f7,2124,attraction
04O46,8/1p2q1k1/p1p2pp1/8/1n1P3N/1P4Q1/5PP1/6K1 b - - 3 38,e7f7 h4f5 g7f8 g3d6 f8e8 d6b8,2124,fork pin
05DXA,3r1rk1/q3bppp/2p1p3/1p2B3/1n1P4/3B1P2/PPP2P1P/R5RK b - - 3 21,b4d3 g1g7 g8h8 g7g8 h8g8 a1g1 e7g5 g1g5,2124,attraction kingsideAttack
0ls0G,r2q1b1r/pp1k2p1/n3p1P1/1Q1pPn1p/5N1P/5P2/PPP5/R1B1K2R b KQ - 1 16,d7e7 f4d5 e6d5 c1g5 e7e6 g5d8,2124,skewer
00z9K,4B3/1b5p/p5k1/3p3R/6P1/1P6/KPrn1r2/7R b - - 2 34,g6g7 h5h7 g7f8 h7b7,2125,skewer
04CUq,r3k1nr/pbp2p2/1pNbpq2/7p/3P2p1/3BPP2/PPQB2PP/R3K2R w KQkq - 3 14,e1g1 d6h2 g1h2 f6h4 h2g1 g4g3 f1e1 h4h2 g1f1 h2h1 f1e2 h1g2 e2d1 g2f3 d3e2 f3c6 c2c6 b7c6,2125,attraction deflection kingsideAttack
04Jj1,r2q1rk1/1p5p/1npBPb2/3n1Np1/pP1P4/P7/3Q2PP/4RRK1 b - - 4 31,d5e7 f5h6 g8g7 f1f6,2125,kingsideAttack
07KSG,r1bq2k1/ppp1p3/4prpR/4N3/8/8/P1P1KPP1/Q4B2 b - - 2 18,d8f8 h6h8 g8h8 e5g6 h8g8 g6f8,2125,attraction exposedKing kingsideAttack
01K6c,1r2r1k1/p1p3pp/6q1/2nb4/Q7/5P2/PPP3PP/RNB2RK1 w - - 1 19,a4a7 d5f3 f1f3 e8e1 f3f1 e1f1,2126,fork pin
01vLC,3r2k1/5p2/1p2p2p/q3P1p1/5P1P/P4Q2/6PK/2R5 b - - 0 34,g5h4 f3g4 g8h7 c1c7 d8f8 g4e6,2127,pin
02E9M,r2qk2r/p1p2ppp/2pb1n2/3p4/2P2Qb1/1PN1P3/PB3PPP/R3KB1R w KQkq - 4 12,f4g5 h7h6 g5g7 h8h7 g7h7 f6h7,2127,trappedPiece
03QaF,5rk1/6b1/3p2pp/3Ppb2/4Bq2/7P/2QN1PP1/R5K1 w - - 0 24,a1a7 f4f2 g1f2 f5e4 f2e3 e4c2,2127,discoveredAttack
398It,5r2/5pk1/p2Q2p1/1p1Pp3/5n2/2N1q3/PPP2R2/1K3R1r w - - 1 27,f2f4 e3e1 c3d1 e1d1 f1d1 h1d1,2127,backRankMate
0Min6,1rr1k1q1/p7/1p5R/4Qp2/3p4/6P1/PP6/1K6 b - - 8 40,e8d7 h6d6 d7c7 e5e7,2128,mateIn2
2WlQR,5rk1/p3Rbpp/4p3/4P3/2BP4/4q3/P5PP/5Q1K b - - 0 27,e3d4 f1f7 f8f7 e7e8 f7f8 c4e6 g8h8 e8f8,2128,backRankMate
02uIX,2r5/8/p7/3R2pk/1P3pp1/8/PP3PKP/8 w - - 0 34,a2a4 f4f3 g2g3 c8c1 h2h3 c1g1 g3h2 g1g2,2129,rookEndgame
7QmUf,6k1/1b2bpp1/p5p1/1pNK4/1n6/P3PB1P/5PP1/2B5 w - - 0 38,d5d4 e7f6,2129,mateIn1
06Wql,8/8/2p5/4kppK/pP2Pp2/P4P2/5P2/8 w - - 0 38,e4f5 e5f5 h5h6 g5g4 f3g4 f5g4 h6g6 f4f3 g6f6 g4h3 f6e5 h3g2,2130,pawnEndgame
0TwED,R7/5p2/P1p3k1/6pp/2P5/1P3N1P/5nPK/r7 w - - 0 28,a6a7 a1h1 h2g3 f2e4,2131,mateIn2
6E6qB,r6r/pb2kppp/1p2pn2/1Bp1q3/4N3/6Q1/PPP2PPP/R2R2K1 b - - 3 17,e5e4 g3d6,2131,mateIn1
038oE,2rn1rk1/5pp1/3b1q1p/1p3P1Q/pP1pB2P/3P4/1BP2P2/2KR2R1 b - - 0 24,d6b4 g1g7 g8g7 d1g1 g7h7 b2d4,2132,attraction kingsideAttack
06avE,8/1p3p2/3kpPp1/P1p4p/2P1K3/5P2/6PP/8 w - - 1 43,g2g4 h5g4 f3g4 g6g5 e4d3 d6e5 d3e3 e5f6,2132,pawnEndgame
09G02,2R2bk1/5p2/4n2P/3npNPK/5p2/5P2/2p5/8 b - - 1 48,e6c5 c8f8 g8f8 h6h7 f8e8 h7h8q,2132,promotion
09MBu,4rrk1/p5pp/1qp3b1/2npP3/3Q4/1PN2B2/P5PP/3R1RK1 b - - 4 22,f8f4 f3d5 c6d5 f1f4 c5e6 d4b6,2132,discoveredAttack
0fK5w,8/4qp1k/p2p2b1/1p2r3/4PQ1r/1P2R1RP/P4PBK/8 w - - 3 36,f4f3 g6h5 f3f5 e5f5,2132,trappedPiece
05LmX,7k/8/5PRp/1pr5/4K3/8/8/8 b - - 0 51,c5c6 g6h6 h8g8 f6f7 g8f7 h6c6,2133,advancedPawn discoveredAttack exposedKing rookEndgame
09NcC,5k2/pppbq1b1/2n3p1/6r1/3pN1P1/2PB1Q2/PP6/2K4R b - - 1 24,f8g8 d3c4 d7e6 c4e6 e7e6 e4g5,2133,kingsideAttack
02waj,8/6R1/8/4PK2/8/r7/5kp1/8 w - - 0 51,e5e6 a3f3 f5e5 f3g3 g7g3 f2g3 e6e7 g2g1q,2134,advancedPawn promotion rookEndgame
05DRj,8/p4p2/4Rk1p/2p5/2PpK1P1/1P5P/P7/8 b - - 0 36,f6e6 b3b4 c5b4 e4d4,2134,deflection pawnEndgame
0C8PC,r5k1/2p1B3/p6p/3qN1pK/2Np1b2/1P3b1P/PQP5/R3R3 w - - 2 28,e5f3 d5f7 h5g4 h6h5,2134,mateIn2
00QyM,8/3k4/1pp3p1/4Pp1p/2PK1P1P/pP6/P7/8 b - - 1 35,d7e6 b3b4 e6e7 b4b5 c6b5 c4b5,2135,pawnEndgame
055jM,r4k1r/ppqb2pp/4p1B1/3pP3/8/2bQ2B1/P1P2PP1/RN3K1R b - - 6 17,c3a1 d3f3 f8e7 g3h4,2135,mateIn2
08H8F,2R5/P5p1/7k/2p1K2P/2r4P/8/5Pb1/8 b - - 1 56,c4e4 e5f5 g7g6 h5g6 e4a4 c8h8 h6g7 h8h7,2135,exposedKing
02lIm,1k1rr3/1p3R2/p2p1Npp/R5b1/3p4/8/1P4PP/6K1 b - - 3 29,e8f8 f7f8 g5e3 g1h1 d8f8 f6d7 b8a7 d7f8,2136,fork
02u8i,5r2/4Qpk1/6p1/qp1p1bNn/3P3P/pPr2P2/P3N3/K2R2R1 b - - 3 27,a5c7 g5e6 f5e6 g1g6 g7h7 g6h6 h7h6 e7g5 h6h7 g5h5,2136,attraction deflection pin
03Kic,2k5/1p6/1B1p1bp1/PK1Ppp2/4P2p/5P1P/6P1/8 b - - 0 38,f6g5 a5a6 b7a6 b5c6,2136,defensiveMove
0EyEU,2r3k1/3q2bp/2P2p1n/4p1p1/1p2b3/5N2/P3BPPP/RNR3K1 w - - 0 25,c6d7 c8c1 e2f1 h6f7 b1d2 c1a1,2136,hangingPiece
0GvhY,6r1/p4p2/b1R4p/B1K1k1p1/P7/5P2/6PP/8 b - - 0 34,a6f1 a5c7 e5f5 g2g4,2136,mateIn2
2b8LL,1R4k1/p3r1p1/3r1bNp/5p2/8/2n2N2/5PPP/4R1K1 b - - 4 36,g8f7 g6h8,2136,mateIn1
01M2U,1k5r/pp4p1/7r/3p2p1/3P2R1/2P1pP1P/PP2Bb2/K6R w - - 0 38,e2f1 h6h3 f1h3 e3e2 h1b1 h8h3,2138,advancedPawn
0pl4T,8/8/p2kb3/1p2p1pp/1P3p2/P1PBKP1P/6P1/8 w - - 0 44,e3e4 e6g8 e4f5 g8h7 f5f6 h7d3,2139,skewer
54ebA,8/2p2pkp/1bp3p1/1p2Q1Bn/1P1P4/2q5/5PPP/6K1 b - - 2 28,g7f8 e5h8,2139,mateIn1
04bzn,r1bqkbnr/1p3ppp/p2pp3/3P4/2Q1P3/N7/2P2PPP/R1B1K1NR b KQkq - 0 10,b7b5 a3b5 a6b5 c4c6 c8d7 c6a8,2140,fork
0bRyY,8/5ppp/kR2p3/8/P7/5PK1/r2r3P/1R6 b - - 3 33,a6a5 b6b8 d2d6 b8a8 d6a6 b1b5 a5a4 a8a6 a4b5 a6a2,2140,skewer
1nx31,1n1r1r1k/p5pp/3RQb2/1qp1N3/8/8/P4PPP/3R2K1 b - - 0 28,d8d6 e5f7 f8f7 e6c8 f6d8 c8d8 d6d8 d1d8 b5e8 d8e8 f7f8 e8f8,2140,backRankMate
04KNK,r1b4r/pp1n2k1/4p1p1/2qN1p2/2p5/2Q5/PP3PPP/R2R2K1 b - - 1 24,g7g8 d5f6 d7f6 c3f6 g8h7 d1d4 c5d4 f6d4,2141,kingsideAttack
09srV,8/8/2P1k2p/8/4Kp2/8/7P/8 b - - 1 41,f4f3 e4f3 e6d6 f3g4 d6c6 g4h5,2141,pawnEndgame
0FHrW,7r/pp1bnkpp/3Bpp2/8/3p4/2qB4/P4PPP/1R1Q2K1 b - - 5 25,d7c6 d6b4 c3d3 d1d3,2141,trappedPiece
0ez13,8/pp4p1/7p/2Pk2r1/1P2p1P1/P2pK2P/8/2R5 b - - 0 40,h6h5 c5c6 b7c6 c1c5 d5e6 c5g5,2141,skewer
3MDGV,1Q6/2p2ppk/p5bp/3P4/3b3q/3P1P2/PPP1r1PP/RNB2R1K w - - 1 18,b1c3 h4f2 b8h8 h7h8 f1f2 e2e1 f2f1 e1f1,2141,backRankMate
2c4bk,rn2k2r/pQp1nppp/3q4/8/2Bb4/8/PP1N2PP/R1BKR3 b kq - 5 14,d6c6 b7c8,2143,mateIn1
0F5zS,r4r1k/1p3p2/p1n1pn2/2Pp2Q1/3q4/3B3P/P4PP1/2R1R1K1 b - - 0 21,d4d3 g5f6 h8h7 f6h4 h7g7 e1e3 d3g6 e3g3,2145,hangingPiece
05R6d,8/8/3p1k1p/1R1Br1p1/3Kpp2/6PP/8/8 w - - 0 52,g3g4 e4e3 d5c4 e3e2 c4e2 e5e2,2146,advancedPawn
099ED,4r1k1/pp4pp/6p1/3pP3/3P3q/1P2QR2/P1r1NK2/R7 w - - 10 28,f3g3 h4h2 f2e1 c2e2 e3e2 h2g3,2146,deflection
0FZC7,6r1/1kb2p2/1p6/2p2R2/2P2p1p/5P2/1PR2KPP/2N4r w - - 11 42,f5f7 h4h3 g2h3 h1h2 f2f1 h2c2,2146,skewer
0E3g5,8/5B2/3p1p2/4kp2/7P/6P1/3bK3/8 b - - 4 59,d6d5 e2d2 f5f4 g3g4,2147,hangingPiece
0bf4V,5r2/1b2qpk1/1p2pn2/p1br2B1/5Q2/2PB4/PP3PPP/3RR1K1 b - - 4 21,c5d6 g5h6 g7h8 h6f8 d6f4 f8e7,2147,skewer
05beD,8/8/8/8/p1N5/1k3PK1/6P1/8 w - - 8 51,c4a3 b3a3 f3f4 a3b4 f4f5 b4c5 f5f6 c5d6,2148,hangingPiece
09iHB,r5k1/pp4pp/6q1/3pPr2/2p5/5N2/PP1Q2K1/3R1R2 w - - 4 24,g2f2 f5f3 f2f3 a8f8,2148,attraction
00JtR,1rbk3r/3qp1b1/p3p1Bp/1N1P2p1/8/P5P1/1P2Q1P1/R3K2R w KQ - 2 23,d5e6 d7b5 e2d2 d8c7 a1c1 c7b7 g6e4 b7a7,2149,defensiveMove
02TJh,4r3/8/8/1Pp5/2P2pk1/5Np1/1K6/5R2 w - - 2 49,b2c2 g3g2 f1f2 g4g3 f2g2 g3g2,2149,advancedPawn
02vZm,r4rk1/5pp1/pqnNp2p/1p6/5P1b/1B5P/PP2Q1P1/2R2R1K b - - 0 19,a8d8 d6f7 c6d4 f7h6 g7h6 e2g4 g8h7 g4h4,2149,fork
044uI,8/p5k1/4pRpp/8/1pp1N3/1b1p2PP/1P5K/8 w - - 0 38,f6e6 c4c3 e6e7 g7f8 e7a7 d3d2,2149,advancedPawn defensiveMove
05Lym,2r5/8/8/3K1Pp1/6k1/3R4/8/8 w - - 0 48,d5e6 c8c6 e6d5 c6f6 d3d1 f6f5,2149,rookEndgame
0AECz,8/p7/1p6/4K3/1P1p4/P2k4/3P4/8 w - - 0 49,e5d5 b6b5 d5c5 a7a6 c5d5 d3d2 d5d4 d2c2,2149,pawnEndgame
0CSRv,Q2bk2r/3b1pp1/4pn1p/1p6/p2q4/4N1B1/PPP2PPP/1K3B1R w k - 3 20,f1b5 d7b5 h1d1 d4b6 d1d6 b6a5 a8a5 d8a5,2149,hangingPiece
2ufXl,5rk1/p5pp/4p3/2P1P3/2qp1B2/1Rn5/PQ4PP/4R1K1 w - - 1 28,f4d2 c4f1 e1f1 c3e2 g1h1 f8f1,2149,backRankMate
01Dor,8/3k2P1/3Pb3/p1q2p2/1p6/1P4r1/P1P1Q3/1K1R4 w - - 1 39,e2e6 d7e6 d6d7 g3g2 g7g8b g2g8,2150,hangingPiece
07tfu,1k1r4/nP1r2p1/P2b3p/8/4p3/2N1B2P/5PP1/R5K1 b - - 4 31,d7c7 e3a7 b8a7 c3b5 a7b6 b5d6,2150,attraction exposedKing
03DFT,8/p4p2/4p3/p2pPk2/P4P1p/1P2PK2/6P1/8 b - - 0 35,f7f6 e5f6 f5f6 f3g4 e6e5 g4h4,2151,pawnEndgame
0Q9Xy,5r2/6kP/6P1/5P2/6K1/8/8/8 b - - 6 74,f8f6 g4g5 f6a6 f5f6 g7h8 f6f7 a6g6 g5f5 h8h7 f7f8q,2151,promotion
0fUTd,2k4r/4p2p/1QN3p1/5q2/4bP2/P4R2/2Pr2PP/6K1 b - - 4 28,f5f6 c6e7 f6e7 f3c3 c8d7 c3c7 d7e8 c7e7,2151,skewer
01n09,r3k2r/pB2qppp/2pp4/4n3/1B6/4P1Pb/PPPQ1P1P/R3K2R w KQkq - 0 15,d2d6 e5f3 e1e2 e7b7 e2f3 c6c5,2152,discoveredAttack
03faz,2r2rk1/p4pp1/1p2p3/3q2Rp/3P3Q/2P5/6PP/5RK1 b - - 0 31,d5c4 g5g7 g8g7 h4g5,2152,attraction
09N0o,k7/p7/8/6p1/3R4/6P1/r3K2P/8 w - - 1 44,d4d2 a2d2 e2d2 g5g4,2152,rookEndgame
02mVD,2r2q1k/7p/p4R2/8/3Q3N/3P3P/1Pr3P1/6K1 b - - 0 39,c2c1 g1h2 f8g7 h4f5 c1h1 h2h1 c8c1 h1h2,2153,defensiveMove
0D0eG,4r1k1/1R3Npp/p7/3p4/4n3/2P2QP1/q4PKP/8 w - - 1 30,f7d6 e4d6 b7d7 e8f8 d7d6 f8f3,2153,hangingPiece
0ocUz,2q3k1/pp2R1p1/3p3r/2pP4/2P5/1P3P1r/P2Q2BK/5R2 w - - 0 32,g2h3 c8h3 h2g1 h6g6 g1f2 g6g2 f2e1 g2d2,2154,skewer
02ZzV,8/7b/8/p7/2BNpn2/k1K1p3/P7/8 b - - 9 58,f4d3 c4b3 e3e2 d4c2,2155,mateIn2
02hgn,R4r1k/5rq1/1p1p3p/1P4NQ/2PppP2/3n4/6PP/R6K b - - 7 36,f7f4 g5e6 f8a8 a1a8,2156,fork
04bA8,8/p5pp/P5p1/8/2pnk3/6P1/5P1P/1R3K2 w - - 2 35,b1b4 c4c3 f1e1 e4d3 b4b8 c3c2,2156,advancedPawn
0645D,8/1k2pp1P/3p4/4b3/PN2K3/8/8/8 b - - 2 40,b7b6 a4a5 b6b7 a5a6 b7b6 a6a7 b6b7 b4c6,2156,exposedKing
06xqS,r1b1kb1r/pppp1ppp/5n2/1BP5/8/q7/P2B1PPP/1R1QK1NR b Kkq - 0 11,c7c6 d1e2 f8e7 d2b4 a3b4 b1b4,2156,pin trappedPiece
0A7T2,rR4k1/5pbp/2rp1np1/4p3/2PpP3/3P1P1N/2qB1QPP/1R4K1 b - - 2 36,a8b8 b1b8 g7f8 b8f8 g8f8 d2h6,2156,attraction
0KQvL,r4r2/3n1kp1/2p3p1/1pP2pn1/pP1PpR1b/P1N1P1qP/1B1QB1P1/R6K b - - 1 24,g5h3 c3e4 h3f4 e4g3,2156,trappedPiece
021Fv,8/pp1k4/8/8/3Q3P/3P1q2/3r2R1/7K b - - 4 41,d7c6 d4c3 c6d7 c3d2 f3h3 h1g1,2157,fork
00WoW,8/4kppR/r1p1p2p/p3P2P/4P1P1/1pP1KP2/6B1/8 w - - 0 29,e3d2 a5a4 g2f1 a4a3 f1a6 a3a2,2158,advancedPawn
01DwE,6k1/5pb1/p1p1p1pp/P1Bq4/2bP1Q2/1rP1RN1P/5PP1/6K1 b - - 0 23,d5f5 f4f5 g6f5 f3d2 f5f4 e3f3,2158,fork
01l8G,3q2k1/5pp1/3Np2p/2b1P3/p1p1P3/2B4P/1Q3PP1/6K1 w - - 0 38,d6b7 d8d1 g1h2 a4a3 b2a1 d1a1 c3a1 c5b4,2158,defensiveMove
08DYP,2r2r2/p4kb1/2N3pp/1BN5/8/P3n3/1P4PP/4R1K1 b - - 2 29,e3f5 b5c4 f7f6 c5e4,2158,mateIn2
05Uxg,7r/3b1ppk/1q1r3p/4Q1PP/2p1PK2/PnP2P2/4B3/6RR b - - 4 35,d6e6 g5g6 f7g6 h5g6 h7g8 e2c4,2159,pin
0C9TM,2k4r/Rnp5/4N3/4Pp1p/6q1/5bP1/2R2P1P/5K2 b - - 2 38,h8h7 a7a8 c8d7 e6f8 d7e7 c2c7,2159,deflection
044iy,2k4r/p3bppp/1p3nP1/1K6/1P3P2/P3BN2/2q5/3R1B1R b - - 2 23,c8c7 d1c1 a7a6 b5a6 h8a8 a6b5 c2c1 e3c1 f6e4 b5c4,2160,defensiveMove pin
00LZl,r2qkb1r/ppp2ppp/2n5/3pPb2/3n1B2/2NB1N2/PP3PPP/R2QK2R b KQkq - 3 9,f8b4 f3d4 c6d4 d1a4 d4c6 d3f5,2161,deflection fork
02zji,8/1p6/2p2k2/8/p4P2/P7/1P2K3/8 w - - 1 50,e2e3 f6f5 e3d4 f5f4,2161,pawnEndgame
0Cadi,8/6p1/7p/4p3/4P1kP/2N3P1/3n2K1/8 b - - 9 54,h6h5 c3d1 g7g6 d1e3,2161,mateIn2
0JDno,r1b2r1k/pp2p1bp/5pp1/4P3/3q1P2/1P2NN2/1P2Q1PP/2R2RK1 b - - 1 19,d4f4 c1c4 f4h6 c4h4 h6h4 f3h4,2161,trappedPiece
067GA,3rR3/5kp1/6p1/2p5/p2Bp3/P4q2/3Q1P2/5K1R b - - 0 36,f7e8 h1h8 e8f7 d2a2 f7e7 d4c5,2162,exposedKing
00LRq,1k6/1p1q4/P2p3p/1NpPpn1Q/5b2/2P3r1/1P2B1P1/R6K b - - 3 28,g3g7 a6a7 b8a8 b5c7 d7c7 h5e8 c7b8 a7b8q,2163,advancedPawn promotion
0ARQM,1qrr4/pp2bpk1/2p3p1/3P4/4P1pP/1QN4n/PP3B2/1BRR1K2 w - - 2 28,c3e2 h3f2 f1f2 b8h2,2163,attraction
0SgkP,8/p3r2p/1p4p1/8/2B1k2P/2PR1nP1/P4K2/8 b - - 2 48,f3e5 d3d4 e4f5 d4f4,2163,mateIn2
03Xp4,r4rk1/ppp2pp1/3q1b2/3p3Q/3B4/2P5/PP3P1P/2K1R1R1 w - - 10 21,g1g7 f6g7 e1g1 f7f6,2164,defensiveMove
06h8d,rnb2rk1/pp1p1p1p/2p3p1/3P1q2/8/5N2/PB1QBKPP/7R b - - 3 15,f5d5 d2c3 f7f6 e2c4 d5c4 c3c4,2165,pin
04cNs,8/6p1/1R3k1p/p6K/r4P1P/6P1/8/8 b - - 0 38,f6f5 b6g6 a4d4 g6g7,2166,rookEndgame
07rvf,3q1k2/2n2pbp/2Pp2p1/3P4/2Q1P3/2N1BP2/1r4PP/R5K1 w - - 0 28,e3d4 g7d4 c4d4 d8g5 d4f2 b2f2,2166,kingsideAttack
089Va,8/1p6/p1pn3p/4k2p/1P2PP1P/3K2P1/1P6/8 b - - 0 44,e5f6 e4e5 f6e7 e5d6 e7d6 d3d4 d6e6 d4c5,2166,exposedKing
09RPE,8/8/5p2/PR6/4KPP1/r6p/6k1/8 w - - 0 44,b5b2 g2g3 e4f5 a3a5,2166,rookEndgame
00pWF,8/8/p3k3/1p1pP3/5P2/1P6/6K1/8 w - - 0 53,g2f3 a6a5 f3e3 a5a4 b3a4 b5a4 e3d4 a4a3 d4c3 d5d4 c3d4 a3a2,2167,advancedPawn pawnEndgame
03UTL,8/5p1p/5p2/k7/2R1P3/1R2KP2/1p4PP/1q6 w - - 2 41,c4b4 b1e1 e3d3 e1b4 b3b4 a5b4 d3c2 b4a3 c2b1 a3b3 g2g4 b3c3,2167,defensiveMove
024PS,6k1/pp3pp1/1bp1b2p/2q5/P3R2P/2Pr2P1/5PB1/2Q2RK1 w - - 1 23,e4e3 c5e3 f2e3 b6e3 g1h2 e3c1,2168,fork
0KlgQ,7k/R3b2P/8/3pPp2/3P4/4BKP1/p1r5/8 w - - 3 50,e3h6 c2c3 f3f4 c3a3 a7e7 a2a1q,2168,promotion
04g0E,r2q1rk1/3n4/2p1Q1p1/pp1p3p/3P3b/P1P2P2/1P1N1P2/R4KR1 b - - 1 21,f8f7 e6g6 g8h8 g6f7,2169,deflection kingsideAttack
06HBY,8/4k3/1pp3pp/p2p4/3P1PP1/2PK4/P6P/8 b - - 1 31,c6c5 c3c4 d5c4 d3c4,2169,pawnEndgame
02Plz,7k/q3r1b1/4N1pp/5p2/7P/1Q2P1P1/8/3R2K1 w - - 2 36,e6g7 e7e3 d1d8 e3e8 g1g2 e8d8,2170,discoveredAttack exposedKing
03opY,8/1R5p/P2k2p1/2p2p2/3n4/1P6/2r5/1K6 b - - 1 43,d6c6 b7b8 c2e2 a6a7,2170,advancedPawn
03SLy,8/8/8/pp1p1k2/2pP2p1/P1P2K2/1P4P1/8 w - - 0 36,f3g3 f5g5 g3f2 g5f4,2171,defensiveMove pawnEndgame
0977N,2R5/3p2k1/p3p1B1/4P3/4R1p1/P5Pp/1r3r2/6K1 w - - 1 41,e4g4 h3h2 g1h1 f2f1,2171,mateIn2
0DpfM,5r1k/4q1p1/6Bp/4pP2/1p2P1QP/pP6/2pr4/B5RK b - - 3 43,f8c8 f5f6 e7f6 g4c8 f6d8 c8d8 d2d8 g6h5,2171,discoveredAttack
000qP,8/7R/8/5p2/4bk1P/8/2r2K2/6R1 w - - 7 51,f2f1 f4f3 f1e1 c2c1 e1d2 c1g1,2172,exposedKing skewer
1yIqt,6k1/1p4p1/5n1p/p4QP1/3p3P/1P1N1PK1/P7/6q1 w - - 1 43,g3f4 g1h2,2173,mateIn1
4ozj6,1k1r4/pp1BN1Q1/8/5p2/3P3P/3q4/KP4P1/7n b - - 4 27,d8d7 g7e5 b8a8 e5h8 d7d8 h8d8,2173,backRankMate
01jVT,r2Q1b1N/6pp/p1kn2q1/2pp4/5B2/2P2bP1/PP1N3P/R2K4 w - - 0 23,d2f3 g6d3 d1e1 d3e4,2174,fork
06xjz,8/8/7p/1p3k2/2p4P/P1P1K3/8/8 b - - 1 53,f5e5 h4h5 e5d5 e3f4 d5c5 f4f5,2174,pawnEndgame
0A1Mh,8/1p5p/p5p1/1PPk1p2/P2rpP2/1R5P/5PK1/8 b - - 0 30,d4a4 c5c6 b7b6 b3c3 a6b5 c6c7,2174,rookEndgame
05CIO,r2N1rk1/4Q1pp/pn3n2/1p6/5q2/1BN5/PP3PbP/R3R1K1 b - - 1 17,b6c4 e7f8 g8f8 d8e6 f8g8 e6f4,2175,attraction pin
07LLu,4r3/6k1/6p1/3p1p2/1p4n1/1P1BbK2/2P1R1P1/5R2 w - - 0 35,f1a1 g4h2 f3g3 f5f4 g3h4 e8h8 h4g5 h8h5,2175,exposedKing
0846j,8/8/8/2p1pkpp/1pP5/1P1P1K1P/6P1/8 b - - 1 48,g5g4 h3g4 h5g4 f3e3 f5g5 e3e4 g5h4 e4e5,2175,pawnEndgame
0jyzC,5rk1/1pp2rp1/1p1p4/3Ppbq1/4N2p/2P2PPn/PP2Q1BP/R4R1K b - - 1 22,f5e4 e2e4 h3f2 f1f2,2175,trappedPiece
0385J,4r2k/1pq3p1/4pr1p/p2b3P/P2b1PP1/3QB2B/1P6/4RRK1 b - - 5 30,d4b2 d3b5 c7c6 b5b2,2176,fork
06TVl,1R6/5pk1/1P2p1p1/4P1P1/1K3P1p/8/8/7r w - - 3 42,b6b7 h1b1 b4c3 h4h3 b8a8 h3h2 b7b8q b1b8,2176,rookEndgame
07Tm5,8/8/p7/8/P2K4/8/8/4k3 b - - 0 53,e1d2 a4a5 d2e2 d4c5 e2e3 c5b6 e3d4 b6a6 d4c5 a6b7,2176,pawnEndgame
08jS1,r3q3/1k3rp1/p2Q3p/Pp2B3/4P3/8/6PP/1R4K1 b - - 0 30,e8d8 b1b5 a6b5 a5a6 a8a6 d6d8,2176,deflection
0091A,1r3rk1/q4ppp/p3Pb2/3nN3/P2P4/7Q/1B4PP/1R3RK1 b - - 0 24,b8b2 e6f7 f8f7 h3c8 f7f8 c8e6,2177,advancedPawn kingsideAttack
00ZvN,8/8/8/4kppp/8/4KPPP/8/8 b - - 0 35,f5f4 g3f4 g5f4 e3d3 e5f6 h3h4,2177,defensiveMove pawnEndgame
03Bol,3q1rk1/p3ppbp/6p1/8/P4n2/Q3P3/RPrB1PPP/4KBNR w K - 4 20,g1f3 d8d2 f3d2 c2c1,2177,mateIn2
03yGi,2r1kb1r/pp2pppp/2n2n2/1P6/2Q5/B4B2/2PP1PPP/1q3RK1 b k - 2 13,b1f1 g1f1 e7e6 b5c6,2177,hangingPiece
0JykD,rn1q1k1r/pp4p1/2p1Rn1p/8/3P1B2/8/PPP2PPP/R2Q2K1 b - - 0 16,d8d5 e6d6 d5e4 d6d8 f8f7 d8h8,2177,skewer
0125B,8/1p6/1Pr2P2/1Rp3K1/3p4/4k3/8/8 b - - 0 44,c6f6 g5f6 c5c4 b5e5,2178,hangingPiece rookEndgame
02yab,8/8/8/8/8/2R1bk1p/5Np1/6K1 w - - 6 62,c3c2 f3g3 c2c8 h3h2,2178,advancedPawn mateIn2
1WQe4,r5k1/pR3bpp/4p3/3pP3/2pP4/4q1PB/7P/5Q1K b - - 4 23,a8f8 f1f7 f8f7 b7b8 f7f8 h3e6 g8h8 b8f8,2178,backRankMate
008nF,2rq1rk1/7p/1n4pb/1R2p3/pPpP1P2/P1B5/3NQ1PP/2R3K1 w - - 0 31,e2e5 f8e8 e5e8 d8e8,2179,trappedPiece
071Ap,6R1/8/3p3k/8/1q1Ppp1b/1P2P2P/2Q2K2/8 w - - 6 42,f2f1 b4e1 f1g2 f4f3 g2h2 e1e2 g8g2 e2g2 c2g2 f3g2,2179,exposedKing
07K0h,8/8/2p4P/6R1/2k3P1/1p6/r4P2/5K2 w - - 0 39,h6h7 b3b2 f1g2 b2b1q h7h8q b1e4 g2g3 a2a3 g3h2 e4f4 h2g2 f4g5,2179,promotion rookEndgame
08iP2,r4rk1/1p2bppp/p2qpn2/4P3/8/1PBP1P1P/1P2Q3/R3K1R1 b Q - 0 20,d6b6 g1g7 g8g7 e5f6 g7h8 f6e7,2179,attraction discoveredAttack
00sJb,Q1b2r1k/p2np2p/5bp1/q7/5P2/4B3/PPP3PP/2KR1B1R w - - 1 17,d1d7 a5e1 d7d1 e1e3 c1b1 e3b6,2180,fork
0556F,5rk1/5ppb/1pN5/3P1P1P/1PP1n3/4q2P/1QK5/r4BR1 b - - 6 31,a1a2 g1g7 g8h8 g7g8 h8g8 c6e7,2180,attraction kingsideAttack
06cxL,8/4p1k1/5p2/4q1pp/2Q1P3/1P3PPK/P1R4P/3r4 w - - 0 34,c4c7 g5g4 f3g4 h5g4 h3g4 e5e4,2180,attraction
0Dt0i,r2qkb1r/pp2pppp/5n2/8/2Bn2b1/2N2N2/PPPP1PPP/R1BQK2R w KQkq - 4 7,c4f7 e8f7 f3e5 f7e8 e5g4 f6g4 d1g4 d4c2 e1d1 c2a1,2180,hangingPiece
035ti,3n4/1pk2p2/p7/2p1b3/P1B5/2P2Np1/1P5P/2K5 w - - 0 26,f3e5 g3h2 c4d5 c7d6,2181,advancedPawn
0DuQe,8/p4p2/2Pk4/1P1B1p2/P4Ppp/4P3/4K2b/8 w - - 1 34,d5f7 g4g3 e2f1 h4h3 f7d5 d6d5 c6c7 g3g2 f1e2 g2g1q,2181,promotion
04mUS,8/6k1/R4p1P/6r1/5KP1/8/8/8 b - - 0 48,g7h6 a6f6 g5g6 f4f5 g6f6 f5f6,2184,rookEndgame
08Sdr,1r1r3k/5p1P/3R2pP/4qP2/PnP1P3/1P6/6Q1/1K4R1 w - - 0 38,f5g6 e5d6 g6f7 d6d3 b1b2 d3d2,2185,exposedKing
0YwJT,2r1qr1k/6p1/p3pp1p/3p4/3PnBQ1/2P1R2P/2P2PP1/4R1K1 w - - 1 25,f2f3 h6h5 g4h4 g7g5 f3e4 g5h4,2185,trappedPiece
09X01,2r1kbr1/1bqp3p/4BB2/p3N3/3P4/1Q6/1Pn2PPP/R3K2R w KQ - 1 21,e1f1 b7g2 f1g1 g2d5 e6g8 d5b3,2186,discoveredAttack
0CYeG,8/8/2R3kp/4prp1/8/3P2P1/2P3K1/8 b - - 2 59,f5f6 c6f6 g6f6 g3g4,2186,rookEndgame
02uVI,8/1k6/2p5/p1P5/1p1qpQ2/1P6/P4P2/5K2 w - - 0 51,f4e3 d4e3 f2e3 b7a6,2187,defensiveMove
04fOd,4r1k1/ppp2q1p/2n5/2Pb1pp1/Q7/2P1p1P1/PP1NPP1P/4RRK1 w - - 0 20,d2f3 d5f3 e2f3 e3e2 e1e2 e8e2,2188,advancedPawn
05Edh,r1b2rk1/pp5p/7n/3N2Pq/3N2nP/6b1/PP2B3/2RQ1RK1 w - - 0 24,c1c8 a8c8 d5f6 f8f6,2190,hangingPiece
0B1lF,r5k1/pbR3pp/q2r4/3pN3/3Q4/1P3BP1/5P1P/6K1 b - - 2 25,a6b6 d4b6 d6b6 c7b7 b6b7 f3d5 g8f8 d5b7,2190,attraction
09DBP,2rkq3/p1p3pp/5p2/3P4/2Q2n2/8/PPP2PPP/2KR4 b - - 1 19,f4g2 d5d6 c7d6 d1d6 d8e7 d6e6 e7f7 e6c6,2191,discoveredAttack
0M6Zo,r1b2rk1/pp1ppp2/3b2pp/8/3B4/2P1Q1Pq/P3BP1P/3RR1K1 b - - 1 19,b7b6 e3e4 a8b8 e2g4 c8b7 g4h3 b7e4 e1e4,2191,trappedPiece
01RKd,8/8/r3p1R1/4K2p/5P2/5kP1/8/8 b - - 6 40,a6b6 f4f5 b6b5 e5e6,2193,rookEndgame
06veZ,5R2/8/kp6/p3K1P1/Pr3p2/8/8/8 b - - 4 54,b4a4 g5g6 f4f3 g6g7,2193,rookEndgame
2xYdM,2k3r1/pp2R3/2p2Q2/3p4/1P1P3n/2NK1P2/P1P3q1/R5r1 b - - 2 31,g1a1 f6e6 c8b8 e6e5 b8a8 e7e8 g8e8 e5e8,2194,backRankMate
01BG7,r4nk1/2q2p1p/6p1/1p4Q1/p1pPp1N1/2P3R1/6PP/6K1 b - - 1 25,a4a3 g4h6 g8g7 h6f5,2195,pin
0AaIb,5rk1/3p1p1p/2rbpP2/p2p4/7q/3Q3P/PPP3P1/R1B2R1K b - - 0 18,c6c2 d3c2 h4g3 h1g1,2195,hangingPiece
02dIM,3rrknQ/pR3p2/2pq4/3p1BP1/3P4/4P3/P7/1K5R b - - 2 31,d8b8 h8g7 f8g7 h1h7 g7f8 h7f7,2197,attraction
037u7,r1b1kb1r/pp3ppp/1qnppn2/2p5/4P3/2NPBN2/PPPQBPPP/R3K2R b KQkq - 1 7,b6b2 a1b1 b2a3 c3b5 a3a2 e1g1,2197,defensiveMove
06ZhZ,r1bqk2r/pp1p3p/3Pp1pb/2P1P3/1P1p4/P2BnN2/4Q1PP/R1B1K2R w KQkq - 3 19,f3d4 d8h4 e2f2 h4d4 f2f6 e3g2 e1e2 d4g4,2197,exposedKing
075t1,8/8/1pk1p1p1/3pP1Pp/PK1P3P/8/8/8 b - - 0 38,c6b7 b4b5 b7c7 a4a5 b6a5 b5a5 c7c6 a5a6,2197,pawnEndgame
08Jd8,5k2/4r1p1/P4p2/1PP4p/2Q5/4Pq2/5P2/1K1R4 w - - 1 37,b5b6 f3d1 b1b2 e7d7,2197,hangingPiece
0AGfC,2k3r1/pp3p2/2pb2r1/4p2p/2P1Pq2/1PB2NP1/PQ3PK1/R6R w - - 4 23,c3e5 g6g3 g2f1 f4f3 e5g3 f3h1 f1e2 h1e4,2197,deflection
013U2,r1b2k2/p2pbP2/1pn3pr/1P5p/2B5/P1B3N1/2P3PP/1K2R3 b - - 0 23,c6d8 e1e7 f8e7 c3b4 d7d6 b4d6,2199,attraction exposedKing
2GF2L,8/p2RQ1pp/5r1k/1pP1p3/8/3B4/PPP3qP/1K5R w - - 0 26,d3e4 g2h1 e4h1 f6f1 d7d1 f1d1,2199,backRankMate
0DlNr,8/8/5p2/2K5/4Pk2/6Np/8/8 w - - 7 59,g3h1 f4f3 c5d4 f3g2 d4e3 g2h1 e3f2 h1h2,2200,trappedPiece
0b59D,7k/p5pp/5r2/q1b5/2PQ4/1r2P1P1/1B1R1P1P/3R2K1 w - - 3 27,d4c5 a5c5 d2d5 c5b4,2200,hangingPiece
DMztG,8/p5r1/2p1R3/1p1n4/3kpp2/8/P1PR2P1/5K2 b - - 1 39,d4e3 d2d3,2200,mateIn1
01HQ8,r4rk1/pp2qppp/2pp4/4p1B1/2BnP3/P2P1b2/1PP2P2/R1Q2RK1 b - - 1 15,e7f6 g5f6 d4e2 g1h2 e2c1 f1g1,2201,pin
03wQ4,2k1r3/7p/1p6/6Q1/4q2P/3pB3/PPr2P2/3RKR2 w - - 3 31,d1d2 c2c1 d2d1 e4b4,2201,mateIn2 pin
09iQD,3k4/2r2p1p/PK6/1P6/8/8/7P/8 b - - 2 40,f7f5 a6a7 c7c8 b6a6 d8d7 b5b6,2201,advancedPawn rookEndgame
0GOqY,2b5/6k1/ppp1P1p1/3B1nQp/1qP2p2/1P6/P5PP/3R2K1 w - - 0 31,d5c6 b4c5 g1h1 f5g3 g5g3 f4g3,2201,fork
0Spmn,5krr/1bp3b1/p2p1qQp/1p1PpP2/4P3/3BB3/PPP4R/2K4R w - - 5 32,e3h6 g7h6 h2h6 g8g6 h6h8 g6g8,2201,discoveredAttack
0k5nO,r4rk1/pp2qppp/1b4b1/3NP3/5B2/P6P/1P2B1P1/2R2Q1K b - - 2 19,e7h4 d5f6 g7f6 g2g3 h4g5 f4g5,2201,trappedPiece
07kro,8/6p1/pb2p1k1/4P3/1ppPNKp1/2P3P1/P5P1/8 w - - 0 56,c3b4 b6d4 e4c5 c4c3 c5b3 c3c2 a2a4 d4b2,2202,advancedPawn
0Csn4,2r3k1/p2q1p1p/4b1p1/8/2P1QB2/1Pb2P2/P2pB1PP/3R2K1 w - - 6 31,e4c2 d7d4 g1f1 e6f5 d1d2 f5c2 d2d4 c3d4,2202,fork trappedPiece
0Qb0A,8/8/8/8/6k1/5pp1/7p/3R3K w - - 0 69,d1d3 f3f2 d3g3 g4f4 h1h2 f2f1q,2202,promotion
6hv5P,1r5k/1P4pp/2q4b/p3Q3/P2p1P1P/4p1PK/8/1R6 b - - 5 44,b8b7 e5b8 b7b8 b1b8 c6c8 b8c8,2202,backRankMate
9ty0B,r4r2/3kp3/2p3Q1/p3P3/4B3/8/PPP1bqP1/R2K3R w - - 2 23,d1c1 f2f4 c1b1 f4f1 h1f1 f8f1,2202,backRankMate
0Qo0m,8/p4p2/1p2p3/4P3/3PQ1kP/q1r3P1/2B5/3b2K1 b - - 6 46,g4g3 c2d1 c3f3 e4f3 a3f3 d1f3,2203,hangingPiece
0mQMl,rn2kb1r/ppp1pppp/3q1n2/1N3bB1/3Pp3/8/PPP1QPPP/R3KBNR b KQkq - 7 6,d6b4 g5d2 b4b2 d2c3 b2a1 c3a1,2203,trappedPiece
02eKr,8/1p6/pk1r3p/8/2P5/1P2pQ2/P2q1bP1/3R3K w - - 8 47,d1d2 e3d2 c4c5 f2c5,2204,advancedPawn
03DEb,5r2/8/kpBp4/3P4/P5RK/8/5p2/8 w - - 0 46,g4g6 f2f1q c6b5 f1b5 a4b5 a6b5,2204,advancedPawn promotion
04woM,4r1k1/pp2rp1p/6p1/q3B3/2Bn4/P3Q2P/1P4P1/1R1R2K1 b - - 0 24,e7e5 e3d4 e5e4 d4d5 e4e1 d1e1 e8e1 b1e1,2204,hangingPiece
06KFk,8/1p6/2p1k2p/1p4pP/4K1P1/PPP5/8/8 b - - 0 43,c6c5 c3c4 b5b4 a3b4,2204,pawnEndgame
0CA66,3k2r1/pQ1b4/4Bn2/8/3n1q2/6Nr/PP3PP1/2R1R1K1 b - - 0 25,d7e6 c1c8 e6c8 b7e7,2204,mateIn2
0K2NK,r3k3/4q2r/b2npbQp/p7/P2p4/1Pp3B1/6PP/3RR1K1 b q - 0 28,e7f7 e1e6 f6e7 e6e7 e8f8 e7f7,2204,exposedKing
0Q9nT,8/1pp5/5KP1/7k/pn2Np2/8/5P2/8 b - - 0 59,a4a3 g6g7 a3a2 g7g8q a2a1q f6f5 a1a5 f5f4,2204,promotion
0jLdj,3k3r/B1pq2p1/3b1p2/7r/2P1Q3/3P2P1/P1P2P1p/1R5K b - - 1 28,h5e5 e4a8 d7c8 a8c8 d8c8 b1b8 c8d7 b8h8,2204,skewer
1f713,r2q1r2/2p2pk1/p2p2pR/1p6/4PPP1/2P1B3/P1P1K1P1/7R b - - 2 24,d8e7 e3d4 f7f6 h6h7 g7g8 h7e7,2204,skewer
008LT,r4rk1/6p1/b3p1nN/p1pp4/1p3P1q/3P1Q1B/PPP2PK1/R6R b - - 0 26,g8h8 h6f7 f8f7 h3e6,2205,kingsideAttack pin
00ZEW,r1b5/pppqNkp1/3p3p/6rn/1PP2p1N/P5P1/4Q2P/4RRK1 b - - 3 22,g5e5 e2h5 e5h5 f1f4 f7e8 e7g6,2205,discoveredAttack pin
04phO,3r4/p2q4/5kpp/1pQ2p2/4b3/P3R3/1P4PP/4R1K1 w - - 0 35,b2b4 d8c8 c5c8 d7c8,2205,trappedPiece
073LS,R4bk1/8/6P1/1pr2N2/5K2/p7/8/8 b - - 6 47,c5f5 f4f5 b5b4 f5f6 a3a2 a8a2,2205,hangingPiece
0J1rA,6rk/ppp1p2p/2n4q/4b2B/5N2/3PP3/PPP5/R2Q1RK1 w - - 5 28,g1h2 g8g5 h2h3 e5f4 f1f4 g5h5 d1h5 h6h5,2205,exposedKing
0PhdF,5r1k/pp3pp1/2p1p2p/8/5Q1R/2qP2RP/5PPK/4r3 b - - 13 34,c3e5 f4h6 g7h6 h4h6,2205,mateIn2
19IET,1k4r1/1Bp4p/1p2p3/n7/P2P1n1q/2P5/3NQPP1/R4RK1 w - - 3 25,e2f3 g8g2 f3g2 f4e2,2205,mateIn2
0E7V8,8/6R1/6p1/p6p/P5kP/6P1/1r4K1/8 w - - 4 39,g2f1 g4f3 f1g1 b2g2 g1h1 g2g3,2207,exposedKing rookEndgame
0PUY3,r3k3/1p2q1p1/p2bP1p1/5p2/6nr/P5P1/1P3PB1/R1BQ1RK1 w q - 0 19,g2b7 e7b7 d1a4 e8f8,2207,hangingPiece
0thyh,r3kbnr/1ppq1ppp/p1n1b3/1Q2P3/4P3/5N2/PPP2PPP/RNB1KB1R w KQkq - 0 7,b5b7 a8a7 b7a7 c6a7,2207,trappedPiece
01To6,1b6/k3Rp2/pr4pp/3p4/3P1p2/5P1q/PPQ2P2/6K1 b - - 1 29,b6b7 c2c5 a7a8 c5c6 h3c8 c6c8,2208,pin
06LQW,r4Bk1/pp3p2/7p/3N2p1/2BpPbbq/2P5/PPQ2KP1/R3R3 w - - 1 27,f2g1 h4h2 g1f1 h2h1 f1f2 f4g3 f2g3 h1h4,2208,attraction kingsideAttack
06hnj,r4rk1/pp3pb1/1n4p1/4p3/5BbQ/3q1N2/PP1N2P1/R3K2R b KQ - 1 20,f8e8 h4h7 g8f8 f4h6 g7h6 h7h6,2208,kingsideAttack
08SXD,r2r2k1/bpp2p1Q/p2q4/3bN3/3P4/6nP/PPB2PP1/4R1K1 b - - 1 25,g8f8 e5d7 d8d7 h7h8,2208,mateIn2
09BPn,8/8/p2k4/1p1p1p1p/1P2p2P/P2KPPP1/8/8 w - - 0 35,f3e4 f5e4 d3d4 d6e6 d4c5 e6e5,2208,defensiveMove pawnEndgame
0HEoi,r5k1/5r1p/p2p1b1Q/3Pp2p/1p1qB3/6RP/PPP2P2/6K1 b - - 1 27,f7g7 e4h7 g8f7 g3g7,2208,kingsideAttack
0UUq6,1k1r3r/pppq1pb1/2n4p/3pP1p1/Q1P1b3/P3PNB1/1P2BPPP/R4RK1 w - - 4 15,f1d1 c6d4 d1d4 d7a4,2208,discoveredAttack
16jgc,3Q4/p7/P7/6p1/7P/8/4kPK1/5q2 w - - 2 51,g2g3 f1g1 g3h3 g5g4,2208,mateIn2
06tor,r1b2rk1/ppp3p1/1bp5/4P2p/5p1q/2NP3P/PPP1QPP1/R1B2RK1 w - - 0 15,e5e6 f4f3 e2e4 h4g3 e4f3 f8f3,2209,pin
CQK2V,r3kbnr/pp3Ppp/8/3Qn1B1/8/2P5/P4PPP/qN3RK1 b kq - 0 14,e5f7 d5b5,2209,mateIn1
00bQA,r7/6k1/2b1R1n1/1p3nR1/1P1p3p/3P1PpP/2N3P1/6K1 b - - 0 40,f5e7 e6e7 g7f6 g5g6 f6e7 g6c6 e7d7 c6c5,2210,exposedKing pin skewer
06tUH,6r1/pppk4/3ppp2/4p3/2PNP1q1/7p/PP1Q3P/3R1RK1 w - - 0 24,g1h1 g4g2 d2g2 h3g2,2210,advancedPawn kingsideAttack
0Adck,1k2R3/p5q1/1p1p1b2/PPpP1p2/2Pn4/5Prr/3Q2P1/R2B2K1 b - - 1 29,b8c7 a5b6 c7d7 a1a7 d7e8 a7g7 g3g7 b6b7 g7b7 g2h3,2210,advancedPawn skewer
0DKeB,2r2r1k/1p2p3/p3PnQp/P1pPN1p1/2Pq4/1P6/R5PP/5RK1 w - - 12 39,g1h1 d4e5 a2f2 f6h7,2210,hangingPiece
1VdgQ,3r1rk1/ppN3pp/4b3/4Pn1Q/8/6P1/PP3b1P/R1BK1B1R w - - 1 17,d1e2 f5g3 h2g3 e6c4,2210,mateIn2
07USS,2r1kb1r/pR3pp1/2n1p1p1/1Qpp2B1/4qPP1/7P/P3B3/4KR2 b k - 1 18,h8h3 b7b8 e8d7 b8c8 e4b4 b5b4,2211,pin
0CGTU,6k1/8/5Ppp/2pp4/1P2nN2/4r2P/6P1/2R4K b - - 1 37,c5b4 c1c8 g8f7 c8c7 f7f6 f4d5 f6e5 d5e3,2211,exposedKing fork
0Dy6Q,5rk1/1bppn3/ppn1p1PR/8/4P3/1Pq5/P1P5/2K4Q b - - 1 27,c6d4 h6h8 g8g7 h1h6 g7f6 h8f8 f6e5 h6f4,2211,deflection exposedKing
0MxC4,2R5/6kp/5rp1/8/2B1QP2/8/4RKP1/6qr w - - 1 46,f2g3 g1h2 g3f3 f6f4 e4f4 h1f1 e2f2 f1f2 f3f2 h2f4,2211,attraction
0PdD5,r4rk1/p1p2ppp/1p1p4/2nP1PPq/2P2R2/2P3Q1/P5BP/4R1K1 b - - 4 23,a8e8 e1e8 f8e8 g2f3 e8e3 f3h5 e3g3 h2g3,2211,trappedPiece
0cbKn,2kq2rr/1pp2p2/8/1RN1P2n/3P3n/2PB2p1/P5K1/2Q4R w - - 0 31,h1h4 d8h4 d3f5 c8d8 c5b7 d8e8,2211,hangingPiece
06Vhm,6k1/2p1n2p/1bn3p1/3p2Pb/2p1p2q/2Q1P3/1B3PBN/5NK1 b - - 1 25,e7f5 c3h8 g8f7 h8f6 f7e8 f6c6,2212,fork
0B5xF,8/8/3k4/1pp2Kp1/6P1/PP6/8/8 b - - 1 37,c5c4 b3c4 b5c4 f5e4 d6c5 e4e3,2212,pawnEndgame
0Bbjj,6k1/5p2/6pp/ppq1p3/2p1Q1PP/P1P2P1K/1P5B/1B1r1n2 b - - 2 39,c5f2 e4a8 d1d8 a8d8 g8h7 b1g6 h7g6 d8g8,2212,attraction kingsideAttack
0Wimc,1r6/1p1b4/1p2pk2/7p/1P3P1K/P1R4P/6B1/8 w - - 0 39,h4h5 b8h8 h5g4 h8g8 g4h4 g8g2,2212,skewer
0fEpb,3r1rk1/ppp4p/4Q1p1/6P1/2P5/bPqB4/PBP2P2/2KR4 b - - 0 24,g8g7 b2a3 c3a1 c1d2 d8d3 c2d3 a1a2 d2c3,2212,hangingPiece
5H0cH,6k1/2qp1ppp/3nr3/1ppQ4/p4B2/P2P4/1PP2KPP/4R3 b - - 5 22,e6f6 d5a8 c7c8 a8c8 d6c8 e1e8,2212,backRankMate
QZO87,3r1r2/1p6/p1p1q1kp/5Rp1/1P1Q4/P7/7P/1BB2RK1 b - - 0 45,d8d4 f5g5,2212,mateIn1
0EaPE,2rqk2r/p2n1ppp/1p2p3/2b1N3/2Q2B2/8/PP3PPP/2KR3R w k - 2 15,d1d7 d8d7 e5d7 c5e3 f4e3 c8c4,2213,discoveredAttack
10bgg,6k1/6p1/4pp1p/2P5/2P2R2/Q5P1/P5bP/qr1RK3 w - - 9 37,f4d4 a1d4 d1b1 d4g1 e1d2 g1b1,2213,skewer
0FVlD,2kr3r/ppp2p2/2n5/2Pp2p1/1P1P2n1/4P1Pq/1P2NPNP/R1BQR1K1 w - - 4 18,f2f3 h3h2 g1f1 h2h1 e2g1 h1g2 f1g2 h8h2 g2f1 h2f2,2214,attraction kingsideAttack
0HG0y,4r1k1/pb2rp1p/1pnq2pB/8/3PB2P/6P1/P2Q1P2/R3R1K1 w - - 1 23,e4c6 d6c6 d4d5 c6d5 d2d5 e7e1 a1e1 e8e1 g1h2 b7d5,2214,deflection kingsideAttack
0LDZp,6k1/2p1Qqpp/p7/1pN5/P1b2P2/4R3/1B4PP/3r2K1 w - - 1 29,g1f2 f7f4 e3f3 d1f1,2214,mateIn2
0LQzL,r3kr2/3pq1pQ/pp6/8/1PP5/P3PbP1/7P/R1B2RK1 w q - 0 22,c1b2 e7e3 f1f2 e3f2 g1f2 f3e4 f2g1 e4h7,2214,discoveredAttack
0MK4A,8/5krK/8/7R/1P6/8/7p/8 w - - 3 51,h7h6 f7g8 h5h2 g7h7 h6g6 h7h2,2214,rookEndgame skewer
2Q0iF,8/3p4/2p1kP2/2P1P2b/4K2p/4P1pN/8/8 b - - 1 53,g3g2 h3g5,2214,mateIn1
8lrpb,8/5Qpk/7p/PP2q3/8/5P2/3r2PP/3R2K1 w - - 1 40,d1c1 e5d4 g1h1 d2d1 c1d1 d4d1,2214,backRankMate
020Ow,8/8/p7/1p6/8/PPK5/4k3/8 b - - 0 57,e2e3 c3b4 e3d2 b4a5 b5b4 a5b4,2215,pawnEndgame
05KMF,8/3n4/1pB1pn2/1Pppk3/N1PP4/2K1P3/8/8 b - - 0 35,c5d4 e3d4 e5d6 c6d7 d6d7 a4b6 d7c7 c4c5,2215,attraction defensiveMove
0Kymp,1n3r2/5r2/1p1P1pk1/2pQpR2/2P1P1pq/pP6/P5P1/3B1RK1 b - - 1 40,g4g3 f5h5 h4h5 d1h5,2215,trappedPiece
0220F,1rb3k1/pp4p1/3Qp2p/1N1pP1q1/3P2n1/P7/1P4PP/R4BK1 w - - 4 25,a1e1 g5h4 h2h3 h4f2 g1h1 f2e1,2216,fork pin
02yri,5r1k/pp4pp/5r2/3R4/3n3N/P6Q/1q3PPP/5RK1 b - - 4 29,f6f2 h4g6 h8g8 g6e7 g8f7 f1f2 b2f2 g1f2,2216,fork pin
03iRI,8/5pkp/3p1Nr1/q1p1pR2/4P2Q/1r1P3P/6P1/6K1 b - - 0 35,a5a1 g1h2 g6g2 h2g2 b3b2 f5f2,2216,defensiveMove
06cPX,5bk1/4rp1p/p2p1Qp1/1p1P4/8/2P1q3/PP4PP/1B3R1K w - - 8 30,f6d6 e3f2 b1d3 e7e1,2216,pin
0QHHL,r2q1rk1/pppn1ppB/8/3pP3/3P2bP/2P1pN2/PPN2bP1/R2Q1K1R b - - 0 14,g8h7 f3g5 h7g8 d1g4 f7f6 g4e6,2216,discoveredAttack
03rZU,6k1/2NB4/p2Q2pp/1p4b1/1n2P3/1Pq5/P4r1P/1K1R4 w - - 0 30,d7e6 g8h8 d6d4 c3d4,2217,defensiveMove
07tRI,r1q2rk1/bpp2ppp/p2p1n1n/P7/1P2B3/2NQ4/1BP2PPP/R4RK1 b - - 3 19,h6g4 c3d5 f6e4 d5e7 g8h8 e7c8,2217,fork
0C39L,8/8/8/8/5pk1/6pp/8/5R1K w - - 4 67,f1g1 f4f3 g1a1 g3g2 h1h2 f3f2,2217,advancedPawn exposedKing rookEndgame
0Cy0O,8/8/2p1k1pp/1p3p2/2PP1P2/3K3P/6P1/8 b - - 1 33,h6h5 d4d5 e6d6 d5c6 b5c4 d3c4,2217,pawnEndgame
0Ztng,2r1r2Q/1b1qkpp1/p1nbp3/1p6/3PN2B/P7/1P3PPP/2R1K2R b K - 9 21,f7f6 h4f6 g7f6 h8f6,2218,mateIn2
4JfID,3Q4/7p/p5pk/P2Pp3/1R6/3K3P/8/3q4 w - - 26 52,d3e4 d1e2,2218,mateIn1
ePEdB,2Q5/7p/5k2/4pP2/1Pp4P/4K3/p7/8 b - - 0 41,a2a1q c8f8,2218,mateIn1
1S3RG,r2qrk2/1b1nbppB/4p3/pp1pB1NQ/2pP4/2P1P3/PP3PPP/R3R1K1 b - - 2 16,d7e5 h5f7 e5f7 g5e6,2219,mateIn2
1S8XX,8/2pQ1pp1/2B1k2p/4bq1P/8/6P1/5PK1/q7 b - - 3 41,e6f6 d7d8 f6e6 c6d5,2219,mateIn2
vPICw,r2r4/q2bnpkQ/p3pN2/1p1pP3/8/2PB4/PP4PP/3Rb2K b - - 1 25,g7f8 h7h6,2219,mateIn1
04xnh,8/p6p/1p4p1/1P1p1kP1/P2K1P1P/8/8/8 b - - 6 44,f5f4 d4d5 f4g3 d5c6 g3h4 c6b7 h4g5 b7a7 h7h5 a4a5 h5h4 a5b6 h4h3 b6b7 h3h2 b7b8q,2220,advancedPawn pawnEndgame promotion
053Tv,8/p7/3k2p1/4p2p/P3K1PP/5P2/8/8 b - - 0 41,a7a6 g4h5 g6h5 e4f5,2220,pawnEndgame
05cEL,3r2k1/5p1p/2q2bp1/2Npp3/pPn5/1Q2PB1P/5PP1/3R2K1 w - - 0 29,b3c4 d5c4 d1d8 f6d8 f3c6 a4a3 c6b5 a3a2,2220,advancedPawn hangingPiece
08NWX,1r5k/1b5r/2pR4/4p3/8/8/QP2q1PP/3R3K b - - 8 44,c6c5 d6d8 b8d8 d1d8 h8g7 a2g8 g7f6 d8d6 f6f5 g8h7,2220,exposedKing
0ANaq,3Q4/3P2pk/4p2q/4q3/1p4RP/6P1/5P1K/8 b - - 0 38,e5e2 d8f8 e2g4 d7d8q,2220,advancedPawn promotion
0AU3Z,r1b2rk1/2q1bppp/4p3/1N1pP1P1/1p3P2/p2B1Q2/PPP4P/1K1R3R b - - 1 21,c7c5 d3h7 g8h7 f3h5 h7g8 d1d3 e7g5 f4g5,2220,attraction kingsideAttack
0BTm6,r1bqr2Q/ppp2k2/6p1/4n1N1/8/6P1/P3PPB1/b4K1R b - - 0 19,d8g5 h1h7 f7e6 h8e8 e6d6 e8f8,2220,deflection
0hLC5,r2q1rk1/1pp2ppp/p1b1pb2/8/3P3P/2PB1N2/PP2QPP1/R3K2R w KQ - 0 13,d3h7 g8h7 f3g5 h7h6,2220,hangingPiece
76dkM,5rk1/1p3Ppp/p7/3R2b1/8/3Q4/Pq1r1PPP/4R1K1 b - - 0 23,f8f7 d5d8 g5d8 e1e8 f7f8 d3c4 d2d5 c4d5 g8h8 e8f8,2220,backRankMate
srdqV,r2q1r2/p3kp1R/1pn1p1P1/3P4/6Q1/P1b5/1P3PP1/2KR4 b - - 0 22,c6e5 g4e6,2220,mateIn1
01kad,1r5k/p4q1p/2Q2p2/4pN2/Pr2P3/1P1n3P/K1P2P2/4R2R w - - 5 27,e1b1 b4b3 b1b3 d3b4 a2b1 b4c6 b3b8 c6b8,2221,fork
04ACF,r4rk1/ppbb2pp/2p1p3/2Pp4/3PpR2/2N1P3/PPQ1B1PP/R1B1q1K1 w - - 4 16,f4f1 f8f1 e2f1 a8f8 c2e2 f8f1 e2f1 c7h2 g1h2 e1f1,2221,deflection kingsideAttack
1DmIm,2kr3r/pp1n2pp/1N2p1b1/2b3q1/Q7/2P3BP/PP1R1PP1/2K2B1R b - - 5 20,c5b6 a4c6 b7c6 f1a6,2221,mateIn2
1mIKo,6k1/1pp3p1/p2pprrp/4p3/PP1PP2q/2P1RQ1P/3N1PnK/5RN1 w - - 10 28,f3g2 g6g2 h2g2 h4g5 e3g3 g5d2,2221,skewer
02YZG,4qB1k/pp4pp/4K3/2Q1P3/2P5/3r2PP/P7/R6R w - - 7 32,f8e7 e8d7 e6f7 d3f3,2222,mateIn2
08UfW,8/5p2/4pk1p/6p1/2pPP1P1/5PP1/3RK3/6r1 w - - 1 45,d4d5 g1g2 e2e3 g2d2 e3d2 e6d5 d2e3 f6e5,2222,rookEndgame
0LdAK,4r1k1/pp1q1pp1/7p/3p2n1/3Q3B/2P2P2/PP1Rr1PP/3R2K1 b - - 6 21,e2g2 g1g2 d7h3 g2h1 h3f3 d2g2,2222,hangingPiece
0XU11,3q2k1/2p1n1p1/8/pp1p1r1Q/3Pp3/2P4P/P5RK/R7 w - - 2 31,g2g7 g8g7 a1g1 g7f6 h5h6 f6f7 g1g7 f7e8 h6h8 e8d7,2222,hangingPiece
OEIjJ,5r1k/pp4pp/1q6/4ppR1/2Q5/P1P4P/1P1r2P1/5R1K b - - 2 24,b6b2 g5f5 f8f5 c4c8 d2d8 c8d8 f5f8 f1f8,2223,backRankMate
043ZZ,8/7p/p7/7P/1Pk2p2/P7/3Kp1P1/8 b - - 1 46,e2e1q d2e1 c4b3 e1d2 h7h6 d2d3,2224,defensiveMove hangingPiece
04T3f,2Q5/pp6/5K2/1P6/7q/4k3/P7/8 w - - 5 44,f6e5 h4f4 e5d5 f4d4 d5e6 d4g4 e6e7 g4c8,2224,skewer
0CGKo,4r1k1/pp1R1ppp/8/2p5/8/Q7/5PPP/1q2BK2 w - - 3 25,a3c3 e8e1 c3e1 b1b5 e1e2 b5d7,2224,fork
0AwTd,8/1k4p1/1p2p1Pp/1K2P2P/1pP5/8/8/8 w - - 0 48,b5b4 b7c6 b4c3 c6c5 c3b3 b6b5 c4b5 c5b5,2225,pawnEndgame
0Ioyv,8/4k3/1p2r1p1/1p4P1/1P6/P3p2R/4K3/8 w - - 16 57,h3e3 e7d6 e2f2 e6e3,2225,rookEndgame
0J0xf,8/6kP/1r4P1/5PK1/8/8/8/8 b - - 0 71,b6c6 f5f6 g7h8 f6f7 c6g6 g5f5 h8h7 f7f8q,2225,promotion rookEndgame
0Jy41,r1bq1k1r/ppp2ppp/2n2n2/2bp4/3N1P2/1B2B3/PPP3PP/RN1QR1K1 b - - 2 11,f6g4 d4e6 c8e6 e3c5,2225,discoveredAttack
1VwRb,r4rk1/1bpp1p2/4n3/4p2R/ppBnP3/3P2N1/PPP2PP1/2K4R b - - 3 22,e6f4 h5g5 f4g6 g5g6,2225,mateIn2
03uRJ,3r1r2/p5k1/2p4R/1pp2pK1/4N3/8/PPP5/7R b - - 1 27,f5e4 h6g6 g7f7 h1h7 f7e8 g6e6,2226,exposedKing rookEndgame
06aow,2kr2r1/pp3p1p/2p5/5q2/P5p1/4Q3/1PP2P1P/3R1R1K w - - 0 23,e3a7 d8d1 f1d1 f5f3 h1g1 f3d1,2226,attraction fork
0A5s6,5rk1/p1p2ppp/1rB2q2/3p4/3Pb3/2Q1P3/PP3PPP/R4RK1 w - - 1 17,c6a4 f6f3 g2f3 b6g6 g1h1 e4f3,2226,kingsideAttack
1WT9W,r5r1/1p2pk2/1q1p1pp1/p2P4/2P5/1P3R2/P1B3PP/4Q2K b - - 2 25,g8g7 e1e6 f7e8 f3h3 e8d8 h3h8 d8c7 h8a8,2226,skewer
07zmb,8/8/ppk2p1p/5Pp1/PP1K2P1/7P/8/8 w - - 0 40,b4b5 a6b5 a4b5 c6d6 d4c4 d6e5,2227,pawnEndgame
0ApKq,8/5p2/1pk2p2/p2p1P1p/2PP2pP/PP2K1P1/8/8 w - - 2 41,e3f4 a5a4 b3a4 d5c4 f4e4 c6d6,2227,deflection pawnEndgame
0BHm0,2r2r2/pq2bpk1/2b1p2p/1p2P1p1/1PpPN1Q1/P3P3/3N2PP/1RR3K1 w - - 8 26,c1f1 h6h5 g4h5 c6e4 d2e4 b7e4,2227,deflection
0NDDl,2q1kb1r/1br1n3/1p1p1P2/pPnPp1QN/P3P1P1/8/1B4B1/R1R3K1 b - - 0 34,h8g8 f6f7 e8f7 c1f1 f7e8 h5f6,2227,attraction exposedKing
0O3GZ,4Q3/k1p3r1/p1R5/1p3p1p/1P4r1/1P4P1/1P2pq1P/6RK b - - 3 29,g4e4 c6a6 a7a6 e8c6 a6a7 g1a1 a7b8 a1a8,2227,attraction
0PsUh,3q1r1k/2b3p1/7p/p1P5/Pr2Q3/4B3/5PPP/R4RK1 w - - 1 24,e4c6 f8f6 c6b5 b4b5,2227,trappedPiece
14xsx,2rqkbnr/pQ1n1ppp/8/1Np1p1P1/2Pp4/8/PP1PPP1P/R1B1K1NR w KQk - 3 10,b5a7 c8c7 b7a6 d8a8 a7b5 a8h1 a6a8 h1a8,2227,trappedPiece
06VFC,8/8/3kpp2/1p3Ppp/1P1PK3/7P/5P2/8 b - - 0 36,e6f5 e4f5 d6d5 f5f6 g5g4 h3h4,2228,defensiveMove pawnEndgame
0Bsf6,r4rk1/pp3ppp/5b2/3qB3/3P4/5PQB/bP5P/K2R2R1 b - - 1 23,a2b3 g3g7 f6g7 g1g7 g8h8 g7g8 h8g8 d1g1,2228,attraction kingsideAttack
0Crax,2k4r/pp6/2nQ4/2p4p/4P2p/5P1q/PPP2P2/3R1RK1 w - - 1 23,d6g6 c6e7 g6g2 h8g8 g2g8 e7g8,2228,pin
0F4Rh,2kr1b1r/1pq1p1p1/p3p2p/2Nnn3/8/P4N2/1PPP2PP/R1BQ1RK1 w - - 0 15,c5e6 e5f3 d1f3 c7b6 g1h1 b6e6,2228,fork
0JxY0,1r6/3R3P/5p2/5p2/4p3/1kp1P1P1/5P2/6K1 w - - 1 38,d7g7 c3c2 g7g8 c2c1q g1g2 c1c8 h7h8q c8g8,2228,promotion rookEndgame
0c3pG,r4r1k/p4Pp1/2Q4p/1pn3q1/8/8/P1P1R1PP/5RK1 b - - 0 26,a8c8 c6c8 f8c8 e2e8 h8h7 f7f8q c8e8 f8e8,2228,promotion
0yrqJ,3r1r1k/p1b1qpp1/1pp2n1p/5Q2/4P3/2N1BP1P/PPP3P1/3RR2K w - - 2 20,e3d4 d8d4 d1d4 g7g6 f5f6 e7f6,2228,trappedPiece
07e02,2q2r2/3kp3/p1ppn1Q1/N1P3b1/1P6/5p1b/PB2P2P/1R1R3K w - - 0 33,e2f3 h3g2 h1g2 e6f4 g2h1 f4g6,2229,attraction fork
07iXK,r4k1r/ppqb2pp/5n2/2p5/8/BB3Q2/P1P2P1P/4R1K1 b - - 3 19,c7a5 f3e3 a5e1 e3e1,2229,pin
0iOsa,1k1r3r/1p4b1/pBqp4/N3pbpp/8/1Q3P2/PP2B1PP/3Rn1K1 b - - 3 25,c6c2 b6a7 b8a7 b3b7,2229,mateIn2
13wDo,r3k1nr/pppqb2p/6p1/4Q3/8/8/PPP2PPP/RNB1K2R w KQkq - 0 12,e5h8 e8c8 e1g1 e7f6 h8f6 g8f6,2229,trappedPiece
EUmjI,6k1/rq5p/5Pb1/1p1pQ3/rP2nP2/P6P/KB1p4/3R2R1 b - - 0 39,a4b4 e5e8,2229,mateIn1
04LMD,4RN2/2R3k1/1r4pp/2p3q1/2P5/2r3PP/7K/8 b - - 0 39,g7f6 f8h7 f6f5 c7c5,2230,fork mateIn2
06xPH,8/P6k/8/1R6/1P4Kp/6p1/7r/8 b - - 5 55,g3g2 g4h5 g2g1q b5b7,2230,rookEndgame
0FO9X,1r3rk1/2pq1p1p/6p1/2b1p3/1nB1Q1PP/4P3/1B1P3R/2K2R2 w - - 3 26,e4e5 b4d3 c4d3 b8b2 f1f7 f8f7,2230,fork
0LC7e,8/1p1R4/pp2Qr1k/2P1pp2/1P5q/P3P1pp/2R2p2/5B1K w - - 4 36,e6g8 h4e4 f1g2 h3g2,2230,mateIn2
0bUBB,1r3r1k/p1p2pp1/4p3/p2p4/3P3b/P1PB1PR1/1PQ2P1q/R1B1K3 w Q - 2 18,g3g5 h4g5 c1g5 h2g1 e1e2 g1a1,2230,skewer
1A19U,5k2/2n5/p2KP3/1p6/1P6/P7/8/8 b - - 1 61,c7a8 d6c6 f8e7 c6b7 e7e6 b7a8 e6d7 a8b7,2230,trappedPiece
00nsa,6k1/1p1R3p/pB4p1/P3bpK1/4r2P/6P1/2P2P2/8 w - - 3 34,b6c5 e4g4 g5h6 g4h4 g3h4 e5f4,2231,deflection
09RnE,5rk1/pp4pp/3p4/3P4/3BP3/3K3r/PPP3q1/R2Q1R2 w - - 2 25,d4e3 f8e8 f1f4 g2g3 d1f3 g3f3 f4f3 h3f3,2231,pin
0BixS,8/3r4/8/1k6/1P1p4/P2K3R/8/8 w - - 6 50,d3e4 b5c4 h3h1 d7e7 e4f5 d4d3,2231,rookEndgame
0IlnV,4r2k/p1R2Qp1/7p/4q3/8/2p3P1/5P1P/6K1 w - - 6 34,c7a7 c3c2 a7c7 e5c7 f7c7 e8e1 g1g2 c2c1q c7d8 h8h7,2231,promotion
080mc,r1bqkb1r/ppp2N2/2npp2p/8/3P4/4P1n1/PPP1BPPP/RN1QK2R b KQkq - 0 9,d8f6 f2g3 e8f7 h1f1,2232,pin
08q0w,4r3/ppp4k/2b5/2P2p1q/2B2bp1/2B4P/P1P3PN/R2Q3K w - - 2 30,d1d4 c6g2 h1g1 f4e3 d4e3 e8e3,2232,fork
09y2E,8/p4k2/2bP4/2P5/6p1/1PK2p2/P7/4R3 w - - 0 50,e1g1 f3f2 g1f1 g4g3 c3d2 c6b5,2233,advancedPawn
00dt1,Q7/8/3B4/2p5/Krkn4/8/8/8 w - - 1 54,a4a3 d4b5 a3a2 b5c3 a2a1 b4b1,2234,exposedKing fork
004Op,2kr2r1/1bp4n/1pq1p2p/p1P5/1P3B2/P6P/5RP1/RB2Q1K1 w - - 3 26,e1f1 d8d1 f1d1 g8g2 g1f1 g2g1 f1e2 g1d1,2235,deflection kingsideAttack pin skewer
00U2C,8/8/6RP/2p5/p1k1pP2/4P3/np1K4/8 w - - 0 48,g6b6 a2b4 b6b4 c4b4 d2c2 b4a3 h6h7 a3a2,2235,defensiveMove
0KoEc,3r4/2k5/1pp5/3B4/1P4p1/P5Pp/7P/3R2K1 b - - 0 37,d8d5 d1d5 c6d5 a3a4,2235,rookEndgame
0l74X,r1bq3r/pp4pp/2p1k1n1/3nP3/1bB1N3/5Q2/PPP2PPP/R1B1R1K1 b - - 2 13,b4e1 e4c5 e6e7 c1g5 e7e8 g5d8,2235,skewer
01UYy,3k4/1K1p4/4p2p/2P1Pp2/B4n2/8/7P/8 w - - 0 51,a4d7 f4d3 d7b5 d3c5 b7c6 c5e4,2236,defensiveMove
05bAc,1r4k1/p2n1pp1/1q1bpnP1/3pN3/3P1BP1/2r2P2/QP1N4/K2R3R b - - 1 25,c3a3 g6f7 g8f8 e5d7 f6d7 f4d6,2236,advancedPawn kingsideAttack
0RzkG,R7/2r2pk1/1pP2n2/1Pp2P2/5Qp1/6P1/4q1K1/3R4 w - - 2 44,f4f2 e2d1 f2f4 d1f3 f4f3 g4f3,2237,hangingPiece
NQpPl,5rk1/p5bp/1p2pBp1/8/3nN2Q/P2q4/1P4PP/4R1K1 w - - 4 24,f6g7 d3f1 e1f1 d4e2 g1h1 f8f1,2237,backRankMate
WT7Y0,1RQ5/6pk/p3p2p/3pN3/3P4/1p2PKP1/4bP1P/5q2 w - - 9 41,f3f4 g7g5,2237,mateIn1
03wPS,5rk1/p4r2/1pB4p/PPp1P1p1/2p3b1/2Q3P1/5q1P/1R1R3K b - - 0 34,f7f3 c3c4 g8g7 c4g4,2238,fork
0LY2x,8/pp3kr1/6p1/5b2/q1PPP2Q/8/nb1RB1PP/1K5R w - - 0 24,d2b2 f5e4 h4e4 a2c3 b1c1 c3e4,2238,attraction exposedKing
0TWnc,5rk1/pp6/6Rp/q3B1p1/4n3/2P5/P4PPP/3R2K1 b - - 4 24,g8h7 g6g7 h7h8 g7g5 a5e5 g5e5,2238,discoveredAttack
0B8ai,4R3/1p3n1P/1p6/5p2/4pk2/8/PP1p1P1K/8 w - - 3 50,e8d8 f7d8 h7h8q d2d1q h8h6 f4e5,2240,advancedPawn hangingPiece promotion
01jRL,r5k1/4p1b1/p2qN1p1/1p1P3p/1Pp3b1/Q1N3P1/P4rBP/4R2K b - - 3 30,g7e5 c3e4 d6b6 e4f2 b6f2 e1e5 f2d2 a3e3,2241,discoveredAttack fork
01zXC,8/8/4kpp1/8/5PP1/5K2/8/8 w - - 1 52,f3g3 e6d5 f4f5 g6g5 g3f3 d5d4,2241,defensiveMove pawnEndgame
0BY7H,8/kp4R1/1p1P2p1/1P2K3/6rp/8/8/8 b - - 4 47,g4g5 e5e6 h4h3 d6d7 h3h2 d7d8q h2h1q d8g5,2241,advancedPawn promotion rookEndgame
32DBW,2r1R1k1/1p1Q2pp/2r2bn1/3N4/3q4/8/PP4PP/5R1K b - - 12 25,c8e8 d7e8 g6f8 d5e7 f6e7 e8f7 g8h8 f7f8 e7f8 f1f8,2241,backRankMate
00mca,1Q5r/p3nkpp/3p2q1/3P4/4P3/B1r2B1b/P4PPP/R4RK1 w - - 2 20,b8h8 c3f3 g2g3 f3a3,2242,pin
06SFs,8/6p1/2pk1p2/p3p2p/P1K1P2P/2P2PP1/8/8 w - - 0 47,f3f4 e5f4 g3f4 g7g5 e4e5 d6e6,2242,pawnEndgame
0F3PE,8/kp1RQ3/pr1p1P2/2q5/2P5/1P1p4/1P3P2/1K6 w - - 0 35,e7e3 d3d2 b1c2 c5f5 c2d2 f5d7,2242,fork
0mAlX,5r2/2kn2q1/4Qp1r/1pp1p2p/p3P2P/P2P1R2/BPP3P1/5RK1 w - - 5 30,a2d5 f6f5 f3g3 g7h7 f1f5 h6e6,2242,trappedPiece
05gJz,8/6p1/p1p4p/P2p1k2/1PpP4/2P4P/6P1/4K3 w - - 1 34,e1e2 f5e4 e2d2 e4f4,2243,defensiveMove pawnEndgame
1DIgg,6B1/4k3/1p4p1/p1p1PpP1/P1P2P2/1b2K3/8/8 w - - 0 38,g8h7 e7f7 e5e6 f7g7 h7g6 g7g6,2243,trappedPiece
045BS,8/8/2p3kp/1pPp1pp1/p2P1PP1/P4K1P/1P6/8 b - - 5 40,h6h5 g4h5 g6h5 f4g5,2244,pawnEndgame
07Vwb,2b2Bk1/1p1p1ppp/8/1p1QP3/8/5K2/r4PPP/q4B1R b - - 1 19,g8f8 d5c5 f8e8 c5c8 e8e7 c8c5,2244,fork
0IWMR,5r2/p1pBkq2/1p1p4/8/1P3Q2/4B3/5PK1/7R w - - 2 40,h1h7 f7h7 f4g4 f8g8 e3g5 g8g5 g4g5 e7d7,2244,deflection hangingPiece
umiaA,6k1/6p1/1p1b2p1/4npK1/P1P1p2P/6P1/P2B4/3B4 w - - 4 35,d2f4 d6e7,2244,mateIn1
003Ec,3r4/p4R2/1pb2Pp1/n1p1Q1kp/8/P2q4/1P4PP/6RK b - - 2 32,d3f5 e5e3 f5f4 h2h4 g5f5 e3h3,2245,pin
01aP9,r2q1rk1/1b1n2b1/p5P1/1pp1pp1Q/4p3/2PPB2R/PPN3PP/R5K1 b - - 0 19,f8f6 h5h7 g8f8 e3h6 g7h6 h3h6,2245,kingsideAttack
0KBHn,8/ppp2k2/8/3r1pP1/P4K2/2P5/1P6/4R3 w - - 2 35,e1e5 d5e5 f4e5 f7g6 e5f4 c7c5,2245,rookEndgame
bxicH,r1bk1r2/3n2Q1/p2q2B1/1p2n3/6PP/2B5/PPP2P2/2KR4 b - - 1 27,d6e7 c3a5,2245,mateIn1
0EV8x,8/p4pp1/1p2p1k1/8/4Q3/4PBPP/rq3PK1/8 b - - 11 38,g6h6 e4h4 h6g6 f3h5 g6f5 h4f4,2246,exposedKing
0tLC5,r1brq1k1/2p2pbp/5np1/p1B1p3/2Q1P3/1NP2N1P/PP3PP1/R4RK1 w - - 2 17,f1d1 d8d1 a1d1 c8a6 c4a6 a8a6,2246,trappedPiece
HPczy,1k1r3r/p4BR1/2p4p/4p3/4Pn1n/2N1Qq2/PPP5/2KR4 w - - 0 25,e3c5 f3d1 c3d1 f4e2 c1b1 d8d1,2246,backRankMate
02cM5,r1bq2k1/3p1r2/p1p1pbn1/2p2pN1/4PP1Q/2NP4/PPP4P/R1B2RK1 w - - 0 15,g5f7 f6d4 h4f2 d4f2 f1f2 g8f7,2247,kingsideAttack
05u24,8/4kppp/P2p4/1P6/2B5/6P1/5PKP/r7 b - - 2 33,f7f6 b5b6 e7d7 a6a7 d7c6 c4d5 c6d5 b6b7 a1a7 b7b8q,2247,advancedPawn promotion
0Z5wr,6k1/pp3rpp/2p2np1/2Pp4/3q2P1/1P3N1P/P3QPK1/4R3 b - - 3 25,d4e4 e2d2 e4f3 g2f3 f6e4 d2f4,2247,trappedPiece
9i2t1,6rk/pp2p2p/2p2r1B/1qP4R/3P3Q/2n5/P5PP/4R1K1 w - - 0 27,h6g5 b5f1 e1f1 c3e2 g1h1 f6f1,2247,backRankMate
0D4c7,2R5/5ppp/p3p1k1/3pB3/3P4/7q/P4R2/4K3 b - - 0 29,h3h4 c8g8 f7f6 e5f6 h4f6 f2f6,2248,pin
0aUfR,2k3rQ/1p3p2/p1b1p3/8/3P4/3B2q1/PP6/R2R1K2 w - - 4 29,h8e5 g3g1 f1e2 g8g2,2248,mateIn2
JS7Ul,2knR3/ppb3r1/8/3Q1pqP/3p1N2/P2P1K1P/1PB2P2/R1B5 w - - 5 32,f4e6 g5h5,2248,mateIn1
0ARwj,r7/p3pp1N/1pn3k1/2p2b1R/4r3/1P3KP1/P1P1B3/R7 b - - 6 24,e4e2 h5g5 g6h7 a1h1 e2h2 h1h2 f5h3 h2h3,2250,exposedKing
0IUf4,r4k1r/pp3pp1/7p/4R2B/Qb3q2/7P/PP1n2P1/2R4K b - - 0 22,d2e4 a4b4 f8g8 h5f7 g8h7 b4e4 f4e4 e5e4,2250,hangingPiece
1LmHK,rnbq1bnr/pppk2p1/3p3p/3Q4/P1BpP3/3P4/1PP2PPP/RNB1K2R b KQ - 0 9,a7a5 d5f5 d7c6 f5b5,2250,mateIn2
AFBX1,3r1k2/p5bQ/3N4/1pp1P1Np/5nq1/8/PPP3P1/2K2R2 w - - 5 30,d6f5 g4d1 f1d1 f4e2 c1b1 d8d1,2250,backRankMate
0AMj9,4r1k1/p6p/3pp1pq/PPp1b3/5r2/1Q3B2/3B3P/2R2R1K w - - 0 33,b5b6 h6h2 h1h2 f4f3 h2h1 f3b3,2251,discoveredAttack kingsideAttack
0E0A7,6k1/P6p/Q2pr1pb/5p2/7P/R1B5/2PK1P2/7q w - - 4 28,d2d3 h1e4,2251,mateIn1
0No5D,2kr1bnr/pp4p1/2b1p2p/3qP3/P2Q4/5N2/1P3PPP/RNB2RK1 w - - 1 14,d4a7 f8c5 a7a8 c8d7 b1c3 d8a8,2251,discoveredAttack
0PWZ5,4r1k1/pq3ppp/2R5/3p4/1P2r3/2Q1P1PP/P4PK1/2R5 w - - 1 28,a2a3 e4c4 c6c4 d5d4 g2g1 d4c3,2251,discoveredAttack
0QNqi,r1b2k1r/pp3pp1/4P2p/3pQ2P/8/3B1R2/q1p2P2/1RB1K1N1 b - - 0 21,c2b1q e5d6 f8g8 e6f7,2251,mateIn2
197Eq,5kr1/5p2/5N2/3PP2N/r7/6K1/3n2P1/2R5 w - - 1 47,g3h2 d2f3 g2f3 a4h4,2251,mateIn2
07giG,R7/5r2/5ppk/7p/5P1P/5KP1/8/8 b - - 5 57,f7g7 a8h8 g7h7 h8h7 h6h7 f3e4 h7g8 e4d5,2252,defensiveMove rookEndgame
BmW4L,r1br2k1/1pbn1Rpp/2p1p3/2P3qn/1p1P4/P4QPB/1B2N2P/5R1K b - - 5 23,d8e8 f7f8 e8f8 h3e6 g8h8 f3f8 d7f8 f1f8,2252,backRankMate
0b7RA,8/5r1k/2b5/1pBP3p/pP3NpP/P2K2P1/8/8 b - - 0 53,f7f4 d5c6 f4f6 c6c7 f6c6 c5b6 c6b6 c7c8q,2253,hangingPiece promotion
07Dpg,r1bqkb1r/p2npp1p/2pp1Pp1/8/3P4/1Bp2N1P/PPP2PP1/R1BQK2R b KQkq - 0 9,c3b2 b3f7 e8f7 f3g5 f7g8 f6f7 g8g7 g5e6 g7f6 e6d8,2254,advancedPawn attraction fork
07fNi,6rr/2k2p2/p2p1p2/3q1P2/B1pP1B2/2P4P/P3Q1PK/8 b - - 3 36,d5f5 e2e7 c7c8 e7d6 f5f4 d6f4,2254,deflection
3E3DS,2r1k3/pQ1b2p1/8/3N2q1/4p3/3P1n2/PP3P2/1K1R3B w - - 1 26,d3e4 g5c1 d1c1 f3d2 b1a1 c8c1,2254,backRankMate
03Cdz,r1b1rnk1/pp1n1p1p/4p1pP/3pP3/3Q1P2/2N3q1/PPPKB1P1/R6R b - - 2 18,b7b6 e2f3 c8a6 h1h3 g3h3 g2h3,2255,trappedPiece
0BJQ6,1b2r1k1/1R3ppp/p7/4n3/1P3rP1/P2K4/B1Q5/7R w - - 13 42,d3e3 e5c4 e3d3 e8e3,2255,mateIn2
0Ctm2,r3r1k1/pp3ppp/2q5/2b5/5Bn1/2NQ4/PP3PPP/3R1RK1 w - - 7 18,f4g3 g4e3 f2e3 e8e3 d3e3 c5e3,2255,kingsideAttack
0825y,8/5p2/5k2/6pp/4K2P/5PP1/8/8 w - - 0 50,f3f4 g5h4 g3h4 f6e6 f4f5 e6d6 e4d4 f7f6,2256,defensiveMove pawnEndgame
0FvgN,4r1k1/1bp2ppp/1np5/p7/2P1N3/qP1B1Q2/P4PPP/1K1R4 b - - 1 18,a5a4 e4g5 a3e7 d3h7,2256,kingsideAttack
0UpEI,r1b5/p1qp4/4n1kN/1p2PN1p/8/P2B1R2/1PP3P1/2K5 b - - 5 27,e6g5 f5d6 g6h6 f3f6 h6g7 d6e8,2256,discoveredAttack
1VueZ,5rk1/pp3rp1/4Q1P1/2p5/4q3/P2p1n2/BP1P3P/R1B2RK1 w - - 3 28,g1f2 e4h4 f2e3 h4d4,2256,mateIn2
0Y3QA,4r1k1/3R2p1/4PPKp/p1p5/1b5P/5P2/P1p5/8 b - - 0 48,c2c1q f6f7 g8f8 e6e7 e8e7 d7d8 e7e8 f7e8q,2257,promotion
0g6Rk,8/p1k5/1p2p3/4P1p1/3PQp1P/4n3/7P/1r4K1 w - - 1 37,g1f2 b1f1 f2e2 f4f3 e2d2 f1d1 d2e3 d1e1 e3f3 e1e4 f3e4 g5h4,2257,skewer
03gMC,8/8/2pk4/K5p1/1P4Pp/7P/8/8 b - - 1 46,c6c5 b4b5 c5c4 a5b4 d6d5 b5b6 d5c6 b4c4,2258,pawnEndgame
0waxl,R1k2r2/2p3b1/1p4pp/1N2p3/8/1P6/1Pr2PKP/R7 b - - 3 22,c8b7 a1a7 b7c6 a8f8 g7f8 a7c7 c6b5 c7c2,2258,skewer
0092V,r2qk1nr/ppp3pp/2n5/1B1pp3/1b1P4/5Q1P/PP1B1PP1/RN2K2R b KQkq - 3 11,e5e4 b5c6 b7c6 f3h5 g7g6 h5e5,2259,exposedKing
0cGIA,8/8/6p1/1p1R1bP1/2k2K2/8/8/8 w - - 2 66,d5d8 b5b4 d8f8 b4b3 f8f5 b3b2 f5f7 b2b1q,2260,promotion
HWaSN,2r2rk1/pb4pp/1p2Q3/4N1q1/3N4/8/P4PnP/4RRK1 b - - 0 24,g8h8 e5f7 f8f7 e6c8 b7c8 e1e8 f7f8 e8f8,2260,backRankMate
0NDot,R7/1p4pk/2Pq2rp/5Q2/5P2/4n2P/6P1/5RK1 w - - 2 30,f5c8 g6g2 g1h1 g2h2 h1h2 d6d2 h2g3 d2g2 g3h4 g7g5 h4h5 g2e2 c8g4 e3g4,2261,attraction
E6sa5,r1b1kq2/pppp3p/6p1/2b1N2Q/2B5/8/PPPP1nPP/RNB2RK1 w q - 0 11,h5h7 f2d3 f1f2 f8f2 g1h1 f2e1,2261,backRankMate
0Qago,8/p1p5/2p5/3pk2p/4pp1P/PPP2P2/2P1KP2/8 b - - 0 32,d5d4 f3e4 e5e4 f2f3,2262,attraction
0g3tb,r3k2r/p4ppp/2Q1p3/2Rn4/1q6/8/PP3PPP/4R1K1 b kq - 0 19,e8f8 c6a8 f8e7 a8a7,2262,hangingPiece
0275h,3r4/8/3r4/p1pNk1p1/1pPn2P1/1P3pK1/P2R3P/3R4 b - - 1 37,d8f8 d2d4 f3f2 d4d3,2263,defensiveMove
0ucRB,7k/Q3p2p/p2p1p2/1p1P1Pn1/1q4B1/1P4KP/P1P5/8 w - - 12 39,a7e7 g5e4 g3f4 b4d2 f4e4 d2e1 e4d3 e1e7,2263,skewer
03u8H,8/8/1p6/4k3/PpP5/3K4/8/8 w - - 0 50,d3c2 e5d4 c4c5 b6c5 a4a5 d4d5,2265,defensiveMove pawnEndgame
043GE,8/6p1/2k3p1/5pK1/4p3/4P2P/6P1/8 b - - 5 43,c6d7 g2g3 d7e7 g5g6 f5f4 g3f4,2265,pawnEndgame
05lpo,8/p7/1p2k3/1Pp2ppp/2P3P1/4KP1P/P7/8 b - - 0 32,f5g4 f3g4 h5g4 h3g4 e6e5 a2a3,2265,defensiveMove pawnEndgame
0I95t,4r2k/5Rp1/p6p/1pp1p3/3P2bq/P1P3r1/1PB3P1/R4QK1 b - - 0 33,e5e4 f7f8 h8h7 f8e8 g4f3 f1f3 g3f3 c2e4,2265,kingsideAttack
0Y6zh,2b3k1/p6r/1p1P4/4qNb1/PP3PQ1/4N1K1/3R2P1/2r5 b - - 0 37,c8f5 g4g5 h7g7 f4e5 g7g5 g3f4,2265,hangingPiece
0qMBY,rnbq1rk1/2pp2b1/6p1/pp3p1P/3P2Q1/5PB1/PPP5/RN3KNR w - - 0 15,g4g6 a8a6 g3h4 a6g6,2265,trappedPiece
11Cou,3b4/3k4/2R2p2/1P2pNp1/4P1P1/5PKP/2p5/2r5 w - - 0 40,g3f2 c1h1 c6c2 h1h2 f2g3 h2c2,2265,skewer
2zZ6K,5rr1/p3k3/8/2N1pn2/1PP4p/3PnK2/P2R2PP/4R3 w - - 3 28,e1e3 f5g3,2265,mateIn1
0F56Y,8/1k6/p4p2/5K2/P2Bp2r/1PRb4/8/8 b - - 2 43,e4e3 c3d3 e3e2 d4c3,2266,hangingPiece
0NZEa,rn3rk1/pp4pp/2pb4/3p4/4n1q1/2P1PN2/PP1N1PB1/R1BQR1K1 w - - 4 15,f3d4 d6h2 g1h2 g4h4 h2g1 h4f2,2266,attraction
03owL,5kr1/2q2pp1/5b2/3RnP2/4PB2/1r5P/1p2B1Q1/1K4R1 w - - 0 32,g2h2 c7a7 f4e5 a7a1 b1c2 b2b1q,2267,advancedPawn exposedKing promotion
063S6,r4rk1/pbpn2p1/1p1b1p1p/3P3q/4Q3/1P1B1N2/PB3PPP/R3R1K1 b - - 3 18,b7d5 e4h7 g8f7 f3h4,2268,defensiveMove
0PWLk,8/2P2pbk/pP2p1p1/2P4p/5P2/4p2P/6P1/7K w - - 0 35,c7c8q e3e2 h1h2 e2e1q c8d7 h5h4,2268,promotion
0Rypn,8/1p6/p1p5/2P1Kpk1/PP4P1/2n5/4B3/8 w - - 1 46,g4f5 c3e2 f5f6 g5g6,2268,hangingPiece
0cUVg,8/8/PPk3p1/5r2/2N1K3/8/8/8 b - - 0 73,f5b5 a6a7 c6b7 c4d6 b7b6 a7a8q,2268,promotion
1Jq6l,7n/7P/2p2K2/8/3k4/8/8/8 b - - 0 48,c6c5 f6g7 c5c4 g7h8 c4c3 h8g8 d4d3 h7h8q c3c2 h8h6 d3c3 h6c1,2268,trappedPiece
Dz0rn,8/p2kp2Q/p5p1/8/1P2P3/P1q2P2/2Pr2PP/R5K1 w - - 1 28,a1c1 c3d4 g1h1 d2d1 c1d1 d4d1,2268,backRankMate
ybqrY,2R2r2/3kp1Qp/5pp1/1p6/3q4/1Pnn1P2/2P3PP/K6R w - - 1 29,g7f8 d4a7,2268,mateIn1
01JlU,4r2r/p4pk1/1pp3p1/6q1/2BP2P1/6Q1/PP2N1R1/6K1 w - - 8 35,g3c7 g5e3 g2f2 h8h1 g1h1 e3f2 c7f7 f2f7,2269,deflection exposedKing
02vxV,r2qr3/pb3kp1/np2p2p/2p1P3/2P3n1/P2BB3/1PQ2PPP/3R1RK1 b - - 2 16,g4e3 f2e3 f7g8 d3h7 g8h8 d1d8,2269,discoveredAttack
0GEnS,3r2k1/6p1/p1p5/4Bbqp/2P2p2/1P2bP2/P5PQ/R4R1K w - - 1 30,a1d1 d8d1 f1d1 f5c2 d1e1 g5e5,2269,discoveredAttack
0Ksjw,6k1/8/6pp/6rP/2R1K1P1/2p5/2P5/8 w - - 4 48,h5g6 g5g4 e4d5 g4c4 d5c4 h6h5 c4d4 g8g7,2269,rookEndgame
03deT,r2q1b1r/pp2nQpk/8/3P1N1p/2Pn1PP1/N2p2P1/PP6/R1B1K2R b KQ - 0 17,e7f5 h1h5 f5h6 h5h6 h7h6 f7h5,2270,attraction pin
05EbJ,3r2k1/3B1pp1/p7/Pp3Q1p/5n2/q6P/8/2KRR3 w - - 4 38,c1d2 a3b2 d2e3 f4g2 e3f3 g2h4,2270,exposedKing fork
0BGXb,3r4/1pp3Q1/2qkpr2/7P/3p1P2/2P1P1P1/3K4/R6R w - - 2 38,g7f6 c6c3 d2e2 d4d3 e2f3 c3f6,2270,discoveredAttack
0nIDw,6k1/p3Q1p1/2p2nBp/3p4/8/r1q4P/6P1/4R2K b - - 12 40,a3a1 e7d8 f6e8 d8e8,2270,mateIn2
03vcg,r7/1b3R2/p2Bk3/1ppq3B/3p4/P2Pb1QP/1PP3P1/7K w - - 1 34,d6f4 d5h5 f4e3 h5f7,2271,hangingPiece
095fe,8/8/1p3p2/k1P2p2/3K1P2/8/8/8 b - - 0 54,b6b5 d4d5 b5b4 c5c6 a5b6 d5d6,2271,defensiveMove pawnEndgame
0Fisj,1r1r2k1/6pp/1pBbbp2/2p5/p7/P1BP2P1/1P2PR1P/5RK1 b - - 1 20,e6d7 c6d5 g8f8 c3f6 g7f6 f2f6 f8g7 f6d6,2271,fork
1UXGB,3rq3/3rN1kp/p3Q3/2P1B3/1P6/P3p3/6PP/6K1 b - - 1 31,g7f8 e6h6 f8e7 h6f6,2271,mateIn2
012LI,6k1/p4p1p/4bp2/1p2p3/3r4/KP1nQPN1/P5B1/8 w - - 0 33,g2f1 d4a4 b3a4 b5b4,2272,mateIn2
09EGC,5k2/5pp1/1p2p2p/p2qP3/1r3B2/Q7/5PPP/4R1K1 w - - 0 32,e1b1 d5e4 b1c1 e4f4,2272,fork
0AJeU,r2B2r1/ppp2pk1/3p1N1p/2b1p3/2B1P3/3P1n1P/PPP2P1K/R2b1R2 w - - 2 19,h2h1 g8d8 f6h5 g7g6,2272,hangingPiece
0L6iT,3q1rk1/1pp2ppp/3p4/2n1pN1N/4P3/2rP4/5QPP/5R1K b - - 1 21,g7g6 h5f6 d8f6 f5h6 g8g7 f2f6,2272,discoveredAttack
02l4q,r4rk1/ppp2p1p/2n2Pp1/4p3/q7/P3P1BR/1PPQ1P2/2KR4 b - - 0 21,a4g4 d1h1 h7h5 e3e4,2273,defensiveMove
07OUg,1k3rr1/2p5/1p5b/1P1NPBqp/2bP4/5Q1K/2P2R2/R7 b - - 0 33,f8f5 a1a8 b8a8 d5b6 a8a7 f3a3 a7b7 a3a6 b7b8 a6a8,2273,attraction
0BjAV,5R2/8/P7/8/6k1/2b3pp/8/7K w - - 2 52,a6a7 g3g2 h1h2 c3e5 h2g1 e5d4 f8f2 g4g3 a7a8q h3h2,2273,advancedPawn exposedKing pin
0JLLE,r4rk1/2Rnqpp1/p3p2p/3bP2Q/3PN3/3B4/5PPP/1R4K1 b - - 9 25,f8c8 c7d7 e7d7 e4f6 g8h8 f6d7,2273,attraction
0P8Tw,8/8/5p2/8/P1bk3P/3p4/2r2R2/3NK3 w - - 0 48,f2f6 c2e2 e1f1 d3d2 f6d6 d4c5 d1b2 e2e6 b2c4 e6d6,2273,discoveredAttack
0UwMr,4r3/6pk/3p2Pp/p2B1r2/1pP2Q1K/1P1q4/P7/7R b - - 0 38,h7g6 f4d6 g6h7 d5g8 h7g8 d6d3,2273,discoveredAttack
2pEgX,6k1/p1p3pp/1n4q1/8/6n1/2PpQ3/PP4PP/RN5K w - - 1 23,e3f3 g6h6 f3g4 h6c1 g4d1 c1d1,2273,backRankMate
07eX5,6k1/7p/3p4/p2Pr3/2PQp1q1/P4pP1/5P1P/3R1R1K w - - 1 27,d1b1 g4h3 b1b8 g8f7 d4a7 e5e7 a7e7 f7e7 f1g1 e4e3 f2e3 f3f2,2274,advancedPawn defensiveMove
0DmeC,4rr2/3q1kp1/pb1p1Np1/1p6/1PPp3Q/P7/8/5R1K b - - 0 36,g7f6 h4h7 f7e6 f1e1 e6f5 h7d7,2274,deflection
0Gsa9,4r1k1/pp5q/2npbQ1B/4p3/2PpP3/3P1BPP/PP6/6K1 b - - 2 25,h7e7 f6g6 g8h8 h6g5 e7g5 g6g5,2274,kingsideAttack
04iQq,8/pp1b4/2p5/3p4/3P1ppk/2P5/PPB2KPP/8 w - - 2 34,g2g3 h4h3 f2g1 f4g3 h2g3 h3g3,2275,defensiveMove
09Ko8,r2qk2r/pp3ppp/5n2/2b1n3/6B1/8/PPPP1PPP/RNBQ1RK1 w kq - 1 9,f1e1 c5f2 g1f2 d8d4 f2f1 f6g4,2275,attraction kingsideAttack
0AXlA,8/8/6k1/pp1p4/2p2P1p/P1P2K1P/1P6/8 w - - 3 45,f3g4 d5d4 c3d4 b5b4,2275,pawnEndgame
0F7ew,5nk1/8/2P2p1p/pB2p3/1P6/r4N2/5PPP/5K2 b - - 0 32,a5b4 b5c4 g8g7 c6c7 a3a8 c4a6 f8e6 c7c8q a8c8 a6c8,2275,promotion
0LQm2,r5k1/5Npp/4Q3/3p2P1/2pPn3/2n5/6PP/2q1BRK1 w - - 7 35,g5g6 c3e2 g1h1 e4f2 f1f2 c1e1 f2f1 e1f1,2275,deflection
01FAd,8/8/8/8/3R1pkP/1r6/6K1/8 w - - 1 46,h4h5 b3b2 g2f1 g4g3 d4d6 b2b1 f1e2 f4f3 e2e3 b1e1,2276,exposedKing rookEndgame
07Edn,4r1k1/2Q3p1/3p2p1/4n3/4PK2/2P3P1/6r1/3R4 w - - 0 42,c7d6 g6g5 f4e3 e5c4 e3f3 c4d6,2276,fork
0LYb1,6k1/1p6/p7/5pp1/2nK1P1p/2P3PP/PP6/3N4 w - - 0 31,d4c4 h4g3 d1e3 g5f4 c4d3 f4f3 e3f5 g3g2 d3e3 g2g1q,2276,promotion
0CqDd,r2q1rk1/pp3ppp/2pb1n2/8/3P3Q/3B3P/PP3PP1/R1B1R1K1 b - - 0 15,f8e8 e1e8 d8e8 c1g5 g7g6 g5f6,2277,kingsideAttack
0G4wr,8/8/3R2p1/5p1k/1r5P/6PK/8/8 b - - 4 54,f5f4 g3g4 h5h6 h4h5 b4b3 h3h4 h6g7 d6g6,2277,rookEndgame
0KoOH,3rr3/Rpp5/2k4p/1p2p1p1/1P1nN1Q1/3q3P/6P1/R6K b - - 0 31,e8g8 a1c1 c6b6 a7b7 b6b7 e4c5 b7b6 c5d3,2277,attraction
L4Fwp,r2k3r/pppn1Q2/7p/3Nb1p1/4qp2/1P5P/P1P3PK/R2R4 b - - 0 20,h8f8 f7e7 d8c8 e7f8 d7f8 d5e7 c8b8 d1d8,2277,backRankMate
hMsQJ,1kr5/pp1r1ppp/8/5Q2/1R6/2qBB3/P1K2PPP/4R3 w - - 0 23,c2d1 c3c2,2277,mateIn1
01zRs,r4rk1/ppp3p1/7p/n2p1p2/3q2b1/P4PP1/1PQN2P1/1B2RK1R w - - 0 19,f3g4 f5g4 d2f3 d4c4 f1f2 c4c2,2278,discoveredAttack
02xAQ,r4r1k/ppq2p1P/3bp1p1/3pn3/3Q1B2/2N5/PPP2P2/2KR3R b - - 2 21,f7f6 c3b5 e5d3 c1b1 d3f4 b5c7,2278,defensiveMove
03CcB,2r3k1/1p1bn3/p2qp3/4Nrp1/3P2QP/2P5/PP3P1K/4R1R1 b - - 0 25,g8g7 g4h5 d7e8 g1g5 f5g5 h5g5,2278,exposedKing
040za,3r4/p3kpQp/6pP/3q4/1P3R2/P5P1/3prP2/2R3K1 w - - 0 36,c1c7 e7d6 g7f6 d6c7,2278,defensiveMove
0HdH1,5r1k/6p1/2QBB2p/3Pb1q1/4p3/4P1p1/1P3P1P/2R3K1 w - - 0 35,f2g3 g5e3 g1g2 f8f2 g2h3 f2h2 h3h2 e3g3 h2h1 g3h2,2278,attraction
0Lbq0,2kr3r/pp2bpp1/2R1p2p/1B1qPb2/Q2P4/5N2/PP3PPP/4K2R b K - 0 14,b7c6 a4a6 c8d7 a6b7 d7e8 b5c6 d5c6 b7c6,2278,deflection exposedKing
03IAN,1r3r2/5p2/p3pQbk/n2pP3/3q4/6P1/P1B2PP1/2R1R1K1 b - - 3 30,a5c4 g1h2 d4g4 e1h1 g4h5 h2g1,2280,pin
0O0u4,r1k2r2/1pp1n1Q1/p2qN2p/6n1/3P2b1/3BB3/PPP3PP/R5K1 b - - 0 17,g4e6 g7f8 d6d8 f8h6,2280,hangingPiece
0hSle,r2q1rk1/1pp2p2/p1nb3Q/3np2b/2B1P3/3P1N1P/PPP3P1/R4RK1 b - - 0 15,h5g6 c4d5 d8f6 f3h4 f6g7 h6g6,2280,hangingPiece
0KxXw,2kr4/1pq2p2/p7/3p1pP1/1P1B1R1r/2P3K1/P7/R2Q4 w - - 1 25,g3h4 c7f4 h4h3 f4g5,2281,hangingPiece
11BRO,r3r1k1/3p4/p3p2N/1pb1Bpp1/4Q3/1P6/1qP2PPP/R5K1 b - - 0 23,g8h7 h6f5 d7d5 e4e2 b2e5 e2e5,2281,trappedPiece
04h62,r1b4r/2p2pk1/p1P2q2/1pQPp2p/4P1p1/3N1P2/P1B1n1PP/1R3RK1 w - - 2 27,g1h1 f6h4 f1f2 g4g3 h2h3 g3f2,2282,advancedPawn
0Iz09,8/6R1/3p4/p3p3/8/P1P2p2/1P3k2/K7 w - - 2 45,a1b1 e5e4 g7e7 e4e3 b1c2 f2e2,2282,rookEndgame
15gfN,r7/p1pbp2p/Q4q2/R3p3/1k4R1/1P2n3/1P3PP1/4K3 b - - 0 29,e3g4 a5b5 d7b5 a6a3,2282,mateIn2
LMxBJ,r6r/2Q1kppp/4p3/8/3PP3/5P2/1P1q1P1P/1KR5 b - - 2 26,e7f6 c7e5 f6e7 c1c7 e7e8 e5b5 e8f8 b5c5 f8g8 c7c8 a8c8 c5c8,2282,backRankMate
0JLSI,r6k/pp4bp/6p1/1q2p1N1/1B6/Qb1p3P/1P3PP1/2R3K1 b - - 0 32,b3c2 g5f7 h8g8 a3a2 h7h6 f7d6 g8h7 d6b5,2283,discoveredAttack
03VwY,8/8/4pp2/2p2k2/2q5/6P1/5PKP/1Q6 b - - 6 34,f5g5 b1h7 c4d5 f2f3 d5d2 g2h3 d2e3 f3f4,2284,defensiveMove
071Sl,8/8/6p1/4kpP1/p2p4/P1P2KP1/8/8 w - - 0 44,c3d4 e5d4 f3f4 d4d5 g3g4 f5g4,2284,pawnEndgame
0AeMS,6k1/3R2p1/7p/4bQ2/1P6/5PK1/1q6/8 w - - 5 50,g3h3 b2h2 h3g4 h6h5 g4g5 e5f6,2284,exposedKing
1Q7pU,r4rk1/pp3p2/7p/2bpN1p1/Qp1n2b1/3B2P1/P2N1qP1/R3R1K1 w - - 0 20,g1f2 d4e2 f2f1 e2g3,2284,mateIn2
0CapR,r1k3nr/p1p2Qpp/2pbN3/8/7q/2N5/PPPB1P2/R4RK1 w - - 1 17,d2f4 g8h6 f7g7 h8g8 g7g8 h6g8,2285,pin
0HEmH,1k6/4r3/PPP5/2K5/8/8/8/8 b - - 0 59,e7f7 a6a7 b8a8 c6c7 f7f8 c5c6,2285,rookEndgame
0fs0Q,8/5pk1/5n1p/P7/1P1P4/7p/6r1/R1R2K2 w - - 0 45,a5a6 f6e4 a1a3 e4d2 f1e1 h3h2 a3h3 d2f3 e1f1 g2g1 f1f2 g1c1,2285,skewer
05Jhz,8/4p3/8/k1K1Pn2/p7/2P5/8/3B4 w - - 0 54,d1a4 a5a4 c5d5 f5g7 c3c4 a4b4,2286,hangingPiece
08UVh,6k1/5pp1/7p/q1p1p3/2BbPn2/BQpP3P/5PP1/6K1 b - - 1 31,c3c2 b3b8 g8h7 c4f7,2286,deflection
0Hbvr,r1b2rk1/p1p2pp1/2pb3p/3p4/6Pq/1B1P4/PPPB1PP1/RN1QR1K1 w - - 1 14,g2g3 d6g3 d1f3 g3h2 g1g2 c8g4 f3g4 h4g4,2286,kingsideAttack
0Ieoa,r5k1/5p2/2R3pp/3p4/3PnPP1/rP2P2P/P1R1Q3/K1N4q w - - 5 49,e2b5 h1c1 c2c1 a3a2 a1b1 e4d2,2286,deflection
05B0n,1r4k1/p1n1pp1p/3p2pQ/q1pP2P1/1rP1P2P/8/1P1RN3/2KN3R w - - 1 23,e2c3 a5a1 c1c2 b4b2 c2d3 b2d2 d3d2 b8b2 d1b2 a1b2 d2e3 b2c3,2287,attraction deflection
09Gxp,8/5k2/8/ppp5/6PP/P1P5/2P5/7K w - - 1 39,h1g2 a5a4 c3c4 b5b4,2287,pawnEndgame
00EJb,6k1/5pp1/2R1p2p/8/P1B5/1P4P1/1q3Q1P/3r2K1 w - - 1 35,g1g2 d1d2 c6c8 g8h7 c4d3 f7f5 c8c2 d2f2,2288,pin
08BGP,8/5p2/1R1Ppkp1/8/1p6/4KP2/3r2P1/8 b - - 5 41,d2g2 b6b8 g2g5 d6d7,2288,advancedPawn rookEndgame
5yHz1,8/8/kp3B1p/3Q4/3P1bP1/1P6/r2q2PP/5RK1 w - - 9 37,b3b4 d2f2 f1f2 a2a1 f2f1 f4e3 g1h1 a1f1,2288,backRankMate
03prJ,r1b2rk1/pp4p1/1nn3N1/3p1P1Q/1q6/1N4P1/PP3P1P/4RK1R b - - 2 21,f8f5 e1e8 f5f8 e8f8,2289,kingsideAttack
072a9,r4k2/1b3ppQ/p2p3p/1p6/3bNP1q/3B1R1P/PPP3P1/7K w - - 6 26,e4d6 b7f3 h7h8 f8e7 d6f5 e7d7,2289,defensiveMove
0If65,3r2k1/P2R3R/8/8/1P6/5pP1/1q3P2/6K1 b - - 6 43,d8d7 a7a8q g8h7 a8e4,2289,promotion
0KccF,4r1rk/2p2p1p/p2p1p1Q/1p1P1q2/8/5P1P/PP3P1K/4R1R1 b - - 8 26,f5f3 h6g7 g8g7 e1e8 g7g8 g1g8,2289,deflection
0VUtU,8/PP5R/8/5k2/3K4/r5p1/7p/8 b - - 0 48,a3a7 b7b8q a7h7 b8b1 f5g4 b1h7,2289,promotion skewer
tY1Hw,7r/5k2/2Q1p1p1/2pnPpq1/3p4/1P1b2N1/r2B1KP1/3R3R w - - 0 39,h1h8 g5e3,2289,mateIn1
024nn,2k5/1bp3pp/1p2p3/2n1b3/2P5/Q4rqP/PP1rB1P1/4RRBK w - - 0 25,e2f3 g3g2 f3g2 b7g2,2290,kingsideAttack mateIn2
05Pl3,8/3k1r2/p6P/3p1PQ1/6P1/1r2RK2/6R1/5q2 w - - 5 53,g2f2 f1h3 f3e2 b3e3 g5e3 f7e7,2290,pin
VZok1,3r4/6p1/2Q5/6k1/1NK1p2R/P3P3/3qb3/7R w - - 5 47,c4c5 d2e3,2290,mateIn1
0JwZr,5q2/4p1P1/2pp4/5Nk1/1nnPP2R/r1P5/8/2K2R2 b - - 0 34,f8f5 g7g8q g5h4 f1h1 f5h3 h1h3,2291,promotion
GOzq5,r2q3k/1bNp1Rpp/p3n3/1p2p3/6Q1/P7/1PP3PP/5RK1 b - - 3 24,d8c7 g4g7 e6g7 f7f8 a8f8 f1f8,2291,backRankMate
05DPu,8/6k1/2p1r1p1/p2p2K1/3P4/P1P5/1P3R2/8 w - - 8 51,g5f4 e6f6 f4e3 f6f2 e3f2 a5a4,2292,defensiveMove rookEndgame
0O7M5,7k/2Q3p1/1P5p/1q4p1/8/3p1P1P/2p3P1/2B2K2 w - - 2 43,b6b7 d3d2 f1f2 d2c1q b7b8q b5b8 c7b8 h8h7 b8b4 c1f4,2292,discoveredAttack promotion
0ao8H,8/p1p5/1p1k1P2/3P4/5R2/2P1K3/8/5r2 b - - 6 43,f1f4 e3f4 d6d7 f4f5 d7e8 f5e6 a7a5 f6f7 e8f8 e6d7 a5a4 d7c7 a4a3 d5d6 a3a2 d6d7 f8f7 d7d8q,2292,promotion
1NqXe,1r2k2r/2p2ppp/p3pn2/1p6/1b5P/1PNP4/P1bK1PP1/R1B2B1R b k - 2 15,f6d5 c1b2 b8b6 a1c1 c2b3 a2b3,2292,trappedPiece
01aC9,1r2q1k1/b1p2p1p/p4p2/2Pp1b2/2nP4/P1N2PP1/1B1Q2BP/5RK1 w - - 0 25,d2f4 b8b2 f4f5 b2g2,2293,hangingPiece
0IkTx,6k1/3P3p/2K3p1/5p2/8/pq6/8/R2R4 b - - 9 43,b3f3 d1d5 f3c3 d5c5 c3a1 d7d8q,2293,promotion
LULT7,rr2n2k/p2nQ1pp/q7/2pPpN2/4P3/2P5/P5PP/R4RK1 b - - 1 21,d7f6 e7f8 f6g8 f8g8 h8g8 f5e7 g8h8 f1f8,2293,backRankMate
0Pliq,6r1/1p1R1QBk/p1q3pp/8/4p3/2P4P/PP3p2/6K1 w - - 0 32,g1g2 e4e3 g2h2 c6d7 f7d7 g8g7,2294,discoveredAttack
0iGB9,8/p1pk4/1p6/1P1P4/P1P1p2r/4Bp2/2R2Nr1/5K2 w - - 1 37,c4c5 g2f2 f1f2 h4h2 f2g3 h2c2,2294,skewer
0n6Yo,1rbqr1k1/5pp1/pnQb1p1p/3P4/2p5/1P1BB3/P3NPPP/2R2RK1 w - - 0 16,b3c4 e8e3 f2e3 c8b7 c6d6 d8d6,2294,trappedPiece
01cxM,8/4k3/2p3p1/1pP1ppP1/1P1P1P2/3K4/8/8 w - - 0 58,d3e3 e5f4 e3f4 e7e6 f4f3 e6d5,2295,pawnEndgame
13NJp,r3k2N/ppp3pp/2nb1n2/3p4/3qp3/6Pb/PPPNBP1P/R1BQ1RK1 w q - 1 12,f1e1 d4f2 g1f2 d6c5,2295,mateIn2
0CP46,8/8/2p5/2Pkp1p1/1P6/2K2P2/8/8 b - - 1 42,e5e4 f3e4 d5e5 c3d3,2296,pawnEndgame
0Dyrz,2r3k1/5pp1/3b4/1B4p1/p1nP3p/P1P4P/1P4r1/1KBR1R2 w - - 0 29,b5a4 c4b2 d1d2 g2d2,2296,fork
0QIB5,3r2k1/1b3p1p/pb2p1p1/4P3/1q1p1P2/3Q4/1PRN2PP/2R3K1 w - - 1 28,b2b3 b4c3 d3c3 d4c3,2296,discoveredAttack
0QtgG,8/2r4k/7p/1P5P/1b1R4/pP6/2Kp4/3R4 w - - 1 48,c2b1 c7c1 d1c1 a3a2 b1a2 d2c1q,2297,promotion
0c2yC,1b2r1k1/1p2r1p1/2p1Ppnp/8/1P6/2PN1QPq/3B3P/4RR1K b - - 0 31,e7e6 d3f2 g6e5 f2h3 e5f3 e1e6 e8e6 f1f3,2297,trappedPiece
042sX,2rr1k2/6pp/1p2Qn2/p1b2Rq1/P7/2P3B1/1P3PPP/4R1K1 b - - 2 27,g5g6 f5c5 b6c5 g3d6 d8d6 e6d6 f8g8 d6e6 g6f7 e6c8,2298,fork
0M7cL,4k1r1/5R1Q/3qp3/1p1bN3/p2P3p/P6P/2P3R1/7K b - - 0 42,g8g2 f7f8 d6f8 h7d7,2298,mateIn2
0072T,3q1nk1/1bN2rpp/pp1P4/1N6/4n2b/8/PPP2PPP/R1BQ1RK1 w - - 1 16,b5d4 h4f2 f1f2 e4f2,2299,kingsideAttack
061cI,8/1p1kpp2/p2p2pp/3P4/P3R3/1rr5/1P3PPP/4R1K1 b - - 1 25,b3b2 e4e7 d7c8 e7e8 c8c7 a4a5 b2b1 e1b1,2299,rookEndgame
09Lz2,8/1pk2pr1/p1p1q3/8/3QBP2/P2R2P1/8/1r2KR2 w - - 4 38,e1d2 e6a2 d2e3 g7g3 e4f3 g3f3 e3f3 b1f1 f3g3 a2d5 d4d5 c6d5,2300,attraction exposedKing
0SNQM,r1b1Q3/1p4qk/p1p4n/2Ppp3/3P4/2P1P2P/P5P1/1R3RK1 w - - 3 25,f1f3 c8h3 f3g3 a8e8 g3g7 h7g7,2300,discoveredAttack
11P23,6k1/1p4pp/p2pp3/3n4/3P2q1/PP2B3/2Q4P/R6K w - - 2 28,e3f2 g4f3 h1g1 d5f4 g1f1 f3g2 f1e1 g2h1 e1d2 h1a1,2302,skewer
09SVr,8/p5bk/4Q1p1/4B2p/5P2/3p3P/1P2q1PK/8 b - - 0 40,d3d2 e6d7 e2e5 f4e5,2303,pin
tDTkc,3b4/pppq1k1p/3Nr2B/n7/6n1/2N5/PP4PP/4RRK1 b - - 1 23,f7e7 h6f8,2303,mateIn1
05iL1,2kr4/p1p2pQp/1pP1p3/PP4r1/7q/7P/5PP1/R4RK1 w - - 1 26,g7f7 h4h3 g2g3 g5h5 f7h5 h3h5 a5b6 c7b6,2304,pin
0FVOL,8/pp5k/8/4P2p/b1p2P2/2P4P/P4Q1R/2q1K3 w - - 4 43,e1e2 c1d1 e2e3 d1d3,2304,mateIn2
9Bbnm,r3r3/p3n1pp/2p1k3/1b1p2B1/1Q1P4/8/q1P2PPP/4R1K1 b - - 3 19,e6f5 e1e5 f5g6 b4d6 g6f7 d6e6 f7f8 g5e7 e8e7 e6e7 f8g8 e7e6 g8h8 e6e8 a8e8 e5e8,2304,backRankMate
03Qjb,4r2k/1R3pp1/1p1p1n1p/1P1P1Pn1/P4Q2/1B5r/2P3P1/6K1 w - - 2 35,b7b6 e8e1 g1f2 h3h1 b6b8 h8h7,2305,defensiveMove
05GEW,8/6pp/5p2/kbp5/3pPP2/P5PP/3KB3/8 b - - 1 30,b5e2 d2e2 a5a4 e4e5 a4b3 e5e6 b3c2 e6e7 d4d3 e2e3 d3d2 e7e8q,2305,advancedPawn promotion
0CSXj,8/6p1/3k3p/pp1P4/3K2PP/8/P7/8 b - - 0 38,g7g5 h4h5 b5b4 d4c4 a5a4 c4b4,2305,pawnEndgame
0GAFc,5r1k/pQp1R1bp/3P2pq/8/1PB3P1/5Nn1/P5P1/6K1 w - - 1 28,d6d7 g7d4 f3d4 h6h1,2305,mateIn2
1V3G4,8/5pk1/Q5p1/7P/P2q1KP1/1P6/8/8 w - - 1 41,f4g5 d4e3 g5h4 g6g5,2306,mateIn2
00sKJ,8/1P2pk2/R7/N1b2pp1/8/3K2P1/1r4P1/8 b - - 2 40,c5d6 a6d6 e7d6 a5c6 b2b7 c6d8 f7f6 d8b7,2308,fork
0GjZ9,5rk1/1n3ppp/2q1p3/p3P2Q/1p1RNP2/8/PPr3PP/5R1K b - - 3 25,b7c5 e4f6 g7f6 h5g4 g8h8 e5f6 c2g2 g4g2,2308,kingsideAttack
0Ngid,6k1/8/p3q3/1pQ1n1B1/2Pp4/PP1P2P1/5P2/6K1 w - - 1 37,f2f4 e5f3 g1f1 e6e1 f1g2 e1e2 g2h3 f3g1 h3h4 e2h2 h4g4 h2h3,2308,exposedKing
ElbUc,4rr1k/p1p3pp/8/2b5/2Q5/2N1N1Pb/PP2Pq1P/R1BR3K w - - 6 23,c3e4 h3g2 e3g2 f2f1 d1f1 f8f1,2308,backRankMate
0AG6o,8/8/p5p1/P6p/5PkP/4K1P1/8/8 w - - 2 53,e3d4 g4g3 d4e5 g3g4 e5e6 g4f4,2309,pawnEndgame
0HLAQ,3r1rk1/pbp1qppp/1p2p3/4b3/2PB2Q1/5P1N/PP2KP1P/3R2R1 b - - 6 19,e5f6 g4g7 f6g7 g1g7 g8h8 g7g8 h8g8 d1g1 e7g5 g1g5,2309,attraction kingsideAttack
0T0N6,r4r2/1p2qpk1/4p1pp/p2p3N/1n6/3PP1Q1/P1PN2PP/5RK1 b - - 3 22,g7h7 h5f6 h7g7 g3e5 g7h8 f6d5 f7f6 d5e7,2310,discoveredAttack
04M0U,7k/1p3p2/p5qp/5p2/3r1r2/1P4NP/P5P1/R3Q2K b - - 4 36,d4d8 e1e5 g6g7 e5g7 h8g7 g3h5 g7g6 h5f4,2311,attraction exposedKing fork
0LVDb,8/5k2/8/5p1p/6p1/1P1p1PP1/1r1p2P1/3RK3 w - - 0 42,d1d2 b2d2 e1d2 g4f3 g2f3 f5f4 d2d3 f4g3 d3e2 h5h4,2311,rookEndgame
1A9ua,2k2r2/2p2pp1/1q6/N6p/P2Pn3/3QP1rP/7K/R1R5 b - - 1 32,b6g6 c1c7 c8c7 a1c1 c7d8 a5b7 d8e7 c1c7 e7f6 c7c6 f6g5 c6g6 f7g6 d3e4,2311,skewer
0DXR0,5k2/4pn2/2p3Q1/p2p4/P7/4KP2/P6q/R7 w - - 1 36,a1g1 d5d4 e3d4 h2d2,2312,attraction
0s0pb,8/8/1K6/3k1Q2/4pP2/8/8/q7 b - - 0 50,d5c4 f5b5 c4d4 b5e5 d4e3 e5a1,2312,skewer
01YvD,3rr1k1/p4p2/2BBb1p1/4b2p/4P1qP/6P1/P2Q1P2/3R1RK1 w - - 3 23,f2f3 g4g3 d2g2 e5d6 g2g3 d6g3 c6e8 d8e8,2313,deflection
0PHpX,rnb2rk1/p3ppbp/1p4p1/2p1P3/2BP4/2P2N1P/1RPQ2P1/q1B1K2R b K - 1 14,a1a4 c4d5 c8e6 d5a8,2313,trappedPiece
0djWZ,5r1r/p2nRp1p/2pk2p1/2PP4/3P4/8/5PPP/2K1R3 b - - 0 24,d6d5 e7d7 d5c4 c1d2 f8b8 e1c1,2313,hangingPiece
HUXpx,2r3k1/1p3ppp/p5n1/5N2/1B1p1bQ1/P6P/1Pq3P1/4R2K b - - 2 25,c2b2 f5e7 g6e7 g4c8 e7c8 e1e8,2313,backRankMate
0AchC,6k1/1p4p1/1p2p2p/1Pp1p3/P1P1P3/4B2n/5PK1/8 b - - 1 33,h3g5 e3c5 b6c5 a4a5 g5e4 a5a6 b7a6 b5a6 e4d6 a6a7,2314,advancedPawn
0IObO,5rk1/1ppq1pp1/1p1p3p/1r2p2n/RPP1P2B/3P1N1b/5PP1/3Q1RK1 b - - 0 18,d7g4 h4g3 h5g3 f2g3 b5b4 a4b4,2314,trappedPiece
0VKDy,8/2r3P1/p6K/4p3/1p2k3/2p5/PPR2P2/8 b - - 0 43,c7g7 h6g7 e4d3 b2c3 b4c3 c2c1,2314,hangingPiece
01tei,8/8/8/1kr2P1R/8/6K1/8/8 w - - 0 52,f5f6 c5h5 g3g4 h5h8 g4f5 b5c6,2315,defensiveMove hangingPiece rookEndgame
12mFG,k2r3r/pp4p1/2p1Qnp1/2b4q/2P2B2/P1N4P/1P3PP1/R4RK1 w - - 1 19,a1d1 d8e8 e6f7 e8e7 f7e7 c5e7,2315,trappedPiece
0eluA,8/8/8/1B3R2/P2kp1PP/3p4/r4P2/3K4 w - - 1 43,f2f3 a2a1 d1d2 e4e3,2316,mateIn2
07LC8,6r1/ppp1p2k/3pN1q1/3Pb3/1QP3Pp/5P1P/PP3K2/2R5 w - - 0 30,b4b7 g6d3 b7b3 d3d2 f2f1 d2c1,2317,fork
0H51i,r5q1/pp1k4/3bb1n1/1N2n1B1/4P3/3p2Q1/PP4PP/2R4K b - - 5 23,e5c4 g3d6 c4d6 c1c7 d7e8 b5d6 e8f8 g5h6,2317,deflection exposedKing
0KDbT,r4rk1/1b4pp/8/3pP3/p1pP3P/PpP1Qq2/1P1K4/1BR4R w - - 0 24,c1f1 f3f1 h1f1 f8f1 b1h7 g8h7,2317,trappedPiece
0V54m,rn3rk1/6pp/p3pN2/8/1b6/8/Pq1N1PPP/R2Q1RK1 b - - 0 18,f8f6 d2c4 b2c3 a1c1 c3c1 d1c1,2317,trappedPiece
0M8w4,2k4r/p1p3p1/1p3pb1/3q4/1P3PP1/P1P1Q3/8/R4RK1 w - - 0 24,a1d1 d5h1 g1f2 h1h2 f2e1 h8e8 e3e8 g6e8,2318,exposedKing
00P81,6k1/5p2/4p2p/3pPP2/1R5P/7r/2B5/2b2K2 b - - 0 46,h3c3 b4b8 g8h7 f5e6 c3c2 e6e7,2319,advancedPawn discoveredAttack
0Cv0D,6k1/pp1r1p1p/3P2p1/2R2q2/2Q5/7P/5PP1/6K1 b - - 0 30,f5e6 c5c8 g8g7 c4e6 f7e6 c8c7 d7c7 d6c7,2319,advancedPawn pin
0HIfF,7k/p1r2rp1/1p2p1Qp/1P1p1p1R/4qP2/4b2R/P1P3PP/7K b - - 1 31,e3c5 h5h6 g7h6 h3h6 f7h7 g6e8 h8g7 h6g6,2319,kingsideAttack
0KJO1,6r1/p4p1k/2p2B1P/2p1PP1Q/2bq4/2p5/P1P2RP1/6K1 w - - 3 31,f6g7 g8b8 g7f6 b8b1 g1h2 d4f2 h5g5 f2g1 h2g3 g1e1,2319,deflection
0OzRD,1r6/3k2p1/4pp2/p2p2BQ/3Pn2P/8/PPR2P2/1K4q1 w - - 2 31,c2c1 e4c3 b1a1 g1f2 h5f7 d7d6 g5f4 f2f4,2319,trappedPiece
8T8Jo,r6k/1b3Rpp/p1q1n3/1p2P3/5N2/P5Q1/1PPr2PP/R6K b - - 3 24,a8f8 g3g7 e6g7 f7f8,2319,backRankMate
0sgcg,rnb1k2r/ppp2ppp/4p3/8/3P4/3B2Q1/PqP1K2P/RN4NR w kq - 0 13,g3c7 b8c6 g1f3 b2a1,2320,trappedPiece
03N7A,r3q2r/1Q4p1/p2kPp1p/3pb3/6P1/N1p5/PP6/3R1RK1 b - - 1 24,e8c6 d1d5 d6d5 f1d1 e5d4 d1d4 d5d4 b7c6,2321,attraction deflection pin
09ZOA,8/1p6/8/p1k5/Pr3R2/8/5PPK/8 w - - 1 44,g2g3 b4f4 g3f4 b7b5 a4b5 c5b5,2321,rookEndgame
0Di7Q,8/8/5p2/p1r3k1/1p2Rp2/1P3P1P/1P3KP1/8 w - - 7 42,e4c4 c5c4 b3c4 a5a4 h3h4 g5f5 f2e2 a4a3 b2a3 b4a3,2321,rookEndgame
0Ey1j,rnbqk2r/p5pp/1ppp1n2/4p3/2P1B3/B1P1P3/P4PPP/R2QK1NR w KQkq - 2 10,a3d6 f6e4 d1h5 g7g6 h5e5 e8f7,2321,hangingPiece
0VdY2,r4rk1/1b2bppp/pqN1pn2/1p6/P3B3/4P1B1/2Q2PPP/R1R3K1 b - - 0 20,f6e4 c6e7 g8h8 g3c7,2322,hangingPiece
02yrs,2kr1bnr/ppq2ppp/2p1p3/3pP1N1/8/1P1QB3/P1P2PPP/RN2K2R w KQ - 1 11,e3a7 c7e5 d3e3 e5a1 e1g1 a1f6,2323,fork pin
0DFaC,8/pNp1k3/1pP5/3P1p1p/3b4/5P1P/P3K3/8 b - - 0 40,h5h4 d5d6 c7d6 c6c7 e7d7 b7d6,2323,advancedPawn
nn0JC,Qn3rk1/p1p2ppp/3b4/3p1B2/3P3q/2P2K1n/PP3P2/RNB2R2 w - - 0 15,f5h3 h4e4,2323,mateIn1
01JUS,8/2k4p/2P1Kpp1/8/5P2/8/7P/8 b - - 1 48,f6f5 e6d5 g6g5 f4g5 f5f4 d5e4 c7c6 e4f4,2324,pawnEndgame
063qZ,r3k2r/pp1n3p/2p1B1p1/4q1B1/3bN3/7P/P1P3P1/4RR1K b kq - 0 23,h8f8 e4d6 e5d6 e6f7,2324,mateIn2
0Cjl2,8/7r/p1RK4/1p6/1P6/P3k3/8/8 w - - 0 50,c6a6 h7h6 d6c5 h6a6 c5b5 a6a3 b5c6 a3c3,2325,rookEndgame skewer
0I0KU,1r4k1/3r2p1/1q2p2p/1p1p1p1b/1Q1N4/P1P5/1P4RP/K5R1 b - - 7 36,b6d6 g2g7 g8h8 g7d7,2325,kingsideAttack
0N5vw,3r2k1/1p2qppp/4p1b1/p1R1Q3/Pb1N4/1P2P2P/1B3PP1/3R2K1 b - - 0 22,e7c5 e5g7 g8g7 d4f5 g7g8 d1d8 c5f8 f5h6,2325,attraction discoveredAttack
1QFhj,6rr/ppp2Q1p/6P1/4p2P/4kp2/2P5/PP3P2/4K3 b - - 0 29,h7g6 e1e2 f4f3 f7f3,2325,mateIn2
05YyB,6k1/pp2rpp1/2p4p/6qb/P2PRn2/1QP4P/1PB2PP1/5R1K w - - 1 27,f1g1 f4h3 g2h3 h5f3 h1h2 g5d2 h2g3 f3e4,2326,fork
040ei,3r2k1/pp2r2p/n1p1Ppn1/P2p4/3P4/1P3NB1/6PP/4RRK1 b - - 1 26,g8g7 f3h4 g6h4 g3h4 d8f8 e1e3,2327,defensiveMove
0RH3j,1k1r3r/2p5/pp1p1Rpb/8/2PP2Q1/5N2/PPq2PP1/R5K1 w - - 9 26,f6g6 h6c1 f3e1 c2b2 a1c1 b2c1,2327,trappedPiece
0VJTg,3r1k1r/pp4p1/2npbqBp/8/4Q3/2N1BN2/PP3KPP/3R4 w - - 6 18,d1d6 d8d6 e3c5 e6f7,2327,hangingPiece
0D4Kj,r1q2rk1/pppb1ppp/3b4/3P2RQ/2B5/7P/PP3PP1/R1B3K1 b - - 2 15,f8e8 g5g7 g8g7 c1h6 g7h8 h5f7,2329,attraction deflection kingsideAttack
0O27i,5k2/1pp3pp/1p1pr2r/8/2PQbP2/1P4P1/P5K1/3R1R2 w - - 2 32,g2g1 h6h1 g1f2 h1h2 f2e3 e4f5 d4e5 d6e5,2329,discoveredAttack
0Rpef,r1b1k2r/4npbp/p5p1/3p3P/1Q1N1q2/8/PPP2PP1/1K2RB1R b kq - 3 17,c8e6 b4a4 e6d7 e1e7 e8e7 d4c6 d7c6 a4f4,2329,attraction discoveredAttack
0KQAn,r6r/3k1p2/Pq2p2p/1PbpPnp1/8/5Q1P/3B1PP1/1RR3K1 b - - 4 31,h8h7 d2a5 b6a5 c1c5,2330,deflection
06ieO,8/3k2p1/1r3p1p/4p3/1PR1P1P1/6KP/8/8 w - - 0 43,h3h4 b6c6 c4c6 d7c6 g4g5 h6h5 g5f6 g7f6,2331,rookEndgame
0MJbJ,8/8/8/5pkp/3R4/5PK1/4r1P1/8 w - - 0 56,d4h4 e2g2 g3h3 g2h2 h3h2 g5h4 h2g2 h4g5,2331,deflection rookEndgame
02Lda,2k1r3/pp3p1p/2p5/q1b1B3/3nP3/2N3QP/PP3PP1/5K1R w - - 4 20,f1g1 e8e5 g3e5 d4f3 g2f3 c5f2 g1f2 a5e5,2332,discoveredAttack kingsideAttack
0BsKy,6r1/2P5/p7/1p6/1P6/P1KR2p1/7k/8 w - - 0 53,d3d2 g3g2 c3d4 g8c8 d4c5 c8c7,2332,advancedPawn rookEndgame
0om1x,2r5/p2n1k2/1p3p1p/4pN2/1b4P1/1PN1P2P/1r1B1P2/R3K2R w KQ - 6 27,a1b1 b2b1 c3b1 c8c1 e1e2 c1h1 d2b4 h1b1,2332,skewer
07jK5,8/4PK2/2k5/p7/Pp6/2pR4/2P2r2/8 w - - 7 49,f7e8 f2c2 d3e3 c2h2,2333,defensiveMove rookEndgame
081Ks,6k1/5R2/1p4K1/p7/8/2b5/8/8 b - - 11 59,a5a4 f7c7 c3b4 c7c8 b4f8 c8b8 b6b5 b8b5,2333,exposedKing
1A8Xe,8/2R4R/6p1/6kp/7n/1B3P1P/P3rb1K/8 w - - 3 36,c7c2 f2g3 h2g1 e2e1,2333,mateIn2
1LH9e,6k1/p1pr4/2p2p2/6p1/2P1bB2/1P4P1/P4P2/R5K1 w - - 0 26,f4e3 e4f3 g1f1 d7h7 f1e1 h7h1 e1d2 h1a1,2333,skewer
04lLQ,8/5p2/6p1/4k3/5PKP/8/8/8 b - - 0 58,e5e4 g4g5 e4f3 f4f5 f3g3 f5f6 g3h3 h4h5 g6h5 g5h5,2334,pawnEndgame
0FePW,2r3k1/1p3pp1/1q2bb1p/p7/P7/1B5N/KPP1QPPP/4R3 w - - 5 23,h3f4 b6d4 f4d3 d4a4 a2b1 e6b3,2334,deflection
0UFQL,7r/4bk2/p1p2pp1/2p4p/4N1nB/3r4/PP4PP/4RR1K b - - 1 24,f6f5 h4e7 f7e7 e4f2 d3e3 f2g4 e3e1 f1e1,2334,discoveredAttack
0s0Fb,2k5/1pp2p1p/p1nb3p/8/Q1P1Pq2/5K2/PP2BP2/2R2R2 w - - 4 23,f3g2 f4h2 g2f3 h2h3,2334,mateIn2
2Sax1,4r2r/Qppk1p2/7p/2BP2p1/1Pn5/2q5/P1P2PPP/R3RK2 w - - 3 27,a7b7 c3e1 a1e1 c4d2 f1g1 e8e1,2334,backRankMate
0BTnP,r4r2/pp2ppk1/3p2p1/2pPb2P/2P1P1Q1/4q3/P3N3/3R1R1K b - - 0 21,f8h8 f1f7 g7f7 g4g6 f7f8 d1f1 e5f6 e2f4 e3e4 g6e4,2335,attraction
0GLpk,3r1r2/qb2kp2/2p2n2/1p2pQNn/3pP3/1B1P3P/1PP2PP1/4R1K1 b - - 11 28,b7c8 f5e5 e7d7 g5f7 f8f7 b3f7,2336,deflection
4VfQN,7k/3Q2bp/5qp1/2pB4/8/8/Pr4PP/4R1K1 w - - 1 27,e1f1 f6f2 f1f2 b2b1 f2f1 g7d4 g1h1 b1f1,2336,backRankMate
0B6Qc,r4rk1/p5pp/bp2Nn2/q7/8/1Q2PP2/P3K1PP/2R2B1R w - - 1 17,e2f2 a5d2 f2g3 d2c1 f1a6 c1h1,2337,fork
0MvjA,r1bqk2r/1p1n1pp1/p7/3p3p/3Pp1n1/1PN1PP2/P2NB1PK/R1BQ1R2 w kq - 1 13,f3g4 h5g4 h2g1 h8h1 g1h1 d8h4 h1g1 g4g3 d2f3 e4f3 f1f3 h4h2 g1f1 h2h1,2337,attraction discoveredAttack
03JWQ,2r3k1/4ppbp/6p1/2B1P3/3P4/6P1/4bqBP/Q3R2K w - - 0 32,c5e7 e2f3 e1g1 c8c2 a1f1 f2f1 g1f1 f3g2,2338,pin
0EdMG,2r2rk1/1bq1n2p/p5pQ/1pp1bp2/8/1PN5/P3B1PP/B2R1RK1 b - - 5 21,e5g7 h6g7 g8g7 c3b5 g7h6 b5c7,2338,discoveredAttack
0NncB,5rk1/p4pp1/3Q3p/4p3/4q3/7P/PPr2P2/K2R2R1 b - - 3 22,e4e2 g1g7 g8g7 d1g1 g7h7 d6f8,2338,attraction deflection
1WljQ,5Q2/6pk/7p/1P3p2/4b3/6KP/4r1P1/8 w - - 1 48,b5b6 f5f4 g3f4 e2f2 f4e3 f2f8,2338,skewer
01T3Y,4k3/p2b1p2/4pPr1/q7/2pP1Q2/8/P1P2PPP/1R4K1 b - - 0 24,d7c6 f4d6 g6g2 g1f1 g2f2 f1f2 a5d2 f2f1,2339,defensiveMove
06mfv,8/8/3k1p1p/p3pP2/2p1P1PP/P2p4/1P1K4/8 b - - 1 45,d6e7 a3a4 h6h5 g4h5,2339,pawnEndgame
0D06y,r1b2rk1/ppp2ppp/3p1q2/2b3B1/2npP3/6QN/PPP2PPP/RN3RK1 b - - 2 11,f6g6 h3f4 g6e4 g5f6 e4g6 f4g6,2339,pin
0UH3K,4r2k/q5p1/7p/1p1R4/8/1QP1nP2/1b4PP/4R2K b - - 2 30,a7f7 d5b5 f7b3 b5b3 b2c1 e1c1,2339,trappedPiece
00DZe,8/5k2/7p/p1P1bPpP/Pp2P3/1P1pBK2/8/8 w - - 1 47,e3f2 g5g4 f3e3 e5d4 e3d3 d4f2,2340,deflection
03Wfh,8/1B6/5n1p/1P2k3/4p1p1/4K2P/8/8 w - - 0 47,b7e4 f6e4 b5b6 e4d6 h3g4 d6c4 e3f3 c4b6 f3g3 e5f6 g3h4 f6g6,2340,defensiveMove exposedKing
2jzHy,3rr1k1/p4ppp/8/1P3Q2/q7/3N4/PP1B1PPP/RN2K2R w KQ - 5 21,e1f1 a4d1 d3e1 d1e2 f1g1 e2e1 d2e1 e8e1,2340,backRankMate
0LqBC,4rr2/p3Npbk/3p2p1/5P1p/3qP1Q1/3P3R/PP4PP/R1B2K2 w - - 1 21,f5g6 f7g6 c1f4 e8e7,2342,discoveredAttack
0MRnZ,r4r2/ppq1bp1k/4n1pp/8/6Q1/PP5R/1B3PPP/R5K1 b - - 2 27,f7f5 h3h6 h7h6 g4h3 h6g5 g2g3,2342,attraction
0FALL,6k1/2q2pbp/B1Np2p1/n2P4/4Q3/r3B2P/1r3PP1/4R1K1 b - - 2 28,a5c6 e4e8 g7f8 e8f8 g8f8 e3h6 f8g8 e1e8,2343,attraction
0Lsoz,1br2rk1/pp3bpp/2pq4/5P2/1Pp3P1/P1Q1PR2/1BR4P/6K1 b - - 1 25,d6h6 g4g5 h6g5 c2g2 f8e8 g2g5,2343,attraction
1ScNl,r4r1k/ppp1q1pp/8/4Pb2/1n1PQ3/5N2/PP3PPP/R1B2RK1 w - - 1 16,e4b7 f8b8 c1g5 e7d7 e5e6 d7d6 f3e5 b8b7 e5f7 h8g8 f7d6 c7d6,2343,trappedPiece
rWUns,1r5k/4R1b1/2pp3p/p4B2/7P/2nQ2P1/q7/2K2R2 w - - 1 32,e7g7 a2b2,2343,mateIn1
06he7,4k3/2q3p1/p2pp3/N2p1R2/1r1P4/2PQPP2/7r/5KR1 w - - 1 37,f5g5 c7a5 d3g6 e8d8 g6f6 g7f6,2344,hangingPiece
1Eh3O,r7/1n4R1/p2rp3/1kp2p1p/2R2P2/B1PP2P1/2P4K/8 b - - 5 30,a8b8 a3c5 b7c5 c4b4 b5c6 b4b8,2345,skewer
1X4V7,1k3r1r/pp6/2p5/6Q1/3q4/3P1B1n/PPP2PP1/R3R2K w - - 0 30,g5e5 d4e5 e1e5 h3g5 h1g1 g5f3 g2f3 f8g8 g1f1 h8h1 f1e2 h1a1,2345,skewer
0RKHa,r2q1r2/pp2bpBk/2p2n2/3p4/4P3/1NPB4/PP2KP1P/R5R1 b - - 0 17,f8g8 e4d5 f6e4 d3e4 f7f5 e4f5,2346,discoveredAttack
00k5U,6k1/pp6/3br2p/6pq/3R2R1/1P5P/P1P2KQ1/8 w - - 5 30,h3h4 h5f7 g2f3 e6f6 f3f6 f7f6,2347,pin
0BQTg,r4r1k/pppq1pp1/3b3p/3B4/4P1b1/2P1RN2/PPQ2PnP/R1B2NK1 w - - 0 18,e3d3 g4f3 d3f3 g2e1 c2e2 d7g4 f1g3 e1f3,2347,fork
0ueXl,2kr3r/ppp2ppp/2q1pn2/P7/1b6/2N1Q3/1PP1BPPP/R4RK1 w - - 5 16,e3a7 b4c5 a7a8 c8d7 a8d8 d7d8,2347,trappedPiece
02nDq,r3k2r/ppnqn1pp/2pb1p2/3p4/3P4/P2Q1N2/1PPBNPPP/R3R1K1 b kq - 2 13,e7f5 e2g3 f5e7 g3f5 e8g8 f5d6,2348,discoveredAttack
04Wkb,8/p7/4p3/2N1Pk1p/1P1pnP2/6PK/8/8 w - - 0 44,c5e4 f5e4 h3g2 h5h4 g3h4 e4f4,2348,deflection
0S0tg,8/8/8/3b4/N5kp/P7/5K2/8 w - - 3 52,a4c3 d5f3 c3e2 h4h3 e2g1 h3h2 g1f3 h2h1q,2348,promotion
0zmjU,r1b1r3/pp3ppk/2p5/n3P3/8/3QnN2/Pq2N1PP/R3R1K1 b - - 1 19,e3f5 e1b1 b2e5 f3e5,2348,trappedPiece
01Tpw,r3r1k1/p4ppp/8/3Q4/3P4/Ppp2N2/K1b2PPP/3R3R w - - 0 24,a2a1 b3b2 a1a2 c2d1 h1d1 c3c2,2349,advancedPawn
02Ef9,8/8/pp2k2p/4p3/PP2K2P/6P1/8/8 b - - 0 46,a6a5 b4a5 b6a5 g3g4 e6f6 e4d5,2349,pawnEndgame
03mcu,r7/P4R2/3p4/8/2P5/5p2/P3k2K/8 w - - 0 61,h2g1 a8a7 f7a7 f3f2 g1h2 f2f1q,2349,advancedPawn deflection exposedKing promotion rookEndgame
0X57L,5r1k/pp5P/6B1/5P2/2QP4/q1P2P2/2K4R/r7 w - - 5 39,d4d5 a3a2 c4a2 a1a2 c2b3 a2h2,2349,skewer
0AxN9,5R2/r5pk/4R3/6P1/p1p4p/8/r4PK1/8 b - - 0 55,c4c3 g5g6 h7h6 g2h3 a2f2 f8f2,2350,rookEndgame
7YZF2,2q1r1k1/5ppp/2pB2n1/1p6/3P4/1Q2R3/rP4PP/5RK1 b - - 5 28,e8e3 b3f7 g8h8 d6f8 c8f8 f7f8 g6f8 f1f8,2350,backRankMate
03b0r,3rk2r/5p1p/1p2pb1B/p1q5/6Q1/3P1PN1/PP4PP/R6K b k - 0 21,d8d3 g3e4 c5d4 e4f6 d4f6 h6g7 f6d8 g4a4,2351,fork
0BCjC,rnb2rk1/3q1pp1/p2p3p/1p1P2NQ/8/3B4/PP3PPP/R3R1K1 b - - 1 16,d7g4 h5f7 f8f7 e1e8 f7f8 d3h7 g8h8 e8f8,2351,deflection kingsideAttack
0CF3T,rnbk1b1r/pp2pBpp/2q5/2B5/1Q6/3P4/P1P3PP/1N3RK1 b - - 4 14,e7e6 c5f8 c6b6 b4b6 a7b6 f8g7,2351,exposedKing
03QZ3,8/1k3p2/2p2p1p/2P1p2P/2K1P1P1/5P2/8/8 b - - 1 43,b7a6 f3f4 e5f4 e4e5 f4f3 c4d3 f6e5 g4g5,2352,pawnEndgame
09J4E,5rk1/6pp/1p3p2/pP2q3/4n3/6P1/4RQ1P/3R3K w - - 0 34,f2e3 e4c3 d1e1 c3e2 e3e5 f6e5,2352,fork
0jbFz,8/pBP3q1/1pRkb3/3N1p2/3P2p1/P2KP1P1/r7/8 b - - 3 30,d6d5 c6b6,2352,mateIn1
0xbNq,2k5/pp3p2/2b1p3/8/3q4/P3p3/2P2PQP/4KR2 w - - 0 22,f2e3 d4e3 g2e2 e3e2 e1e2 c6b5 e2f2 b5f1,2352,skewer
JPXmX,1Q6/pb1k1q2/1p1Bp3/2p3P1/2P5/8/PP1pnPP1/1K1R4 w - - 8 40,d1d2 f7h7 g5g6 b7e4 b1a1 h7h1 d2d1 h1d1,2352,backRankMate
17RI3,3r2k1/5pp1/rpp4p/8/P7/n1N2P2/1RP2KPP/7R w - - 3 29,f2e2 a3c4 b2b4 d8d2 e2e1 d2c2 b4c4 c2c1 e1f2 c1h1,2353,skewer
041Ts,8/p7/2p2ppk/1q6/2nP2P1/2pR4/PP2Q3/1K6 w - - 1 34,d3h3 h6g5 b1c2 c4a3 b2a3 b5e2,2355,defensiveMove discoveredAttack pin
07Oac,8/1r6/p1PBPk2/8/4p3/8/1P5P/7K b - - 0 39,b7b2 d6e5 f6e5 c6c7 b2c2 e6e7 c2c7 e7e8q,2355,advancedPawn promotion
KvvV4,1q4k1/1b2r1pp/1p6/p4Q2/3p1R2/2P1p2P/PP5K/5R2 b - - 1 38,e7e8 f5f7 g8h8 f7e8 b8e8 f4f8 e8f8 f1f8,2355,backRankMate
0254M,r1b2rk1/2R2ppp/4P3/p2P4/2pq4/P6P/4Q1P1/5R1K b - - 0 27,d4d5 f1f7 f8f7 e6f7 d5f7 c7f7,2356,advancedPawn
ELhFG,3r2k1/1b4pp/p3R3/1pq1p3/4P1Q1/3r2PB/PP5P/5R1K b - - 3 27,c5e3 e6e8 d8e8 g4e6 e8e6 h3e6 g8h8 f1f8,2356,backRankMate
02ph8,r4r2/2p2qk1/2Pp2p1/p2PP1Q1/6n1/P5Nb/3R1BpP/4R1K1 b - - 0 32,g4f2 g3h5 g7h8 h5f6,2357,defensiveMove pin
06AG5,8/8/PP1b3R/3k4/b7/6p1/6K1/8 b - - 0 51,a4b5 h6h5 d5c4 h5b5 c4b5 a6a7 b5a6 a7a8q,2357,advancedPawn promotion
08q3O,8/5p2/6p1/p1k1P1Pp/1p3P1P/1P1K4/8/8 w - - 1 40,f4f5 g6f5 e5e6 c5d6 e6f7 d6e7,2357,pawnEndgame
0ZCDv,8/pp1k3K/3P4/2P5/1P1r4/P5p1/8/1R6 w - - 0 39,b1b2 d4h4 h7g6 h4g4 g6h5 g3g2 h5g4 g2g1q,2357,promotion
10944,3k3r/1q2Bppp/p4n2/Pp1b4/8/7Q/1P3PPP/4R1K1 b - - 1 27,d8c7 e7f6 g7f6 e1e7 c7d6 e7b7,2357,skewer
00H2L,8/8/2p2p2/p4P1p/Pk5P/4K1P1/8/8 w - - 1 39,e3d3 c6c5 d3e2 c5c4 g3g4 h5g4,2358,pawnEndgame
0A6jf,1rb2r1k/p3bppB/2p1p3/3pP3/5q2/7R/PPP1Q1PP/1K1R4 b - - 1 19,g7g6 h7g6 h8g7 e2h5,2358,discoveredAttack kingsideAttack
1SbVV,3r2k1/1pq3pp/p2b2r1/1b2p3/2N1Q3/2P3B1/P1P2PPP/3R1BK1 b - - 16 29,c7e7 g3h4 e7e6 h4d8,2358,skewer
07V4V,3B1rk1/5p1p/p4QpP/1pp5/2q5/3b4/PP3PP1/2KR3R w - - 2 26,c1d2 c4c2 d2e3 c2e2 e3f4 e2f2 f4g4 d3f5,2361,exposedKing
1POzs,r2qr1k1/2p2pbp/p2p2pB/2p5/2P1P1bP/2N5/PP1Q4/2K1RB1R w - - 2 17,h4h5 g7h6 d2h6 g6g5 f1h3 e8e6 h6e6 g4e6 h3e6 f7e6,2361,trappedPiece
0HsUY,8/R7/P4k2/5p2/4r1p1/3K2P1/8/8 b - - 3 51,f6g5 a7a8 e4e7 a6a7,2362,rookEndgame
07VjD,8/8/pp3p2/8/Pk2P2K/8/5PP1/8 b - - 0 43,b4a4 f2f4 b6b5 e4e5 f6e5 f4e5 a4a5 e5e6 b5b4 e6e7,2363,advancedPawn pawnEndgame
084su,4r3/4Ppk1/2r1p1p1/p1np2Pp/P6P/4N3/5PK1/2RR4 w - - 3 40,e3d5 e6d5 d1d5 c5e6 c1c6 e6f4 g2f3 f4d5,2364,fork
0E756,8/Qppk1p1p/4p3/3pP3/2nP4/2P1B3/P1PKB1q1/R7 w - - 1 30,d2c1 g2e2 a7a4 c7c6 c1b1 e2e3 a2a3 e3c3 a4b4 c4d2,2364,hangingPiece
0IHO2,r3kbQ1/p1p1q3/1p6/4P3/2p2rP1/2N4P/1P6/2KR4 b q - 1 24,a8d8 g8g6 f4f7 g6c6 e7d7 d1d7,2364,exposedKing
05XCO,8/8/2k5/2P2ppp/2K1p3/6PP/5P2/8 b - - 0 36,g5g4 h3g4 f5g4 c4d4 e4e3 d4e3,2366,pawnEndgame
0FXkA,7R/p4pk1/5q2/8/6p1/1PPP1b2/PK5R/8 b - - 4 31,g4g3 h2h7 g7g6 h7h6 g6f5 h6f6 f5f6 h8h3 f6e5 h3g3,2367,skewer
0NMwQ,3r4/Q5pk/7p/5b2/P1R1P2P/6q1/3KP3/3R4 w - - 3 37,d2c2 f5e4 c4e4 d8c8 c2b2 g3c3 b2a2 c3c2,2367,exposedKing
GPHxY,1qR1nrk1/5ppp/1b1p4/1b1P1N2/1P2PP2/6QP/6B1/7K b - - 1 29,b8a7 g3g7 e8g7 f5h6 g8h8 c8f8,2367,backRankMate
0D5s3,1N4k1/5pbp/3p2p1/2pP4/2P3n1/2N1PpP1/P1Q2P1r/6K1 w - - 0 32,c2e4 h2g2 g1f1 g2f2,2368,kingsideAttack
0hVkn,3r4/3b2r1/2BRpp1p/1p2kp2/8/4P3/P4PPP/3R2K1 b - - 1 29,d7c6 f2f4 e5e4 d6e6,2368,mateIn2
091aD,8/3Q1pk1/8/4P3/2KN4/8/3b2p1/3r4 w - - 0 42,d4e6 g7h6 d7f7 g2g1q f7f8 h6h5 f8f5 h5h4,2370,advancedPawn defensiveMove promotion
0HDRD,3r2k1/Q1Rb2pp/4q3/3pB1n1/3P1p2/3B1P2/Pr4PP/2R3K1 w - - 0 23,a2a4 b2g2 g1g2 e6h3 g2g1 g5f3,2370,attraction deflection kingsideAttack
0LhdK,8/7p/1p1K4/8/2P5/7k/P7/8 b - - 1 52,h3g4 a2a4 h7h5 a4a5 b6a5 c4c5 h5h4 c5c6 h4h3 c6c7 h3h2 c7c8q,2370,promotion
0AeID,r1b1r1k1/p1pq1p1p/2pb1p1B/4p3/3N4/5Q2/PP3PPP/R3R1K1 b - - 5 17,e5d4 f3g4 d7g4 e1e8 d6f8 e8f8,2371,deflection kingsideAttack
0VsQ3,3r2k1/pp1P1p2/4r3/2p1p2R/8/8/PP3PK1/3R4 b - - 0 29,f7f6 d1h1 g8f7 h5h8 d8d7 h1h7 f7g6 h7d7,2371,skewer
006XF,r5kr/pp1qb1p1/2p4p/3pPb1Q/3P4/2P1B3/PP4PP/R4RK1 b - - 1 17,f5e4 h5f7 g8h7 f1f6 e7f6 f7d7,2372,pin
09GOB,8/7p/8/K1k2p2/1P1p1P2/8/7P/8 b - - 0 41,c5c6 b4b5 c6c7 a5b4 d4d3 b4c3 d3d2 c3d2,2372,pawnEndgame
KBeL6,1k1r1r2/ppp1b1p1/4B2p/8/4P1nP/2P5/PP4PR/R1B3K1 w - - 5 24,e6g4 d8d1 g4d1 e7c5 c1e3 c5e3 g1h1 f8f1,2372,backRankMate
08aM3,8/8/5ppp/1kp1p3/4PP2/1PK3P1/7P/8 w - - 0 37,h2h3 e5f4 g3f4 g6g5 c3d3 g5f4,2374,pawnEndgame
0EJWb,r1bq1r2/ppp2k1p/5P2/5p1P/3PpQ2/8/PPP2P2/2KR2R1 b - - 0 19,f8g8 f4h6 d8f6 h6f6 f7f6 g1g8,2374,exposedKing
0YUI9,2r5/pp4kp/8/4p3/8/P2p4/1PN2PPP/2R3K1 w - - 1 27,c1d1 d3c2 d1c1 c8d8 g1f1 d8d1 f1e2 d1c1,2375,hangingPiece
1D4hb,r5k1/3RNRpp/4pb2/1qP1Np2/8/7P/p4PP1/6K1 b - - 1 36,g8h8 f7f8 a8f8 e5f7 f8f7 d7d8 b5e8 d8e8 f7f8 e8f8,2375,backRankMate
0Aw0h,4rr2/p6k/7p/2n5/Pp4P1/1q1PN2P/KP2Q3/3R1R2 w - - 0 32,a2b1 c5a4 e2c2 a4c3 b1c1 b3c2 c1c2 c3d1,2376,pin
0U6iP,1q3rk1/3Qppn1/6p1/1B1p2p1/1r2P1P1/2N2P2/P6P/2KR3R w - - 2 21,e4d5 f8c8 b5c6 c8c7 d7c7 b8c7,2377,trappedPiece
04Ypw,r3r1k1/pp3p2/2p1p1p1/2P1P3/4q3/1P2B2Q/P5PK/7R b - - 5 32,g8f8 h3h8 f8e7 h8f6 e7d7 f6f7 e8e7 h1d1,2378,deflection
07dIM,8/3Q2kp/6p1/5p2/pP1b3P/2q3P1/5PBK/8 b - - 5 44,g7f6 g2d5 d4f2 d7f7 f6e5 f7g7 e5d5 g7c3,2378,skewer
0K9Em,r1bqrb2/ppp2p1k/5p2/4p3/2P1P3/4B1QP/PPP2PP1/R3K2R b KQ - 9 17,f8h6 g3h4 e8h8 h4h6 h7g8 a1d1 d8d1 e1d1 h8h6 e3h6,2378,exposedKing
BG2KL,5q2/p5RQ/kppp4/4p2P/4P3/1BPP4/PP2Kr2/7R w - - 0 32,e2d1 f8f3 d1c1 f3e3 c1b1 e3d3 b1a1 f2f1 h1f1 d3f1 b3d1 f1d1,2378,backRankMate
03JLw,b7/p7/5p2/3p1B1P/4p1K1/2k5/P1P3P1/8 b - - 0 32,d5d4 h5h6 e4e3 h6h7 e3e2 h7h8q,2379,advancedPawn promotion
0Anu2,3r1k1r/pp3ppp/2p5/4Q1R1/N2pP3/1P1Rn2P/PP4PK/5q2 b - - 8 24,f1d3 e5g7 f8e7 g7e5 e7d7 a4c5 d7c8 c5d3,2380,fork
0D5ZY,8/6p1/4kpP1/7P/5K2/8/8/8 b - - 0 72,f6f5 f4g5 f5f4 h5h6 g7h6 g5h6 f4f3 g6g7 e6f7 h6h7 f3f2 g7g8q,2380,advancedPawn pawnEndgame promotion
0ANFN,8/1pr2pk1/p3P3/8/r7/8/P1PR1R2/2K5 b - - 0 31,a4a2 d2d7 a2a1 c1d2,2381,pin rookEndgame
0JHRN,rnb2rk1/p1p1bppp/1p2p3/3q4/3P3P/2PBBN2/PP3PP1/R2QK2R w KQ - 0 11,d3h7 g8h7 f3g5 h7g8 d1h5 d5f5,2381,hangingPiece
01A5W,4r1k1/pp3p2/3p1Ppq/5P2/4r3/6RP/PP3Q2/6RK b - - 2 39,e4e2 g3g6 f7g6 f6f7 g8f7 f5g6 f7e7 f2e2,2382,advancedPawn attraction
02YPX,r3kb1r/pppb1ppp/5n2/3PN3/Q2nP3/2N5/Pq1B1PPP/1R2KB1R b Kkq - 3 11,d4c2 e1e2 b2b1 e5d7,2382,defensiveMove
09AAa,4rrk1/1npb2bp/pp1p1q2/3P1p1n/PPP2p2/2NBB3/3QN1PP/1RR3K1 w - - 0 20,e2f4 e8e3 d2e3 f6d4 e3d4 g7d4 g1h1 h5f4,2382,kingsideAttack
0JR4V,8/1R4k1/5pr1/6P1/5K2/8/8/8 b - - 1 45,g7f8 f4f5 g6g7 b7b8 f8f7 g5g6,2382,exposedKing rookEndgame
00uL7,4r1k1/p2Qqpp1/1bp5/5p1p/1P5P/8/PBP2PP1/3R2K1 w - - 0 24,d7c6 b6f2 g1f2 e7e3 f2f1 e3e2 f1g1 e2d1,2385,attraction fork
0M3v7,8/8/k7/P7/K1np1P2/8/4p3/4N3 w - - 4 59,f4f5 d4d3 e1d3 c4b2 d3b2 e2e1q,2385,deflection promotion
0dYSe,4r3/R3bkq1/2b2p2/1p6/2pP4/2Pr1P1p/PP2Q1P1/4R1K1 b - - 1 34,c6d5 e2e7 e8e7 e1e7 f7g6 e7g7,2385,skewer
09Xtz,5rk1/p4p2/5Q2/1q4pP/1P6/2p5/P4PRK/3r4 b - - 1 41,d1d5 h5h6 b5b8 f2f4 b8f4 f6f4,2386,defensiveMove pin
1L0ZW,r4rk1/p1pb2bp/1p1p2p1/3Pq1B1/2P1R3/6PP/PP1Q2B1/5RK1 b - - 0 18,e5g3 f1f8 a8f8 g5h4 g3e5 e4e5,2386,trappedPiece
0COZ0,Rnk4r/1p1q4/1Pp2p2/3p1Q2/3P4/1NP3K1/3BB3/5n2 w - - 0 27,g3g4 f1h2 g4f4 h8h4 f4g3 d7f5,2387,deflection pin
0EJgJ,8/8/1p6/4p3/P2b1p1p/3R1P1P/2k1K1P1/8 w - - 0 40,d3a3 d4c3 a3a2 c2b3 e2d3 b3a2 d3c3 a2a3 a4a5 b6a5,2387,trappedPiece
01lBC,r1b1kb1r/pppp1ppp/2n4n/3NP3/8/6B1/PqP1PPPP/R2QKBNR w KQkq - 2 7,d5c7 e8d8 c7d5 f8b4 d5b4 b2c3 d1d2 c3a1,2388,deflection fork
CZy7h,5r2/4kp1R/8/2p5/5qP1/Q1P5/PPKr1P2/7R w - - 4 38,c2c1 d2e2 c1b1 f4e4 b1a1 e2e1 h1e1 e4e1,2388,backRankMate
0BE7Y,3Q1Bk1/1p6/p2p2b1/3P1p2/2P5/1PR2r1P/1P4PK/4q3 b - - 9 39,f3c3 f8d6 e1e8 d8e8 g6e8 b2c3,2389,discoveredAttack exposedKing
G6AMU,4r2k/pR2P1pp/8/1B3p2/Q2n1q2/8/P1r2PPP/5RK1 w - - 0 23,b5e8 d4e2 g1h1 f4f2 f1f2 c2c1 a4d1 c1d1 f2f1 d1f1,2389,backRankMate
MYsOY,7b/4kp2/3Rp1p1/1b1pPPN1/5P1Q/q4K2/3B4/8 w - - 11 37,f3g4 e6f5,2389,mateIn1
06nUb,1k1q3r/pp2b3/3p1p2/3P4/1P2PpP1/P5p1/2Q1BPP1/2R2RK1 w - - 2 30,f2g3 d8b6 f1f2 f4g3 c2c7 b6c7 c1c7 g3f2 g1f2 b8c7,2390,advancedPawn
0BRGl,1r6/6pk/6Rp/4Pp1q/2Qp1P2/P7/8/1rKN2R1 w - - 3 38,c1c2 h5d1 g1d1 b8b2 c2d3 b1d1,2390,deflection exposedKing
mHfem,3Q4/5rkp/4p1p1/p2pBp2/8/Pp3q2/1r4RP/7K b - - 3 38,g7h6 d8g5,2390,mateIn1
0By3G,7R/1p3pp1/1P4kb/3P4/3p3Q/3Pr1P1/6BK/4q3 w - - 2 41,g2e4 e3e4 h4e4 e1e4 d3e4 d4d3 h8a8 h6c1 a8a4 c1b2 a4a2 d3d2 a2b2 d2d1q,2391,advancedPawn promotion
09oaI,rn3rk1/pbpp3p/1p2pqpQ/4N3/2B1nP2/P7/1PP3PP/RN3RK1 b - - 0 13,d7d6 f4f5 f6e5 c4e6 e5e6 f5e6,2392,kingsideAttack
026sh,3r4/Qpk5/p1p2p2/8/3rb1Pp/5q1p/PP3P1B/2R1R1K1 b - - 0 32,c7d7 a7d4 e4d5 d4d5,2393,hangingPiece
03nTL,8/8/8/5p2/8/3k1K2/3np3/R7 w - - 2 75,f3f4 d2b3 a1b1 b3d4,2394,defensiveMove
07WfL,1q3k2/8/3pRPp1/p1pP1P1p/1rP5/4Q3/7P/6K1 b - - 0 39,g6g5 e3g5 b4b1 g1g2 b8b2 g2h3,2394,defensiveMove
14Tr3,5rk1/2Q2ppp/6q1/8/3B4/3b1p1P/P4K2/R2R4 w - - 0 28,d1d3 g6g2 f2e3 g2e2 e3f4 e2h2 f4f3 h2c7,2394,skewer
07joG,4R3/6p1/2K4p/8/4p3/3p1k2/5P1P/8 w - - 2 52,e8d8 f3f2 c6c5 e4e3 d8d3 e3e2 d3d7 e2e1q,2395,advancedPawn promotion rookEndgame
004Ys,r4rk1/3q1pbp/p1n1p1p1/2p3NP/1p3B2/3P3Q/PPP3P1/R3R1K1 b - - 2 19,d7d4 f4e3 d4f6 e1f1 f6e5 h5g6 e5e3 h3e3,2396,defensiveMove
071Nw,6R1/8/1pQp1q1k/1Pb1p1pp/2B2p2/5P2/6rP/3K4 b - - 1 47,g2h2 c6e8 h2h1 d1e2,2398,defensiveMove
0B2Dr,8/8/2pR4/1p6/4pk2/2P2rp1/1P4K1/8 b - - 1 55,e4e3 d6d4 f4f5 g2f3,2398,deflection rookEndgame
K5ETy,7Q/p3kppp/4pq2/3pb3/8/2N5/P1r2PPP/R4RK1 w - - 0 18,a1c1 f6f2 f1f2 c2c1 c3d1 c1d1 f2f1 e5d4 g1h1 d1f1,2398,backRankMate
0HI6f,1k5r/p4R1p/1p4p1/2p3P1/7P/5K2/P7/8 b - - 1 30,h7h6 h4h5 g6h5 g5g6 h8g8 g6g7 g8g7 f7g7,2399,rookEndgame
18D6D,3r1r2/2p2p1p/p4P2/1p3p1k/2p2P2/P2bR1R1/1P1N3P/2K5 b - - 0 30,f8g8 g3g8 d8g8 e3h3 h5g4 h3g3 g4f4 g3g8,2399,skewer
0akYT,8/6p1/3k3p/r2Pp3/2BpP1b1/pK6/R5PP/8 w - - 1 41,a2a3 g4d1 b3a2 a5a3 a2a3 d1c2 a3b2 c2e4,2400,exposedKing
0hQhN,8/6pp/P1k5/8/1p1p1p2/1P4PP/1K1R4/5r2 w - - 0 43,d2d4 f1f2 b2c1 f4g3 d4c4 c6b6,2400,rookEndgame
1BmW5,5k2/p1p1R3/1pPp1r2/3P3p/5n2/2BQ4/PPP2qP1/7K w - - 10 33,e7e8 f8e8 d3e4 f6e6 d5e6 f2h4 h1g1 f4h3,2400,hangingPiece
gNrb7,7r/R4p2/3Pp1p1/p1P1Pq1p/Qrk5/8/5PPP/R5K1 w - - 7 35,a4a5 f5b1 a1b1 b4b1 a5e1 b1e1,2400,backRankMate
0SoGw,8/8/5k2/1pp4p/4KPpP/pP4P1/P7/8 w - - 3 40,e4d5 c5c4 b3c4 b5b4 c4c5 b4b3 c5c6 f6e7 c6c7 e7d7,2401,pawnEndgame
0XtCk,8/3K1pk1/4p3/4P3/PR6/6r1/8/8 b - - 1 44,g3g5 a4a5 g5e5 b4a4 e5e1 a5a6,2401,rookEndgame
0fiY9,r1bqk2r/pp1p1p2/2n1p2p/6p1/1b2n3/1NNQ2B1/PPP2PPP/R3KB1R b KQkq - 1 10,d8f6 d3e4 b4c3 b2c3 f6c3 e1d1 f7f5 e4e3 c3e3 f2e3,2401,hangingPiece
0kdR6,r1bq1rk1/ppbn1pp1/2p1pn1p/4N3/2PPN2B/P2B4/1P3PPP/R2Q1RK1 b - - 3 15,d7e5 e4f6 g8h8 d4e5 c7e5 f6g4,2401,kingsideAttack
0no3V,r2q1rk1/6pp/p7/1pbPp2n/5pb1/1PN2P2/1PP3PP/R1B1QR1K w - - 0 18,f3g4 h5g3 h2g3 d8g5 f1f2 g5h6 h1g1 f4g3,2401,kingsideAttack
05n2Y,r7/1p4kp/1N3pp1/p1p5/8/2P5/5PPP/5NK1 b - - 1 29,a5a4 b6a8 a4a3 f1e3 a3a2 e3c2,2402,defensiveMove hangingPiece
0FhL1,3rr2k/1B3p2/3b3p/p1p2R2/P1P4q/1P5P/2Q5/5R1K w - - 3 34,b7g2 h4g3 c2b2 d6e5,2402,defensiveMove
0L9qK,2r1kb1r/5p2/p2p1p2/qp1R4/2n1P3/P1N2P1P/1PP1Q3/2K2B1R w k - 0 21,h3h4 f8h6 c1b1 c4a3 b2a3 c8c3,2402,deflection
0LDYp,6r1/p1rqb2k/1p1ppnRp/5p1P/3P3N/P2Q4/1P3PP1/4R1K1 b - - 5 29,f6h5 g6e6 h5g7 e6e7 d7e7 e1e7,2402,pin
0M3P5,8/k1p5/1p2p3/pP2P3/6p1/P5P1/5PK1/8 b - - 1 40,a7b8 f2f3 c7c5 b5c6 b8c7 f3g4,2402,pawnEndgame
0O9E3,6r1/6qk/B3b1rp/4p3/5p1Q/P1PP2PP/2P2P1K/R4R2 w - - 2 25,g3g4 e6g4 h3g4 g6g4 h4h3 g4h4,2402,pin
0Y1pD,5rk1/2q2ppp/3p3P/p2B4/4P1R1/5QP1/2r2P2/b5K1 b - - 0 28,a1f6 f3f6 c7c3 g4g7 g8h8 f6f5 c3e1 g1g2 c2f2 f5f2 e1f2 g2f2,2402,pin
0ny3H,8/1R6/8/p3KP2/k1r5/8/8/8 b - - 0 55,c4b4 b7b4 a5b4 e5d4 b4b3 d4c3 a4a3 f5f6 b3b2 f6f7 b2b1r f7f8q,2402,promotion
4RfRK,r1br2k1/1pq1bpp1/p3pnnp/6B1/3pP3/P2B1Q1P/1PP1NPPN/R3R1K1 w - - 0 17,g5d2 g6e5 f3g3 f6h5 g3e5 c7e5,2402,trappedPiece
0AjG3,8/8/7p/2kpp1p1/4Pp2/2PK1P1P/5P2/8 w - - 0 43,d3e2 d5e4 f3e4 c5c4 e2d2 f4f3 d2c2 h6h5,2403,defensiveMove pawnEndgame
0Rqqa,2k2bnr/ppp1p1p1/7p/3N1p1Q/5P2/3P3P/P4P2/q1BK4 b - - 1 19,b7b6 h5e8 c8b7 e8d7 a1c3 d5c3,2403,fork
0bkDF,8/1k4P1/pp2p3/2n5/P1q5/2N2r2/1PP5/1K5Q b - - 1 31,c4g4 h1h7 f3f7 g7g8q g4g8 h7g8,2403,promotion
5Kzdl,2k3r1/pp4pp/2pN1n2/4Q3/P4P2/1P5P/2r1qbP1/3R1R1K b - - 3 25,c8b8 d6e8 e2e5 d1d8,2403,mateIn2
02xQE,8/8/3p1k2/R2P4/1pPK4/2r5/8/8 b - - 2 47,f6f5 a5a6 c3c1 a6d6 b4b3 d6b6,2404,rookEndgame
0hdec,4rrk1/p5pp/2qb4/2p1pn2/1p1pN3/1P1P1RPP/PBP3Q1/4R1K1 b - - 1 24,f5e3 f3e3 d4e3 e4f6 f8f6 g2c6,2404,discoveredAttack
O2ox1,6k1/2PNbppp/8/BN6/P2Pnn2/5P2/2r3PP/5RK1 w - - 1 29,d7b6 f4e2 g1h1 e4f2 f1f2 c2c1 a5e1 c1e1 f2f1 e1f1,2404,backRankMate
09WuH,r1b2rk1/1p3ppp/p1n5/6PN/q2pQ2P/2PB4/1P3P2/2KR3R b - - 1 19,a4a1 c1c2 a1a4 c2b1 g7g6 h5f6,2405,defensiveMove
0hRr7,r3r1k1/1p6/1Pp2p1p/p1Pp4/P2P1B2/5Rnq/2Q4P/6KR w - - 0 34,h2g3 e8e1 g1f2 e1f1 h1f1 h3h2 f2e1 h2c2,2405,exposedKing kingsideAttack skewer
0knr4,1k4r1/pp3p2/4q3/2bpP3/2p2QP1/2P3Br/PP1R1P2/1K2R3 w - - 3 31,d2d5 e6d5 e5e6 b8a8,2405,hangingPiece
1cIsD,4r1k1/6p1/p1n4p/1p3p1Q/5q2/2P2N1P/PP1pr1R1/6RK b - - 5 37,e2g2 h5e8 g8h7 h1g2,2405,hangingPiece
0CSlH,6k1/1R6/8/1P3r2/1BP5/1P3pp1/8/5K2 w - - 0 55,b4e1 g3g2 f1f2 f5g5 f2g1 g5h5,2406,advancedPawn
0I0KW,8/5p1p/1pk5/p4p2/1P3P2/P3K1P1/7P/8 w - - 0 33,e3d4 a5b4 a3b4 c6b5 d4c3 b5a4,2406,pawnEndgame
0MhtH,8/p1k5/4p3/1p1p4/3P1K2/4PP2/P7/8 b - - 1 31,a7a6 f4e5 c7d7 f3f4 b5b4 f4f5 e6f5 e5d5,2406,deflection pawnEndgame
0kF3V,rn1r4/pn1Nb1pk/1p6/2p4R/8/4B1P1/PPP2P1P/4R1K1 b - - 0 23,h7g6 d7e5 g6h5 g3g4 h5h4 f2f4,2406,exposedKing
1bzs6,8/8/R3rk2/1P2p1pp/2Kp4/6PP/8/8 b - - 0 41,g5g4 h3g4 h5g4 b5b6 f6f5 b6b7 e6a6 b7b8q,2406,promotion
29VNo,1r6/4q3/Q1p1kp1b/3bp2p/P7/5PB1/2P2PB1/5RK1 b - - 0 30,f6f5 c2c4 d5f3 g2f3,2406,trappedPiece
AepZQ,r1r5/1p1k1p1p/p2B1np1/4Rp2/4p1P1/1P6/P4P1P/3R2K1 b - - 4 27,f6g4 d6b8 d7c6 d1d6,2406,mateIn2
0Dwup,3r1r1k/pRb3pp/2p2q2/2P1n3/3Npn2/7P/P1Q2PPB/3R1BK1 b - - 1 27,f4d5 b7c7 e4e3 h2e5 e3f2 g1h1,2407,defensiveMove
0L9pX,8/5p1p/5Kp1/1k3p2/1P6/8/6PP/8 b - - 5 54,b5b4 f6f7 b4c5 f7g7 g6g5 g7f6,2407,pawnEndgame
0LhMl,8/8/2p3k1/Rp1r2Pp/6KP/5P2/8/8 w - h6 0 51,g5h6 d5d4 g4g3 d4a4 a5a4 b5a4,2407,rookEndgame
0jUBV,6k1/3r2p1/p3p1Np/4B3/2qP3P/8/P1KR4/6R1 w - - 3 32,c2d1 d7b7 d2c2 c4d3 d1c1 d3e3,2408,exposedKing
CMLAl,5rk1/bpp2pp1/p1n3Np/8/PP3q2/1QP3NP/3Rrp1K/3R4 w - - 1 27,g6f4 f2f1n h2h1 f1g3,2408,mateIn2
0HPvU,5r2/pp1nkpQ1/2pp4/5q2/2r5/2N5/PP6/K2R1R2 b - - 5 34,f5c2 f1e1 e7d8 d1d6,2409,deflection
0SPK2,8/1p6/4k2p/P2p2p1/1P6/2P4P/6K1/8 w - - 1 46,b4b5 e6d6 g2g3 h6h5 g3f3 d6c5,2409,pawnEndgame
0ZGJB,r3k3/4q1p1/1p2pr2/p2pp3/3n4/PPQKB1P1/5P1P/R6R b q - 3 28,d4b5 c3c6 e8f7 c6a8 e5e4 d3e2,2409,fork
2u2r4,6k1/5p1p/6p1/N3p3/1p2n1P1/1P3K1P/P4PQ1/3q4 w - - 9 40,f3e4 d1d4 e4f3 d4d3,2409,mateIn2
0Nj3Z,7k/1p4pp/p7/2Pq4/PP2p3/2Q2p1P/5PP1/6K1 w - - 0 31,b4b5 d5d1 g1h2 d1f1 h2g3 f3g2,2410,advancedPawn
0NySe,2rqr1k1/1b3pp1/p1n2b1p/1p1B4/4N3/1P3N2/P4PPP/2RQ1RK1 b - - 2 18,f6b2 e4d6 d8d6 d5f7 g8f7 d1d6,2410,discoveredAttack kingsideAttack
1PTYx,3r2k1/5pp1/1P1P2p1/8/3p4/2p4P/R4PPK/8 b - - 0 43,d4d3 b6b7 c3c2 a2a8 g8h7 a8d8 c2c1q d8h8 h7h8 b7b8q h8h7 d6d7,2410,promotion
8CmhI,2R5/pp1k1p1r/1q2pB2/3p1b2/3P2p1/1P2P3/3NBPPb/2R2K2 b - - 8 25,h2d6 c8d8 b6d8 e2b5,2410,mateIn2
wknV6,r7/3k2n1/3P4/1pQb2b1/4qp2/1K4B1/1P3PPP/3R3R w - - 3 33,c5d5 e4a4 b3c3 a8c8 c3d2 a4c2 d2e1 c8e8 e1f1 c2e2 f1g1 e2e1 d1e1 e8e1,2410,backRankMate
0843V,4kb2/8/5P2/P3K2p/7P/1p6/b7/2B5 b - - 1 50,f8h6 a5a6 e8f7 a6a7 h6c1 a7a8q,2411,advancedPawn promotion
0CQ1p,8/7p/p3pp1k/1p6/3P3P/1P1KP3/PP6/8 w - - 4 30,d3e4 h6h5 e4f4 h5h4 e3e4 h4h5,2411,defensiveMove pawnEndgame
0sqEQ,8/PP6/2K5/4k3/1r6/8/6p1/8 b - - 0 67,b4c4 c6b5 c4c5 b5b4 g2g1q b7b8q e5f5 b8f8 f5g4 f8c5,2411,promotion
4E4Np,1r4k1/pp2Rp1p/6p1/4Pb2/8/4PB1P/PPr3P1/5RK1 w - - 1 22,f3b7 g8f8 b7e4 f8e7 e4c2 f5c2,2411,trappedPiece
6jvfe,rn4nr/1q1k2p1/pB4Qp/3pPp2/bb1N4/3B4/P1P1KPPP/R6R b - - 6 20,g8e7 d3f5 e7f5 g6e6,2411,mateIn2
6lHdM,8/bpp3k1/p2p1p2/3P1pN1/1PP5/P1Q2nR1/8/4r2K w - - 0 31,h1g2 e1e2 g2f1 e2f2,2411,mateIn2
191v4,2kr4/ppp2p1p/5q2/3P1b2/1n6/P1N1p3/1PP2PPP/R2QKB1R w KQ - 0 13,d1f3 b4c2 e1d1 f6d4 d1c1 d4d2 c1b1 c2d4 f3f5 d4f5,2412,discoveredAttack
1AQZU,8/8/6P1/8/p2nN3/3k1K2/8/8 w - - 1 71,f3g4 d3e4 g6g7 d4f5,2412,hangingPiece
1nech,r1b5/3n3R/2p2p2/p4P2/qpkP4/1P2P3/5PQ1/1NK5 b - - 0 32,c4b3 g2g8,2412,mateIn1
2V0SA,r4r2/3b1p1p/1q2pkpQ/p2pR3/1p1P1P2/2N4R/PP4PP/1K6 w - - 16 31,h6h7 f8h8 e5f5 g6f5 c3d5 e6d5 h7h6 h8h6,2412,trappedPiece
08kOh,6kr/4q2p/1p4pQ/p1pP4/P1P2RP1/1P2p1K1/6P1/8 w - - 0 39,g3f3 e3e2 d5d6 e2e1n f3g3 e7d6,2413,advancedPawn promotion
0T3OF,8/5k2/2p3pp/2P1Kp2/7P/4PP2/8/8 w - - 1 47,e3e4 f5e4 f3e4 f7e7 e5f4 e7e6,2413,pawnEndgame
0JdhG,3r3k/5p1p/p3q1p1/1p2PbQ1/5P1P/1P1P4/PB6/1K1R4 w - - 4 31,b1c2 e6c6 c2b1 d8d3 e5e6 h8g8,2414,deflection
0WyNr,3Q4/6pk/2p4p/B2p4/5nq1/2P2N2/1P4PP/6K1 w - - 6 35,f3e1 f4h3 g1f1 g4c4,2414,pin
1Jile,r2q2kr/pp1nb1pp/3p1n2/6Q1/2B5/4P3/PB1P2PP/R4RK1 b - - 1 17,d6d5 g5d5 f6d5 c4d5,2414,mateIn2
41g4Y,4r3/5qkp/p2Q2p1/2P2p2/1p2r3/5RPP/PPP5/R5K1 w - - 3 28,c5c6 f7a7 f3f2 e4d4 d6d4 a7d4,2414,trappedPiece
0BNoy,8/8/p3k1p1/1pK1Pp2/1P3P2/P7/8/8 w - - 0 43,c5b6 g6g5 f4g5 e6e5 b6c5 f5f4 g5g6 e5f6 g6g7 f6g7,2415,deflection pawnEndgame
0F26o,1k1r1b1r/1p6/p1b1p3/3NP1qp/2PQ4/8/PP3B1P/2R2R1K b - - 3 23,e6d5 d4a7 b8c7 c4d5,2415,pin
0HoaF,r5k1/p1p2ppp/6r1/3q1n2/5B2/Q1P3P1/P4P1P/R4RK1 w - - 1 20,a1d1 d5f3 a3a5 f3f4,2415,pin
0LWnL,8/6p1/7p/5N2/2k5/3pKPPn/8/8 w - - 2 41,f5g7 c4c3 g7f5 d3d2 e3e2 h3g1,2415,advancedPawn
0PSxA,8/5pp1/2KPk3/7p/R1P2r2/8/8/8 b - - 2 61,h5h4 d6d7 e6e7 a4a8 f4c4 c6d5 e7d7 d5c4,2415,advancedPawn rookEndgame
3pquO,1r5r/1p2q1k1/p2p1bp1/1npPP3/4Q3/PP2P1P1/1B1P4/R3KR2 b Q - 0 24,d6e5 f1f6 g7f6 e4f4 f6g7 b2e5 g7g8 e5h8,2415,skewer
DrOUW,4r1k1/5ppb/Qp5p/1N1P4/B7/2P1KPb1/PP4q1/R2R2B1 w - - 2 28,e3d4 e8e4 f3e4 g2e4,2415,mateIn2
008EC,6k1/4rpp1/p6p/7P/q1pP1R2/2Pb2Q1/P4RP1/6K1 w - - 9 31,f4f7 e7f7 g3b8 g8h7 f2f7 a4d1 g1f2 d1f1 f2g3 f1f7,2416,skewer
0JewF,2kr3r/pppq1p2/7p/4P1n1/5Q2/N7/PP3PPP/R4RK1 w - - 1 22,h2h4 g5h3 g2h3 d7h3 f2f3 h8g8 g1f2 h3g2 f2e1 g2b2,2416,kingsideAttack
0R3rg,8/2R3pk/7p/4p3/3p4/3bP1KP/2p3P1/8 w - - 0 44,g3f3 d3c4 c7c4 d4d3 f3f2 d3d2 c4c2 d2d1q,2416,advancedPawn promotion
0ZVF9,r4rk1/2p2pp1/p1qp1n1p/1p2p3/1P2P3/PB1P1PNb/2PQ3P/R5RK b - - 4 19,a8e8 g3h5 f6h5 d2h6,2416,pin
1D8r1,8/2P5/8/6p1/8/1k1P1p2/4b2K/8 b - - 0 48,e2d3 c7c8q f3f2 c8e6 b3c3 e6f6,2416,promotion
1FLEy,1r3r2/3b3k/3p1p1b/2qN2pP/ppnNPP2/2P5/PPB3Q1/1K1R3R w - - 0 25,d5f6 f8f6 e4e5 h7h8,2416,hangingPiece
1c9wd,r3k2r/pp2ppbp/2n1bnp1/q1Pp4/5B2/2N2N2/PPPQPPPP/1K1R1B1R w kq - 5 9,f3g5 d5d4 g5e6 f7e6 c3b5 a5b5,2416,trappedPiece
01ANO,5Nk1/2q3p1/2p1Pp2/1p3P2/1PpP4/2P1n3/3b2Q1/5R1K w - - 1 32,g2h3 e3f1 f8g6 c7h2 h3h2 f1h2 h1h2 d2c3 g6e7 g8f8,2417,exposedKing
0tbPe,7r/1q1k1b2/p2p1P2/1p2R3/3N3b/6R1/PPPQ3P/5K2 b - - 0 39,d6e5 d4f5 b7d5 g3d3,2417,discoveredAttack
11USt,6k1/5qp1/1r2p1r1/3pP2p/2p4P/2P1QN2/2R3PK/8 b - - 1 46,g6g4 e3b6 f7f4 h2h1 g4h4 h1g1,2417,hangingPiece
08flf,1r1r2k1/p5pp/Q2Rp3/4p3/1P6/P3P2P/2q1KPP1/6NR w - - 3 26,e2f3 d8f8 f3g3 c2g6 g3h2 f8f2,2418,deflection
2XSis,1b1qr1k1/5ppN/pp2p2p/4P3/4bnQ1/1P6/P4PPP/2R1R1K1 w - - 0 23,e1e4 f4g6 e4d4 d8e7 h7f6 g7f6,2418,trappedPiece
4On1t,rkr5/1p2b1p1/pQnpq2p/P7/1pN1Pp2/2PP1N1P/5PP1/R4RK1 w - - 0 21,c3b4 e7d8 f3d4 e6f6 d4c6 c8c6 b6c6 b7c6,2418,trappedPiece
0EITv,8/8/8/R4pk1/8/5rpp/4N3/6K1 w - - 0 56,a5a8 h3h2 g1g2 f3f2 g2g3 h2h1n g3h3 f2e2,2419,advancedPawn deflection exposedKing fork promotion
0GtIs,r3r3/ppp3bk/3p2pp/3Ppb1n/2P1N2q/4BP2/PP2P1B1/R1Q2RK1 b - - 0 19,f5h3 e3f2 h4e7 g2h3 h5f4 g1h2,2419,defensiveMove
0hfF8,6k1/6p1/p1p3q1/1pPp4/4b2p/2P1BBPr/PP3Q1P/R5K1 w - - 0 26,g1g2 h4g3 h2g3 g6h5 f3e4 h3h2 g2g1 h2f2 e3f2 d5e4,2419,skewer
0B1y2,r6k/5Qp1/1pp2b1B/8/3p4/6qP/PP6/R2K3R w - - 3 31,h1f1 g3d3 d1e1 f6h4 f1f2 g7h6,2420,exposedKing fork pin
0bpLN,4rrk1/1q1pN2p/6p1/p1p3Nn/3b4/4Q3/PPPB1PPP/4R1K1 b - - 0 20,g8h8 g5f7 f8f7 e7g6 h8g8 e3e8,2420,discoveredAttack kingsideAttack
2e5hC,8/1R6/5K1k/8/8/p5P1/rp6/8 b - - 1 61,h6h5 b7b4 b2b1q b4h4,2420,mateIn2
f4xVd,1k1r4/1pp4p/p4p2/8/3nNQ2/7P/1Pq1BPP1/3NK2R w K - 1 27,e4c3 c2e2 c3e2 d4c2 e1f1 d8d1,2420,backRankMate
0XsFq,r1b1k2r/ppp2p1p/2n4R/1B1pQ3/3Pn3/4P3/PPP2Pq1/RN2K1N1 b Qkq - 0 10,c8e6 h6e6 f7e6 e5h8 e8d7 h8h7,2421,pin
0duYk,4k2r/3b3p/p2Q2p1/1pr1pp2/6PP/P1q5/B1PR1P2/4K3 b k - 0 27,c3a1 e1e2 a1a2 d6d7 e8f8 d7d8 f8g7 d2d7 a2f7 d7f7,2421,exposedKing
0wRTd,2rq1rk1/1b3ppp/p2bpn2/1p1pN1P1/2nP1P2/2PBB3/PP1N3P/R2Q1R1K b - - 0 15,f6d7 d3h7 g8h7 d1h5 h7g8 f1f3,2421,attraction kingsideAttack
KqnMR,5r1k/pQp3pp/8/8/3R4/P1P2P2/1P2rRPP/2q3K1 w - - 5 27,f2f1 c1e3 g1h1 e3f2 f1f2 e2e1 f2f1 e1f1,2421,backRankMate
0DFJR,8/7p/3k1p2/4pPp1/2rp2P1/pKPR1P2/P6P/8 b - - 2 37,c4c3 d3c3 d4c3 b3a3 c3c2 a3b2,2422,rookEndgame
0aWec,8/8/8/8/4Kp1p/6kP/6P1/8 w - - 3 67,e4f5 f4f3 g2f3 g3h3 f3f4 h3g3,2422,deflection
0v3Vg,2rq1rk1/1b2ppbp/p2p1np1/1p6/3B4/1BP2N2/PP2QPPP/R3R1K1 b - - 4 17,f8e8 b3f7 g8f7 f3g5 f7f8 g5e6 f8g8 e6d8,2422,attraction
0VA8m,k4r2/2pr4/P6Q/1q3pp1/1Rp1p3/1P1p2P1/5P1P/2B3K1 b - - 0 35,b5b4 h6c6 a8b8 c1e3 d7d4 e3d4,2423,fork
0bDMp,k7/1pp5/4p3/5p2/2PQ2P1/1P3K2/P3RP1q/6r1 w - - 2 40,e2e6 h2h1 f3e3 g1e1 e3f4 e1e6,2423,skewer
4kzMb,r1b1r1k1/pp3p1p/3p1nnQ/4p1NB/4P3/8/PP1q1PP1/3R2KR b - - 5 23,d2f4 g2g3 f4g5 h6g5,2423,trappedPiece
BtVKY,4r1k1/6pp/p3pn2/1pB1Q3/1P6/5bPq/3R4/1B4K1 b - - 1 30,f6g4 e5e6 e8e6 d2d8 e6e8 b1a2 f3d5 a2d5 g8h8 d8e8,2423,backRankMate
QVzMZ,2r2rk1/pb4pp/1q1pp3/2p3N1/2P1n3/P3Q3/1P3PPP/2KRR3 b - - 3 18,e4f2 e3e6 g8h8 g5f7 f8f7 e6c8 b7c8 e1e8 f7f8 e8f8,2423,backRankMate
02prq,5r2/1bq1k2Q/p3pr2/1p1n1pN1/5Pn1/8/PP4PP/3RRBK1 b - - 2 27,e7d6 e1e6 f6e6 h7c7 d6c7 g5e6 c7d7 e6f8,2424,attraction fork pin
0MHxO,8/6pp/p4p2/P1k5/2Pp4/3K1P1P/6P1/8 b - - 0 34,f6f5 f3f4 h7h6 g2g4 g7g6 g4g5 h6g5 f4g5 f5f4 h3h4 f4f3 h4h5,2424,pawnEndgame
4CsSZ,7k/6p1/7p/1P6/2R4P/6r1/r7/2K2R2 w - - 3 36,b5b6 a2a1 c1b2 a1f1 b6b7 g3g2,2424,skewer
0WjZe,4K3/4P1k1/8/8/8/2R5/2p5/2r5 b - - 2 59,g7f6 e8f8 c1h1 c3c6,2425,rookEndgame
0ZViy,7r/pp6/1kp4r/5R2/1Pq1P1Q1/2P1bN2/P5RN/7K w - - 4 35,a2a4 c4f1 g2g1 f1f3 g4f3 h6h2,2426,exposedKing pin
0hbzT,4r1k1/p1Q2p1p/1p4p1/7P/1P4P1/5P2/q3r3/1R4RK b - - 0 34,g6h5 g4h5 g8h8 c7g3 e2g2 g3g2,2426,discoveredAttack
2TyHH,1kr5/pp4Qp/3R3R/3pP3/3P1P2/1PP5/q4K2/8 w - - 0 46,f2g3 c8c3 g3h4 a2f2 h4h5 c3h3 h5g5 h3g3 g5f5 g3g7,2426,skewer
3UOvx,6R1/8/8/1P3k2/2K2p2/6p1/P7/4r3 b - - 0 47,f5e4 g8e8 e4f5 e8e1 f4f3 c4d3,2426,skewer
3pBLG,r3r1k1/1pp1bppp/p4n2/n3R2b/8/P1Pq1N1P/BP1N1PP1/R1BQ2K1 b - - 0 15,e7d6 a2b1 h5f3 g2f3 d6e5 b1d3,2426,trappedPiece
7s4Fj,r2b1kr1/1p2q1p1/p1p1b2p/3nN2Q/P1B5/1P6/2P2PPP/R3R1K1 b - - 4 23,e7g5 h5f7 e6f7 e5d7,2426,mateIn2
0HY7v,8/8/3p2pk/qKp4p/1b3P1P/1Q3N2/6PB/8 w - - 10 41,b5c4 a5a6 c4d5 a6a8 d5d6 c5c4 b3b4 a8f8 d6e5 f8b4,2427,discoveredAttack skewer
46SoK,8/2r1k2p/3p2pP/1Q1Ppp2/1P6/8/R3BnPK/2r5 w - - 0 37,b5b8 c1h1 h2g3 f2e4 g3f3 c7c3 e2d3 h1f1 f3e2 f1f2 e2e3 f2a2,2427,skewer
0AF6G,8/4k3/pp4p1/2p1Kp1p/P1P2P1P/1P6/8/8 b - - 0 33,e7f7 a4a5 b6a5 e5d5 g6g5 f4g5 f5f4 d5e4,2428,pawnEndgame
0WyIB,rn2r1k1/pp3pb1/3p3p/8/1q2BQ2/1P5P/P1P4P/2KR2R1 b - - 2 19,e8e4 f4f6 e4g4 g1g4 b4g4 f6d8 g8h7 h3g4,2429,pin
0c3Lc,8/8/3r4/3Pk3/p1pR3p/Pp3K1P/1P4P1/8 w - - 4 58,d4h4 c4c3 b2c3 d6b6 d5d6 e5d6,2429,rookEndgame
0mEAp,r7/2q1kp1p/2p1pp2/2Pp1b2/3P4/1P3Nr1/P3B2P/R2Q1RK1 w - - 0 21,h2g3 c7g3 g1h1 f5e4 f1f2 g3f2,2429,kingsideAttack
0uhHx,2r5/3knQ2/1P1qp3/p1bp4/8/4BN2/1P3PPP/5RK1 w - - 4 29,f3e5 d6e5 b6b7 c8h8 e3f4 e5b2 b7b8r h8b8 f4b8 b2b8,2429,hangingPiece
1DyMI,5rk1/rp2bppp/1Qn1p3/3q4/3P4/4BN2/PP3PPP/R4RK1 w - - 3 17,a2a3 a7a6 b6b7 a6a7 b7b6 f8b8 b6c6 d5c6,2429,trappedPiece
6rbnw,r4rk1/pp4R1/2p1R3/2bp3Q/5P2/7P/Pqn3PB/7K b - - 0 25,g8g7 h5g5 g7h8 e6h6,2429,mateIn2
00lex,8/8/1p6/p1p2kPp/P6P/5K2/8/8 b - - 2 43,b6b5 a4b5 a5a4 b5b6 a4a3 b6b7 a3a2 b7b8q a2a1q b8c8 f5g6 c8g8,2430,advancedPawn pawnEndgame promotion
0SbmL,5r1r/pq4k1/4Rb2/1n2BQp1/2p3P1/7P/PP6/R4K2 b - - 8 32,f6e5 e6g6 g7h7 g6f6 h7g8 f6f8 g8g7 f5e5,2430,discoveredAttack exposedKing
1409j,r6k/pp4p1/3p1rQp/8/8/1BP2pK1/PP1q1P2/R6R w - - 2 30,g6e4 d2g5 e4g4 g5e5 g3h3 f6f5,2430,exposedKing
18e9I,3r4/1p1bk2p/p6R/7P/1P3p2/4p3/PK4P1/3R4 w - - 0 31,d1d4 d7f5 d4d8 e3e2 d8b8 e2e1q,2430,promotion
03L7e,8/8/3p1p1p/1p2k1p1/1P4PP/2PK2P1/8/8 b - - 1 35,e5d5 h4h5 d5e5 c3c4 b5c4 d3c4 d6d5 c4d3,2431,defensiveMove pawnEndgame
0Ah8l,8/6pk/8/5Pp1/p7/3R3P/1b4K1/8 w - - 3 44,d3d2 a4a3 f5f6 b2f6 d2a2 f6b2,2431,defensiveMove
0CNk0,2r2rk1/4Rpp1/pQp3qp/1p2R2n/7P/1BP2bP1/P1P2P1K/8 b - - 3 27,c8d8 b3f7 g6f7 e7f7 g8f7 e5f5 f7g6 f5f3 f8f3 b6d8,2431,attraction deflection fork pin
0VrLq,2r5/6p1/2P2k2/1P1p1p2/1K1P1P2/8/8/8 b - - 3 42,f6e6 b4c5 c8a8 b5b6 a8a5 c5b4 a5a1 b6b7 e6d6 b7b8q,2431,promotion rookEndgame
BgcX9,5rk1/p2r1ppq/Q1p4p/1p2R3/3N4/1bP5/1PP2PPP/1K1R4 w - - 0 22,a6c6 h7c2 d4c2 d7d1,2431,mateIn2
0r3Xc,r4r1k/p2nq1b1/2p3p1/4P1Pp/1pB5/3QPN2/PPP5/2KR1R2 b - - 0 24,f8f3 d3g6 e7e8 g6e8,2432,kingsideAttack
0vBR4,r6r/6kp/2p2pp1/p1N2b2/1p1P1QP1/P7/1q3P1P/4R1K1 b - - 1 32,b2c2 e1e7 g7f8 f4d6 c2d1 e7e1,2432,discoveredAttack
0EuPC,4r3/2qn1k1r/2bpnp2/p1p2N2/4P3/2PP2QP/P4RB1/5RK1 b - - 6 29,e8g8 f5d6 f7f8 f2f6 d7f6 f1f6 h7f7 g3e5 e6d8 d6f7 c7e5 f7e5,2433,deflection discoveredAttack fork
0bk57,4k3/R4P1p/1N1Kp2P/3pPbp1/8/5r2/8/8 b - - 0 51,e8f8 a7e7 d5d4 b6d7,2433,mateIn2
03reU,1k1q4/1p2bp1R/p5p1/2prP3/2N3P1/1P3Q2/PK3P2/8 b - - 0 30,b7b5 c4d6 d5d2 b2c1 e7d6 c1d2,2434,defensiveMove
0ItS3,8/5p2/p3k3/P3P3/5K1p/8/7P/8 w - - 0 41,f4g4 e6e5 g4h4 e5f4 h4h5 f7f5 h5g6 f4e4 g6f6 f5f4,2434,pawnEndgame
0YML7,r2qk2r/bpp2pp1/p1n4p/3np3/PPB3b1/2PP1N2/5PPP/RNBQR1K1 w kq - 3 11,f3e5 a7f2 g1f2 d8h4 f2f1 g4d1,2434,attraction kingsideAttack
0lrvn,5r1k/pp3qp1/3P3p/2P4r/1P6/8/P5BQ/3RR2K w - - 1 33,g2h3 f7f3 h3g2 h5h2 h1h2 f3f4 h2h1 f4h4,2434,attraction exposedKing
2JCf4,8/1RR2pk1/6p1/5b1p/5K1P/4P1P1/5r2/8 w - - 12 42,f4g5 f5d7 e3e4 f7f6,2434,mateIn2
0N6sO,r1bqr1k1/ppp2pPp/7B/7Q/2pb4/8/PP3PPP/RN3RK1 b - - 1 13,d4f2 g1f2 d8d4 f2g3,2435,hangingPiece
3yqi2,6nr/ppQn2p1/4k1q1/4p3/1B1pP2p/8/PPP3PP/5RK1 b - - 3 21,g8f6 c7c4 f6d5 e4d5,2435,mateIn2
07BJZ,1r6/4pk1p/5b2/2pP3P/p1Q1p1P1/qP6/P2R1P2/1KR5 w - - 0 34,c1c3 f6c3 d5d6 e7e6 c4c3 a4b3 b1a1 b3b2 c3b2 b8b2,2436,advancedPawn
0GB8L,r1bq1rk1/pp1ppp2/6p1/4b1P1/2B1PnP1/2N3Q1/PPPK1P2/R6R b - - 3 16,d8b6 g3h4 b6d4 d2c1,2436,defensiveMove
0lf7M,8/ppN2k2/3p1q2/3Pp2n/PPP1Pb1p/5P2/4BQ1K/6R1 w - - 3 32,h2h3 f4g3 g1g3 h5f4 h3h2 h4g3,2436,exposedKing
AKE3m,r1b2r2/1pR4p/k2p3b/p2B4/4P3/1R6/PPP3PP/6K1 b - - 0 20,a8a7 c7c6 b7c6 d5c4,2436,mateIn2
18B3W,3r2k1/5rp1/2p4p/p1P5/2PBQ2P/P3PpP1/4q3/R1KR4 w - - 5 34,d1d2 f3f2 d2e2 f2f1q c1d2 f1a1,2437,promotion
1WLze,8/8/2r5/4KP2/k6p/1p1R4/7P/8 w - - 0 46,f5f6 b3b2 f6f7 b2b1q d3d4 a4b5,2437,promotion
2GWtd,r6k/p2qrRpp/1p2n2N/2bpP3/6Q1/2B5/1P4PP/5R1K b - - 6 28,g7h6 g4g7 e6g7 f7f8 a8f8 f1f8,2437,backRankMate
05VnQ,8/8/pp1p1k1p/2pP2p1/2P1K1P1/1P5P/P7/8 w - - 0 45,e4e3 f6e5 a2a3 b6b5 e3d3 b5c4,2438,pawnEndgame
0EJti,8/7p/pppk1p2/5Pp1/PPP1K1P1/7P/8/8 w - - 0 34,e4d4 c6c5 b4c5 b6c5 d4e4 a6a5 h3h4 g5h4 e4f4 h7h6,2438,defensiveMove pawnEndgame
0TMY8,r5k1/1bpQ1pb1/1p1p2p1/7P/p3r3/KP2P3/P1P2P2/5BR1 w - - 0 23,d7c7 a4b3 a3b3 a8c8 c7c8 b7c8,2438,discoveredAttack
0nXsj,r4r1k/p1R1n2p/1b4p1/4p3/4B2q/3P4/P1P1Q1PP/2B2R1K w - - 1 20,e4a8 f8f1 e2f1 e7f5 c7c8 h8g7 c1f4 e5f4,2438,kingsideAttack
01QK3,r4rk1/p4p1p/2p1b2R/3q4/2P2Qp1/8/PP4PP/5R1K b - - 0 23,d5c5 f4e4 f7f5 e4e6 f8f7 h6h7,2439,pin
1DjVg,r4rk1/1pp1n1pp/p1n5/1Q6/2Pp2q1/P4N2/1P2PPPP/2KR1B1R w - - 0 16,b5b7 g4f4 d1d2 f8b8 e2e3 f4d6 b7a8 b8a8,2439,trappedPiece
40Ple,r4k2/3n4/q3P1Q1/p2p1pB1/Nb1P4/1P6/2r4P/1R4K1 b - - 2 31,d7e5 e6e7 b4e7 g5h6,2439,mateIn2
1qmOn,2kr3r/6q1/1Qp1p3/8/2PPn1pp/P3P3/1R6/4K3 b - - 2 28,e4d6 b6b8 c8d7 b8a7 d7e8 a7g7,2440,skewer
0GJwI,1rk4r/p4p2/2p1p3/2N4q/3Pp1p1/2P1P1Q1/PP3P2/R3RK2 w - - 3 25,g3d6 h5h1 f1e2 b8b2 e2d1 h1e1 d1e1 h8h1,2441,attraction
0cfMM,r2q1rk1/pp5p/3p2p1/2pP1p2/3bPB2/3P3Q/P5PP/1R3R1K b - - 1 17,f5e4 b1b7 d4g7 b7g7 g8g7 f4h6,2441,attraction kingsideAttack
1QJGQ,5b1r/4p2p/QPBp1p2/p2P2p1/Pk1qP3/7P/1P4PK/8 b - - 2 34,d4c4 b6b7 c4a6 b7b8q,2441,promotion
2FmOw,3Q1n1k/4Npp1/7p/4K3/6P1/1B2q3/P7/8 w - - 1 46,e5f5 g7g6 f5f6 e3f4 e7f5 f4g5 f6f7 g5d8,2441,skewer
6MOod,4rr1b/7k/3q3p/pP1P1b1N/4R1Q1/3B3P/1P3P2/4K1R1 b - - 2 29,f5g4 e4e7 h7g8 d3h7,2441,mateIn2
o5zGZ,r5k1/1ppqR1pp/3p4/p2P2B1/P2b4/1Q6/1P3rPP/RN4K1 w - - 0 17,e7d7 f2f4 b3e3 d4e3 g1h1 f4f1,2441,backRankMate
09bNT,6k1/p2q2p1/1p5p/8/4RP2/1P3QPK/P2r3P/8 w - - 5 41,g3g4 h6h5 h3g3 h5g4 f3g4 d2g2 g3g2 d7g4,2442,attraction deflection pin
0ce9F,8/6p1/2K4p/4r3/5kP1/2R4P/8/8 w - - 8 50,c6d6 g7g5 c3c6 e5e3,2442,rookEndgame
0uRvJ,6k1/pp6/4N1p1/2pP4/1PP4p/2Q1B3/1P2K1q1/7r w - - 0 31,e2d3 g2f1 d3c2 f1d1,2442,mateIn2
1Fzd1,r1b1kr2/ppp2Np1/6q1/2bB2B1/3nP1p1/2NP4/PPP2PP1/R2Q1RK1 w q - 0 13,g5e3 d4f3 g2f3 g4f3 e3g5 g6h5 d1f3 h5f3,2442,discoveredAttack
0Bi6w,2r3k1/1b2r2p/p2qp2N/1p2Rppn/2pP4/P1P2P1P/1PQ3PK/1B1R4 b - - 4 30,g8g7 c2f5 e6f5 h6f5 g7f8 f5d6 e7e5 d4e5,2443,fork
0CcQp,8/p5p1/PkP3P1/1P6/2KP1b2/8/8/8 b - - 2 59,f4d6 c4d5 d6h2 d5e6 b6b5 e6d7,2443,defensiveMove
0f4Oj,2krr3/pppbqp1p/6pb/3Q4/8/3P1N2/PPP1B1PP/R3KN1R w KQ - 1 17,d5e4 e7c5 e4c4 e8e2 e1e2 d8e8 e2d1 c5f2,2443,attraction discoveredAttack exposedKing
1C1Q0,R7/P1k5/5p2/1q6/8/6P1/7K/8 b - - 0 52,b5a6 a8e8 a6a2 h2h3 a2b1 a7a8q,2443,promotion
1J6tA,r3k2r/pppqn2N/2nppbpQ/8/4P3/2N4P/PP3PP1/R1B2RK1 b kq - 0 14,f6c3 b2c3 e8c8 h7f6 h8h6 c1h6 e7f5 f6d7 f5h6 d7f6,2443,trappedPiece
07F4Q,r1b1r1k1/4q3/2pp2p1/p1n4p/2PRn3/P1P1BP1P/2Q1B1P1/3R2K1 b - - 0 25,e4g3 c2g6 g8h8 e3g5,2444,fork
8rpk6,1r1qrk2/1b4pQ/p3p3/4PnN1/P2P4/8/1B4PP/5RK1 b - - 0 27,f8e7 h7g7 f5g7 f1f7,2444,mateIn2
0tgzb,6k1/p6p/1p3p2/2pb4/7q/2P1R3/P1P4P/2B2RK1 b - - 1 24,h7h5 e3g3 g8f7 f1f4 h4f4 c1f4,2445,trappedPiece
12YU8,7k/pb2q3/4Pp1B/2p2P1Q/3p4/1P6/P1PK4/R5r1 b - - 2 36,g1a1 h5f7 e7f7 e6f7 a1g1 f7f8q,2445,promotion
1qzPr,8/1p3p1k/p4Rrp/3q4/P1pP4/P1P4Q/5RbP/7K w - - 0 35,f2g2 g6f6 h1g1 d5e4 g2f2 f6g6,2445,hangingPiece
3Gsm2,8/1P5r/3K4/8/4p3/4P3/6pk/1R6 b - - 2 49,h7b7 b1b7 g2g1q b7h7 h2g3 h7g7 g3f3 g7g1 f3e3 g1e1,2445,skewer
4y5Zt,r7/1pp1kp2/p2p4/3PpQ2/P3P1Pq/2P2P1r/1P4KN/R6R w - - 9 35,g4g5 h3g3 g2f1 g3g5 f5g5 h4g5,2445,trappedPiece
DAaZS,2r2rk1/ppb2pp1/b7/2Pp1N2/8/2P1q3/PP1N4/2K3RR b - - 1 24,e3e5 g1g7 e5g7 f5e7,2445,mateIn2
FvIp5,5r1k/P1qb2p1/3bQ2B/8/2B1p3/3p4/1PP3PP/R5K1 w - - 1 31,e6g6 c7a7 a1a7 d6c5 h6e3 c5e3 g1h1 f8f1,2445,backRankMate
0Ajqd,8/1p5p/6p1/pP6/P2pkP2/1b1N2PP/4K3/8 b - - 4 44,b3a4 d3c5 e4d5 c5a4 d5c4 g3g4,2446,defensiveMove fork
0auQ4,8/8/4p3/8/4k1P1/r7/4K3/6R1 w - - 5 60,g4g5 a3a2 e2e1 e4f3 g1f1 f3e3 e1d1 a2a1 d1c2 a1f1,2446,exposedKing rookEndgame skewer
1lWwx,8/2r3k1/3pq1p1/4p1Pn/4P3/P5Q1/KP5R/7R w - - 9 46,a2a1 h5g3 h2h7 g7f8 h7h8 e6g8 h8g8 f8g8,2446,hangingPiece
06QwF,4kb2/8/4PP2/6N1/1pp4p/2P2K2/P7/8 w - - 1 41,c3b4 c4c3 e6e7 c3c2 e7f8r e8f8,2447,advancedPawn
0O3ew,2bqr1k1/1p2bppp/6r1/3pR3/p2B1n2/P4Q2/BPPN1PP1/R4K2 b - - 3 25,f4g2 e5d5 g2f4 d5d8 e7d8 a2f7 g8f7 f3f4,2447,attraction kingsideAttack
0VTdE,7r/8/4k1P1/5PK1/8/8/8/8 b - - 0 54,e6e7 f5f6 e7e6 g6g7 h8c8 g5g6 c8c1 g7g8q,2447,advancedPawn promotion rookEndgame
28rva,6r1/1bp2k1p/1n1p2pB/3Pp3/1pP1P1P1/6q1/4B3/1KQ4R b - - 1 32,g8a8 c1f1 f7g8 h1h3 g3f4 h6f4,2447,trappedPiece
0Le3t,5rk1/5ppp/p1pb4/1p6/3Pr3/1BP1NbPq/PP1Q1P1P/R3R1K1 w - - 6 22,b3d1 h3h2 g1h2 e4h4 h2g1 h4h1,2448,attraction kingsideAttack pin
0WKUR,8/1p1b3p/pPp1p1k1/P1Pp4/3PpPK1/4P1N1/7P/8 w - - 7 35,h2h4 e6e5 f4f5 d7f5 g3f5 h7h5 g4h3 g6f5,2448,deflection discoveredAttack
12lYH,r6r/p1R3pp/4p3/P3Q3/2kP4/1pP5/1P4qP/R3K3 b Q - 5 24,c4d3 e1c1 g2d2 d1d2,2448,mateIn2
5q5Ck,rn3r2/pp3p2/4pk1p/2p5/2pPQN2/1P2P3/P2K2R1/7q b - - 0 22,h1a1 f4d5 e6d5 e4e5,2448,mateIn2
9prRH,1k1r3r/ppRn4/3BB1b1/1N1P2pn/8/8/P2N1P2/b5K1 b - - 0 28,a7a6 c7c8 b8c8 b5a7,2448,mateIn2
1aL6f,6B1/3k4/1p1P3p/bK3pp1/P7/4P1P1/5P1P/8 w - - 0 39,g8e6 d7e6 b5c6 g5g4 e3e4 f5e4 d6d7 e6e7,2450,hangingPiece
DdRkP,6kr/ppn5/6r1/3pQ3/P1PPp1qP/1B4P1/5P1K/1R3R2 w - - 1 29,e5c7 g4h4 g3h4 h8h4,2450,mateIn2
1WZTh,8/8/3Kp3/3p1k2/2pP4/1pP5/1P6/8 b - - 3 55,e6e5 d6d5 e5e4 d5c4 f5f4 d4d5 e4e3 d5d6 e3e2 d6d7 e2e1q d7d8q,2451,promotion
2ck1J,2q1k3/8/p1PQp3/1pK1P3/1P3Pp1/P3p1P1/8/8 w - - 0 44,d6d1 c8c7 c5d4 c7d8 d4e3 d8d1,2451,skewer
02g0i,4k3/pp4p1/3PKp2/6pr/8/P2R1P2/8/8 b - - 2 36,g5g4 d6d7 e8d8 d3c3 h5e5 e6d6 e5d5 d6d5,2452,advancedPawn rookEndgame
0QUOf,5rk1/8/4pBp1/1p2Pq1p/p1p5/P3Q3/1b4PP/3R3K b - - 1 35,f5g4 d1d7 f8f6 e5f6 g4f5 d7d8 g8f7 e3a7 f7f6 d8f8,2452,exposedKing
3uYtm,rnbr2k1/ppp2p2/6p1/2N2qpQ/2B5/8/PP3PPP/R1B2K1R w - - 0 15,h5g5 d8d1 f1e2 d1h1 g5d8 g8h7,2452,skewer
WS38i,r4rk1/pp4pp/2b5/3Np2q/1Q1pP3/P6P/1P1B1nP1/R4RK1 b - - 3 22,f2e4 b4f8 a8f8 d5e7 g8h8 f1f8,2452,backRankMate
09rQA,8/1r6/2PK4/3Pp3/4k3/8/8/8 b - - 0 61,b7b4 d6c5 b4d4 c6c7,2453,advancedPawn rookEndgame
3OYlI,1r4k1/p3Q1b1/b1p2Npp/4P3/q7/5N2/6P1/2K4R b - - 1 26,g7f6 e7e6 g8f8 e6f6 f8e8 f6h8 e8d7 h8b8,2453,skewer
0slGH,r5k1/p1pq2p1/2p4p/2Pp1rn1/8/2N4P/PPQ2PP1/R4RK1 w - - 2 19,a1e1 g5f3 g2f3 f5g5 g1h2 g5h5,2454,kingsideAttack
39a93,r4rk1/ppp2ppp/2n2q1n/2bPp1NQ/2B3b1/3P4/PPP2PPP/RNB2RK1 w - - 1 9,h5h4 c6d4 h2h3 d4f5 h4g4 h6g4,2454,trappedPiece
0HsOs,5Q2/p7/8/K2q2p1/1P6/4k3/P7/8 w - - 1 42,f8c5 e3e4 a5a6 d5c5 b4c5 e4d5 a6b5 g5g4 c5c6 d5d6,2455,defensiveMove pin
0IeNw,1R6/6pk/1P5p/3P4/1r6/p6P/6P1/6K1 w - - 0 39,d5d6 b4a4 b8e8 a3a2,2455,advancedPawn rookEndgame
0si5r,r3kb1r/1bq2ppp/p2ppB2/2n5/3NPP2/1Bp2Q2/PPP3PP/2KRR3 w kq - 0 14,f3c3 g7f6 b3a4 e8d8,2455,hangingPiece
19XPl,3R4/p4p1k/4b1pp/4B3/5P2/1r4q1/6P1/3Q2K1 b - - 5 41,g6g5 d8h8 h7g6 f4f5 g6f5 e5g3,2455,discoveredAttack
00zu9,8/1p3p2/4p1k1/P2pPpPp/1p1P3K/1P5P/5P2/8 w - - 8 43,f2f3 f5f4 a5a6 f7f6 e5f6 b7a6,2456,pawnEndgame
1jus0,r6r/p2k1Qpp/1p1p4/8/4nB2/2P2bPq/PP3P1P/3RR1K1 b - - 1 22,d7d8 d1d6 e4d6 f4g5 d8c8 f7f3 c8c7 e1e7,2456,discoveredAttack
03Sv8,8/4k3/8/p4PP1/1bK4P/8/n1B5/8 b - - 0 53,a2c3 h4h5 c3e4 c2e4 b4d2 f5f6 e7e6 e4d5,2457,exposedKing
09gkF,1n1r3r/1kq1b1p1/1N2p3/1Pp5/Q2pb3/P3P1P1/1B4B1/2RR2K1 w - - 1 25,g2e4 b7b6 g1g2 e7h4 g3h4 h8h4,2457,hangingPiece
0LkJe,r6r/ppp2pkp/4b1p1/4Q3/5N2/8/PKP2PPP/3q1B1R b - - 1 16,g7g8 f4e6 f7e6 f1c4 d1d6 c4e6,2457,kingsideAttack
0V4h2,8/pp6/7Q/kNbr1b2/P7/2K1P1P1/1P3r1P/R3R3 w - - 6 32,h6h8 c5b4 c3c4 d5c5 c4b3 f5e6,2457,exposedKing
00VlM,1k6/1p2rp1p/1p4b1/1N1B4/2P2p2/3p3P/P2Rr3/2K2R2 w - - 4 34,f1f4 e2e1 c1b2 e7e2 b2c3 e1c1 c3d4 e2d2,2458,deflection exposedKing
0EXuq,8/8/8/3k2pp/4p3/1P2N1b1/P2K4/8 b - - 1 47,d5d4 e3f5 d4e5 f5g3 h5h4 g3e2,2458,defensiveMove fork
0sN8l,2k2r2/Qpp3pp/4b1P1/4p3/1P2P3/3P2q1/P1P3P1/R1B1KR2 w - - 3 27,e1e2 g3g2 f1f2 e6g4 e2e1 g2g1 e1d2 f8f2,2458,deflection
04tqS,8/8/2P5/P7/1r6/5pkP/8/4RK2 w - - 0 54,e1c1 b4b2 c6c7 b2h2 f1e1 f3f2,2459,advancedPawn rookEndgame
0wnGu,r2q1bk1/p4p1p/6p1/3b4/3Q4/1p3P2/PPP3PP/2KR3R w - - 0 20,d4d5 f8h6 c1b1 b3c2 b1c2 a8c8 c2b1 c8c1 d1c1 d8d5,2459,attraction
0HtrJ,2rr2k1/pp4p1/7R/2bpqbQ1/8/1B6/PPPB4/2KR4 b - - 4 29,c5e7 g5h5 g7h6 d1g1 g8h8 d2h6 e7g5 h6g5,2461,discoveredAttack
0PQbc,r1bk3r/ppN2pp1/8/3p4/1B3Pp1/3BP1q1/PPP3P1/R2Q1RK1 w - - 1 16,f1e1 g3h2 g1f1 h2h1 f1f2 g4g3 f2f3 h1h5 f3g3 h5h4 g3f3 c8g4,2462,kingsideAttack
0bc98,r4rk1/pbq1bp1p/1p2p2Q/6P1/7P/2PB4/P1P5/2KRR3 b - - 2 24,f7f5 h6e6 g8h8 e6e7 c7e7 e1e7,2462,kingsideAttack
0pa7q,8/2p5/1p6/pPPPppk1/P4pb1/8/2B3K1/8 b - - 0 60,g4h5 d5d6 c7d6 c5b6 h5f7 c2e4 f5e4 b6b7 f7d5 b7b8q,2462,deflection promotion
05gRn,8/p1p1Q1pk/K7/3r4/1p6/P3R1P1/1q6/8 b - - 1 41,b4a3 e7h4 h7g8 e3e8 g8f7 h4e7 f7g6 e7e4 d5f5 e8e6,2463,fork
1LOb3,8/8/8/5p1R/3r1k1K/7P/8/8 w - - 3 48,h5h6 f4f3 h4g5 f5f4 h6h4 d4d5,2463,discoveredAttack
1cAWb,2Q1kr2/3r2q1/pb2n1p1/1p2P2p/8/P4n1P/1P4P1/3R1R1K b - - 1 41,d7d8 c8e6 g7e7 e6g6,2463,hangingPiece
0UBYz,8/8/p5pp/3k4/1p1p1PPP/1P1K4/P7/8 b - - 0 37,a6a5 h4h5 g6h5 g4h5 d5c5 d3e4 a5a4 f4f5,2464,pawnEndgame
0VSUR,2k4r/Qpp2pp1/4p1qp/1P6/2P5/2b3Pb/P6P/R3R2K b - - 0 24,c8d7 a1d1 d7e7 a7a3 c3b4 a3b4,2464,fork
3RuRC,Q4rk1/1bq3pp/p3pb2/2n5/1p1N4/7B/PPP4P/1K1RR3 w - - 1 22,a8a7 f6d4 d1d4 f8a8 a7a8 b7a8,2465,trappedPiece
0pDkf,r1bq2k1/4bp2/pp1ppprB/7Q/4P1R1/PNN5/1PP3PP/6K1 b - - 2 24,d8e8 g4h4 e7f8 h6f4 f8g7 h5h7 g8f8 f4d6,2466,kingsideAttack
1CIHP,8/1p1P2kp/8/1p1Q4/2n4r/n3q2P/6PK/2R5 b - - 0 35,c4b6 d5g8 g7g8 d7d8q g8f7 c1c7,2466,promotion
1G3ar,r2qk2r/ppp2pp1/3b1n2/6B1/3nP2p/2N2BP1/PPP4P/R2QK2R b KQkq - 1 11,h4g3 d1d4 g3g2 d4a4,2466,hangingPiece
021N7,6k1/2p2p1p/2Qb4/p7/P2P1ppq/1NP2P2/1P4PP/4rRK1 w - - 0 24,b3a5 h4e7 c6a8 g8g7 a8e4 e1e4,2468,defensiveMove
03W0F,3k4/p2P3N/3Rb3/5p2/8/P1p4P/r4PP1/6K1 w - - 0 38,d6e6 c3c2 e6e1 a2b2 g1h2 b2b1 e1e8 d8d7,2468,advancedPawn
092Dc,2r2r1k/8/7p/4Q3/5p2/4pP2/P2b2q1/1R1K1R2 b - - 4 37,h8h7 b1b7 f8f7 e5f5 h7h8 f5c8,2468,pin
0sbXH,r3r1k1/1bp2pp1/p2n2qp/1pQ3B1/1P6/N1PP1N1P/P4KP1/3R3R w - - 0 20,g5f4 e8e2 f2e2 g6g2 e2e1 b7f3,2468,attraction deflection
1JHyb,r3r1k1/1p3pbp/p2p4/2pPn2p/P3PP1q/2N4b/1PQN2P1/R1B2R1K w - - 0 17,f4e5 h3g4 h1g1 g7e5 d2f3 g4f3,2468,discoveredAttack
3V3qy,7Q/1pp1k1p1/p3q3/4p3/8/2P1P2P/PP1r2P1/R5K1 w - - 3 26,h8b8 e6c6 e3e4 c6b6 g1h1 d2d8 b8d8 e7d8,2468,trappedPiece
0SL13,8/4bk1Q/p5p1/1p3p2/3Pp3/P3P1P1/1P1B3K/q7 b - - 1 37,f7f6 d4d5 a1b2 h7h8 f6f7 h8b2,2469,skewer
0nLNQ,8/8/8/8/1p1K4/pk1N4/8/8 w - - 0 47,d4c5 a3a2 d3c1 b3c2 c1a2 b4b3 a2b4 c2d2 c5d4 b3b2 b4d5 b2b1q,2469,promotion
7sIQ0,5R2/2R1p2p/2bpk1p1/1p6/1r6/4KP2/2r1N1PP/8 b - - 3 40,b4b2 e2f4 e6e5 c7e7,2469,mateIn2
0efCP,8/PK6/3Rn2p/5k2/1P4p1/8/8/r7 b - - 1 44,h6h5 d6d5 f5g6 d5a5 a1f1 a7a8q,2470,promotion
0hmf1,6k1/p1p2r1p/3pn1p1/8/1P4q1/8/PBPQ2P1/RN4K1 w - - 0 20,b1c3 e6g5 a1f1 g5h3 g1h2 f7f1,2470,deflection
1B6oB,2k5/6pp/1KP2p2/4r3/2B5/8/8/8 b - - 2 50,e5e8 c6c7 e8e5 c4a6 c8d7 c7c8q,2470,promotion
0IMuN,6bk/pp2Q1p1/2p1B2p/2P5/1P1r4/4RKbP/P5Pq/2B2R2 w - - 7 34,e7f8 d4f4 f8f4 g3f4 e6g8 h2g3 f3e2 f4e3,2471,exposedKing fork
0BatK,Q7/8/8/3P4/PN6/2P3kP/4K1b1/5q2 w - - 0 50,e2e3 f1f2 e3d3 g2f1 d3e4 f2f4,2472,exposedKing
0Wmy3,5rk1/pp2Q1p1/4p1Pp/3pPr2/2q2P2/2P4R/1P3R2/6K1 b - - 7 36,f5f4 e7e6 g8h8 h3h6 g7h6 g6g7 h8g7 f2g2 f4g4 g2g4 c4g4 e6g4,2472,attraction fork
111Pi,rnb5/ppp1Qp2/3p1nk1/8/3P4/2N2Pp1/PPP1P2q/2KR1BN1 w - - 0 17,e2e3 b8c6 e7c7 f6e8 c7c6 b7c6,2472,trappedPiece
uTbfL,3r1rk1/1p3Rpp/p3p1n1/4q3/b1BN4/6P1/P4Q1P/5R1K b - - 0 23,e5d4 f7f8 g6f8 f2f7 g8h8 f7f8 d8f8 f1f8,2472,backRankMate
0DKsN,rnbqk2r/pppp2pp/5P2/2b5/2B5/5p2/PPPP2PP/RNBQK2R w KQkq - 0 7,f6g7 d8h4 g2g3 f3f2 e1f1 h4h3 f1e2 h3g4,2473,advancedPawn fork
0I9GF,r2q1rk1/1b3ppp/1p2p3/p2pN1P1/1b1PnP2/1P1BP3/7P/1RBQ1RK1 b - - 1 16,e4c3 d3h7 g8h7 d1h5 h7g8 f1f3,2473,attraction kingsideAttack
0Vsmi,rnb1nrk1/pp2b1p1/2p1p3/5qPQ/2P5/2N1B3/PP3PP1/2KR3R b - - 2 16,b8d7 g2g4 e8f6 h5h8 g8f7 g4f5 f8h8 h1h8,2473,kingsideAttack
0VtXT,8/5p2/p5p1/1p2k2p/2p1P3/2P1K2P/PP4P1/8 w - - 0 32,h3h4 f7f6 e3f3 g6g5 h4g5 f6g5,2473,pawnEndgame
1CwSd,8/4n3/p2pPk2/2p2Pp1/2P1P3/1r1BK3/r7/4R2R b - - 3 38,a2a3 e4e5 f6e5 e3d2,2473,discoveredAttack
0B4kv,3r4/5kpp/P2b2p1/1B6/4R3/1P3n2/3P1PKP/8 b - - 1 30,f3d2 e4e8 d8e8 b5e8 f7e8 a6a7,2474,advancedPawn
4Tk2y,5k1r/p4pp1/8/2b5/4q1p1/P4N2/1PPP1PP1/R1BQ1RK1 w - - 0 17,f3g5 e4f4 g5h3 h8h3 g2h3 f4g3 g1h1 g3h3,2474,trappedPiece
0DVty,8/8/8/p1k3pp/3p4/P2K1PPP/8/8 w - - 1 42,h3h4 g5h4 g3h4 a5a4 f3f4 c5d5,2475,defensiveMove pawnEndgame
0VkzC,8/q3ppkp/1R1p2p1/P1rP4/1Q6/1P5P/5PP1/6K1 w - - 3 29,b6b7 c5c1 g1h2 a7f2 b7e7 f2g1 h2g3 c1c2 e7f7 g7f7,2475,deflection
0aY2n,6r1/Q6R/5pkp/6p1/6P1/5P1P/5K1q/8 w - - 5 42,f2e3 h2g1 e3e2 g8e8 h7e7 g1a7,2475,pin
0nzW8,r4b1r/p1qp3p/1p3Q2/1PpkP3/8/8/6PP/2R3K1 b - - 9 30,c5c4 f6f7 d5e5 c1e1 e5d6 f7f4 d6c5 f4c7,2475,deflection
0ca2W,1r4k1/6pp/p2Pp3/B2bP3/P3pP1q/4P3/3QB1PP/6K1 w - - 0 29,e2a6 b8b1 a6f1 d5c4 d2f2 h4f2 g1f2 b1f1,2476,attraction
3NzLk,1r1n1Q2/5p1p/2kNp1p1/3pP3/pqpP2P1/7P/5PK1/R7 b - - 1 38,c4c3 a1a4 b4a4 f8e8 c6b6 e8a4,2476,skewer
05F1i,rnb2rk1/pppp1ppp/8/4P3/2B1n2q/1Q4P1/PB3P1P/R3K1NR b KQ - 0 11,e4g3 f2g3 h4e4 e1f2,2477,defensiveMove
1u4gJ,3r1k2/1bp2p1p/p4p2/1pP5/8/2P1qPQ1/PP2r1PP/RN3R1K w - - 0 20,g3c7 e3f2 c7d8 f8g7 d8h8 g7h8 f1f2 e2e1 f2f1 e1f1,2477,backRankMate
PVqrN,r1bqr1k1/p5pp/2pB4/2Ppp1PQ/7P/2PBn3/P7/R4RK1 b - - 1 20,e5e4 h5f7 g8h8 d6f8 e3f5 f1f5 e8f8 f7f8 d8f8 f5f8,2477,backRankMate
0gbVy,7r/8/1p1p1k2/p1pPpPp1/4P1P1/1P4Pr/1P4K1/R4R2 w - - 3 34,f1h1 h3h1 a1h1 h8h1 g2h1 b6b5 h1g1 c5c4 g1f1 c4c3 b2c3 a5a4 b3a4 b5a4 f1e1 a4a3,2478,rookEndgame
1S3UV,8/k7/1p6/pKp4P/P4B2/1P3B2/8/5r2 w - - 1 45,h5h6 f1f3 h6h7 f3b3 b5c6 b3h3,2478,hangingPiece
01W7X,8/1R6/p1r1k3/2P2p2/1P6/1K6/3R4/r7 b - - 2 48,a6a5 d2e2 e6f6 b7b6,2479,rookEndgame
0dz2E,6k1/p5pp/2b5/2P2p2/4p3/1P2Q1P1/Pq1p3P/3R3K w - - 2 30,d1d2 b2c1 h1g2 c1d2 e3d2 e4e3 g2f1 e3d2,2479,attraction discoveredAttack
47rHB,r4rk1/6p1/4p1P1/1q1p2p1/p1pP4/P1Q5/1P3P2/2KR3R b - - 1 25,f8f6 c3h3 f6g6 h3h8 g8f7 h8a8,2479,skewer
0tXpV,r4rk1/B4ppp/4bn2/4p3/1pP1P3/1P3P2/2K1Q2P/3R1N2 w - - 1 28,a7c5 a8a2 c2d3 f8d8 d3e3 f6g4 f3g4 a2e2 e3e2 e6g4,2480,attraction
1OXXk,6r1/4P3/8/7K/1P6/2P5/P3kp2/3R4 w - - 5 49,d1h1 g8h8 h5g6 h8h1,2480,skewer
2JjA8,1k1r4/1p6/p1p2p2/4nN1p/4PBR1/P7/1PP1KP1q/6R1 b - - 1 31,h2h3 f4e5 f6e5 g4h4 h3h4 f5h4,2481,trappedPiece
03Idr,r1b2k1r/p1bp2p1/1pn4p/2p2q2/4N2N/1Q6/PP3PPP/R1B1R1K1 b - - 3 15,f5g4 e4g5 c7h2 g1h1,2482,defensiveMove
0DuJ3,r2q1rk1/pp2bpp1/3p1n1Q/3Np3/2BpP3/3P1b2/PPP2P1P/R3K1R1 b Q - 0 14,f6h5 e1d2 f8e8 g1g7 h5g7 a1g1 e7f8 d5f6 d8f6 h6f6,2482,fork pin
0ndX0,r3r3/1pp2p1k/7p/p4P2/1b2P2R/1P1p2Q1/1qP3PP/5R1K b - - 3 25,d3c2 h4h6 h7h6 g3h4 h6g7 f5f6 b2f6 h4f6,2482,attraction
0tCXb,3r3r/pppqnpp1/3b2k1/nP1p2N1/3P2P1/2PQ4/P4P2/R1B1R1K1 b - - 2 19,g6f6 g5h7 h8h7 g4g5,2482,mateIn2
1WXCT,r4r2/pR1bppk1/2pp2p1/7n/2B1P2P/q1N2P2/P1PQ4/4K2R b K - 3 17,a8b8 b7d7 h5f6 d7c7,2482,hangingPiece
1ZXbh,r1bq1rk1/pp1n1pbp/3Np1p1/n3P3/3P4/1B3N2/PP4PP/R1BQ1RK1 w - - 5 15,d6f7 f8f7 b3e6 d7e5 e6f7 e5f7,2482,hangingPiece
09psW,1k1r4/pp3pp1/1b6/5Q2/3P1P2/1PB1r1q1/PKR5/7R w - - 1 34,f5f7 e3c3 c2c3 g3g2 b2a3 g2h1,2483,fork
09whl,2r3k1/5p1q/p4Q2/1P4pp/P2Rp1P1/3p3P/5P2/6K1 b - - 0 36,a6b5 d4d5 h7g6 d5g5 g6g5 f6g5,2483,pin
0NG4f,r4rk1/1bq2pbp/2n1p3/1BN2p2/3p4/P4N2/4QPPP/2R1R1K1 b - - 2 26,a8c8 c5b7 c7b7 b5a6 b7a8 a6c8,2484,skewer
BjPny,5Q2/8/1P6/8/8/4kbBp/1r5K/8 w - - 5 63,h2g1 h3h2 g3h2 b2b1,2484,mateIn2
CKeTq,8/P1Q3b1/5nk1/8/6p1/2B2p2/1Pq1r1P1/R5K1 w - - 2 33,a7a8q e2e1 a1e1 c2g2,2484,mateIn2
11vZK,5rk1/4R2p/Q5p1/1p6/2rP4/7P/P4q2/6RK b - - 1 32,f2d4 a6e6 g8h8 e7h7 h8h7 e6g6 h7h8 g6h6,2485,attraction
1YUgt,8/7p/6p1/p2n4/2p1K1PP/2k5/5P2/3B4 b - - 4 51,c3d2 e4d5 c4c3 d5c4 d2d1 c4c3,2485,hangingPiece
0HvAk,r4rk1/ppp2p1p/1bnp2q1/3NPR2/2BP4/3QP2P/PP4P1/6K1 b - - 2 19,a8e8 d5f6 g8h8 f5h5 g6h5 f6h5,2486,fork
0R7v5,8/5p1k/p1qB3b/4Pbp1/8/4Q1P1/3R1P1P/6K1 w - - 4 37,d6e7 c6c1 g1g2 f5h3 g2h3 g5g4 h3h4 h6e3,2486,attraction discoveredAttack
1RiuC,8/8/8/p5p1/1pPk2Pp/1P1P1K1P/8/8 b - - 0 56,d4d3 c4c5 a5a4 c5c6 a4a3 c6c7 a3a2 c7c8q a2a1q c8c4 d3d2 c4b4 a1c3 b4c3,2486,promotion
0ObD2,5r1k/7r/q1p1p3/p2nQ3/3P2N1/2P4P/5P2/1R5K b - - 7 36,h8g8 g4h6 h7h6 b1g1 g8f7 g1g7 f7e8 e5b8 a6c8 b8c8,2487,exposedKing
0iA80,rn2kb1r/pp3ppp/4pn2/2q1N3/8/4PQ2/PP3PPP/RNB1K2R w KQkq - 0 11,f3b7 c5c1 e1e2 c1h1 e5c6 b8c6,2487,hangingPiece skewer
1JZ9s,r1bq1rk1/4bp2/p4n1p/2pp2N1/5Q1B/2N5/PPP1RPPP/R5K1 b - - 0 15,h6g5 f4g5 g8h7 e2e7 d8e7 c3d5 f6d5 g5h5 h7g8 h4e7,2487,discoveredAttack
46GGJ,7r/p7/2p2R2/P3k3/3PN3/4K2p/1PP3q1/R7 b - - 0 34,e5d5 e4c3 d5c4 a1a4,2487,mateIn2
02yjQ,r2q1rk1/pp2pp2/3p3p/6p1/2P1P3/Pn1Q1PP1/1P3P2/RB2K2R b KQ - 2 20,b3a1 e4e5 f7f5 e5f6 f8f6 d3h7 g8f8 b1g6 f6g6 h7g6,2488,kingsideAttack
0A05m,5rk1/pp4p1/7p/3pp2Q/P2n4/2Pbq2N/1P1N1bPP/R1BK3R w - - 1 21,c3d4 f8c8 d2c4 d3c2 d1c2 c8c4 c2b1 e3d3 b1a2 c4a4,2488,attraction exposedKing
0AByd,8/8/8/p7/1b3B2/3r1Q2/2k2PK1/8 w - - 9 57,f3d3 c2d3 f4e5 a5a4 f2f4 a4a3 f4f5 d3e4 e5a1 e4f5,2488,hangingPiece
2vCMP,1k4r1/p1pR4/1pp5/2b1BB2/4P2p/7P/q1P2PP1/5RK1 b - - 3 27,c5d6 f1a1 a2c2 e5d6 c7d6 d7a7 b6b5 a7a8 b8c7 a8g8,2488,skewer
00RPk,8/2p5/5ppp/1PkP4/p4PPP/P1K5/8/8 b - - 0 39,c5b5 c3d4 c7c5 d5c6 b5c6 d4c4,2490,defensiveMove pawnEndgame
0DM9X,r1bq2k1/ppp2pb1/3p2Q1/2n5/2BN1P2/4r3/PPPK2P1/R6R b - - 1 16,d8e7 c4f7 e7f7 h1h8 g8h8 g6f7,2490,deflection kingsideAttack pin
0QqEW,R7/7p/8/7P/1k4PK/pr6/8/8 w - - 1 52,a8b8 b4c3 b8a8 c3b2 h4g5 b3b6,2490,rookEndgame
0aBKA,2R5/5k2/2P4p/2r3p1/6P1/p2K3P/8/8 w - - 4 53,d3d4 c5a5 c6c7 a3a2 c8f8 f7e7 f8e8 e7d6,2490,rookEndgame
1iio6,r1b2rk1/pp3ppp/3b1q2/2p1n3/8/2PP1NP1/P1PB2BP/R2Q1RK1 b - - 1 13,c8g4 f3e5 g4d1 f1f6 g7f6 e5c4,2491,discoveredAttack
DCuJ3,5B1k/Q1pK2pp/4r1b1/8/3P1q2/2P2P2/P5PP/R5NR w - - 1 22,d7e6 f4f7 e6e5 f7f5,2492,mateIn2
03LwQ,1r6/7p/3P2p1/2P5/6k1/4p1P1/5pP1/R4K2 w - - 4 45,c5c6 b8b2 c6c7 g4g3 a1a3 b2b1,2493,rookEndgame
0NjT4,2r1r1k1/1p3pPp/pq6/3N3P/3p3Q/P2npP2/1P2R1K1/5R2 b - - 1 29,b6e6 d5f6 g8g7 f6e8 c8e8 h4d4,2493,fork
6Qb48,rn4k1/ppp2r1p/1b5q/4Q1N1/3P1P2/2P5/PP5P/2K3R1 b - - 0 24,b8d7 e5h8 g8h8 g5f7,2493,mateIn2
16y9M,5Qbk/p5p1/7p/1p6/2pp4/1P2b1P1/P1K3P1/8 w - - 0 35,f8a8 d4d3 c2c3 b5b4 c3b4 e3d2,2494,attraction
02ZOs,2R5/8/8/1p6/nk6/1p6/1K6/8 w - - 8 55,b2b1 b4a3 c8c6 b3b2 c6a6 a3b3 a6a4 b3a4 b1b2 a4b4,2495,advancedPawn defensiveMove
07KPd,Q7/1rr2qpk/2P1pp2/3p4/3P2P1/p2R1P1p/P6P/2R3K1 w - - 2 40,c6b7 c7c1 g1f2 f7c7 b7b8q c7c2 f2g3 c1g1 g3h4 c2f2,2495,fork hangingPiece
0HtTd,2rb1k1r/2p1Bppp/p1Q1pq2/1p6/2p2P2/2N5/PP4PP/R3R1K1 b - - 0 19,f6e7 c6b7 c7c6 b7c8,2496,trappedPiece
0OScd,8/8/3k1p2/4b2R/2R4P/1P1B1Kr1/2P4r/8 w - - 1 46,f3e4 f6f5 h5f5 h2h4 f5f4 h4f4,2496,deflection
0VsqQ,r4rk1/ppp3p1/8/3P2R1/7P/8/q1PQ2P1/6RK b - - 0 22,a8d8 d2c3 f8f7 g1a1 a2d5 g5d5,2496,trappedPiece
0Yitd,1r3n2/R1p1k1pp/2B1b3/1P1PP3/8/8/3n2PP/6K1 b - - 1 25,e6g4 d5d6 e7e6 d6c7 b8c8 b5b6,2496,pin
0DQGU,6k1/1p3p2/p7/P1N3p1/3PP3/5K1p/7q/5Q2 w - - 0 53,f1f2 h2f4 f3e2 h3h2,2497,advancedPawn
0EUim,3Rbk2/q7/5Bpp/1BP5/1p6/4PP1P/6P1/6K1 b - - 6 41,a7c5 b5e8 c5e3 g1f1,2497,defensiveMove
09HXJ,8/4k1p1/1p6/p1p2PP1/P2p2K1/1P3R2/8/4r3 b - - 7 38,e1e3 f3e3 d4e3 g4f3 b6b5 a4b5,2498,rookEndgame
0PCso,r6k/2q1p2p/p1p5/2p5/2PNnb1Q/7P/PBP5/6RK b - - 0 28,c5d4 b2d4 f4e5 h4f4 e5d4 f4c7,2498,pin
04yi1,R7/7k/5K2/4P3/6r1/7p/8/8 w - - 0 51,a8a3 g4g6 f6f7 h3h2 a3h3 g6h6 h3h2 h6h2 e5e6 h2f2,2499,advancedPawn rookEndgame
06BFo,r7/4k3/p3p3/1p2K3/1P3P2/P2R4/8/8 b - - 4 39,a6a5 d3h3 a8a6 h3h7,2499,rookEndgame
0HWsC,5rk1/6pp/1pp5/3pb3/4n3/1PN2Q2/P5PP/R6K w - - 4 22,f3e3 e4f2 h1g1 e5h2 g1h2 f2g4 h2g3 g4e3,2499,attraction fork
0NTHi,8/8/p2k4/1p2p3/2P1K1p1/P4P2/8/8 w - - 0 39,c4b5 g4f3 e4f3 a6b5 f3e4 d6e6,2499,pawnEndgame
7AHSr,6k1/2p3p1/5q1p/3Pn3/PP1KBp2/2N2P2/1B3Q2/8 w - - 5 40,f2g2 f6b6 d4e5 b6f6,2499,mateIn2
1akb6,4kr2/p6Q/2n1q2p/3p3P/4N2B/3nP3/Pr3PP1/3R1K1R w - - 0 24,d1d3 b2b1 f1e2 b1h1 h7g6 e6g6,2500,skewer
D65dt,r1b4k/pp2b1pB/1q2p3/3pn2Q/1P1P4/P4r2/1B3P1P/R3K2R b KQ - 1 19,e7g5 h7f5 g5h6 h5e8,2500,mateIn2
4YRBL,r1bq1rk1/ppp3p1/1bn4B/4pp1Q/4N3/3P2NP/PPP2PP1/R4RK1 w - - 0 15,e4g5 d8f6 g5h7 f6h6 h5h6 g7h6,2501,trappedPiece
0DoNL,5k2/1R6/7p/4KP1P/8/8/8/7r b - - 0 53,h1h5 e5e6 h5h1 b7b8 f8g7 f5f6 g7g6 b8g8,2502,exposedKing rookEndgame
0Vs1H,r1bq1rk1/4ppb1/3p3p/p1nP2P1/2P5/2NB1NP1/6P1/2RQ1RK1 b - - 0 19,h6g5 f3g5 f7f5 d1h5 f8f6 h5h7 g8f8 d3f5,2502,kingsideAttack
0ien1,4r1k1/p1p2pp1/2nq3p/4p3/2RP1r2/P1B1R1QP/5PP1/6K1 b - - 2 29,c6d4 g3f4 e5f4 e3e8 g8h7 c3d4,2502,kingsideAttack
AZkjs,5r2/ppb3k1/6p1/3pq3/2p3Q1/2P1P2R/PP1B2PP/6K1 w - - 0 30,e3e4 e5h2 h3h2 c7b6 d2e3 b6e3 g1h1 f8f1,2503,backRankMate
1RQmf,6k1/pp1b3p/4p1p1/2r4P/3q4/1B6/PP3PP1/3Q2KR b - - 2 25,d4b2 d1d7 b2a1 b3d1,2505,hangingPiece
3yavQ,r2qk2r/ppp2ppp/2b1pn2/4n3/1Q6/P1N1B2P/1P3PP1/R3KBNR w KQkq - 2 13,e3d4 a7a5 b4c5 f6d7 c5e5 d7e5,2505,trappedPiece
135Vd,8/7r/1r4k1/pB1R2p1/P1Pp1pP1/1P1PpK2/7P/4R3 w - - 4 39,e1e2 h7h3 f3e4 f4f3 e2e3 d4e3 e4e3 b6e6,2506,attraction
0eIDy,8/1p6/p1pR2n1/4p1k1/PP2PrB1/N1PPb1KP/3r4/R7 w - - 11 35,a3c4 f4g4 g3f3 g4g3 f3g3 e3f4 g3f3 g6h4,2507,attraction
rT0JM,3R4/6pk/1p2r3/p1b5/8/1P2PQ2/P1q3PP/B5K1 w - - 2 33,f3g4 c2c1 d8d1 c1e3 g1h1 e3e1 d1e1 e6e1,2508,backRankMate
0V22H,6k1/4r1bR/4p3/pB1pP3/1q3P2/1P3p2/PQ6/1K4R1 b - - 0 34,g8h7 b2c2 h7g8 c2c8 g8f7 b5d3,2509,exposedKing
0qWJK,rn1q2k1/pbpp2pp/1p2p1r1/5p2/P1PPn3/2PBPN2/2Q2PPP/R1B2RK1 w - - 1 12,a4a5 e4d2 e3e4 d2f3,2509,kingsideAttack
0B1Wu,2r2rk1/1p3p2/4b1p1/6PR/2p5/1P4Q1/P3PP2/2K2B2 w - - 0 22,h5h6 c4b3 c1b2 c8c2 b2b1 b3a2 b1c2 a2a1q g3c3 e6f5 e2e4 f5e4,2510,advancedPawn discoveredAttack exposedKing promotion
0PFzE,8/R7/4N1p1/5n2/3p2k1/3Kp2p/8/8 w - - 0 52,e6d4 f5d4 d3e3 h3h2,2510,advancedPawn
nwIhg,5rk1/ppb3p1/5r1p/4q3/2p1P1Q1/2P4R/PP1B2PP/R5K1 w - - 1 22,d2h6 e5h2 h3h2 c7b6 h6e3 b6e3 g1h1 f6f1 a1f1 f8f1,2511,backRankMate
06F9M,8/1R6/P5pk/1K1B4/8/8/7p/3r4 w - - 2 55,b5c5 d1d5 c5d5 h2h1q d5c5 g6g5,2512,advancedPawn attraction defensiveMove promotion
0Ecd1,1r1q2k1/n4ppp/4p3/pP2N3/QpP5/3P4/5PPP/1R4K1 w - - 0 29,c4c5 a7b5 e5c6 b5c3 c6d8 c3a4,2512,fork
0QZR9,3r1k2/p5p1/1p1PB2p/2p1p3/2P5/1Pr5/P2R2PP/4K3 b - - 1 35,g7g5 d2f2 f8g7 e1d2 d8d6 e6d5 c3c4 b3c4,2512,trappedPiece
0jmc8,5b2/2p4k/1p4qp/3Pp3/4PnP1/P4P2/2r1N2Q/R4RK1 w - - 2 33,e2f4 f8c5 f1f2 c2f2 f4g6 f2a2,2512,discoveredAttack
0eTPU,r5kr/1b2p1bp/p1qpNp2/8/1p4Q1/8/PPP2PPP/R4RK1 b - - 5 20,g8f7 g4g7 f7e6 f1e1 e6d5 e1e7 a8g8 g7f7 d5c5 e7c7 g8g2 g1f1,2513,deflection
08gpp,8/1p6/p7/2P3k1/4K2p/P6P/8/8 b - - 5 46,a6a5 e4e5 a5a4 e5d6 g5f4 d6c7,2514,pawnEndgame
07QdJ,3r4/3q1p1k/1r1PpQp1/7p/1pB5/1P3RP1/5PP1/6K1 b - - 10 33,h7g8 c4e6 f7e6 f6g6 d7g7 g6e6 g8h8 f3f5 b6d6 f5h5,2515,deflection
0Anwy,4rrk1/1p4p1/1q2pP1p/1bbp1n1P/p1n2BNN/P1PB3R/1P2QPP1/1R2K3 b - - 0 23,f5h4 g4h6 g8h8 f6g7 h8g7 h3g3,2515,advancedPawn attraction kingsideAttack
1XXnu,rn1qkb1r/p2b1ppp/4pn2/1p2N3/2pP1B2/2N1P3/1P3PPP/R2QKB1R b KQkq - 3 9,f8b4 d1f3 f6d5 e5f7 e8f7 f4g5,2515,discoveredAttack
0AaTE,3q2k1/p1r3pp/4p3/2rpQp2/2p5/6RP/P4PP1/1R4K1 b - - 3 32,c4c3 b1b8 d8b8 g3g7 c7g7 e5b8 g8f7 b8a7 f7f6 a7c5,2516,fork pin
0NYvL,4R3/1p4kp/2p2p2/p4q2/6n1/2P5/PP4Q1/5K2 w - - 0 42,f1g1 f5b1 g2f1 b1g6 e8e1 g4e3,2516,discoveredAttack
3yGRE,8/2r5/4p1pk/1p1p1p2/pPrP1R1P/P1P2R2/3K1PP1/8 w - - 0 40,g2g4 g6g5 h4g5 h6g5 g4f5 e6e5 f4h4 g5h4,2516,trappedPiece
DjKe9,8/p2rq3/1p1k1n1Q/3p1P2/4p3/P7/6PP/2R4K b - - 0 37,e4e3 h6f4 e7e5 f4b4,2516,mateIn2
0HU3d,r1bq1rk1/pp3ppp/2n1p3/2b1P3/P7/2PB1N2/5PPP/R1BQ1RK1 w - - 1 13,d3h7 g8h7 f3g5 h7g8 d1c2 g7g6,2517,defensiveMove hangingPiece
1Hiio,6r1/1pQ3bk/8/p7/3p4/6rP/P3q3/1R3R1K b - - 1 39,g3g1 f1g1 e2e4 h1h2 h7h8 b1e1,2517,hangingPiece
1T8Vj,6k1/4p2p/5pP1/3PqN1Q/8/6P1/5P1K/2q5 b - - 1 42,h7h6 f5h6 g8f8 h6f5 f8e8 g6g7,2517,discoveredAttack
00H5n,8/5Rpk/3p3p/p1qPp3/P3n3/5N1P/1Q3PPK/2r5 b - - 0 35,e4f2 b2b7 c1h1 h2g3 f2e4 g3g4 e4f6 f7f6 c5b4 b7b4,2518,pin
0opSo,5r2/p2nk3/1pQN2p1/4q3/7p/4p2P/PPP3P1/1K1R4 b - - 0 30,e3e2 d6c8 f8c8 c6d7 e7f6 d1d6 e5d6 d7d6,2518,exposedKing
14A8U,8/6p1/2R5/r3KBkp/4P1p1/8/8/8 w - - 4 54,e5e6 g7g6 f5g4 h5g4,2519,trappedPiece
01zXk,6k1/5p2/4p1r1/2Q3P1/7P/8/r7/6K1 b - - 0 49,f7f6 c5c8 g8h7 c8b7 h7h8 b7b1,2520,exposedKing
0Hxew,8/5p2/6p1/8/7K/5P1P/1k6/8 b - - 0 46,b2c3 h4g5 c3d4 f3f4 d4e4 h3h4 e4f3 f4f5 f3g3 f5f6 g3h3 h4h5 g6h5 g5h5,2520,pawnEndgame
06vuB,r3nrk1/1pqbp1bp/p2p2p1/4n3/4P1P1/1NN1BP2/PPPQB3/R3K2R w KQ - 0 15,e3h6 e5f3 e2f3 g7c3 b2c3 f8f3,2522,fork pin
0HZj3,8/pb5k/1p3Ppp/2p3q1/2Bp4/P2P3Q/1PP1r1PP/5RK1 w - - 5 28,f1f2 g5c1 f2f1 c1e3 h3e3 e2g2,2522,deflection kingsideAttack
0sBdy,3r1rk1/ppqn1ppb/6Np/3B2bP/8/4P1N1/PP1Q2P1/R4RK1 b - - 2 21,c7g3 f1f7 h7g6 f7f3,2522,discoveredAttack
0bZsE,2rq1r1k/pb3ppB/1pn2b1p/4p1N1/3P3P/2P2N2/PPQ2PP1/R3K2R w KQ - 2 16,h7g8 e5e4 c2e4 f8e8 f3e5 h8g8,2523,fork pin
06rFK,5k2/8/3KP3/5P2/8/5n2/5P2/8 b - - 7 52,f8e8 f5f6 e8f8 f6f7 f3h4 e6e7 f8f7 d6d7,2524,advancedPawn defensiveMove exposedKing
1mUlv,2rr2k1/pp3ppp/2N1p3/8/1n2N3/8/PPPR1PPP/2K1R3 b - - 0 17,d8d2 c6b4 d2d4 a2a3,2525,hangingPiece
1M4Vb,rn1q1r2/pp3pp1/3b2k1/2p2bN1/3p4/5Q2/PPP2PPP/R1B1R1K1 b - - 5 14,b8c6 h2h4 d8d7 h4h5 g6h6 g5e6 h6h7 f3f5,2526,discoveredAttack
0F6at,8/8/7p/3k4/1K1Ppp2/4P3/1P5P/8 w - - 0 38,e3f4 e4e3 b4c3 d5e4 d4d5 e4f3 d5d6 e3e2 c3d2 f3f2,2528,advancedPawn defensiveMove pawnEndgame
0bhT5,r2q1rk1/1R5p/4Rpp1/p2n4/2Qp4/2P2P2/P5PP/6K1 b - - 0 26,d4c3 e6e7 d8e7 c4d5 e7f7 b7f7 f8f7 d5a8,2528,deflection pin
08xwJ,1n4r1/pN2kp1p/2p5/3pPp1Q/4q3/5P2/P6P/5R1K b - - 0 24,e4e2 h5h4 e7d7 e5e6 d7e6 f1e1,2529,pin
0Wg34,1rr1b1k1/2q4p/4pBp1/2PpPn1P/2nP1P2/2RQ1B2/1p2N2K/1R6 b - - 1 39,g6h5 f3d5 e6d5 d3f5 e8g6 c3g3,2530,deflection pin
052VG,2r3k1/pb2n1pp/1p2p1r1/4Ppq1/3P3P/1QP1pRB1/PP2B1PK/R7 b - - 0 25,g5g4 f3e3 b7f3 e3f3 f5f4 h2g1,2531,defensiveMove
1CLwQ,r7/PR6/1P4pk/1Kb2p1p/8/2B2p2/1P4PP/8 b - - 1 46,f3g2 h2h4 g2g1q c3g7 h6h7 g7d4,2532,discoveredAttack
3fwuV,1k6/1p1r2p1/P4bp1/1R6/1B1pp2r/2p4P/2P2PP1/R5K1 b - - 2 31,d4d3 b4d6 d7d6 a6b7 h4h8 a1a8 b8c7 a8h8 d6d8 h8d8,2532,skewer
0QU25,1k3r2/1pp1r2p/8/1n2Npp1/3P4/3R1P2/6PP/R5K1 b - - 3 32,b5d4 d3d4 e7e5 d4a4 b7b5 a4a8 b8b7 a8f8,2533,skewer
0Qlv0,6k1/6q1/p4p1Q/1p3P2/2bBp1r1/2P4R/P4K2/8 w - - 2 40,d4f6 g4g2 f2e3 g2e2 e3f4 e2f2,2533,exposedKing
0s9eK,r2qr1k1/4bppp/p3pn2/3pB3/1p1P4/2PB2RP/PP3PP1/R2Q2K1 b - - 1 16,b4c3 g3g7 g8g7 d1g4 g7f8 g4g5,2533,attraction kingsideAttack
0xV1B,2r3k1/pbR1r3/1p4p1/3qp1Qp/1B1pRn2/P2P4/1P3PPP/6K1 w - - 0 26,c7e7 c8c1 b4e1 c1e1 e4e1 f4h3 g1f1 h3g5,2533,kingsideAttack
0VRmh,8/8/p5p1/6K1/2pp4/3k4/PP1B4/8 w - - 4 47,d2e1 d3e2 e1a5 d4d3 g5g6 d3d2,2534,advancedPawn
0WzSy,3r1rk1/p1p2ppp/1bQ5/3Nq3/4p1b1/4B3/PPP2PPP/3R1RK1 w - - 4 19,d1d2 d8d6 c6c4 b6e3 d5e3 d6d2,2534,trappedPiece
0mTQu,5rk1/5ppp/3P2q1/1p2Q3/1Pr5/2N5/6PP/2KR1R2 w - - 1 33,e5e7 c4c3 c1d2 g6c2 d2e1 c3c4 d6d7 c4e4 e7e4 c2e4,2535,exposedKing hangingPiece
2Wqhl,5k2/4P2R/8/r4p2/8/p4pP1/4r2P/K3R3 b - - 0 38,f8e8 e1b1 a5a8 h7h8 e8e7 h8a8,2535,skewer
02Ht4,r1b2rk1/1pR3b1/3q2p1/1Q1Pp2p/4P2P/5p2/B4PP1/R4NK1 w - - 0 25,g2g3 d6c7 d5d6 a8a2 d6c7 a2a1,2536,hangingPiece
002e8,r3nrk1/1b3pp1/4pb2/p3q3/1p1N4/3B2R1/PPPQN2P/1K4R1 b - - 1 23,a8d8 d2h6 g7g6 g3h3,2537,defensiveMove pin
0EzQ2,5k1r/4bP2/p1n5/6p1/3qBnN1/P7/2p3QP/4RR1K w - - 3 39,g2f3 h8h3 f3f2 c2c1q f2d4 c1e1 d4h8 h3h8,2537,advancedPawn promotion
0YIfm,8/8/5K2/5P1k/1R5p/8/8/5r2 w - - 1 78,f6e6 h5g5 b4b8 f1e1,2537,rookEndgame
0jpa8,6k1/2q4p/1p1p2pb/1PnPp2n/2N1P1Q1/2N3P1/1B4KP/8 b - - 6 31,g8f7 g4c8 c7c8 c4d6 f7e7 d6c8,2537,attraction deflection
0n1pl,5r1k/8/1R2QRp1/7p/4P1q1/1p1r2P1/6KP/8 b - - 2 38,f8f6 b6b8 h8g7 e6g8 g7h6 g8h8,2538,exposedKing
0gzTa,8/2k5/P6R/8/8/r2K4/7p/8 w - - 2 64,d3e2 a3a1 h6h7 c7b8 h7h8 b8a7,2539,rookEndgame
01uWs,2kr3r/bpp2pp1/2pqbn2/P6p/1p2P3/2PP3P/2N1BPP1/R1BQK2R w KQ - 1 14,c2b4 f6e4 d3e4 d6c5 e1g1 d8d1,2540,discoveredAttack
0jDa5,2br1k2/p1p2ppQ/1pB1pb1p/8/3P4/5N2/1qPK1PPP/3R3R w - - 2 19,d1b1 f6g5 f3g5 d8d4 d2e1 b2b1,2540,deflection
0sbYk,8/p7/1p6/1P2kp2/P1Pp3p/3K1P1P/8/8 w - - 0 45,a4a5 b6a5 c4c5 e5d5 c5c6 d5d6 d3d4 a7a6 b5a6 d6c6 a6a7 c6b7 a7a8q b7a8,2540,deflection
3rKqI,1r1q3k/6pp/1b6/1Q6/1P2pPn1/P3p3/2PB2PP/R2N1RK1 w - - 0 25,b5e2 e3d2 g1h1 g4h2 g2g3 h2f1,2540,trappedPiece
09Uc0,8/1pR3pp/1P2p1k1/p2pP3/4q3/6PK/5Q1P/r7 b - - 6 33,h7h5 f2f7 g6g5 f7g7 e4g6 g7e7 g5f5 e7f8 f5e4 f8f4 e4d3 f4f3,2541,deflection
4XtNI,6k1/2R3p1/1p3p1p/1r1p4/pBbK1PP1/P6P/8/8 b - - 0 36,g8h7 c7c4 d5c4 d4c4 b5b4 c4b4 h7g6 b4a4,2541,trappedPiece
0TDKH,r2q1r1k/pb4b1/2n4p/1p2pB1Q/2p5/2P1B2P/PP4P1/R4RK1 b - - 2 23,c6e7 e3h6 f8f5 f1f5 e7f5 h6g5,2542,discoveredAttack kingsideAttack
1rBfX,rnb1k2r/5p1p/p1p1pQpB/1p2n3/2P1R3/8/P4PPP/q4BK1 b kq - 1 20,b8d7 f6h8 e8e7 e4e5 a1e5 h6f8 d7f8 h8e5,2542,hangingPiece
2L3y8,8/8/1p2pk2/1P1p3p/p2n1K2/P1N2P1P/8/8 w - - 0 47,c3a4 d4f5 h3h4 e6e5,2542,mateIn2
01BBu,2r5/3R4/2P2p2/1P3P2/7k/6pp/1K6/8 w - - 2 48,d7h7 h4g4 c6c7 c8c7 h7c7 h3h2 b5b6 h2h1q,2544,advancedPawn promotion rookEndgame
0NFLE,4Q3/4Bnk1/8/2P1q1p1/3p1pP1/4pP2/8/5K2 b - - 2 57,d4d3 e8f8 g7g6 f8g8 e5g7 g8g7 g6g7 c5c6 e3e2 f1f2,2544,exposedKing
1kA33,8/3q4/2p1p3/1pPpQ1P1/1P1PpPk1/4K3/8/8 b - - 4 38,g4g3 f4f5 g3g4 f5e6 d7a7 e5f4,2544,discoveredAttack
2uRcJ,rn3rk1/2p2ppp/1p2p3/8/p2P1R1q/P1PQ4/1P2N2P/1K1R4 b - - 3 20,h4h2 d3f3 a8a5 d1h1 h2h1 f3h1,2544,trappedPiece
0S80C,5rk1/3P1p1p/5Rp1/1p1B4/8/3n1PK1/8/8 b - - 0 49,d3b4 d5f7 g8g7 f7e8 f8f6 d7d8q,2545,advancedPawn promotion
1SBgQ,r1bqk2r/pp3ppp/2nb1n2/3p4/2pPp3/2P1P3/PPBNQPPP/R1B1NRK1 b kq - 1 10,d6h2 g1h2 f6g4 h2g1 d8h4 e1f3 e4f3 d2f3,2545,hangingPiece
zyFb7,5rk1/3nQRp1/4n3/p2pP3/1p4P1/7r/5RKP/4q3 b - - 4 38,h3h7 f7f8 e6f8 e7f7 g8h8 f7f8 d7f8 f2f8,2546,backRankMate
09NOE,8/4p2p/3k2p1/p7/1pK5/1P4PP/P1P5/8 w - - 0 37,c4b5 d6d5 b5a5 d5c5,2547,defensiveMove pawnEndgame
0oXzZ,3r4/ppp2k2/2P5/4p1n1/P5p1/3P1qP1/2Q2P2/R5KR w - - 3 31,c6b7 g5h3 h1h3 g4h3 c2c4 f7g7 c4e4 h3h2 g1h2 d8h8,2548,attraction
0YGMa,2r3k1/5p2/PQBqp1pb/7p/8/4P2P/6P1/2R3K1 b - - 0 29,h6e3 b6e3 c8c6 c1c6 d6c6 a6a7 h5h4 e3a3,2549,hangingPiece
3FmFw,r7/pp4k1/3p2p1/2pPn3/2P2rP1/q2B4/P1Q5/1K1R3R b - - 3 23,e5d3 d1d3 a3b4 d3b3 b4c4 b3b7 g7f6 g4g5 f6e5 b7e7 e5d5 c2g2 f4e4 h1d1 d5c6 g2e4 c4e4 e7e4,2550,skewer
04ktP,8/R7/2k1K3/3p4/P2P4/1rp5/8/8 w - - 0 57,a7a6 b3b6 a6a5 c6c7,2551,defensiveMove discoveredAttack rookEndgame
0UHgS,2R5/5pk1/6pp/Q3pq2/8/p2P3P/2p3PK/4R3 w - - 1 41,e1e5 f5c8 e5c5 c8b8 a5c7 b8c7 c5c7 a3a2 c7c2 a2a1q,2551,advancedPawn hangingPiece promotion
05pky,8/8/8/N1p1p3/5k2/5p2/8/5K2 w - - 0 57,a5c4 f4e4 f1f2 e4d4 c4d2 e5e4 d2b3 d4c4,2552,defensiveMove
0zRhL,r1b5/6R1/2p4p/4Rk2/1p1B4/1q6/1p3PPP/6K1 b - - 2 39,f5f6 e5e3 f6f5 g2g4 f5f4 d4e5,2552,discoveredAttack exposedKing
2Bqxv,r6k/pp4pp/3p1q2/4p1b1/1nB1Q3/2N5/PPP1N2P/R2KRr2 w - - 7 20,c4d3 b4d3 c2d3 f6f2 e1f1 f2f1 d1c2 f1a1,2552,skewer
0YKFI,4r1k1/1p2P2p/p1p2Q2/2P2R2/Pr4q1/6P1/6BP/7K b - - 0 30,g4g7 g2d5 c6d5 f5g5 g7g5 f6g5,2553,pin
2lCT9,N2k4/pp3pp1/7p/2p5/2Bn1b2/3P1P1P/PqP1rPK1/2RQ3R w - - 3 18,h1e1 e2d2 e1e4 d2d1,2553,trappedPiece
0gBV7,6k1/4qp1p/4p1pP/1P1pP3/3P2P1/1R2PQ2/6K1/r7 w - - 3 36,b5b6 e7h4 b3b2 a1h1 f3g3 h1g1 g2g1 h4g3,2555,attraction deflection exposedKing
0weLO,8/R2k2rQ/8/3pPr2/1PpP1Pq1/2P5/7P/7K b - - 0 42,d7c6 h7h6 g7g6 h6g6 g4g6 a7a6 c6b5 a6g6,2555,skewer
0Y28B,R3Q3/8/1p1p1rk1/4p2p/4Ppq1/1P1P4/1PP3pP/6K1 b - - 1 29,g6h6 e8h8 h6g5 h8g7 g5h4 g7f6 h4h3 f6f5,2556,deflection fork
4zfJy,8/5Q2/p7/4P1p1/8/5P1P/4qkPK/8 w - - 1 42,e5e6 f2f1 h2g3 e2g2,2557,mateIn2
01icD,r4rk1/2p1q1p1/p7/Q2Rp2b/7P/2N1P1B1/PP3P2/2K5 b - - 1 24,a8d8 d5e5 e7d7 e5d5,2558,fork
12N2V,5r2/2ppk1pp/5p2/2Ppq3/p7/P5P1/1Q3P1P/R4BK1 w - - 0 24,b2b4 e5a1 c5c6 e7f7,2558,hangingPiece
1MEo0,3r1rk1/1p1q3p/pP1PR1p1/P1pQ2b1/2N2p2/2P3pP/6K1/4R3 b - - 1 31,g8h8 d5g5 f4f3 g2g3 f3f2 g5e5,2558,hangingPiece
3cCUi,8/8/8/4B1k1/1P2P1bp/5p1r/2P5/5BK1 b - - 3 47,h3g3 g1h2 g3g2 f1g2 f3g2 h2g2,2558,trappedPiece
SLj5q,3r2k1/p5pp/1p6/n1b1pN2/K3B3/2P5/PP1q2PP/3R1R2 b - - 1 24,d2b2 f5e7 c5e7 d1d8 e7d8 e4d5 g8h8 f1f8,2558,backRankMate
02eak,3Q4/1N4pk/p2P3p/1b3p2/3q4/P6P/2P2KP1/4R3 w - - 0 37,e1e3 d4d2 f2f3 b5c6 f3f4 d2d4,2559,fork
02sYm,8/8/4pk1p/ppr2pp1/3R4/P1P2PP1/1P2K2P/8 b - - 0 35,c5d5 d4d5 e6d5 e2e3 f6e5 f3f4,2559,rookEndgame
0Cfvp,r3kb1r/pp1n1ppp/4p3/1Q1pqP2/8/2N1B3/PPP3PP/R4RK1 w kq - 4 14,f5e6 e5e3 g1h1 f7e6 c3d5 e3c5 b5c5 f8c5,2559,hangingPiece
0GK2k,r1b5/1p6/2p1pP1k/p3K3/3P4/P7/5P2/3r1BR1 b - - 5 34,b7b5 f6f7 c8a6 e5f6 d1f1 g1f1,2559,advancedPawn
0wWKR,r7/pp3Nk1/2p2p1P/4nP2/2B5/8/P1P2P2/4K3 b - - 0 22,g7f8 f7e5 a8e8 c4e6 f6e5 f5f6 e8e6 h6h7 e6f6 h7h8q,2559,promotion
3xqwE,3r4/2R4p/1pP3pk/p7/P7/4PqPn/2Q2P1P/4RK2 w - - 5 36,c7d7 d8f8 d7d2 h3f2 d2f2 f3h1 f1e2 f8f2 e2f2 h1h2 f2f3 h2c2,2559,skewer
1DPt6,4Q3/5ppk/4p1bp/3p4/2p2P2/5B1P/P5PK/1r6 w - - 7 34,a2a4 c4c3 f4f5 c3c2 f5g6 f7g6 e8e6 c2c1q,2560,promotion
05SOm,6rk/3b1prp/p2p1Q2/2pPp3/3qP1P1/5B1P/5PK1/R6R w - - 3 26,f6d6 d7g4 h3g4 g7g4 f3g4 d4e4 g2f1 e4h1 f1e2 h1e4,2561,deflection fork pin skewer
0Wk5a,8/8/5p1p/8/2P4k/p3K3/P7/8 b - - 0 65,h4g4 e3d4 g4f5 d4d5 f5g6 c4c5 g6f7 d5d6,2561,pawnEndgame
0a2YZ,4q1k1/5r1R/p5n1/2PQ2P1/1P6/P3pp2/2P2K1R/8 w - - 0 45,f2g3 e3e2 d5f7 e8f7 h7f7 e2e1q,2561,promotion
2TA4a,3r4/p1k5/6pp/3B4/5q2/1R6/1P4PP/3R3K b - - 0 33,f4f5 b3b7 c7d6 d5f3 d6e6 d1d8,2561,skewer
0June,8/2p5/1pk5/5p1p/1PpP1K1P/2P5/8/8 b - - 3 37,c6d5 f4f5 c7c6 f5f4 d5e6 f4g5,2562,pawnEndgame
0QmOE,2r3k1/8/1P6/4p1p1/P2p1p2/8/K7/3R4 b - - 0 44,e5e4 b6b7 c8b8 d1b1 f4f3 a4a5 b8b7 b1b7 f3f2 b7b1 e4e3 a5a6 g8g7 a6a7,2562,advancedPawn rookEndgame
00Kip,8/6pp/8/3k4/2p2PPP/2K5/8/8 w - - 1 50,f4f5 d5e5 h4h5 h7h6 g4g5 h6g5,2563,pawnEndgame
0uer0,r2r2k1/1b3p1p/pp3p1B/4N3/2B5/1P6/q1P3PP/3R1R1K b - - 0 24,f6e5 d1d8 a8d8 f1f7 d8d1 f7f1 g8h8 f1d1 b7g2 h1g1,2563,discoveredAttack
0WTB1,4Q3/8/1p3pk1/p1pPp2p/P1P4q/2P2P2/6P1/6K1 b - - 3 42,g6f5 e8h5 h4h5 g2g4 h5g4 f3g4,2564,fork
0FRQv,2kr2r1/pp1n1p1p/8/2P1pB1b/Q1Pp3q/5P2/P5PP/R1B2RK1 w - - 1 18,a4a7 g8g2 g1g2 d8g8 c1g5 h4g5 f5g4 h5g4,2565,attraction fork
09L17,8/8/1p1P1k2/p4P1p/1P2K3/8/8/8 b - - 0 55,a5b4 e4d5 b4b3 d6d7 f6e7 d5c6 b3b2 f5f6 e7f7 d7d8q b2b1q d8e7 f7g6 e7g7 g6f5 g7h7 f5f6 h7b1,2566,advancedPawn deflection exposedKing pawnEndgame promotion skewer
0YqLF,8/3k2p1/7p/pp2KP2/3P2PP/1P6/5P2/8 w - - 0 43,g4g5 a5a4 b3a4 b5a4 e5e4 a4a3 f5f6 d7e8 f6g7 e8f7,2566,pawnEndgame
0SUnj,r4rk1/p1p1qpp1/1b2bn1p/3pp3/8/P1NPBN1P/1PP1QPP1/R4RK1 w - - 0 14,f3e5 d5d4 e5c6 e7d7 c6d4 b6d4 e3d4 d7d4,2567,fork
0TxRn,2rk1r2/pp2p2R/5nB1/3p4/5Q2/5P2/PPP2q2/2KR4 w - - 1 24,h7e7 d8e7 f4e5 e7d8 d1d5 f6d7 e5g5 d8c7,2567,hangingPiece
2Ozot,3Q4/2K5/5p1p/3k2p1/8/5P1P/8/q7 b - - 1 57,d5e6 d8e8 e6d5 e8c6 d5d4 c6f6 d4e3 f6a1,2567,skewer
0Mpyu,r4rk1/pp3p1p/1q2ppn1/3p3N/3P4/2P5/PP4PP/R1BQ2K1 b - - 3 17,f6f5 h5f6 g8g7 d1h5 f5f4 c1f4 g6f4 h5g5,2568,kingsideAttack
1ehSV,8/P7/R7/2q5/6p1/4k3/6KP/8 b - - 3 62,c5b5 a6e6 e3d3 a7a8q,2568,promotion
3ESEg,5b2/p6p/4KP2/2p1B3/2k5/8/8/8 b - - 1 48,a7a5 e5f4 c4d4 e6f7 a5a4 f7f8,2568,trappedPiece
03q1Y,r1b1kb1r/pp1ppppp/1qn2n2/8/3P1B2/5N2/PPPN1PPP/R2QKB1R b KQkq - 6 6,b6b2 d2c4 b2b4 c2c3 b4c3 f4d2,2570,defensiveMove
0NM2P,8/8/3k2p1/p2p1p2/1p1P1P2/2P1K1P1/1P6/8 w - - 0 38,e3d3 b4c3 d3c3 d6c6 c3b3 c6b5 b3a3 b5c4 a3a4 c4d4,2570,pawnEndgame
05ZV5,8/8/3k4/1P2pppp/2K5/5PP1/7P/8 b - - 0 36,h5h4 g3g4 e5e4 g4f5 e4f3 c4d3,2571,defensiveMove pawnEndgame
09L0s,7R/3k1p2/4pP2/3pP3/1ppP2P1/2P2K2/1r6/8 w - - 0 36,h8f8 b4c3 f8f7 d7c6 f7e7 c3c2,2571,advancedPawn rookEndgame
0CCFX,3r1r2/2p1q2k/6b1/3n4/Q5N1/2P2pP1/PP2P2P/R1B1KB1R w KQ - 0 25,g4f2 d5e3 c1e3 e7e3 a1d1 f3e2 d1d7 d8d7 a4d7 f8f7 d7f7 g6f7,2571,advancedPawn fork
DNFKb,1rn2k2/6b1/4p1Q1/p1N2p1p/1pP4P/1B1P1P2/Pq1K4/4B1R1 w - - 3 33,d2e3 f5f4 e3f4 b2e5,2571,mateIn2
4pduq,1r1qr2k/pppb1Qpp/3b1n2/4N3/1n1P1B2/2N5/PPP3PP/2KR1B1R w - - 1 15,f1c4 e8f8 f7f8 d8f8 e5f7 f8f7 c4f7 d6f4,2572,trappedPiece
08wbB,8/ppk4p/2pp2p1/3P2P1/PPP1K1P1/8/8/8 b - - 0 38,c6d5 e4d5 c7d7 a4a5 d7e7 a5a6 b7a6 d5c6,2573,pawnEndgame
0FEKi,5rk1/8/R4pK1/5P2/8/8/8/8 b - - 8 66,g8h8 a6f6 f8g8 g6h6,2573,defensiveMove rookEndgame
0I1ow,4r1k1/6b1/3p2P1/4PR1p/1p5P/4R1QP/r5BK/2q5 b - - 0 35,g7e5 e3e5 e8e5 g3b3 d6d5 f5e5 c1f4 b3g3 f4g3 h2g3,2573,deflection exposedKing fork pin
5CFck,8/p7/5K1k/np6/4B1P1/8/1p6/8 b - - 1 49,a5c4 e4g6 b5b4 g4g5,2573,mateIn2
0THsN,7k/ppNq4/3pNpp1/4n3/P1n1P1P1/5P2/1PP1Q3/2K5 w - - 1 28,f3f4 d7a4 c1b1 e5f3 e2f3 c4d2 b1c1 d2f3,2574,attraction fork
0gDMj,8/3R4/3b4/3kB3/1p1Pp2p/2r5/8/6K1 b - - 3 38,b4b3 d7d6 d5c4 d6c6 c4b4 e5d6 b4a4 c6c3,2575,deflection
4Sf5z,r5nr/6kp/bBp2pp1/4p3/4P3/2q1NK2/5PPP/1R1Q3R b - - 3 21,g8h6 b1b3 c3b3 d1b3,2575,trappedPiece
0MmfL,3rr3/pbp1q1kp/1p4p1/4b3/2Q5/8/PBB2PPP/4RRK1 b - - 2 26,e7g5 b2e5 e8e5 c4c7 g7h6 c7b7 e5e1 f1e1,2576,fork
0X9aq,1k3r2/1p4p1/P6p/8/4n3/3B3Q/5qPP/R6K w - - 1 30,a6a7 f2a7 a1a7 e4f2 h1g1 f2h3 g2h3 b8a7,2576,fork
0vHLT,3kr3/1p2r1P1/pP1Q4/3Pp3/8/6Bp/5P1K/5q2 b - - 2 44,e7d7 d6b8 d8e7 g3h4 e7f7 b8e8 f7g7 e8d7,2576,exposedKing
1KXEx,2R5/p2r1k2/1p2rq2/8/1p4QP/4P1P1/P4PK1/8 b - - 10 45,d7d2 g4g8 f7e7 g8e8 e7d6 e8d8 f6d8 c8d8 d6e7 d8d2,2576,skewer
2QpID,1r5k/p5p1/5N1p/4p3/2Q4P/K1PP1p2/P1R5/3q4 w - - 6 45,f6d7 d1c2 d7b8 c2c1 a3b3 c1b1 b3a4 b1b8 c4f7 b8a8,2576,skewer
02cCF,8/5pk1/1PK5/R5pp/8/8/8/1r6 b - - 1 40,b1c1 a5c5 c1e1 b6b7 e1e6 c6b5 e6e8 c5c8,2577,advancedPawn defensiveMove rookEndgame
0Kd5m,4rrk1/pp4pp/1np2p2/6R1/3qN3/3B3Q/PPP3PP/4R2K b - - 0 19,f6g5 e4f6 d4f6 h3h7 g8f7 h7h5 g7g6 h5h7 f6g7 e1f1 f7e6 h7g7,2577,deflection kingsideAttack pin
10ngI,2r3k1/1p2qpp1/2n1r2P/8/1p1pNQ2/P2P4/3K1P2/5R1R b - - 0 28,b4a3 h6g7 e7b4 d2e2 b4b2 e2f3 c6e5 f3g2 b2b5 h1h8 g8g7 h8c8,2577,skewer
0AW6o,8/1p2r1k1/1R6/p4Rp1/K7/P1P4P/1P2rp2/8 w - - 2 37,b6f6 e2e4 b2b4 e4f4 f5f4 g5f4 f6f4 e7f7 f4f2 f7f2,2578,pin rookEndgame
0Mc5l,r3r1k1/bpp3pp/6p1/p2qNn2/P2P4/1PP4P/2Q2PP1/R1B2RK1 w - - 1 20,c1e3 e8e5 d4e5 f5h4 f2f4 a7e3,2578,kingsideAttack
0ND1s,8/R2Qbr2/5p2/2q1kp2/2B1p3/5p2/1PP2P1P/7K w - - 5 39,d7e6 e5f4 e6f7 c5f2 f7g7 f2e1 g7g1 e1g1 h1g1 e7c5 g1f1 c5a7,2578,attraction fork
0G4py,8/6p1/3k1p1p/pp1Pp3/4P1PP/1P1K4/1P6/8 b - - 2 36,d6c5 b3b4 a5b4 h4h5 c5d6 d3c2,2579,defensiveMove pawnEndgame
16h41,r7/1b3pkp/p3p3/1p2P3/1bp1P1Q1/4q1P1/P1P3BP/5R1K b - - 2 21,g7f8 g4e6 f8g8 f1f7 a8f8 f7f3,2579,discoveredAttack
0REfs,5R2/8/3r2p1/4pkp1/8/5P2/5PKP/8 b - - 45 67,d6f6 f8f6 f5f6 g2h3 g5g4 f3g4,2582,rookEndgame
0k7dV,1r2q1k1/p4pBp/3p2p1/Q1p5/4Pnb1/P7/R2N1PPP/4K2R w K - 1 24,g7h6 b8b1 d2b1 e8e4 e1d2 e4e2 d2c3 f4d5 c3b3 c5c4,2584,deflection
01rCa,5r1k/b1q1R1p1/p4rnp/2P2N2/1P4Q1/7R/P4PPP/6K1 b - - 7 28,c7d8 f5h6 d8e7 h6f5 h8g8 f5e7,2585,discoveredAttack kingsideAttack
06gR1,8/8/5pp1/1k1K4/7p/8/6PP/8 b - - 1 38,b5b4 d5e6 f6f5 e6f6 f5f4 h2h3,2585,defensiveMove pawnEndgame
0fs1z,5rB1/7k/2P3pP/3pB1P1/2nP4/1b6/rb6/1K2RR2 b - - 3 35,h7g8 h6h7 g8h7 f1f7 f8f7 e1h1 h7g8 h1h8,2586,attraction exposedKing
16v61,r4r1k/pp2Nppp/2p2n2/q3nQ2/7R/1B2P3/PP3PPP/5RK1 b - - 7 20,a8e8 b3c2 e8e7 h4h7 h8g8 h7g7 g8g7 f5g5 e5g6 g5a5,2587,attraction
04rvf,8/2p5/1p1p4/8/p1PPk3/2P5/P3K3/8 w - - 0 47,a2a3 d6d5 c4d5 e4d5 e2d3 b6b5 d3e3 d5c4,2588,pawnEndgame
13aYW,1R6/3b2kq/2P1p2r/2PpPp2/3N1Pp1/P1Q3P1/8/6K1 w - - 3 38,d4e6 d7e6 b8b7 e6f7 g1f2 h6h1 e5e6 g7g6,2588,hangingPiece
04lyO,8/8/4k3/1pp2p2/p1P2P1p/P2K3P/1P6/8 b - - 0 46,b5c4 d3c4 e6d6 b2b3 a4b3 c4b3,2589,pawnEndgame
0RANK,2r2rk1/p1p1q1bp/1p4p1/3b4/3PN3/1P2P3/P1Q1B1PP/2R1R1K1 w - - 1 20,e4c3 e7e3 g1h1 d5g2 h1g2 f8f2 g2h1 e3f4 e2c4 g8h8 c2f2 f4f2,2589,attraction kingsideAttack
0gWNO,7k/8/Bp1P4/p7/2P5/P5p1/r7/6K1 b - - 0 45,a2a3 a6b7 a3a1 g1g2 h8g7 d6d7 a1d1 b7d5 g7f6 d7d8q,2589,promotion
0FcdM,5k2/R5p1/p6p/4P3/4PK1P/1p6/r5P1/8 w - - 0 37,f4f5 a2a5 f5e6 f8g8,2590,defensiveMove rookEndgame
0O33r,rn1q1r1k/pp3p1p/5p2/7Q/3p4/3B2bP/PPP2PP1/R5K1 b - - 3 17,g3f2 g1f2 f6f5 d3f5 h8g7 h5h7 g7f6 h7h6,2590,hangingPiece kingsideAttack
10abZ,r4rk1/5ppp/1pp1bn2/6N1/3p4/2P1R3/PP3PPP/RN4K1 w - - 0 16,g5e6 d4e3 e6f8 a8a2 a1a2 e3e2 b1d2 e2e1q,2590,promotion
4zoQl,rn1q1rk1/pbp2ppp/1p2pn1B/8/2PP4/3BP3/P2N1P1P/R2QK1R1 b Q - 3 12,f6e8 g1g7 e8g7 d1g4 d8f6 h6g5 f6g6 d3g6,2590,trappedPiece
0E5S0,r1b2rk1/pp3ppp/4pb1q/2p1n3/4N3/4PNRB/PP2Q2P/2K3R1 b - - 8 17,c8d7 e4f6 h6f6 g3g7 g8h8 f3e5 f6e5 e2d3 e5g7 g1g7 h8g7 d3d7,2591,kingsideAttack pin
0qZgL,r6r/pQ3bpp/2pk1n2/4P3/8/3B3P/q1P1K1P1/5R2 b - - 0 25,d6e5 b7c7 e5e6 d3f5 e6d5 c7f7 d5d6 f7a2,2591,deflection skewer
0qr6G,3rr1k1/1pq2pPp/p1bb4/5QP1/P2p4/2N5/1PP3BP/R4RK1 w - - 0 25,c3d5 d6h2 g1h1 d8d5 g2d5 e8e5,2591,kingsideAttack
0ftIM,8/2r4k/R1p4p/3p2pK/3P1p2/2P2P2/5P2/8 b - - 3 42,c6c5 a6h6 h7g8 h6d6 c5d4 c3d4,2592,rookEndgame
08J9l,8/1R6/8/k7/1R6/3K2P1/4rr2/8 w - - 4 58,d3c4 e2e4 c4c5 f2c2 c5d5 e4b4,2593,deflection rookEndgame
3n04t,rnb2rk1/pp3pbp/6p1/2nN2N1/2PpqP2/8/PP2B1PP/R1BQK2R b KQ - 5 12,e4g2 d5e7 g8h8 e2f3 g2g5 f4g5,2593,trappedPiece
0CUEj,7k/1b4p1/3BKp1p/5B1P/5PP1/8/8/2b5 b - - 24 62,b7c8 e6f7 c8b7 f5e6 b7e4 d6f8,2594,defensiveMove
0T8cs,8/1p6/p2Pk1K1/n1P2p2/7P/8/8/8 b - - 1 45,a5b3 h4h5 f5f4 h5h6 f4f3 h6h7 f3f2 h7h8q f2f1q h8e8 e6d5 d6d7,2595,advancedPawn promotion
0XGnb,r4k2/1p2p1q1/1Q5R/3P2p1/2P2pB1/1P3P1P/r5PK/8 w - - 15 41,h6g6 a2g2 h2g2 a8a2 g2h1 a2a1,2595,attraction
0S8ya,R7/8/1P5k/2K5/6p1/8/8/1r6 b - - 0 53,g4g3 a8a3 h6g5 a3g3,2596,rookEndgame
0U52w,1r3q2/7k/pp6/2pnp3/P1Np4/1P1P4/2PQ3P/4R1K1 w - - 0 28,e1e5 f8f3 d2g5 b8g8 g5g8 h7g8,2596,pin
08nBb,8/p7/2p5/P7/3P4/3K4/8/2k5 b - - 1 48,c1b2 d3c4 a7a6 d4d5 c6d5 c4d5,2597,pawnEndgame
0Uio3,N2k2r1/pp2b2p/3p1q1p/4n3/3pP3/N7/PPP1QPPP/R4RK1 w - - 6 15,e2b5 e5f3 g1h1 g8g2,2599,kingsideAttack pin
0sgmJ,6k1/1p3r2/p2bq2p/3pp1RN/8/3P1r2/PP1Q1P1P/6RK b - - 0 25,h6g5 d2g5 g8f8 g5d8 e6e8 d8d6 e8e7 d6b8,2599,exposedKing
1te6m,r5k1/pppqrpp1/7p/2R5/5n2/2PP3b/PPBN1PP1/R1BQ2K1 w - - 0 18,d2f3 d7g4 f3h4 f4e2 g1h2 g4h4,2600,kingsideAttack
28Vl6,6k1/pp2qpp1/4p2P/3pP2P/3bnPQ1/4r3/8/4B1RK b - - 1 29,g7g5 h5g6 f7f5 h6h7 g8g7 h7h8q,2600,promotion
3uViG,r4r2/ppp2ppk/2q2bn1/8/2B5/4P1R1/PPQ2P1P/2K3R1 b - - 1 20,b7b5 g3h3 h7g8 c4f7 g8f7 c2c6,2600,discoveredAttack
Gpnsr,r4rk1/pp4pp/4P3/2B1n3/8/2NB2nP/Pq4PR/2RQ2K1 w - - 1 20,c5f8 b2b6 f8c5 b6c5,2600,mateIn2
0rACI,8/p7/5p2/1Q6/1P2pk2/P4p2/2q5/6RK w - - 10 47,b5c5 c2c5 b4c5 e4e3 c5c6 e3e2 c6c7 f3f2,2601,advancedPawn
1A9BV,1k1r4/1pq3pp/1p3p2/2p1p1P1/2Qn4/BP5B/P1P2P1P/5RK1 w - - 2 27,g5f6 d4f3 g1g2 e5e4 c4e4 c7h2 g2f3 h2h3 f3e2 h3h5,2601,deflection fork
1ViM5,8/4NR2/3pN1pk/3P2R1/4P3/8/3r2n1/r5K1 w - - 2 38,g1h2 g2h4 h2g3 d2g2,2601,discoveredAttack
0Z4MG,6k1/6p1/p6p/1q6/1P2QK2/7P/6P1/8 b - - 6 55,g8f7 e4f5 b5f5 f4f5 g7g6 f5e5 f7e7 h3h4,2602,defensiveMove
Naor3,rqb3k1/pp3ppp/2nrp3/4N3/Q7/5B2/PP3PPP/R3R1K1 b - - 3 18,b7b5 a4f4 c6e5 f4e5 d6b6 f3a8,2602,trappedPiece
0fsRI,1k3b1r/pp4p1/1np2qp1/3p4/3Pp1B1/1Q5P/PPP3P1/2K2R1R b - - 5 23,f6d4 b3g3 b8a8 g3h4 a7a6 h4h8,2603,pin
2SmMy,r5k1/5p2/6b1/3P3P/p5Q1/8/q4rP1/3R2KR b - - 1 35,a8e8 h5g6 a2c2 g6f7 g8f7 g4h5,2603,attraction
10yKL,8/8/2p5/1pR2ppp/1Bp5/3bkPK1/6PP/8 w - - 2 38,c5c6 f5f4 g3h3 d3f5 g2g4 h5g4 f3g4 f5d3 h3g2 d3e4 g2f1 e4c6,2604,fork
0QApe,2r1r1k1/1b3pp1/pq2p2p/3n4/1P2N3/1Q2PB2/1P3PPP/2RR2K1 b - - 0 23,b6b4 b3b4 d5b4 e4d6 b7f3 d6e8 c8e8 g2f3,2606,fork
0lGPK,1r2r3/p4pk1/6p1/4pbQp/3p2PR/7P/Pq3P2/2R2BK1 b - - 0 24,h5g4 c1c6 e8e6 c6e6 f5e6 g5e5 f7f6 e5e6,2606,deflection
2g8RH,2kr1r2/p1p3p1/1p1P1qnp/1B2pb2/8/1P5P/PB3QP1/3R3K b - - 0 24,f6h4 b5a6 c8b8 d6c7 b8c7 b2e5 g6e5 d1c1,2606,attraction
8Tm2m,2r4R/1p2P1pk/p5bp/8/1P4P1/3Q3P/P1r5/1K6 b - - 2 37,h7h8 d3g6 c2c1 b1b2 c1e1 g6f7 e1e2 b2b3,2606,hangingPiece
14F1d,8/5kp1/2r2p1p/1p6/7P/1P3KP1/2P1R3/8 b - - 10 54,c6e6 e2e6 f7e6 h4h5,2607,rookEndgame
1Bids,k3r3/pp2P1pp/1bbQ4/1q6/3p4/8/P4RPP/2R4K b - - 1 31,d4d3 f2f8 a7a5 d6c6 b7c6 f8e8,2607,pin
6jK3I,r7/4kq2/2p2p1R/ppPp2r1/5Q2/8/PP1KNP2/n7 b - - 7 34,f7g7 h6h7 g7h7 f4c7 e7f8 c7h7,2607,skewer
eavMf,r2qrk2/1bp4R/ppn1p1P1/3P4/1PP2Q2/P3P3/5P2/b3K3 b - - 1 24,d8f6 h7h8 f8g7 f4h6,2607,mateIn2
07qNg,2r3k1/4Bp2/1R3Pp1/8/1Pr2P1p/P3p3/8/1R4K1 w - - 0 36,b1e1 c4c1 g1f1 c1e1 f1e1 h4h3,2608,exposedKing pin
2Wzzk,r2q1rk1/ppp1np1p/6p1/6B1/4N3/1P4P1/P4PBP/Q4bK1 b - - 0 17,f1g2 e4f6 g8h8 f6g4 f7f6 g5f6 f8f6 a1f6 h8g8 g4h6,2608,discoveredAttack kingsideAttack
2ieYw,6k1/1p3ppp/p5r1/P1N5/QP1p4/4KP1P/1q6/3R4 w - - 0 38,e3e4 b2e2 e4d5 e2f3 d5d4 f3d1 a4d1 g6d6 d4e5 d6d1,2608,skewer
JLheB,6k1/1R3pp1/2nrp3/3p2Np/2rP3P/8/5PP1/1R4K1 b - - 1 27,f7f6 g5f7 d6d8 f7d8,2608,trappedPiece
Vd8FC,2rq2k1/4b2p/p3pB2/3pNr2/2p2PQ1/2p3nP/PPb3P1/R5K1 b - - 1 23,f5g5 g4e6 g8f8 e6f7,2608,mateIn2
1LUUX,5r1k/p5pp/3Q2n1/4p3/4P1bq/2PPBBN1/PP3K1P/5R2 w - - 1 22,f2g2 g4h3 g2g1 h3f1 g1f1 f8f3,2609,attraction skewer
3SM2u,2k3r1/p1pnR3/Pp6/3N3p/2pP4/2P4K/7P/8 w - - 6 36,e7d7 c8d7 d5f6 d7e6 f6g8 b6b5 d4d5 e6f7,2609,hangingPiece
40uzh,1brr3k/1p2q1pb/4p2p/pBB1Pp2/Pn6/1Q1N1P2/1P4PP/2RR2K1 b - - 2 28,d8d3 c5e7 c8c1 b5d3 c1d1 b3d1,2609,hangingPiece
070A2,8/5p2/R5p1/P6p/5PkP/6P1/6K1/r7 w - - 6 54,a6a8 a1a2 g2f1 g4g3 a8a7 a2f2 f1e1 f2f4,2610,deflection rookEndgame
09Jue,r1bqk3/pp2b2Q/2p2rn1/6B1/2pP4/8/PPP2PPP/R3R1K1 b q - 2 18,d8d4 h7g8 g6f8 e1e7 e8e7 g8g7,2610,attraction deflection exposedKing pin
0kHmp,3R1bk1/p7/4pBp1/2p1P2p/1p6/2p5/P4PPP/6K1 w - - 0 32,d8d3 c5c4 d3d8 b4b3 a2b3 c4b3 d8b8 b3b2,2610,advancedPawn
2cavK,6rr/2qb1k1p/p4np1/6Q1/2p2p2/2N5/PPP3P1/2KRR3 b - - 3 26,h7h6 e1e7 f7e7 c3d5 e7d8 g5f6,2610,attraction deflection
2oYFA,6rk/pp6/2pn1q1p/8/4n3/2P1B3/PPQ2PBP/5RK1 w - - 2 32,g1h1 f6g6 g2h3 e4g3 h2g3 g6c2,2610,discoveredAttack
mY0lg,4r2k/2p3pB/5p2/1p1P3Q/2n5/4q3/r4RPP/5RK1 b - - 3 29,a2f2 h7e4 e3h6 h5e8,2610,mateIn2
020IV,8/4kp1p/p7/1p1K2p1/2pP2P1/2P4P/P7/8 b - - 1 32,e7f6 a2a3 a6a5 d5c5,2611,pawnEndgame
026Tf,8/8/1p2k1pp/p2p4/3K1PPP/1PP5/8/8 b - - 0 37,e6d6 c3c4 d5c4 d4c4,2611,pawnEndgame
0sYy8,8/8/P1p5/1nPpK3/3P2k1/5p2/8/4N3 w - - 0 62,e1f3 g4f3 e5e6 b5c7 e6d7 c7a6,2611,hangingPiece
1VIm4,2r2rk1/1pqbppbp/p5p1/4P1Bn/8/1NN4P/PPP1Q1P1/2KR3R w - - 1 16,g5e7 d7b5 c3b5 c7e7,2611,discoveredAttack
2jhGa,r1b2rk1/1p2q2p/p1np2p1/5p2/5QP1/2P5/PP1NBPP1/R3K2R w KQ - 0 17,e1c1 e7e2 d1e1 c6e5 f4h6 e5d3 c1b1 e2e1 h1e1 d3e1,2611,hangingPiece
00sJ9,r3r1k1/p4ppp/2p2n2/1p6/3P1qb1/2NQR3/PPB2PP1/R1B3K1 w - - 5 18,e3g3 e8e1 g1h2 e1c1 a1c1 f4h6 h2g1 h6c1,2612,attraction fork
062TF,r4n1r/6R1/2k1Pp1p/1bPp1P2/1Q1P3p/5N1q/1P3K2/2R5 b - - 0 38,h3f5 g7b7 f5d3 b7b6 c6c7 b6b5,2612,deflection
0y6vC,8/2k2p2/p3p1pp/1pK1P3/1P4PP/P7/8/8 b - - 0 39,h6h5 g4g5 c7d7 c5b6 f7f6 g5f6 g6g5 h4g5 h5h4 g5g6,2612,pawnEndgame
1GPLL,8/r2k3p/1Rp5/KPPp1pp1/3Pp3/6P1/5P1P/8 w - - 1 41,b6a6 a7a6 b5a6 d7c7 a6a7 c7b7 a7a8q b7a8 a5b6 f5f4 b6c6 e4e3 f2e3 f4f3,2612,rookEndgame
4XbaW,6k1/1p4p1/1R2pr1p/3p3P/2pP2Pq/r1N2P1N/P1Q3K1/7R w - - 0 28,h1b1 f6f3 g2f3 a3c3 c2c3 h4h3 f3f4 h3c3,2612,skewer
02MZc,8/2p5/p2k1p2/2p1p1p1/1PP1P1P1/P3KP2/8/8 w - - 0 40,e3d3 c5b4 a3b4 d6c6 d3c3 c6b6 b4b5 a6b5,2613,pawnEndgame
1Ij9t,8/8/p7/1p1p1k2/1P1Pp1pP/1PP4P/5K2/8 w - - 0 35,f2g3 e4e3 h3g4 f5e4 g4g5 e4d3 g5g6 e3e2 g3f2 d3d2 g6g7 e2e1q,2613,promotion
1ZTQ4,8/8/4pp2/2k5/3pK1P1/2p2P2/3R4/8 w - - 0 48,d2c2 c5c4 c2g2 f6f5 g4f5 e6f5 e4f5 d4d3,2613,rookEndgame
3dbWC,8/8/8/4p1pk/R2pP2P/P7/1n3PP1/6K1 w - - 0 55,a4d4 e5d4 g1f1 g5h4 f1e2 h5g4,2613,hangingPiece
0VSvx,5k2/8/P4r2/1K6/1PP3r1/8/6p1/6R1 b - - 0 46,f6f1 a6a7 g4g5 b5a4 f8g7 a7a8q,2614,advancedPawn defensiveMove promotion rookEndgame
1F70f,r5r1/p2Q2p1/2pBp1k1/3qPp1p/5P1P/5R2/P5P1/6K1 b - - 1 24,d5d1 g1h2 g6h6 f3g3 g7g6 d6f8 a8f8 d7d1,2614,discoveredAttack
2Fl8A,2rr2k1/pp5p/1q2R1pB/5pQ1/1n6/1P1p1P2/P4P1P/1K1R4 b - - 0 23,b6d4 e6g6 h7g6 g5g6 g8h8 g6h5,2614,kingsideAttack
0CavA,8/8/P1n5/8/3p1n2/3Nk3/2K5/8 w - - 0 63,d3f4 e3f4 c2d3 f4e5 d3c4 c6a7,2615,defensiveMove
1lgRq,7k/6r1/p2p1Q2/8/NpB1P3/1K2q2p/PP6/8 w - - 2 39,b3b4 a6a5 b4a5 e3g5,2615,attraction
0dl8a,8/4r3/pk2Pq1p/2p2P2/1P1p4/2P1Q3/P7/4R2K w - - 0 38,c3d4 f6h4 h1g1 e7g7 g1f1 c5d4,2616,exposedKing
1w6Cs,8/5B2/1k3p2/2p1p2P/1pK1Pnb1/1P6/P2N1P2/8 w - - 1 34,f2f3 g4c8 a2a3 c8a6,2616,mateIn2
3YGTq,8/1p6/p1pp2k1/6PP/1P1P1KB1/2r1p3/8/8 b - - 0 47,g6g7 h5h6 g7f7 g4e6 f7e6 h6h7 e6d7 h7h8q,2616,promotion
Gqup8,Q1b1k2r/p2q1ppp/8/2p5/5n2/P3P3/1P3PPP/R3K2R w KQk - 0 17,e3f4 e8g8 e1g1 c8b7 a8a7 d7c6 f2f3 f8a8 a7a8 b7a8,2616,trappedPiece
JuhHs,8/5p2/7p/N2k4/8/p3P1KP/5PP1/8 w - - 0 44,g3f4 a3a2 a5b3 d5c4 b3a1 c4c3 f4e4 f7f5 e4f5 c3b2 e3e4 b2a1,2616,trappedPiece
02YEp,r1b5/7p/pp4pk/2qpQn1r/8/PBN2P1P/1PP3P1/3RR2K w - - 3 24,e5d5 f5g3 h1h2 h5h3 g2h3 c5f2,2617,kingsideAttack
0aSuq,6rk/5prp/5R1Q/p3p3/2pqb3/6N1/1PP3PP/5R1K w - - 0 32,f6f7 g7f7 f1f7 d4d1 f7f1 d1f1 g3f1 g8g2 f1d2 g2g6 d2e4 g6h6,2617,discoveredAttack
0kzBy,3r4/p1p2pk1/1p3qp1/8/2P3n1/1P1QPNP1/P4PK1/7R w - - 4 24,d3e4 g4f2 g2f2 d8d2 f2f1 d2d1 f1g2 f6b2,2617,attraction pin
7ZCzu,2r2rk1/5p1p/p3p1p1/2Pn2P1/3PQ3/5Rq1/P3B3/2K4R b - - 3 26,g3g2 e4h4 h7h5 f3f2 g2f2 h4f2,2617,trappedPiece
2iUHl,4Q3/1pp5/pk1p4/4p3/2Pn3P/3P4/PP1K1r2/8 w - - 3 41,d2c3 f2c2 c3b4 c2b2 b4a3 b2b1,2618,deflection
0vyKQ,5rk1/p4p2/1p1qp2p/2n3P1/2P3Q1/2B2N2/PP4P1/7K b - - 0 27,d6d1 h1h2 d1c2 g5h6 c2g6 g4g6 f7g6 f3g5,2619,defensiveMove discoveredAttack
1EuxB,r2q1r2/pp3ppk/6np/2p5/3p1R2/1B5P/PPQ2PP1/3R2K1 b - - 1 21,f7f6 c2f5 d8c8 b3e6 c8e6 f5e6,2619,pin
1hh2e,8/6R1/3KP3/8/5rp1/4k3/8/8 b - - 0 62,e3f3 g7f7 g4g3 d6e5 f4f7 e6f7 g3g2 f7f8q,2619,promotion rookEndgame
2YG7f,r5k1/r2q1pp1/b1pN3p/2Pp3P/1p1P2P1/1P4K1/3Q1P2/R3R3 b - - 1 29,a6c8 e1e8 d7e8 a1a7,2619,deflection
LwIJL,2rr2k1/5pp1/p1n1b2p/1p1qPp2/Q2P4/P1B2N2/1P3PPP/3RR1K1 w - - 0 22,a4a6 c8b8 d1c1 e6c8 a6c6 d5c6,2619,trappedPiece
0grjo,6rk/pp3P1n/2p4R/3pP3/3P4/1P3n2/P3b2P/R6K b - - 0 35,g8f8 e5e6 h8g7 e6e7 g7h6 e7e8q,2620,advancedPawn promotion
0s3O9,8/8/p1p2kp1/2P1p2p/PP2K3/5P2/7P/8 b - - 0 36,f6e6 h2h4 g6g5 h4g5 h5h4 e4e3,2620,defensiveMove pawnEndgame
0xIi3,8/8/4kp1p/3p4/3K1P2/4P3/7P/8 b - - 2 43,h6h5 d4c5 e6f5 c5d5 f5g4 d5e6,2620,pawnEndgame
1K2Nm,3n4/2p2k2/4pb2/3P2p1/B3Rp2/2P2P1r/P2B3q/3QRK2 w - - 0 38,d5e6 d8e6 d2e3 h2h1 f1e2 h1f3 e2d3 e6c5,2620,exposedKing fork pin
0PcEZ,r4rk1/p1p4p/3qp1p1/3nb3/2B5/4P3/PP3PPP/R1BQK2R w KQ - 0 16,d1g4 e5b2 c4d5 b2c3 c1d2 c3d2,2621,fork
0tsAy,r1q1r2k/p3bQpR/8/2p1pbP1/5P2/4B3/PPP2K2/3R4 b - - 0 28,h8h7 d1h1 f5h3 f4f5 c8f5 f7f5,2621,pin
13lGl,6k1/PbN1rpp1/3p2q1/3P4/2pB3p/3n1P2/3Q2PP/1R4K1 b - - 4 30,h4h3 c7e6 f7e6 b1b7 e7b7 a7a8q b7b8 a8b8,2621,advancedPawn fork promotion
1V4cJ,r3r1k1/p2n1pp1/3q3p/1pp1N3/2pP4/2n2QBP/P4PP1/R3R1K1 b - - 1 20,c5d4 f3f7 g8h7 f7f5,2621,kingsideAttack
3pyyY,r4rk1/pp3pp1/2b1p3/8/3q1B2/P1P3QP/1K3P2/6RR b - - 0 23,d4f6 f4e5 f6g6 g3h2 c6h1 g1g6 f7g6 h2h1,2621,discoveredAttack
JYeDV,Qnr5/p2k1ppp/qp2p3/4P3/3P4/P1P5/2P2PPP/R4RK1 w - - 1 18,d4d5 d7e8 d5e6 b8c6 a8c8 a6c8,2621,trappedPiece
0CXAn,8/6p1/8/1p1pkP1p/6P1/5K1P/2P5/8 w - - 0 42,f3e3 h5g4 h3g4 b5b4 e3d3 e5f4 d3d4 f4g4 f5f6 g7f6,2622,pawnEndgame
2VjAQ,r3r1k1/pp1q1ppp/2p1b3/4R3/P4Q2/3B4/1PP3PP/4R2K b - - 5 22,e6d5 f4f5 e8e5 f5h7 g8f8 h7h8 f8e7 e1e5,2622,kingsideAttack
08hpi,4qr2/6p1/5bk1/2pQp1p1/2P1P1R1/5B1R/P5K1/1r6 b - - 11 38,e8a8 g4g5 f6g5 f3h5 g6h7 h5e8 g5h6 d5a8,2623,discoveredAttack
0a1OJ,r4rk1/p1b2pp1/b4n1p/2q1pN2/4N3/1P1n2BP/P4PP1/2RQR1K1 b - - 1 24,c5b6 c1c6 b6c6 f5e7 g8h7 e7c6,2623,attraction fork
AUKxW,8/3k4/2N1p1K1/3pP3/P1pP4/5n2/1P6/8 w - - 3 45,c6a5 d7c7 g6f6 f3d4 f6e7 c7b6 a5c4 d5c4,2623,trappedPiece
0Vhi5,r4r2/pp4bk/6pp/2p2p2/2P3nq/PPN1P1N1/1BQ2PP1/2RR2K1 w - - 0 23,g1f1 f5f4 e3f4 f8f4 d1d7 g4e3 f1g1 e3c2,2624,pin
1Vx7y,2r5/1p1r2kp/p5p1/5N2/Pq3n1Q/8/5PPP/3R2K1 b - - 0 26,g6f5 d1d7 g7g6 h4h7 g6f6 d7f7 f6e5 h7f5,2624,hangingPiece
2ckYY,8/R7/3p2Q1/6r1/6k1/8/Pq3P1P/R5K1 w - - 2 36,g6e4 g4h3 g1f1 g5g1 f1g1 b2a1 e4b1 a1b1,2624,attraction discoveredAttack
31kqy,r4rk1/1p2R2p/1q1p2p1/3P4/2pn2Q1/P2B4/1P4PP/4R1K1 w - - 0 28,g4d7 d4f5 g1h1 c4d3,2624,discoveredAttack
T0D4l,r4r1k/1p2N2p/3p4/p2P4/2P1pP2/1P5Q/4Bq1P/1R5K b - - 0 29,f2e2 h3c3 f8f6 c3f6,2624,mateIn2
06sAf,q3r1k1/2p2ppp/p2b4/1p6/3n4/3PB3/PPP1QPPP/RN4K1 w - - 6 17,e2d2 d4f3 g2f3 a8f3 b1c3 d6h2 g1h2 e8e5 e3g5 f3h5 h2g1 e5g5,2625,kingsideAttack
0fhGd,8/ppk4p/4pp2/2prP3/8/8/PPP1R1PP/2K5 b - - 0 22,d5e5 e2e5 f6e5 c1d2 c7d6 d2d3 e5e4 d3e4,2625,rookEndgame
0sXcN,8/8/1p6/2p3P1/R7/pn1K4/1k6/8 b - - 7 56,a3a2 a4a2 b2a2 g5g6 a2b2 g6g7,2625,advancedPawn
7U9Xb,rn2r1k1/ppQ2ppp/8/3q4/3PnB2/P4b2/1PP1B1PP/R4RK1 w - - 0 14,e2f3 b8a6 c7d6 d5d6 f4d6 e4d6,2625,trappedPiece
0vrXj,8/4kp2/pp6/2pP4/P1P2P1p/5K1P/8/8 w - - 2 41,f3g4 e7d6 f4f5 b6b5 c4b5 a6b5 a4a5 d6d5,2626,pawnEndgame
13scD,3rr1k1/pp3ppp/1bp3q1/4B3/6b1/1BP3Q1/PP4PP/4RKNR w - - 3 19,h2h3 g6f5 g1f3 f5d3 e1e2 e8e5,2626,pin
17ktz,8/r5pp/8/P3R3/8/2kp3P/5KP1/8 w - - 2 42,f2e3 a7d7 e5c5 c3b4 c5c1 d3d2 c1d1 b4c3,2627,rookEndgame
2fEVz,8/1p5p/4K1p1/3p2P1/1P1P2P1/1k6/8/8 b - - 0 50,b3b4 e6d5 b7b5 d5e5 b4c4 d4d5 b5b4 d5d6 b4b3 d6d7 b3b2 d7d8q b2b1q d8d5 c4c3 d5d4,2627,promotion
0DUKK,8/2pQ1pk1/pp2r3/2p3p1/2P5/4PqP1/PP1R1P2/6K1 w - - 0 33,d2d5 e6f6 d5g5 g7h6 d7d2 h6g5,2628,defensiveMove
0y9MU,8/2k2N2/2n1PKp1/7p/5P2/6Pn/8/8 b - - 3 48,h3f4 g3f4 h5h4 f7e5 h4h3 e5c6 h3h2 e6e7 h2h1q e7e8q,2628,advancedPawn hangingPiece promotion
2WyCZ,3r3k/p4Bpp/1p6/2p3q1/4P3/1Q3P2/PP3nPP/R4K2 w - - 0 26,f1f2 d8d2 f2e1 d2g2,2628,deflection
8BbYF,4r1k1/ppp1r1bp/2np2p1/8/3PN3/2PQ1Pq1/PP2B3/R2K3R b - - 5 19,g3g2 d1d2 d6d5 a1g1 g2g1 h1g1,2628,trappedPiece
FOGza,r1b2rk1/5ppp/4p3/p1q1N1P1/1p2pP2/1P2P1NP/P1P2K2/R2Q4 b - - 1 24,c5c3 e5c4 c8b7 g3e2 c3a1 d1a1,2628,trappedPiece
wPJm5,1rb2rkq/2p2p1n/pp1p3Q/5P1N/4P1N1/1n5P/7K/5B2 b - - 7 31,b3d4 h6g6 f7g6 g4h6,2628,mateIn2
0Yy6b,8/8/4k3/2R5/1R1p1P2/1PpP3P/r1r3PK/8 w - - 3 46,b4d4 c2g2 h2h1 g2e2 d4e4 e2e4 d3e4 c3c2,2629,advancedPawn rookEndgame
2e1NM,4r3/ppq1nNpk/1bp1Qn1p/3p1P2/1P1P3N/2P5/P5PP/R4R1K w - - 2 24,h4g6 e7c8 f1f3 e8e6 f7g5 h7g8,2629,discoveredAttack trappedPiece
4DYOQ,2kr1b2/ppp2p1p/2n1ppb1/3P4/2P5/7q/PP1BB2N/R2Q2RK w - - 4 19,e2g4 g6e4 g4f3 f8d6 g1g2 d6h2 f3e4 h2d6,2629,discoveredAttack
ANzUY,5q2/1k1b4/1pp1p1p1/p1p5/4P3/2NPB1b1/PPPQ2P1/R4KNr w - - 12 29,f1e2 h1h2 a1e1 h2g2 e2d1 g2d2,2629,skewer
0D7gl,r7/3q1kp1/3bRBp1/6Q1/6P1/p2P3P/KrP2P2/4R3 w - - 0 31,f6b2 a3b2 a2b1 a8a1 b1b2 d6a3,2630,advancedPawn discoveredAttack exposedKing
0Mc5z,5rk1/ppp4p/3p2p1/3P1r2/1PP1N2q/P2Q4/R2B2PP/6K1 w - - 3 20,e4g3 f5f1 d3f1 f8f1 g3f1 h4c4 a2a1 c4d4,2630,kingsideAttack
GKv7n,4r1k1/Q4p1p/1p1q1p2/7P/1P1p1N2/P3r1P1/6K1/6RR w - - 0 32,g1f1 d6c6 g2h2 e8a8 a7a8 c6a8,2630,trappedPiece
0uNsl,1K6/R1P5/6pp/8/5p2/6kP/2r5/8 w - - 0 53,c7c8q c2c8 b8c8 g3h3 a7a6 g6g5,2631,defensiveMove
2CyAc,4rrk1/6bp/p5p1/1PP1Np2/3PpP2/1q2B2P/4Q3/5RK1 b - - 0 29,b3b5 e2a2 g8h8 f1b1 g7e5 b1b5,2631,trappedPiece
4Ysz1,2R4R/p2r1kp1/1p4r1/5p1p/5P1P/5P2/6PK/8 b - - 6 35,d7d2 c8f8 f7e6 f8e8 e6d5 e8d8 d5c4 d8d2,2631,skewer
7mU4s,r3k2r/ppp2pp1/2pb1q2/4p2p/4P1b1/3PNN2/PPP2P1K/R1BQ2R1 w kq - 8 16,h2g3 g4f3 d1f3 h5h4 g3g4 f6g6 g4h3 g6g1,2631,skewer
IxdaH,r5k1/1r1b2bp/NBp5/1PP1p3/P3p3/6q1/3Q2P1/R5KR b - - 1 32,c6b5 d2d5 g8h8 d5e4 h7h6 e4b7 g3e3 g1h2 e3f4 g2g3,2631,trappedPiece
0Ih4w,r1b2r1k/ppp3pp/8/4N1q1/3n4/P4NPn/1PB2PK1/R2Q3R b - - 0 20,h3f4 g2f1 c8h3 h1h3 f4h3 d1d4,2632,defensiveMove
0P0ne,r2q3r/pppkbQp1/4p2p/4p3/3n4/P2P2PP/1PP2P2/RNB1R1K1 w - - 4 15,e1e5 h8f8 f7g7 d4f3 g1g2 f8g8 g7h6 f3e5,2632,fork
07Duy,2r1kr2/2q2p1R/3p4/p2BbPQ1/1p2P2P/3p4/PPPR1P2/1K6 w - - 0 26,c2c4 b4c3 d5f7 c7f7 h7f7 c3c2 d2c2 d3c2,2633,advancedPawn
0Skkq,5r2/2p4k/pp2q3/3p3B/3BnRbP/6r1/PPP1Q3/2K4R w - - 7 31,h5g4 e6h6 d4e3 g3e3 e2e3 f8f4,2633,pin
2qwHi,8/1p1k3p/6p1/PPP1Kp2/5B1P/8/8/3b4 b - - 0 38,d1e2 a5a6 b7a6 c5c6 d7c7 e5e6 c7b6 c6c7,2633,discoveredAttack
4kiNt,8/4K3/1R1P4/2k5/8/8/8/5r2 w - - 8 65,e7d8 c5b6 d6d7 b6b7 d8e8 f1e1,2633,hangingPiece
6TbFq,r2q1r1k/pp1n1p1P/2p1p1pQ/n2pP3/7P/P1P1BN2/2K2P2/7R b - - 2 22,d7e5 f3e5 a5c4 e3g5 c4e5 g5d8,2633,hangingPiece
742FD,7r/pR3ppp/B1p5/kpN1P3/1q2P3/1P3P1P/P3n1PK/2R5 w - - 3 27,a6b5 e2c1 a2a3 b4a3 b7a7 a5b5 a7a3 b5c5,2633,hangingPiece
G9nrK,8/N7/4k3/1p1p3p/1PpP3P/n7/3K2P1/8 w - - 0 45,g2g3 e6d7 d2c3 d7c7 c3b2 c7b7 b2a3 b7a7,2633,trappedPiece
0xYbf,5rkb/pp3p2/2p2Pp1/1qn1P2p/7Q/2P2N1P/P1P2R1K/R1Br4 w - - 3 27,c1h6 d1a1 h6f8 g8f8 h4d4 c5e6 d4d6 f8g8 d6b8 e6f8,2634,defensiveMove
0QzTo,4r1k1/R4pp1/2Q4p/1pPP4/1P1b4/4r3/6PP/5K2 w - - 3 33,g2g3 e3f3 f1g2 f3f2 g2h3 e8e2 c6c8 g8h7,2635,exposedKing
0IsE8,5r2/1pp1k3/p6p/P3n3/1Pb1P3/2P1N1q1/3Q2B1/3R2K1 w - - 0 31,e3f5 f8f5 d2d8 e7f7 d1d7 f7g6 e4f5 g6h5 d8e8 c4f7 e8e5 g3e5,2636,pin
0fyhv,8/5p1p/1p2k1p1/2p3PP/p1P1K1P1/P1P5/8/8 b - - 0 41,g6h5 g4h5 f7f6 g5f6 e6f6 e4d5 f6g5 d5c6 g5h5 c6b6 h5g4 b6c5,2636,pawnEndgame
08Zb0,8/6pp/5p2/5KP1/3k1P2/7P/8/8 b - - 0 46,d4e3 h3h4 f6g5 f4g5 e3f3 h4h5 f3g3 h5h6,2637,pawnEndgame
0fN55,3r1rk1/5pp1/p2p2P1/1pp1q2p/7n/1BP5/PP1Q3P/1K1R2R1 b - - 0 25,h4f3 g6f7 g8h8 d2d3 f8f7 b3f7,2637,advancedPawn kingsideAttack
1M65u,r3k1r1/ppR2p2/3p2qp/4n2b/3bP3/1B5P/PP1N1PN1/R4QK1 b q - 0 22,e5f3 d2f3 h5f3 b3f7 g6f7 f1b5 e8d8 c7f7,2637,fork
0fKCE,6r1/2p2p1k/b2p1Brp/p7/2p5/P1P1RP1q/1PQ1R1P1/6K1 b - - 5 34,a6b7 e3e8 g8e8 e2e8,2638,pin
1uSqs,8/8/8/4p1kP/4p1P1/3r2RK/8/8 w - - 0 49,h3g2 e4e3 h5h6 e3e2 g3d3 e2e1q,2638,promotion rookEndgame
62xks,r2q1rk1/pp2bp1p/2p3p1/n4bN1/Q2p1B2/5N2/PPP2PPP/R3R1K1 w - - 0 15,f3d4 b7b5 d4f5 g6f5 e1e7 b5a4,2638,trappedPiece
0AzWN,8/8/5kp1/p2p1p1p/P2P1K1P/8/6P1/8 b - - 0 48,f6f7 f4e5 f5f4 e5d5 g6g5 d5e4,2639,pawnEndgame
10Rd4,8/4k3/p3p1K1/Pp2P2p/5P2/8/8/8 b - - 0 50,e7d7 g6f7 d7c7 f4f5 b5b4 f5e6 b4b3 e6e7 b3b2 e7e8q b2b1q e8e7,2639,advancedPawn pawnEndgame promotion
1UhfO,r4r1k/2p1q1p1/pbppB2p/7Q/7n/2N4P/PP3PP1/R1B2RK1 w - - 3 19,e6b3 f8f2 f1f2 e7e1 g1h2 e1f2 h5e2 f2g1,2639,attraction deflection kingsideAttack pin
3hoQM,3r1rk1/pb2pp1p/1pq3pQ/2p5/8/3BN3/PPP4P/R4RK1 w - - 4 23,f1f4 d8d3 c2d3 c6h1 g1f2 h1a1,2639,skewer
04x2X,r3kb1r/1b1n1ppp/p3p3/1p2P3/8/4B3/PqB2QPP/RN3RK1 b kq - 1 16,b2a1 f2f7 e8d8 f1d1 f8e7 f7e6,2640,pin
0IWyJ,r1r3k1/1q3ppp/1pRb4/1P1Pp1P1/8/pb2BP2/1P1QB2P/1K5R w - - 0 26,c6d6 b3c2 d2c2 a3a2 b1a1 c8c2,2640,advancedPawn
Jz0Sg,8/8/4k2p/3p2p1/3P2P1/3N1K2/8/4B2r b - - 2 55,h6h5 f3g2 h1e1 d3e1 h5g4 g2f2 e6f5 f2e3,2640,trappedPiece
0LHqw,2r5/5pkp/1q1p2p1/2rPp1PP/p7/P4Q2/1P2BP2/1K1R4 b - - 0 30,c5c3 f3f6 g7g8 h5g6 h7g6 d1h1 c3c1 h1c1 c8c1 b1c1,2641,deflection
1Zy8H,8/8/4Pk1p/3n4/8/1p6/2pK3P/4R3 w - - 2 45,d2c1 f6e7 c1b2 d5b4 b2b3 b4d3 e1e3 c2c1q,2641,promotion
1hcWf,r1b2r1k/pp5p/4p1q1/2Pp1p1R/8/1R6/P3B1PP/4Q2K b - - 4 28,f8g8 e1a1 g6g7 h5h7 h8h7 b3h3,2641,attraction kingsideAttack
2JeRS,3r4/ppp2k2/4bq1r/2p4p/4Ppp1/2PP1P2/PP1QBPRP/6RK w - - 0 24,f3g4 h5g4 e2g4 e6g4 g2g4 h6h2 h1h2 f6h6 h2g2 f4f3 g2g3 h6d2,2641,attraction kingsideAttack
0hdV3,4k1r1/p6r/2p1p3/8/3Pp3/2P1Q3/PP4p1/R5K1 w - - 0 31,a1e1 h7h1 g1f2 h1e1 e3e1 g2g1q e1g1 e4e3 f2e3 g8g1,2642,advancedPawn exposedKing promotion
1vEGw,1r2kb2/p2nn3/3Q1pp1/7p/1P3P2/P4qPK/7P/2R1R3 b - - 0 28,b8b5 c1c8 e8f7 d6e6 f7g7 e6e7,2642,deflection
8jGNA,8/pp4p1/2p1kp2/2R3p1/PB1r4/5K1P/5PP1/8 w - - 0 42,b4c3 d4f4 f3e3 b7b6 c5c6 e6d7 c6b6 a7b6,2642,trappedPiece
0V5dp,8/1k6/6R1/3K4/P7/2p5/1r6/8 w - - 0 51,a4a5 b2d2 d5e4 c3c2 a5a6 b7c7 a6a7 c2c1q,2643,advancedPawn promotion rookEndgame
1lU9I,2rk1b2/pQ2p3/4q3/3p4/6n1/2N5/P1K5/R4B1R w - - 0 30,f1b5 e6e4 c2b3 c8c3 b3c3 d5d4,2643,attraction exposedKing
1u9eL,8/8/ppp5/1P6/P1PP2k1/8/7K/8 b - - 0 40,a6b5 d4d5 c6d5 c4b5 g4f4 a4a5 b6a5 b5b6,2643,deflection
7m9s9,2q1r1k1/4rpp1/3R3p/p1pQ1N2/1p2p2P/2P1P3/PP3PP1/6K1 b - - 1 39,e7e5 f5h6 g7h6 d6g6 g8f8 d5d6 e8e7 d6f6 e7e6 f6h8 f8e7 h8c8,2643,skewer
1Rqd5,8/3k4/1p1p1R2/pP1Pr1p1/6Pp/3K3P/1PP5/8 w - - 2 40,f6f5 e5f5 g4f5 g5g4 d3e3 g4h3,2644,rookEndgame
34MF1,8/5Rp1/k4b1p/2KP1n2/8/2P5/P7/8 w - - 3 39,f7f6 g7f6 d5d6 a6b7 c5d5 h6h5,2644,hangingPiece
1RFhl,2k4r/5p2/2p1p3/1p1nPp2/p2P1qP1/2P5/PP1QBB1r/R4RK1 w - - 13 31,d2f4 d5f4 e2f3 h2g2 f3g2 f4e2,2645,exposedKing kingsideAttack
2hhtw,3rr2k/3q2pp/p7/1p1n1p2/4N3/PQ1P2RP/1PP2PP1/4RK2 w - - 0 32,e4g5 e8e1 f1e1 d7e7 e1f1 f5f4 g3g4 h7h5,2645,attraction
4Mb5B,1r6/1p6/p2k1q2/3pn3/5P2/6Q1/PP4PP/2R4K b - - 0 34,e5g6 f4f5 g6e5 g3c3 f6f5 c3c7 d6e6 c7b8,2645,discoveredAttack
04F9F,2r5/4p2k/p3P1pp/2pPQp2/1p6/8/qP4PP/2KR3R w - - 0 28,h2h4 c5c4 c1d2 c4c3 d2e2 c3b2 d1d2 b2b1q h1b1 a2b1,2646,advancedPawn pin promotion
1xqMh,8/5R1p/p1r3p1/1p2k3/3p4/PP6/2PK2PP/8 b - - 5 39,c6f6 f7f6 e5f6 c2c4 d4c3 d2c3,2646,rookEndgame
22STh,8/8/4p3/p1R5/kp4PP/8/2p5/1K1b4 w - - 0 45,c5c2 d1c2 b1c2 b4b3 c2b2 a4b4 h4h5 a5a4 h5h6 a4a3 b2b1 b4c3 h6h7 a3a2 b1a1 b3b2 a1a2 c3c2 a2a3 b2b1q,2646,attraction promotion
3UYYx,8/8/7p/2n1PKpP/3k2P1/8/8/8 b - - 0 44,c5d7 e5e6 d7b6 e6e7 b6c8 e7e8n,2646,promotion
Eyq30,r3n2r/pN3pp1/1bR1k2p/1B1pP3/5nP1/B6P/P7/7K b - - 1 31,e6d7 e5e6 f7e6 c6c2,2646,mateIn2
1BEhX,6r1/3k3p/p7/1pBQb3/1P3q2/P4np1/6R1/7K b - - 0 33,d7e8 d5e6 e8d8 c5e7 d8c7 g2c2 f4c4 c2c4,2647,exposedKing fork
JTa7X,8/2k5/8/1p1pN3/3P4/1KP5/8/3n4 b - - 8 64,c7d6 e5g4 d6e6 b3c2 e6f5 c2d1,2647,trappedPiece
1c2le,5rk1/pppb1ppp/1b1p2q1/3P4/4rB1Q/2P2R2/PPB3PP/5R1K b - - 7 23,e4f4 f3f4 g6c2 f4f7 d7f5 f7f8,2648,kingsideAttack
354oE,1b2k3/8/1p1PP3/1P3p2/1Bpp1Pp1/6P1/7K/8 b - - 0 41,b8d6 b4d6 c4c3 d6b4 c3c2 b4a3 c2c1q a3c1,2648,hangingPiece
0HIWV,r4rk1/p1p3pp/2pb4/5p2/6nq/2N1PQ1P/PPP2PP1/R1B1R1K1 w - - 1 14,h3g4 d6h2 g1f1 f5g4,2650,kingsideAttack
0VHGE,4r1k1/p4pp1/1p1Q3p/3B1q2/8/8/P7/K1R5 b - - 3 35,e8e5 d6b8 g8h7 d5f7 f5f7 b8e5,2650,deflection
0pieJ,2r3k1/ppp2r2/3P4/5n2/4pPpq/PBR1P3/1P2Q1K1/2R5 w - - 3 33,e2f2 h4h3 g2g1 f5h4 c3c7 h4f3 f2f3 e4f3,2650,exposedKing
9IMVH,7k/6pp/p2p1r2/1p6/5q2/PQ3P1P/1PP2PK1/5R2 w - - 5 29,f1h1 f4g5 g2f1 g5c1 f1e2 c1h1,2650,skewer
02ynC,8/5ppk/7p/1p6/7q/1PQp3R/5PPK/4r3 b - - 3 48,h4d8 c3e1 d3d2 e1d1 d8c7 h3g3 c7c1 d1g4,2651,hangingPiece
03Dpd,1qkr3r/1p3pR1/2p5/Q2p4/7p/5P2/P1B5/1K6 b - - 0 28,h4h3 c2f5 d8d7 g7f7 b8d6 f7d7 d6d7 f5d7 c8d7 a5c3,2651,pin
0AbVJ,8/4Kpk1/8/3pPp2/3B4/2P3p1/8/8 w - - 0 49,e7d6 f5f4 e5e6 g7f8 d4e5 d5d4 e6f7 f8f7,2651,defensiveMove
0fTsF,8/2P2p1p/6pk/8/3Q3P/PP4PK/3p4/4q3 w - - 3 44,c7c8q e1h1 h3g4 d2d1q d4d1 f7f5 c8f5 g6f5 g4f5 h1d1,2651,advancedPawn promotion
19yX9,8/8/7P/6k1/5p2/7R/1p3r2/1K6 b - - 0 53,g5g4 h3h1 f2e2 h6h7 e2e8 h1g1 g4f5 g1g8 e8e1 b1b2,2651,rookEndgame
0GSb3,8/p7/1p2k3/2p5/4KP2/1P6/1P6/8 b - - 0 35,a7a5 f4f5 e6f6 e4f4 b6b5 f4e4 c5c4 b3c4,2652,pawnEndgame
16Nld,8/6p1/5p2/5P1p/1K2Bk2/2p2P2/8/8 w - - 1 47,e4d3 c3c2 d3c2 h5h4 b4c4 h4h3,2652,advancedPawn
BiUxB,r3kb1r/pp1nnpp1/2p1p3/4P2p/4N2q/2NpB3/PP3PP1/R2Q1RK1 b kq - 1 13,e7f5 e3g5 h4g4 f2f3 f8c5 f1f2 g4g5 e4g5,2652,trappedPiece
0ahro,8/6p1/8/Pp3pp1/1P2k3/4P2P/r5P1/1R3K2 w - - 0 39,g2g4 f5f4 e3f4 g5f4 g4g5 f4f3,2653,rookEndgame
1Di98,r3k3/1pb2pp1/p1n1pn2/3p2P1/3P4/4BB1r/PPP1NKPq/R2Q1R2 w q - 0 18,f1h1 f6e4 f3e4 c7g3 f2f1 h2h1,2653,pin
1puWt,3r2k1/1b1q2np/1p4p1/p1b1P3/P3B1P1/2P2rBP/2Q3K1/5R1R w - - 0 31,f1f3 d7d2 g3f2 d2c2 e4c2 b7f3 g2f3 d8f8,2653,attraction
25lvI,8/R6p/1p1k2p1/5p2/2Bb1B1P/6P1/Pq3P2/6K1 b - - 6 33,d6c5 a7c7 c5b4 f4d6 b4c3 c4b5 c3d2 d6f4 d2d1 b5a4 d1e2 c7c2 b2c2 a4c2,2653,discoveredAttack
7USbs,8/1R4p1/2B1pk2/1P5p/3b3P/6P1/1r4K1/8 w - - 3 46,g2f3 f6f5 b7f7 f5e5 g3g4 b2f2 f3g3 f2f7,2653,skewer
AXBM9,r2qr1k1/ppp2pp1/3n1b1p/3PNbn1/8/1BP2PQ1/PP4PP/RNB1R1K1 w - - 1 18,c1f4 g5h3 g2h3 f6h4 g3g2 h4e1,2653,skewer
00iXO,r6r/pp2kB2/1bpR1p2/4p1p1/6b1/1QP3p1/PP3PP1/4R1K1 w - - 2 23,d6d2 b6f2 d2f2 h8h1 g1h1 g3f2,2655,advancedPawn fork
0UoAK,1rbqr1k1/4pp1p/6pB/p2B4/7P/5P2/PbPQ2P1/1K1R3R w - - 2 18,d5f7 g8f7 d2f4 c8f5 d1d8 e8d8,2655,hangingPiece
1MCqT,3q3k/5Bb1/p3Q1p1/5p1p/5B1n/7r/PP3P2/R4R1K w - - 0 31,f4h2 h4f3 h1g2 h3h2 g2f3 d8d3 e6e3 h2h3 f3g2 h3e3,2655,exposedKing skewer
1kCAM,5k2/7N/p2pq1pb/2p2b2/2P5/1P4PP/1B1n2BK/3Q4 b - - 0 36,f8e7 b2f6 e7d7 f6g5 h6g5 h7f8 d7e8 f8e6,2655,fork
2YNLa,4r1k1/5ppp/p7/8/8/P1B5/1QPK1q1P/4R3 w - - 2 33,d2d3 e8d8 d3c4 f2h4 c4b3 d8b8 b3a2 b8b2,2655,skewer
7F6Ba,8/p3Q1pp/7k/2r5/6P1/7P/2p2P1K/1q2R3 b - - 1 34,b1e1 e7d6 h6g5 d6c5 g5f6 c5f8 f6e6 f8e8 e6d5 e8e1,2655,skewer
8b5Zs,8/8/8/6P1/1P1R3P/6K1/2kp4/5r2 w - - 0 54,d4d2 c2d2 g5g6 d2e3,2655,hangingPiece
1IgxB,r4r2/1pqn1p1k/p5pP/3P1N1P/5p2/3B1Q2/PPP5/2K3R1 b - - 0 23,g6f5 f3g4 c7e5 d3f5 h7h8 g4g7 e5g7 h6g7,2656,exposedKing fork pin
A2ojW,r6k/2p3pp/1pn1Q3/4P1r1/1pP5/P3Pq2/1B3PRP/6RK w - - 1 25,a3b4 a8d8 h2h3 g5g6 e6g6 h7g6,2656,trappedPiece
LHnx7,2rq3r/2p1k2b/ppn1pp1p/6pQ/3Pp1PP/PNP1P3/2P2P1B/R3K2R w KQ - 1 18,h5h6 e7f7 h4g5 h7g6 h6h8 d8h8,2656,trappedPiece
0po2p,5k2/p2Rb3/4P3/3P4/PP1K1P2/2P3pr/8/8 w - - 0 49,d5d6 e7f6 d4e3 g3g2 e3f2 h3g3 f2g3 g2g1q,2657,advancedPawn attraction deflection discoveredAttack promotion
4AfLZ,r4rk1/2p1q1p1/pb5B/1p2pB2/6Q1/8/PP4P1/5R1K b - - 0 33,a8d8 h6g5 f8f5 g4f5 e7e8 g5d8,2657,skewer
4SXxh,2r1k2r/pp3pp1/2nB2p1/q5P1/5P2/QP5P/P2R4/2K4R b k - 0 22,c6b4 c1d1 a5a3 h1e1 e8d7 d6b4,2658,discoveredAttack
OKvEN,3q1k1r/Q1p1npbp/3rp1p1/8/3P1P2/7P/PPP3P1/RNB1K2R w KQ - 0 14,c1e3 e7f5 e3f2 g7d4 f2d4 f5d4 e1g1 d4c2 b1c3 c2a1,2658,trappedPiece
0TE7s,1R6/5pk1/3p2pp/p2P1q2/P1Pp1P2/5Q2/3r2NP/6K1 w - - 9 44,b8b3 f5c2 g2e1 d2d1 g1f1 c2c1 f3d1 c1d1,2659,pin
1QBR4,r1bq1rk1/p2n1p2/1p2p1p1/2np2p1/6Q1/3B4/PPP2PK1/R1B4R b - - 1 19,g8g7 c1g5 f7f5 h1h7 g7h7 g4h4,2659,attraction
20RjQ,r3rk2/pp3ppQ/5q1p/2p5/3bNn2/5P2/PPB2P1P/2KR2R1 b - - 5 21,d4b2 c1b1 e8e4 h7h8 f8e7 h8a8 f6b6 f3e4 b2d4 c2b3,2659,skewer
26GkJ,n5k1/p3bp1p/5BpP/3r2Q1/1p6/8/bPP1q3/1NK2R1R w - - 1 25,g5f4 e7d6 f4f2 d5d1 f1d1 e2f2 d1d6 f2f4,2659,deflection
2KBSd,8/8/6P1/8/4p3/R6K/p1r2P2/3k4 b - - 0 69,c2f2 g6g7 f2f3 a3f3 e4f3 g7g8q f3f2 g8c4 a2a1q c4f1 d1d2 f1a1,2659,promotion skewer
2yBHS,r5k1/8/7p/4bN2/1P4p1/P2p4/R4PPP/6K1 w - - 0 31,f5h6 g8h7 h6g4 a8c8 g2g3 c8c2 g4e5 d3d2 a2c2 d2d1q g1g2 d1c2,2659,promotion
06lY5,8/p4p1p/1p1k2P1/8/2p1K1P1/2P1P3/PP6/8 b - - 0 32,f7g6 g4g5 d6e6 b2b3 c4b3 a2b3,2660,pawnEndgame
0erDc,r7/1kp2p2/1p1p4/6p1/1PPpPq1p/r2P1N1P/3Q2B1/3R2K1 w - - 5 30,f3g5 f4g3 e4e5 d6d5 g5e4 d5e4,2660,defensiveMove pin
10zOl,8/8/p3p1p1/8/2k1PPP1/4K3/8/8 b - - 0 39,a6a5 g4g5 a5a4 e3d2 c4b3 d2c1,2660,defensiveMove
0A38J,r4rk1/5pp1/p1p4p/8/1Pp1R2Q/5PP1/1P4KP/R1Bq4 w - - 1 28,h4g4 d1c2 g2h3 f7f5 g4g6 f5e4,2661,fork
0BNSS,r4qr1/1pp1k3/p3P3/Pb2pP1p/2N3n1/1PP4p/2B1Q3/4RR1K b - - 1 34,a8c8 f5f6 g4f6 e2e5 b5c6 c2e4 f6e4 f1f7 f8f7 e6f7,2661,advancedPawn deflection discoveredAttack exposedKing fork
1v707,6k1/5ppp/8/2p1PP2/1p1p4/3P1K2/2r4P/R7 b - - 1 29,h7h6 a1a8 g8h7 e5e6 f7e6 f5e6 c2c3 e6e7,2661,rookEndgame
Eljaw,6n1/3k4/pp6/4PP1p/5Kp1/6P1/PP6/8 b - - 4 40,d7c6 f5f6 g8h6 e5e6 c6d6 f6f7 d6e7 f4g5 h6f7 e6f7,2661,trappedPiece
0ue9S,8/5p2/4k3/1P1p4/P2P1P2/3b2P1/5K2/8 b - - 0 55,e6d6 g3g4 d3c2 a4a5,2662,defensiveMove
1mk1s,5rk1/p4ppp/Q7/4P3/4b1q1/4P1P1/PP3P1P/2RR2K1 w - - 1 26,a6c4 g4f3 g1f1 f3h1 f1e2 e4f3 e2d2 f3d1,2662,skewer
30P2I,3r3r/1Q3p1p/3b2k1/3P1p2/3p4/3B1P1q/PP6/R1B2RK1 w - - 0 23,f1f2 h8g8 d3f1 g6f6 f1g2 d6h2 g1f1 g8g2,2662,discoveredAttack
4zbht,8/1Q2nk1p/p3pp2/2p5/3P1P1q/6r1/PP2NK2/R1B2R1r w - - 0 36,f1h1 g3f3 f2f3 h4h1 f3f2 h1b7,2662,skewer
0UACx,8/5pk1/7p/6p1/1p6/6P1/1PK3P1/8 b - - 2 34,g7f6 c2b3 f6e5 b3b4 e5d5 b4a5,2663,defensiveMove pawnEndgame
1U3Db,1r4r1/1qpnk1p1/p3p1Rp/1pb1Pn1P/2p1QB2/P4PNN/1P3P2/2KR4 b - - 13 22,f5g3 g6e6 e7e6 e4g6 d7f6 f4g3,2663,attraction fork
0NVjH,8/8/8/1p1kpppp/8/PPK2PP1/7P/8 w - - 0 37,a3a4 b5a4 b3a4 g5g4 f3g4 h5g4,2664,pawnEndgame
1eIE2,8/2p4r/1p6/1P1KP2P/1P6/5k2/6p1/6R1 w - - 2 51,e5e6 h7h5 d5c6 h5h7,2664,rookEndgame
5s74g,2rq1rk1/pbNp1ppp/1p1Pp3/8/8/3B4/P4P1P/2RQK1R1 w - - 2 24,g1g7 g8g7 d1g4 g7h8 g4d4 f7f6 d3h7 f8f7 h7g6 f7g7,2664,hangingPiece
0JBkb,3q1r2/1p4k1/4p3/p2p4/3P2QP/4bBP1/1P4K1/2r2R2 b - - 1 27,g7f7 f3d1 f7e7 g4g7 e7d6 f1f8 d8e7 g7e5,2665,deflection discoveredAttack
5iByl,3N4/8/8/p3pk2/2p5/8/PP4Kp/8 b - - 1 49,h2h1q g2h1 a5a4 d8b7 f5e4 b7c5,2665,hangingPiece
03QN5,8/p7/1p1k4/2pp4/2PPp2p/1PK1P2P/P7/8 b - - 1 34,a7a6 d4c5 b6c5 c4d5 d6d5 b3b4,2666,pawnEndgame
1Sv8W,r5k1/1p5p/2p3pQ/p3q3/2Bp2b1/5R2/PPP4P/3K4 b - - 1 25,g4e6 h6f4 e5f4 c4e6 g8h8 f3f4,2666,deflection
74S4c,8/8/8/1K3Bk1/4pr2/8/5R2/8 w - - 1 60,f2e2 g5f5 b5c4 f4f3,2666,hangingPiece
03kr8,3r4/1k2bp2/1pp1pn1p/3p4/Q2P1q2/2RB2rP/PP3P2/4RK2 b - - 1 27,d8c8 a4a6 b7c7 c3c6 c7c6 a6c8,2667,attraction deflection
0Tkd3,1rR5/5p1p/4p2b/3pP1kN/3P3N/4P3/6P1/1q1Q2K1 w - - 9 41,c8g8 g5h4 g2g3 h4h3 d1b1 h6e3 g1f1 b8b1,2667,hangingPiece
1GLLN,1k1N2r1/1pqb4/p1n1pn2/8/1PNP3p/PQ1B3P/1B3PP1/2b2RK1 w - - 0 20,d8c6 d7c6 d4d5 g8g2 g1g2 c6d5,2667,attraction kingsideAttack
02u6i,8/1p6/2b5/p2pPk2/2P1pp2/8/P3KPr1/3Q4 w - - 0 44,c4d5 c6b5 e2d2 e4e3 d2c3 e3f2 d1b1 f5g5 b1b5 g2g1,2668,advancedPawn defensiveMove pin
23R9w,2k4r/pp3p2/2b1p3/3pP1b1/1PpP2p1/P1P3P1/1B1N1KNr/R4R2 w - - 7 25,a1d1 c6a4 b2c1 a4d1 f1d1 g5e3 f2e3 h2g2,2668,deflection
2V1um,8/3P2pk/5p2/3QpPp1/5rP1/3R3P/5q2/3K4 b - - 4 45,f2f1 d1c2 f4b4 d3d1 f1e2 d1d2 e2a6 d7d8q,2668,promotion
DlEsd,8/1p6/p2k2p1/Rb2p3/3P2K1/P7/8/8 w - - 0 40,d4e5 d6e6 g4h4 b7b6 a5b5 a6b5,2668,trappedPiece
03qQI,8/8/1p2p3/pP3k2/4Q3/3Rr3/1P5P/1K6 b - - 0 44,f5e4 d3e3 e4e3 h2h4 e3f4 b1c2 f4g4 c2d3,2669,defensiveMove rookEndgame
0BIxi,8/6p1/3k2p1/5PPp/4K2P/8/8/8 b - - 0 44,g6f5 e4f5 d6e7 f5g6 e7f8 g6h7 f8f7 h7h8,2669,pawnEndgame
037kN,8/8/8/5k1p/5Pp1/3K2P1/8/8 w - - 0 65,d3d4 h5h4 g3h4 g4g3 d4e3 f5g4 f4f5 g4h3,2670,pawnEndgame
08lNe,3rkb2/p4PpQ/q7/Ppp2P2/2p5/2Pp2P1/6bP/R4RK1 b - - 0 24,e8f7 f5f6 g2f1 f6g7 f8g7 a1f1 a6f6 f1f6 f7f6 h7h4 f6e6 h4d8,2670,advancedPawn attraction pin skewer
0FcGP,8/pp5p/7K/2p1k3/7P/PP6/5P2/8 w - - 2 35,h4h5 b7b5 h6h7 e5f6 b3b4 c5c4 h7g8 f6g5,2670,pawnEndgame
1GO5i,rnbq1rk1/pp4pp/1b6/3P4/4Npn1/6P1/PP3PBP/RNBQK2R w KQ - 0 13,e1g1 f4g3 h2g3 d8e8,2670,pin
1Ghdw,8/8/4k1rp/8/4KPpR/6P1/8/8 b - - 5 55,e6f6 f4f5 g6g8 e4f4 g8h8 h4g4,2670,rookEndgame
2C8aA,8/7K/5kP1/1p1p1n2/8/3N4/8/8 b - - 8 53,f5e7 g6g7 d5d4 d3b4 f6f5 b4c6 e7c6 g7g8q,2670,deflection promotion
2GdCH,8/8/1p6/8/p1k2KP1/P7/8/8 b - - 0 43,b6b5 g4g5 c4d5 g5g6 d5e6 f4g5 b5b4 g5h6 b4b3 g6g7 b3b2 g7g8q,2670,promotion
7QWK3,1k3rr1/ppp5/1b5q/3R4/4Q3/3B3P/2P2PP1/5RK1 w - - 7 31,e4h7 f8f2 f1f2 b6f2 g1f2 h6d2 f2f3 d2g2 f3e3 g2d5,2670,skewer
0PwrP,2k1rb1r/1p1b1npp/1Q2p3/n2pPpP1/P4q2/2pR3P/3NB2N/1RB4K b - - 3 23,c3d2 c1d2 f4e4 h2f3 a5c4 b6b7,2671,fork
0ZMXH,5k2/5pbQ/b3pR2/1pq1P1P1/p2rP3/3B3R/P7/6K1 w - - 2 41,g1g2 d4d3 h3d3 c5c2 g2g1 c2d3 g5g6 d3d4 g1g2 d4e4,2671,attraction exposedKing fork
0gCc6,6k1/2r2Nb1/4p1pp/p2r4/3P1Q2/pq4PP/1P2R1PK/5R2 b - - 1 33,c7d7 e2e6 d5f5 f7h6 g8h7 h6f5,2671,exposedKing fork
1QDJj,3r2r1/pb1q3k/1p1P2pp/2p1p2n/P1Pb2N1/1P1B3P/4Q1PB/3R1R1K w - - 0 30,g4e5 h5g3 h2g3 d7h3 g3h2 d4e5 f1f7 g8g7 f7g7 h7h8 g7h7 h8h7,2671,pin
0a40R,8/8/4p1p1/3pP1k1/p1pPp3/P1P1P1K1/6P1/8 b - - 0 33,g5f5 g3h4 g6g5 h4h5 g5g4 h5h6,2673,defensiveMove pawnEndgame
1E1eA,r3k2r/4b1p1/p3pn1p/q1p3P1/1p2b2P/1P2BP2/P1PQB3/1K1R3R b kq - 0 18,f6d5 f3e4 d5c3 d2c3 b4c3 e2h5 g7g6 h5g6 e8f8 g5h6,2673,exposedKing hangingPiece
6qgDw,8/5k2/p2ppn2/2p2p1N/2PP2p1/4P1R1/Pr1q1P2/R4K1Q w - - 5 33,g3g2 b2a2 a1e1 d2e1 f1e1 a2a1 e1e2 a1h1,2674,skewer
1rskP,8/R4p2/3pk2p/6p1/3PP1P1/p4K1P/r7/8 b - - 0 44,f7f6 d4d5 e6e5 f3e3 f6f5 a7f7 a2f2 e3f2,2675,rookEndgame
3s2Rp,2r5/Q3kpq1/4r1p1/8/2p2R2/7R/5PPK/8 b - - 1 47,e7f8 f4f7 g7f7 h3h8 f7g8 a7h7 g8h8 h7h8 f8f7 h8c8,2675,skewer
0Ei9E,8/4r1k1/1p3p2/3Q4/P2P2p1/7q/6Nr/2R2RK1 w - - 1 37,c1e1 h2h1 g1f2 g4g3 f2f3 h1f1 e1f1 f6f5,2676,defensiveMove deflection exposedKing
0p70I,2k4r/4bp2/p3q3/B1p1Pp1r/3Q1Pp1/P2P3P/6P1/2R1R1K1 b - - 1 28,g4h3 c1c5 e7c5 d4c5 c8b8 c5c7 b8a8 a5b6,2676,defensiveMove exposedKing
1prxr,r3r1k1/pp3p1p/6p1/2p5/4PB1q/2PB3b/PPQ5/R4R1K w - - 4 20,f1f2 c5c4 d3c4 h3e6 f4h2 e6c4,2676,discoveredAttack exposedKing
2iljp,2Q5/1p2bkpp/2b5/4P3/2Npn1P1/6KP/5P2/8 w - - 4 34,g3f4 e7g5 f4f3 e4c3 c8c6 b7c6,2676,discoveredAttack
0GYeR,8/8/7p/p1kpr1pP/Pp2PpP1/1PpR1P2/2P5/3K4 w - - 0 49,e4d5 c5d6 d3d4 e5e3 d4e4 e3f3,2677,rookEndgame
0JhDP,7R/pk1p2p1/4p3/2b3BQ/8/6q1/2P2rP1/R6K w - - 5 31,h8b8 g3b8 a1b1 c5b6,2677,defensiveMove hangingPiece
3X2ew,r1bq1r1k/4p2p/p2p2p1/1p1P2Pn/7N/4Q3/PPP1PP2/2KR3R b - - 5 25,d8a5 h4g6 h7g6 h1h5 g6h5 g5g6 h8g7 e3e7 g7g6 e7f8,2677,discoveredAttack
5VsMj,4r3/r4k1p/pq3bp1/1p1Pn1B1/5Q2/8/PPP1N1PP/5R1K b - - 6 23,e5d3 c2d3 f7g8 g5f6 a7f7 e2g3,2677,hangingPiece
15DNC,8/7k/4qpp1/8/P4Q1K/6P1/8/8 w - - 0 46,f4g4 e6d5 g4e2 d5h1 h4g4 h1h5 g4f4 h5e2,2678,skewer
6ebrA,8/pp1qk2B/4pr2/6Q1/8/2r1PP2/P4K2/7R b - - 6 28,c3c2 h7c2 d7d2 f2g3 d2c2 e3e4,2678,hangingPiece
0Ei9t,8/8/p1pp4/P2k3p/1P1P1p1P/3K1P2/8/8 b - - 0 33,d5e6 d3c4 e6d7 d4d5 d7c7 c4d4,2679,defensiveMove pawnEndgame
0cgc6,8/6pp/8/p2p1k2/2pP4/2P2KP1/P5P1/8 w - - 0 41,a2a4 h7h5 g3g4 h5g4 f3e3 f5g5,2679,defensiveMove pawnEndgame
1DS7O,Q7/3nq1pk/2p1p2p/1p1pB3/2rP1P2/4P2P/6P1/R5K1 b - - 5 33,e7h4 e5g7 h7g7 a1a7 h4e7 a8c8,2679,pin
7wyPX,4qrk1/pp5N/2pp2rb/4p3/1PP3BP/3Q1p2/P4P2/1R2R1K1 w - - 0 30,h7f8 g6g4 g1f1 e8f8 e1e4 f8f5,2679,hangingPiece
0DrGR,8/R7/5k2/4r3/PP1pp3/6P1/6K1/8 w - - 0 48,a7a5 d4d3 g2f1 e4e3 f1e1 e3e2 a5e5 f6e5 b4b5 e5e4 e1f2 e4d4 b5b6 d4c3 b6b7 c3d2 b7b8q e2e1q,2680,advancedPawn promotion rookEndgame
0oLI8,N1b4r/ppB1kppp/4p3/3q1n2/1b6/3QKP2/PP4PP/R4BNR w - - 2 18,e3f2 d5c5 f2e2 b7b6 a2a3 c8a6,2680,pin
1ljsY,k7/P3Rpp1/1P3r2/2K5/8/8/7p/8 b - - 0 63,f6f5 c5b4 h2h1q e7e8 a8b7 a7a8q,2680,exposedKing promotion rookEndgame
0Xr5f,4B3/8/8/8/3kpp2/p5p1/P3K1P1/8 w - - 0 48,e8g6 f4f3 g2f3 e4e3 e2f1 d4c3 f3f4 g3g2 f1g2 e3e2,2681,advancedPawn exposedKing
26eOE,rn3r2/pk2q1p1/1pp1p2p/4Q3/4B3/2N5/PPP2PPP/3R2K1 b - - 2 20,b8d7 e4c6 b7c6 e5e4 c6c7 c3d5 c7d8 d5e7,2681,attraction
0BuCo,8/6k1/1p1p1pp1/3P4/2PqP2P/2n3P1/2B1Q1K1/8 w - - 8 41,e2g4 d4d2 g2h3 c3e2,2682,fork
0g5ww,8/2Pr2p1/4k1p1/2r1B1P1/5P2/5K2/4R2P/8 b - - 2 47,e6f5 e5d6 c5c3 e2e3 c3e3 f3e3,2682,defensiveMove
0hdcl,8/8/p7/2B2r1p/1Pk1KP1P/8/8/8 b - - 2 59,f5f7 c5d6 f7d7 e4e5 d7d8 e5e6 d8e8 d6e7,2682,defensiveMove
0q8BG,3r2k1/1p3ppp/2n2q2/8/3P4/2B3P1/5P1P/R2Q2K1 w - - 1 28,d4d5 f6c3 d5c6 d8d1 a1d1 c3a5 c6b7 a5b6,2683,hangingPiece
0M514,8/1p6/8/p2kpp1p/7P/PP1K1PP1/8/8 w - - 4 37,d3e3 b7b5 e3e2 e5e4 e2e3 d5e5 f3e4 f5e4,2684,pawnEndgame
0wRwQ,8/8/1p1k1p2/2p1pPp1/P1P3P1/4PBn1/3K4/8 b - - 7 46,e5e4 f3g2 d6e5 g2h3,2684,defensiveMove
01cHu,4r1k1/2q1Ppp1/2pR1n2/p4NpP/8/PQ6/2P5/2K5 w - - 1 31,d6f6 g7f6 f5h6 g8h8 h6f7 h8g7 h5h6 g7g6,2685,hangingPiece
2MSmg,3r2k1/p3pp1p/2Q3p1/2P4n/2P1p1q1/2b1B3/PP3PPP/4R1K1 w - - 0 20,b2c3 g4e2 h2h4 e2e1,2685,kingsideAttack
05bfa,5k2/6RK/7p/7P/5rP1/p7/8/8 w - - 0 49,h7h6 f4a4 g7g5 a3a2,2686,advancedPawn rookEndgame
1j6PK,8/pp2k3/2p1pp1Q/q2p4/7P/4P3/P1PKN1r1/1R6 w - - 3 26,c2c3 a5a2 d2c1 a2e2 b1b7 e7d6 h6f8 d6e5 f8b8 e5f5 b8f4 f5g6 h4h5 e2h5,2686,deflection fork
1ygeD,r3r1k1/pp3pB1/3bpPp1/3p2Np/3n2PQ/2q4P/P4R2/5RK1 b - - 0 23,d6c5 g4h5 d4f3 g5f3 c3f3 h5g6 f7g6 h4h8 g8f7 h8h7,2686,kingsideAttack
1HcQd,B7/8/1k3p2/p1pK1Pp1/P3P3/6P1/3n4/8 b - - 11 44,c5c4 e4e5 c4c3 e5f6 c3c2 f6f7 c2c1q f7f8q c1c4 d5e5,2687,promotion
3f8X1,8/2qn4/5k2/1p6/8/1r5P/5PP1/Q3R1K1 b - - 11 41,c7c3 a1a6 f6g7 e1e7 g7f8 a6d6 c3c5 e7d7 c5d6 d7d6,2687,discoveredAttack
0SltD,3rr1k1/pb5p/2p2qp1/1PPpp3/1P1nB3/3Q1N2/P4PPP/3RR1K1 w - d6 0 27,b5c6 b7c6 f3d4 d5e4 d3b3 c6d5 b3e3 e5d4,2688,trappedPiece
5BVHe,2r1r1k1/ppBq3p/6p1/3p1b2/8/1PQ5/P2N1PPP/R2R2K1 w - - 3 21,d2e4 e8e4 a1c1 e4e7 c3d4 c8c7 c1c7 d7c7,2688,hangingPiece
8eSJR,2b2r1r/3nqpk1/p1p1p1p1/2npP3/1p1P1NQN/1P1B2P1/P4P1P/R3K2R w KQ - 0 25,f4g6 c5d3 e1e2 d3f2 e2f2 f7g6,2688,hangingPiece
0v9Os,7r/4bk1p/4p2p/3pP3/7P/5P2/P2Q4/1q1K1BNR w - - 4 25,d1e2 e7b4 d2f4 f7e8 f4b4 b1b4,2689,defensiveMove
1ICAz,8/p1k2p2/P7/1PP3p1/3K4/8/8/8 b - - 0 49,f7f6 d4d5 g5g4 b5b6 a7b6 c5c6,2689,exposedKing
1pZxE,r3r3/3k1pp1/p7/3p2p1/3P2n1/2NQ4/PPPK2Pq/4RR2 b - - 3 22,e8e1 d3f5 e1e6 f5d5 h2d6 d5b7,2689,exposedKing
0ELid,1r4k1/5r2/3PR2p/4Pnq1/1NpPQ1p1/2P2p2/6PP/5RK1 w - - 1 34,b4d5 f3f2 f1f2 g5c1 f2f1 c1f1 g1f1 f5g3,2690,advancedPawn attraction kingsideAttack
7PW2v,6r1/5prk/2R1p3/3pPq1p/1P4P1/P1Q4P/5PK1/4R3 w - - 0 38,f2f3 h5g4 f3g4 g7g4 h3g4 f5g4 g2f2 g4g2 f2e3 g8g3 e3d4 g3c3,2690,skewer
0gHdq,8/8/2p3pp/3k1p2/p1P2P2/P2K2P1/7P/8 b - - 0 36,d5c5 d3c3 g6g5 h2h3 c5d6 c3b4,2691,pawnEndgame
1PSi7,8/8/3R4/6p1/6P1/1p4KP/1r6/2k5 w - - 6 47,h3h4 b2d2 d6c6 d2c2 c6e6 c2c3,2691,rookEndgame
1ZO0f,5r2/R4pk1/2R5/2Pp4/3K2p1/4P3/P7/6r1 w - - 2 33,d4d5 g4g3 a7a4 g1d1 d5e4 g3g2,2691,rookEndgame
08YDd,1r3rk1/1b3ppp/p3p3/1q1P4/4N3/1B4Q1/PP3PPP/3R2K1 b - - 2 21,e6d5 e4f6 g8h8 g3h3 h7h6 h3f5,2692,pin
0Qfps,8/5p1p/4p1p1/k7/3K4/5P1P/6P1/8 b - - 1 33,a5b6 d4e5 b6c5 h3h4,2692,defensiveMove pawnEndgame
64rEt,r1b1kb1r/4pp1p/2pp2p1/p5N1/3P4/1R2Q3/q2B1PPP/1R4K1 b kq - 1 17,f8h6 e3c3 e8g8 b1a1 a2a1 c3a1,2692,trappedPiece
0YZ0j,r5k1/5r1p/1n1p2pQ/p1p1pN2/P3P3/1pPP1q2/1P3P2/2K3RR b - - 1 26,f3d3 h6g6 h7g6 g1g6 f7g7 g6g7 g8f8 h1h8,2693,kingsideAttack
1G9KP,3r1rk1/1p2b1pp/p1q5/2pN4/7n/1P2P2P/PB1Q1PP1/4RBK1 b - - 0 25,d8d5 f1c4 f8d8 e1d1 g8f8 c4d5,2693,pin
4gAu2,r2k3r/p1q1b1N1/2p1Qp1B/3p4/4nP2/8/P1P3PP/1R3RK1 w - - 12 28,g7f5 e7c5 g1h1 h8e8 f5g7 e8e6,2693,trappedPiece
1drDh,6k1/8/1pp3PK/3p4/1P1P4/2P2p1R/8/5r2 w - - 0 46,g6g7 f3f2 h3h2 b6b5 h6h5 g8g7 h5h4 g7g6 h4g3 f1c1 h2f2 c1c3,2694,rookEndgame
0up8u,8/8/1p5p/4k1pP/pPR1P1K1/P1P3P1/4r3/8 w - - 0 48,b4b5 e2e4 c4e4 e5e4 c3c4 e4e5 c4c5 b6c5 g4f3 e5d6 f3e4 d6c7,2695,defensiveMove rookEndgame
111H1,r4r2/1p3Nkp/p5B1/8/7q/2P1p3/PPQ5/2K2R2 w - - 1 32,f1g1 h4f2 c2d1 f2d2 d1d2 e3d2 c1d2 h7g6,2695,advancedPawn
260R4,8/5R2/1p6/1PpK2kr/2Pp4/3P4/8/8 w - - 1 68,f7d7 g5f4 d5c6 h5h6 c6b7 f4e3 d7c7 e3d3 c7c6 h6h5 b7b6 d3c4,2695,discoveredAttack
4MBIl,3r4/p1k5/P1br3p/5pp1/2Rp4/5BP1/5PP1/3R2K1 b - - 1 34,c7b6 f3c6 d6c6 d1b1 b6c7 b1b7 c7d6 c4d4 d6c5 d4d8,2695,skewer
0BxB8,r3b2R/3k4/p3pQP1/3pP3/1BpP1PK1/P7/P5q1/8 w - - 7 35,g4h5 e8g6 h5h6 g2h3 h6g6 a8h8 f6e7 d7c8 e7c5 c8b7,2697,defensiveMove
0C8j6,r3qb1k/3R2pp/1pP2p2/1P2p3/P5Q1/1b2PNBP/5PP1/6K1 w - - 5 27,c6c7 b3e6 g4e6 e8e6 d7d8 e6c8,2697,fork
JEDUt,r1b2rk1/ppp2ppp/2pb4/4N3/3P3q/5Q2/PPP2PPP/R1B1R1K1 b - - 3 11,f7f6 e1e4 h4e4 f3e4,2697,trappedPiece
0SKZB,8/8/6pp/5p2/1kp1pP2/p3P1P1/P2K3P/8 b - - 1 55,g6g5 f4g5 h6g5 h2h4 c4c3 d2e2 f5f4 e3f4 c3c2 e2d2 e4e3 d2c2 e3e2 c2d2 e2e1q d2e1,2698,pawnEndgame
1TzTh,2k3rr/p1b2q2/Pppnp3/6Bp/3P4/1QPB3P/1P3PP1/R4RK1 w - - 1 24,g5e3 g8g2 g1g2 h8g8 g2h2 d6c4 f2f4 c4e3,2699,attraction deflection discoveredAttack kingsideAttack
3uaOA,4r1k1/1B5p/1p4p1/p5P1/1Kp3Q1/3q2P1/P7/7R w - - 0 32,b4a4 b6b5 a4b5 e8e5 b5a6 c4c3 a6a7 d3e3,2699,discoveredAttack
0OZXt,r1bq2k1/pp3p1p/2pN2p1/2Prn3/8/2RB3P/PP3PP1/3QR1K1 b - - 6 19,b7b6 f2f4 d5d3 c3d3 e5d3 e1e8 d8e8 d6e8,2700,fork
0mReY,6k1/5p2/3q4/6pp/P4P2/6KP/3pB1P1/Q7 w - - 0 41,g3f2 d6c5 f2f3 g5f4 f3f4 c5c1 a1c1 d2c1q,2700,advancedPawn promotion
0xd8k,r5k1/1q2bpp1/4p1n1/p2p2P1/3N1P2/1P2B3/1P2Q3/1K5R b - - 2 31,a5a4 e2h5 e7b4 d4e6 f7e6 h5g6,2700,deflection
2DzlK,3r3k/2q4p/4BP2/p5Q1/3p4/P3nR2/1R3KPP/2r5 w - - 9 37,f6f7 c1f1 f2e2 d4d3 e2e3 c7c1 e3e4 c1g5,2700,skewer
1AdMw,r3r1k1/pppbqpn1/1b2p1pB/4P1N1/3P1PPP/P2R4/1PQ4K/5R2 b - - 0 26,d7c6 h6g7 g8g7 f4f5 f7f6 g5e6,2703,kingsideAttack
0mGPY,2r3k1/1p5p/3R2pP/1P6/5Pb1/1K2P3/2r5/5B1R w - - 0 36,d6d4 g4e6 b3a4 b7b6,2704,defensiveMove
1nDrO,r4rk1/p1pn2B1/2qb4/4pp1Q/4N3/2PP1N2/PP3PPP/n4RK1 b - - 0 18,f5e4 h5g6 f8f7 g7h6 g8h8 g6f7,2704,deflection discoveredAttack exposedKing kingsideAttack
2E4Xp,2kr4/ppp3pp/8/4Nq2/4pP1b/2P1B3/PP2QKRr/R7 w - - 5 25,f2f1 h2h1 g2g1 f5h3 e2g2 h3e3 g1h1 e3f4,2704,deflection
2m7wC,8/5pQ1/p3r3/2p1p1k1/2PpR3/3q4/5P2/6K1 b - - 1 38,g5f5 e4e5 e6e5 g7h7 f5f6 h7d3,2704,skewer
3UvVm,8/1P4k1/P4p2/3R4/2K5/2P5/6p1/1r6 w - - 0 49,d5b5 b1b5 c4b5 g2g1q c3c4 g1a7 c4c5 g7f7,2704,promotion
4s9wR,1r3bk1/Q5pp/2b1N3/P3Pp2/3B1P2/2P4P/1r4PK/8 w - - 1 33,h2g3 b2b7 a7a6 c6b5 a6b7 b8b7 e6f8 g8f8,2704,trappedPiece
0AOZj,6Q1/4b1p1/4Ppkp/8/6PP/4P1B1/2q2P1K/1q6 b - - 0 41,e7f8 e6e7 f8e7 h4h5 g6g5 g8g7 c2g6 h5g6,2706,advancedPawn deflection fork
1Taq9,8/5p2/4pB2/4PkP1/R4n2/6K1/Pr6/8 w - - 4 37,a2a3 f4h5 g3f3 b2b3 f3e2 h5f6,2706,exposedKing
7Ih1Y,r4rk1/pp4p1/4pn1p/3p3P/8/2PBQP2/q1PK4/6RR b - - 1 23,g8h8 g1g7 h8g7 h1g1 g7f7 d3g6 f7e7 e3c5 e7d8 c5f8,2706,skewer
BWqCT,5r2/1kp2P1Q/8/pp1p3n/1n1P2b1/1B2q3/PP4PP/R4R1K w - - 0 29,h7g8 h5g3 h2g3 e3h6 h1g1 g4e6 g8f8 h6f8,2706,trappedPiece
08OPe,r2q1k2/pppb2bQ/1n1p2p1/3P4/2P3P1/2NBr3/PP6/2KR3R b - - 0 21,e3d3 d1f1 d7f5 h7g6 d8f6 f1f5,2707,pin
0xDf8,8/8/p1k4p/3p2p1/3K2P1/8/P7/8 b - - 0 40,h6h5 g4h5 g5g4 d4e3 c6c5 e3f4 d5d4 f4g4,2708,pawnEndgame
0QqPr,8/1bq5/p2kp3/4N2Q/Pp2pP2/1P6/1BPr1b1P/4R2K w - - 1 32,e5c4 c7c4 b2e5 d6d7 h5h7 d7c8 b3c4 e4e3 h7b7 c8b7,2710,discoveredAttack
0whlv,r1b2rk1/1p1n1pp1/p3p3/qN1pP1Q1/3P1N2/6P1/PP4P1/R2K1B2 b - - 0 19,a6b5 f4h5 g7g6 g5h6 a5a4 d1c1 g6h5 h6g5,2710,defensiveMove
6yioV,8/1NPk4/6p1/3Pp3/5p2/6p1/5P2/3K4 w - - 1 45,c7c8q d7c8 b7d6 c8c7 d6b5 c7b6 b5c3 g3g2,2710,hangingPiece
0aNj7,2rqr3/5Pkp/2n3p1/pp4N1/3bP3/1B2Q3/PP1N4/R4RK1 w - - 1 25,f7e8q d4e3 g1h1 d8e8 f1f7 e8f7,2711,fork hangingPiece
0qHbU,r3r3/2q2pk1/b1p1p1p1/p1P3N1/4Q3/P7/5PP1/1B2R1K1 b - - 1 24,e8h8 g5e6 f7e6 e4g6 g7f8 g6f6 f8g8 e1e5 c7e5 f6e5,2711,deflection fork
1Ksao,r5k1/4bppp/2ppp3/q1n3P1/1p1P1P1P/1P2PQ2/1rP5/1NKR3R w - - 0 21,c1b2 a5a2 b2c1 a2c2 c1c2 a8a2 c2c1 c5b3,2711,attraction deflection
0YVun,8/6p1/1p4P1/p3kp2/PP6/2P1K3/8/8 w - - 0 37,b4a5 b6a5 c3c4 e5f6 c4c5 f6e5 c5c6 e5d6 c6c7 d6c7,2712,pawnEndgame
2WPkZ,4rrk1/ppp2p2/3p1p1p/7P/5PPq/P1PQ3b/2PKN3/R5R1 b - - 2 22,g8h8 d3g3 h4g3 g1g3 f6f5 g3h3,2713,trappedPiece
7O79o,8/8/8/P1K5/2P3R1/5k2/8/r7 w - - 1 61,c5b5 f3g4 b5c6 g4f5 c6d6 a1d1,2713,hangingPiece
0GIHX,r6k/3b1R1B/2p1r2p/p2P2q1/5N2/P7/2Q3P1/4b1K1 b - - 0 32,c6d5 c2b2 d5d4 b2d4 e6f6 f7f6,2714,exposedKing fork
1aeA2,r2q1rk1/1b3ppp/p3pn1P/1p4Q1/4p3/2BB1N2/PPP3P1/2K4R b - - 0 18,f6h5 g5h5 g7g6 h5e5 f7f6 e5e6 f8f7 d3e4,2714,hangingPiece kingsideAttack
15vpx,8/4b3/8/3k2p1/3P2Pp/pP1K3P/8/2B5 w - - 4 41,d3c3 a3a2 c1b2 d5e4,2715,advancedPawn
0945E,6k1/6p1/2p1p2p/p4p2/P7/1P2KP1P/6P1/8 b - - 1 29,e6e5 b3b4 a5b4 e3d3 g8f7 a4a5,2716,defensiveMove pawnEndgame
0XVxO,8/7p/6p1/p5P1/1k6/N1p5/nPK4P/8 b - - 1 41,a5a4 a3b1 a4a3 b2c3 b4a4 b1d2,2716,defensiveMove
0puki,8/8/2p1k1p1/1p4Pp/p2PK2P/P7/1PP5/8 w - - 1 40,b2b3 b5b4 e4d3 a4b3 c2b3 b4a3 d3c2 e6d5 c2b1 d5d4,2716,pawnEndgame
2fFOR,4k3/2P2b2/Bp1p4/3Pp1b1/5PP1/4K3/3NN3/7q b - - 0 40,h1h3 d2f3 e5f4 e2f4 h3g4 f3g5 f7d5 c7c8q g4c8 a6c8,2717,promotion
0JQKZ,1r1k1b1r/pp2pBpp/2p5/8/7n/1QN1B3/PP2KP1P/R6q b - - 3 26,h1a1 e3b6 a7b6 b3b6 d8d7 b6d4 d7c7 d4e5,2718,fork
2GozZ,r3r2k/3bq3/2p2p1B/pp1pb2Q/B3N2P/3P4/PPP3P1/5RK1 b - - 7 32,b5a4 e4f6 e5f6 h6g5 h8g7 h5h6 g7g8 f1f6,2718,deflection discoveredAttack kingsideAttack
2rh5Z,r5k1/1pp3r1/p4Qp1/P2qPp2/1P1Bp2R/2P4P/6P1/6K1 b - - 3 32,a8f8 h4h8 g8h8 f6f8 d5g8 f8f6 g8f7 f6f7 g7f7 e5e6 h8g8 e6f7,2719,discoveredAttack
1ORxr,r7/8/8/8/p4RP1/1k6/5K2/8 w - - 0 52,g4g5 a4a3 f2g3 a3a2 f4f1 a8a4,2721,rookEndgame
0ZoV2,3rr1k1/p4ppp/6q1/3Q4/5Pn1/4B3/PPP3PP/RN2R1K1 w - - 3 20,d5g5 g6b6 g5g4 e8e3 e1e3 b6e3,2722,kingsideAttack
01AyE,8/4k3/ppp2pKp/4p2P/PPP5/3P4/8/8 b - - 2 38,e7e6 g6h6 e6f7 b4b5 a6b5 c4b5 c6c5 a4a5,2724,pawnEndgame
1RsRr,8/1K3B2/1pP2kPp/8/1p5P/8/2r5/8 b - - 1 44,b4b3 h4h5 b3b2 f7a2 f6e7 g6g7 c2g2 c6c7 g2g7 c7c8q,2724,promotion
Afrw5,1r4k1/5pbp/r1q1pnp1/1NPp4/2nP4/2B1P1P1/2Q2PBP/1RR3K1 w - - 7 25,b5a7 c6e8 b1b8 e8b8 a7b5 b8b5,2724,trappedPiece
1cwOC,4r1k1/1Q3pp1/p3p2p/4n3/2P1B3/1PN1q3/P4rPP/2R2R1K w - - 4 29,c3a4 e3f4 h1g1 e5g4 g2g3 f4e3 b7b6 f2f1,2725,kingsideAttack
0TkEU,8/7p/8/1pkp2P1/7P/2P5/4Kp2/8 b - - 1 45,c5c4 h4h5 b5b4 c3b4 d5d4 e2f2,2726,pawnEndgame
1BQRD,7R/5k2/7P/6P1/7K/4p3/8/r7 w - - 1 64,h6h7 e3e2 h8f8 f7g6,2726,rookEndgame
3X8QA,4k3/5R2/4P3/5P2/p7/2P1b3/rPK5/8 w - - 3 56,f7a7 e3a7 c2b1 a2a3 b2a3 e8e7 b1c2 a7c5 c2d3 c5a3,2726,hangingPiece
10zzV,8/2p1k3/2prP1p1/p2pRp2/P4PP1/1P3K2/2P5/8 b - - 0 33,d6e6 g4f5 g6f5 b3b4 a5b4 a4a5 e6e5 f4e5,2727,rookEndgame
11OB1,6k1/pp3p1p/1q1p1n2/3P2p1/2Br4/5K2/P1R1Q1PP/4R3 w - - 0 26,c4d3 d4f4 f3g3 b6e3 e2e3 f6h5 g3h3 f4h4,2727,exposedKing
1duDi,8/1p5R/p5p1/8/6k1/P1B3r1/1P1pr3/R6K w - - 8 51,h7g7 g3h3 h1g1 h3c3 b2c3 e2e1 g1f2 e1a1,2728,exposedKing
2Bk8y,r6k/4p2p/3pBppB/1b1P4/4qP2/1PQ4P/6PK/8 b - - 3 37,b5e8 c3c7 g6g5 h6g7 h8g7 c7e7 g7g6 f4f5 e4f5 e6f5,2728,attraction
2XtsR,2b5/4rpk1/p2p4/3P1P2/B1pq2Np/5QnP/Pr4PK/R3R3 b - - 2 29,g3f5 a1d1 b2d2 d1d2 d4d2 e1e7 f5e7 f3f6 g7g8 g4h6 g8h7 h6f7,2728,deflection
041sJ,r3k2r/pb3p2/1p2p3/2q1n3/3pNQB1/6P1/PP5P/R4RK1 b kq - 3 26,c5c2 e4d6 e8d7 f1f2 h8h2 f2h2 a8h8 h2c2,2729,fork
0cgXN,8/3k1p2/3P3p/4K1p1/8/8/5P1P/8 b - - 1 48,h6h5 h2h3 g5g4 h3h4 g4g3 f2g3,2729,pawnEndgame
1HgBN,Q4n1k/6pp/p7/4p1PP/2P2r2/2R4B/q1K1P3/6N1 w - - 0 33,c2d3 a2b1 d3d2 b1b2,2729,fork
1RzUD,3r4/3P1pkp/8/3Q4/6P1/4qRK1/8/8 b - - 6 47,e3e7 f3f7 e7f7 d5g5 f7g6 g5e7,2729,fork
4Cff3,5r2/4k1p1/1p6/2bQ4/p4B2/4PP2/Pq2K1P1/7R w - - 12 51,e2f1 b2b5 f1g1 c5e3 f4e3 b5d5,2729,discoveredAttack
0dEK8,8/8/2k5/5pp1/1PK1p1P1/8/5P2/8 b - - 0 41,f5f4 c4d4 e4e3 f2e3 f4f3 d4d3 c6b5 d3d2 b5b4 d2e1 b4c3 e1f2,2730,pawnEndgame
2Rc2d,8/2p2k2/3p1n2/3PpQ2/p3P1P1/nrNK1P2/1p2N3/8 w - - 2 38,g4g5 b2b1q d3e3 a3c4 e3f2 b1f1 f2f1 c4e3 f1e1 e3f5,2730,attraction promotion
4K9d1,rr6/3Q1Nkp/6p1/ppp5/3b4/PP1P4/2Pq2PP/5R1K b - - 0 23,b8f8 f7d8 g7h6 d7h3,2730,discoveredAttack
0Oe28,8/8/7R/3n4/3kp3/3p2PP/5K2/8 w - - 0 48,h6h4 d5c3 h4h7 e4e3 f2f3 e3e2 h7d7 d4c4,2731,advancedPawn defensiveMove
0VoId,8/7p/p5k1/1p1p2p1/P2Prp2/1PP3PP/4RK2/8 w - - 0 38,g3f4 e4e2 f2e2 b5a4,2731,rookEndgame
BIAgD,2r1qbk1/1R1R1b1p/2p2pp1/Q2n4/P2P4/2p2BP1/5PNP/6K1 w - - 0 27,h2h4 c8a8 f3d5 a8a5 d5f7 e8f7 d7f7 c3c2 g2e3 c2c1q,2732,trappedPiece
ESXTS,r6k/1b3r2/3p1p1b/2pPp1pQ/2P1B3/1q1P4/pp3RPP/5RK1 b - - 1 35,b2b1q h5f7 b1f1 f2f1 h6g7 e4f5 b7d5 c4d5 b3d5 f7d5,2732,trappedPiece
0nP1q,7k/1p2b3/4P2p/3pQP2/4p2P/2P1P3/r2r1R2/3q1BK1 b - - 1 34,h8g8 e5g3 g8h8 f5f6 e7f6 e6e7 d1f1 f2f1,2733,advancedPawn
0uFf8,8/8/6p1/4kp1p/8/6PP/4KP2/8 w - - 0 41,f2f3 f5f4 g3g4 e5d4 h3h4 d4c3,2733,defensiveMove pawnEndgame
4zwED,8/R2p2k1/4b1r1/5pP1/3P1P2/1p2KQ1P/2r5/8 w - - 2 40,d4d5 c2c3 e3e2 c3f3 d5e6 f3f4 e6d7 g6e6 e2d2 e6d6,2733,skewer
0z9Ia,8/2p5/1p1p4/p2P1kp1/P1P4p/5P1P/5KP1/8 w - - 4 45,f2e3 f5e5 e3d3 b6b5 a4b5 a5a4 d3c3 a4a3 c3b3 e5d4 b3a3 d4c4,2735,pawnEndgame
2VgTM,4r1k1/1p6/1b6/p4ppq/P3p3/1NPr2PP/1P3PQ1/R3R1K1 w - - 1 26,g3g4 b6f2 g1f2 h5h4,2736,attraction kingsideAttack
3OVEi,8/6p1/5pK1/1pk4p/8/2P3PP/8/8 w - - 2 40,g6g7 f6f5 g7g6 c5c4 g6h5 c4c3 g3g4 f5f4 g4g5 f4f3 g5g6 f3f2 g6g7 f2f1q,2736,promotion
5qCE0,4R1B1/2p3p1/3p2kp/4p3/1P2P3/2q3PK/8/8 b - - 1 39,c3b4 e8e6 g6g5 g8h7 b4a3 e6g6 g5h5 g6g7 a3f3 h7g6 h5g5 g6e8 g5f6 g7f7 f6e6 f7f3,2736,skewer
93DUi,n2q1rk1/1p2b1pp/1p2p1R1/3pN2Q/1PpP1B2/2n1P3/5P1P/4KB2 b - - 0 19,e7b4 g6g7 g8g7 f4h6 g7h8 h6f8 d8f8 e5g6 h8g8 g6f8,2736,skewer
0YSiV,5r1k/p2b3p/2p5/2Rp2Q1/3q1p1P/1P6/P3p1PK/4R3 w - - 0 27,g5e7 f8g8 e7e2 f4f3 e2f3 d4h4 h2g1 h4e1,2737,fork
08qSi,5r1r/k5pp/1p6/p1pB4/P3P3/4B3/1q4PP/1RR4K b - - 1 31,b2e5 c1c5 f8f1 b1f1 b6c5 f1f7 a7b8 e3f4 e5f4 f7f4,2738,pin
0ULQe,8/2pprN1p/2b2rp1/1p1q4/1Pk5/8/Q1P3PP/6RK b - - 1 35,c4d4 a2b2 d4e4 b2f6,2738,skewer
12IPe,8/p7/8/3p4/PP1K3R/1r6/6k1/8 w - - 2 41,b4b5 b3b4 d4d5 b4h4 a4a5 h4h6,2738,rookEndgame skewer
01e9g,8/7p/1p4p1/p1kp1pP1/P4P1P/1PPK4/8/8 b - - 0 32,c5c6 d3d4 c6d6 c3c4 d5c4 b3c4 d6c6 d4e5 c6c5 e5f6 c5c4 f6g7,2739,pawnEndgame
0Pzs1,1r3rk1/pp2Rp1p/2p3qP/4Q3/4N3/8/PP4P1/6K1 b - - 4 34,f7f6 e5f4 b8e8 e7g7 g6g7 h6g7,2739,advancedPawn fork
1Wi86,6k1/q7/8/1p2BQpP/p1p5/P2r4/1P4PK/8 b - - 2 43,a7e7 h5h6 e7f7 f5f7 g8f7 h6h7,2739,exposedKing
2lA1V,r7/1b6/pq3pp1/1p4k1/8/P5Q1/1PP3PP/4R2K b - - 7 33,g5h6 g3h4 h6g7 e1e7 g7f8 e7b7 b6b7 h4h8 f8f7 h8h7 f7e8 h7b7,2739,skewer
0kPuE,8/8/6K1/n1k4p/8/6PP/8/8 b - - 1 42,h5h4 g3h4 c5d5 g6f6 a5c6 h4h5,2741,defensiveMove
17KZ0,3R4/6p1/7p/2k5/3r4/4p2P/P5PK/8 w - - 2 44,d8c8 c5d5 h2g3 d4e4 c8c1 d5d4,2741,rookEndgame
3blcK,r2q2k1/p1pn1pp1/2b4p/3pQ3/7B/2PB4/P1P2PPP/1R4K1 w - - 5 17,e5f5 d8h4 f5h7 g8f8 b1e1 f7f5 e1e6 d7f6,2741,hangingPiece
2Prrs,rnb1k2r/ppq2p1p/2pb3n/8/2BP3P/5p2/PPP3P1/RNBQ1RK1 w kq - 0 12,c1h6 d6h2 g1h1 f3g2 h1g2 c7g3 g2h1 g3h3,2742,attraction kingsideAttack
2ra1g,1r5r/1p2k3/pq2P3/8/1P1R2Q1/P5P1/7P/2b3K1 b - - 0 30,c1b2 g4g5 e7e6 g5e3 e6f7 d4d7 f7g8 e3b6,2745,discoveredAttack
1TmxT,5qk1/3r1r1p/pp2pBpR/4P3/1P1n2P1/8/P2Q1P2/5K1R b - - 3 40,d4f5 g4f5 d7d2 h6g6 f7g7 g6g7 f8g7 f6g7,2747,kingsideAttack
1YM81,2r4r/p4p1k/1pBB4/3Pp1Q1/4q1bp/5p2/PPP5/R2K1R2 w - - 3 35,d6e5 e4e2 d1c1 e2f1 c1d2 f1f2 d2d3 h8g8,2747,fork
4nRwe,r3kq1r/5p1p/2p1p3/p2pQ3/P4N2/8/2P2PPP/1R3bK1 b kq - 2 22,f1c4 b1b7 c4a6 f4e6 a6b7 e6f8 e8f8 e5h8,2747,discoveredAttack
0xCrA,8/7R/7P/5p2/8/2k3PK/1p2r3/8 w - - 0 52,h7b7 e2e6 h6h7 e6h6 h3g2 h6h7 b7h7 b2b1q,2748,advancedPawn deflection promotion rookEndgame
1hIbM,6k1/p1r3p1/1p1pr3/7R/1P1Qp2n/P3P1qP/1B4P1/5R1K w - - 1 37,f1g1 h4f3 g2f3 g3f3 g1g2 f3h5 g2g7 g8f8,2749,fork
0haWu,8/8/1b2N3/1P1pP3/3P4/4Kpk1/8/8 w - - 2 59,e6g7 f3f2 g7f5 g3g4 e3f2 g4f5,2751,advancedPawn defensiveMove
0wLgQ,8/8/3k2pp/5p2/2K2P1P/8/6P1/8 b - - 6 49,d6e6 h4h5 g6g5 g2g3 g5f4 g3f4 e6d6 c4d4,2751,defensiveMove pawnEndgame
2UhpP,r1bq1rk1/1p1nb1pp/p7/3pBB1Q/3P4/4P3/PP3PPP/R3K2R b KQ - 0 14,g7g6 f5e6 f8f7 e6f7 g8f7 h5h7,2751,attraction kingsideAttack
1elaX,3r2k1/p4ppp/1p6/3p2q1/4p1b1/P1N1P3/1PP2PPP/1R2QRK1 w - - 0 20,e1d2 g4f3 g2g3 g5f5 c3d5 d8d5 d2d5 f5d5,2752,pin
2bzvs,1r1r4/b1p1kppp/5q2/2P1n3/1P1p2n1/P3P3/1BQP1PBP/RN2K2R w KQ - 1 17,e1g1 e5f3 g2f3 f6f3 e3d4 f3f4,2752,kingsideAttack
0GuTM,5rk1/1R5p/2p3p1/3p4/P2P2P1/2r5/6P1/R5K1 b - - 0 24,c3d3 a4a5 d3d2 a1e1 d2a2 e1e7,2754,rookEndgame
1g5Al,6rk/2r5/p2p4/1pp5/2P1q2p/1P3RN1/P4QK1/3R4 w - - 0 39,d1h1 c7g7 h1h4 e4h4,2754,pin
1Ggyb,8/6R1/8/6p1/7P/pk3K2/2r5/8 w - - 0 51,h4g5 c2c3 f3e4 c3c4 e4f5 a3a2,2755,exposedKing rookEndgame
0ioRI,8/5k1p/2K1pp2/p5p1/PP4n1/4P3/B7/8 b - - 0 44,g4e5 c6d6 g5g4 a2e6 f7g6 e6g4,2756,defensiveMove
1dv5E,3rQ1k1/1b3pbp/pq4p1/2pp4/5B2/1NP2PP1/PP3KP1/4R3 b - - 7 26,d8e8 e1e8 g7f8 f4h6 c5c4 f2f1 b6d6 b3a5 g6g5 e8f8 d6f8 h6f8,2756,kingsideAttack pin
1DgqS,2q5/7k/3p2pp/1Qp1p1r1/P2pPn1P/3P1PN1/5P1K/2R2R2 w - - 1 34,g3f5 g6f5 c1b1 g5g2 h2h1 c8d8 b5b7 g2g7,2757,exposedKing
Aorgv,1rR5/3B1p1p/3kp1pP/6P1/1p3P2/1R6/r5K1/8 w - - 10 42,g2f3 b8c8 d7c8 a2a3 b3e3 d6c7 c8a6 a3a6,2757,trappedPiece
067YS,r4q2/pp4nQ/2p1kP2/3pP1bb/3P4/2P4P/PP4P1/RN3RK1 w - - 1 22,f6g7 g5e3 g1h2 f8f1 g7g8b a8g8 h7g8 e6d7 e5e6 d7c7 g8g3 e3f4,2758,deflection pin
1KYiq,8/8/2p3p1/4K3/p2Bbp1k/P1P5/2P5/8 b - - 1 45,h4g4 e5e4 g4g3 d4e5 g6g5 c3c4,2760,hangingPiece
3c1ip,8/1BB1k3/2K1p1p1/3pPpP1/2p1bP2/2P1P3/8/8 w - - 29 82,b7c8 d5d4 c6b6 d4d3 c7d6 e7d8 c8e6 d3d2,2760,discoveredAttack
1ajYr,8/2p5/1pkp4/p5r1/P1P1P3/1PK2R2/8/8 b - - 16 53,c6c5 f3f5 g5f5 e4f5 c5c6 b3b4 c6d7 b4b5,2761,rookEndgame
3IZjg,6k1/1P2pp1p/3p2p1/2pP4/4P1K1/6P1/1Q5P/5q2 b - - 2 36,h7h5 g4h4 f7f6 b7b8q g8g7 b8c8 f1f3 h4h3,2761,promotion
3DVWb,rnbr4/pp2b1pk/4p2p/4Nq2/1PB3P1/8/PB2QP1P/R5K1 b - - 0 21,f5g5 e2e4 h7g8 e5f3 g5f6 b2f6,2762,trappedPiece
0IJty,3N4/6p1/p1p2k1p/7q/1P1PQ3/P7/3K1r2/6R1 w - - 0 43,d2d3 f2f3 d3d2 h5h2 e4e2 h2f4 d2c2 f3f2,2763,fork pin
8Z8Ib,4r3/8/1K1kP3/8/P7/1B6/8/8 w - - 1 63,a4a5 e8b8 b6a7 b8b3 a5a6 d6c5 e6e7 b3e3 e7e8r e3e8,2764,skewer
0oqzA,1r1k3r/2p2ppp/8/2p2P2/Q5n1/2PK4/P1P3q1/3RR3 b - - 1 26,g2d5 d3e2 h8e8 a4e8 d8e8 d1d5,2765,pin
1wv7o,3r2k1/b4pp1/7p/3rPq2/1P6/P5P1/1B2QP1P/1R1R2K1 w - - 0 33,d1d5 f5b1 g1g2 d8d5 e5e6 b1d1 e2d1 d5d1 e6e7 d1e1,2766,hangingPiece
07Uyt,8/p3kp2/4b3/2P3p1/3KB1Pp/7P/P7/8 b - - 0 47,e7d7 e4d5 e6d5 d4d5 f7f5 g4f5 g5g4 d5e4,2767,defensiveMove
1GjdI,8/r7/P3ppRP/1k2p3/1b6/2ppP3/RK3P2/8 w - - 0 49,b2c1 a7a6 a2a6 b5a6 g6g1 b4a3 c1d1 a6b5,2767,exposedKing
2elY2,5rk1/1p1r1qbp/1Rp1n1p1/Q1p1p3/P1P1P3/4BPP1/2P1N2P/5R1K w - - 1 23,e3c5 d7d1 f1d1 f7f3 h1g1 e6g5,2769,deflection
7zsOX,2r4k/p6p/2q1p2b/4Pp2/2P2P1Q/2Nr3P/P2B3K/1R3R2 w - - 0 39,h4h6 d3d2 h2g3 d2g2 g3h4 g2g6 h6g6 h7g6,2769,hangingPiece
2DihK,6k1/1q2prbp/p1bp4/8/2P3P1/1P2B2P/P2Q1P2/1R2R1K1 w - - 0 32,e3d4 c6h1 f2f3 f7f3 e1e2 f3g3,2770,kingsideAttack
0fm0n,8/6p1/1RPB1p2/1P3k1p/1n1p3P/8/r3KPP1/8 w - - 1 42,e2f3 a2a3 f3e2 d4d3 e2e3 b4d5 e3d2 a3a2,2771,exposedKing fork
1irqe,2Q5/6bk/6pp/pp6/4q3/1P5P/P3p1P1/4R1K1 w - - 0 52,c8c1 e4d4 g1h1 d4f2 c1d2 f2f1 e1f1 e2f1q,2771,promotion
2HZD9,5rk1/pp4p1/1q2p2p/4N2n/8/2NPn2P/PPPQ2P1/R5K1 w - - 0 20,e5d7 b6d4 c3e2 f8f2 g1f2 e3g4 f2e1 d4f2 e1d1 g4e3 d2e3 f2e3,2771,attraction kingsideAttack
0QpJl,8/1p3rpk/p1p4p/1PP1Rnq1/P7/8/5Q1P/4R2K w - - 5 39,e1f1 f5g3 f2g3 f7f1 h1g2 f1f5 e5f5 g5f5,2773,deflection discoveredAttack
0QwBE,r5k1/1p4bp/p5p1/3Pn3/4pqB1/7P/PP3P2/2RQ1RK1 w - - 1 22,c1c7 e5f3 g4f3 g7e5 f1e1 f4h2 g1f1 e4f3,2773,kingsideAttack
0yDE3,r2r2k1/2q2ppp/p3pn2/2p3N1/PnP5/5N1P/1P2QPP1/3RR1K1 b - - 2 21,c7f4 d1d8 a8d8 g5f7,2773,kingsideAttack
4J2Fi,1Q1Nr3/6k1/p6n/P3p3/4Pp2/5P2/1K4pp/3R4 w - - 0 44,d8e6 e8e6 d1d7 h6f7 b8c7 g2g1q d7f7 g7g8,2773,hangingPiece
COjqL,5rk1/pp4pp/3b2b1/2pPqp1n/4P1Q1/2N1B3/PP3KB1/R6R w - - 0 21,g4g5 d6e7 g5e7 e5e7,2773,trappedPiece
1H0oz,r3k3/p1p1q3/1p5p/3p1p2/4bP2/3B3N/PP2QPrP/4RK2 b q - 1 23,e7g7 d3e4 f5e4 e2h5 e8f8 h5f5 g7f7 f5f7 f8f7 f1g2,2776,exposedKing
2IHre,6r1/pp1kb3/1qn4B/2p4n/3pP3/2PP1NrP/PP3RB1/R2Q2K1 w - - 3 20,f3d4 c5d4 d1h5 g3g2 f2g2 g8g2 g1g2 b6b2 g2f3 b2a1,2776,attraction
1tjP9,8/1pQ2pb1/p1p3bp/1k2P1p1/2q3P1/P1P4P/1P3PB1/K7 b - - 5 37,b7b6 g2c6 c4c6 c3c4 c6c4 c7d7 c4c6 a3a4 b5c5 b2b4 c5b4 d7c6 g7e5 a1a2,2777,deflection
09epy,3b4/6kp/3P2p1/1r2P3/p3R1P1/2K5/1p3P2/3R4 w - - 1 38,e5e6 a4a3 e6e7 d8a5 c3d3 a3a2 e7e8q b2b1q,2778,advancedPawn exposedKing promotion
1PAau,1rr3k1/5p1p/3pN1p1/8/p2PQ3/P1P5/qP1RRPPP/2K5 w - - 1 24,e6f4 c8c3 d2c2 a2a1 c1d2 c3c2 e4c2 b8b2,2778,pin
1qDsx,8/2N5/8/1p2k2P/1P2p3/P2p2P1/4K3/1n6 w - - 0 50,e2e3 b1a3 h5h6 a3c4 e3f2 e4e3 f2g2 e5f6 c7d5 f6f7 h6h7 f7g7,2778,exposedKing
62hir,2k3r1/Qp4q1/p1p4p/P2p4/5p2/2Pr4/P3R1P1/1R4K1 b - - 1 30,f4f3 e2e8 g8e8 a7a8 c8c7 a8b7 c7d6 b7g7,2780,skewer
6Ab7O,2k4r/1pp1QP2/p7/7p/2P2P2/P3P3/1P1r1Kp1/R3R2q w - - 5 25,e1e2 h1a1 f7f8r h8f8 e7f8 d2d8,2780,hangingPiece
0o7FF,3k4/1R2N3/3p4/1p1PpP2/1P3pp1/7r/5K2/8 w - - 0 46,e7g6 g4g3 f2f3 e5e4 f3e4 g3g2 g6f4 g2g1q,2782,advancedPawn exposedKing promotion
1Dhxc,4r1k1/1P3pp1/p2b3p/3p3b/1P6/P3qNPP/2Q1Bn1K/2R1R3 w - - 1 27,e2a6 d6g3 h2g3 e3f3 g3h2 f3f4 h2g1 f2h3,2783,attraction deflection
50jNm,2r2bk1/7p/2q5/p2p4/Np1BbP2/1P2Q1P1/PKPR3P/8 w - - 5 36,f4f5 f8h6 e3e2 h6d2 e2g4 c6g6 g4e4 d5e4,2785,skewer
Loqga,3r4/6pp/pq2R3/4Qpk1/2pP3b/2P5/PP4P1/6K1 b - - 1 31,b6b7 g2g3 h4g3 e5g3,2785,trappedPiece
0N9xC,8/3R1k2/p1r2pq1/1pP1r1n1/4PpPQ/P4P1P/6K1/2R5 b - - 3 34,f7e6 h4h8 e6d7 c1d1 d7e6 h8d8 g6g7 d8e8 g7e7 e8c6 e6f7 d1d7 e7d7 c6d7,2786,fork pin
0NSp7,8/rBk5/P4p2/2p2Pp1/4P2p/2PK3P/8/8 b - - 4 48,a7b7 a6b7 g5g4 d3e2 g4h3 e2f1 c7b7 e4e5 h3h2 f1g2 h2h1q g2h1,2787,advancedPawn
2DIQw,1R6/r5qk/4P1pp/7P/4Q3/p5P1/6K1/8 b - - 0 54,a3a2 e6e7 a2a1q h5g6 g7g6 e4g6 h7g6 e7e8q a7f7 e8e4,2787,attraction promotion
0lsLh,5rk1/pppq2pp/3p2r1/8/4PP2/N5b1/PPP1Q2P/4RRK1 w - - 0 20,h2g3 d7h3 e2h2 g6g3 g1h1 h3g4,2788,exposedKing kingsideAttack
16yuZ,4rqk1/3Q4/1p2p3/p5np/P1B3p1/2P5/1P3rPP/R3R1K1 w - - 3 26,e1e5 f2g2 g1h1 g2h2 h1h2 g5f3 h2g2 f3e5,2791,attraction fork
1G67I,1r1qr1k1/4pRb1/p2p2pp/1bpP4/2B1N2N/1P4PP/P3Q1P1/6K1 b - - 0 23,b5c4 e2g4 e8f8 f7g7 g8g7 g4g6,2791,attraction exposedKing kingsideAttack
6Km8e,r4rk1/p5pq/1p3p1p/2pP3R/4P3/6RQ/P5PP/6K1 b - - 3 28,c5c4 h5h6 h7e4 h6h8 g8f7 h3d7 e4e7 h8h7 e7d7 g3g7 f7e8 g7d7,2793,skewer
0swr7,5rk1/ppp5/4p1p1/2p3bp/3qN1r1/3BR2P/PP3PQ1/5RK1 w - - 3 31,e4g5 f8f2 g2g4 f2f1 g1f1 h5g4,2795,kingsideAttack pin
1tDFW,3r4/R7/P5pk/8/2Rp1Ppp/1P1P4/2P2PK1/r7 w - - 0 41,b3b4 h4h3 g2h2 a1f1 c4c7 d8h8,2795,rookEndgame
1YgtK,8/p5kp/2p5/4R3/Pp3pP1/1P1P2K1/2P5/5r2 w - - 0 46,g3h4 f1h1 h4g5 f4f3 e5e7 g7g8 g5f6 h1h6,2797,rookEndgame
0PmcD,8/8/4p3/3pP1pp/8/2K4P/5PP1/2k5 b - - 1 45,c1d1 h3h4 g5g4 c3d3 d1e1 f2f4 g4g3 f4f5 e6f5 e5e6 e1f2 e6e7 f2g2 e7e8q,2798,advancedPawn pawnEndgame promotion
2NnVO,3R1rk1/p4pp1/7p/2q5/7P/8/r5P1/1Q1R3K b - - 3 26,a2c2 d8f8 g8f8 b1b8 f8e7 b8d8 e7e6 d8d7 e6e5 d7f7,2798,attraction deflection
0Ntod,r5k1/pp4p1/2npb1Qp/8/1P5q/2B4P/P5P1/5RK1 b - - 1 24,h4e7 c3g7 e7g7 g6e6 g8h8 f1f6 g7g5 h3h4,2800,deflection
0q1lv,1r2b1k1/p6p/q5p1/3Q1p1P/5P2/P1N5/1Bn2KP1/7R b - - 0 30,g8f8 d5c5 f8g8 c3d5 b8b2 d5e7 g8g7 e7f5 g6f5 c5e7 g7g8 e7e8,2800,exposedKing fork
40zUt,1r1q1rk1/5ppp/3p3B/p1bBp3/4P3/P2P1P2/2P2PQP/R5K1 b - - 1 18,c5f2 g1f1 d8f6 h6g5 f6g6 f1f2,2800,defensiveMove pin
CYwEN,8/1QKP1pk1/1P3qp1/4p3/4P3/8/7p/8 b - - 0 63,f6e7 b7c6 h2h1q b6b7,2800,advancedPawn
L1EMr,8/4kp2/6pK/8/5PP1/8/8/8 b - - 2 49,e7f8 h6h7 f8e7 h7g8 e7e6 g8g7,2800,pawnEndgame
MTp2B,4r3/1p1q1pk1/2p3p1/p2p1P1p/3P1QnP/PP2r1NK/2B5/1R5R w - - 5 29,h1f1 e3c3 c2d1 e8e4,2800,pin
Dsfo3,4Q3/5ppk/2p4p/1N6/5Pq1/6P1/2P2BKP/3r4 w - - 2 31,e8e4 f7f5 e4c6 g4e2 c6c5 e2f1 g2f3 d1d5 c5d5 f1h1 f3e2 h1d5,2801,skewer
oMT4i,8/5p1k/4p1r1/4Q3/1P1R2P1/2P2P2/1P3P1K/5q2 w - - 3 41,e5e3 e6e5 d4d2 g6h6 e3h6 h7h6,2801,exposedKing
th2wd,r1b3k1/pp1nrpp1/1q1b1n1B/2ppNP2/3P4/2PB3P/PP1Q2P1/RN3RK1 b - - 0 14,c5d4 d2g5 d4c3 g1h1 f6e8 h6g7 e8g7 e5d7,2801,pin
DUWzP,6k1/1pq2pp1/p3P2p/3Q4/3P1R2/r6P/6P1/6K1 b - - 0 37,a3a5 e6f7 g8f8 d5e4 a5a1 g1f2,2802,advancedPawn
FwoDX,8/6p1/3k4/2p2PP1/pp2K3/7P/PP6/8 w - - 0 43,f5f6 g7f6 g5g6 d6e6 g6g7 f6f5 e4f4 e6f7,2802,pawnEndgame
H4Yjw,6k1/2p2ppp/p1P2n2/1p6/6P1/1BPq4/PP1PrQP1/RNB4K w - - 1 20,f2f3 e2e1 h1h2 d3g6 b3f7 g8f7 d2d3 e1c1,2802,fork trappedPiece
cVKW4,8/5pk1/2Q1p3/1P1pP3/3Pqp2/8/3KN3/8 w - - 0 57,b5b6 f4f3 c6b5 f3f2 e2g3 e4f4 d2e2 f4g3,2802,exposedKing fork
LlqZP,8/p5p1/1p5p/4k3/PPPp4/5K2/6PP/8 b - - 0 33,a7a6 f3e2 e5e4 e2d2 d4d3 b4b5 a6b5 c4b5 e4d5 d2d3,2803,pawnEndgame
YJOuM,1r6/1p6/1Qp2p2/2P2k1p/4pP2/3qB2P/7K/6R1 w - - 2 43,g1g3 h5h4 g3g4 d3e2 g4g2 e2e3,2803,fork
Ydeta,8/8/8/1r4p1/4R3/K4k2/2P5/8 w - - 1 44,e4d4 g5g4 c2c4 b5g5 d4d3 f3e2,2803,rookEndgame
nbjlT,6r1/pq3prk/1p1RpQ2/2p1P3/8/2P3P1/PP3P2/3R2K1 w - - 7 28,d6d7 g7g3 g1f1 g3g1 f1e2 b7e4 e2d2 g1d1 d2d1 e4a4 d1e2 a4d7,2803,attraction fork
5jaCz,8/P7/r1N1pk2/3p4/1p1P4/8/1PK5/8 b - - 4 56,e6e5 d4e5 f6e6 c2d3 b4b3 d3d4 a6c6 a7a8q,2804,advancedPawn promotion
8g0DY,3r4/4b2p/6p1/1PP1k3/2P1p3/pK2B3/R5PP/8 w - - 1 34,a2d2 d8d2 e3d2 e7c5 d2a5 e5d6,2804,defensiveMove
fZkXY,4k3/3r4/RP6/8/8/P2p1K1p/5P2/8 w - - 0 43,f3e3 d3d2 b6b7 d7d3 e3d3 d2d1q,2804,attraction exposedKing promotion rookEndgame
hmEh5,3r1r1k/pQ2RBpp/3qP2n/2p5/P7/B1P5/2P3PP/5R1K w - - 1 22,b7a7 d6f4 a7c5 f4f1 c5g1 d8d1,2804,kingsideAttack
3vUjR,8/B7/2K2n2/3P3p/8/6P1/7k/8 b - - 0 50,h2g3 d5d6 f6g4 c6d5 g3f4 a7d4,2805,defensiveMove
suE67,3rr3/p4pkp/b5p1/7n/1q2P1N1/1P1p1N2/P4QPP/2RR3K b - - 5 30,b4e4 f2b2 f7f6 c1c7 e8e7 f3g5 e4g4 c7e7 g7g8 g5f3,2805,pin
7dtca,8/1pp5/p4k2/P1PP4/1P3KP1/8/8/3b4 b - - 0 44,d1c2 b4b5 c2b3 g4g5 f6e7 f4e5,2806,defensiveMove exposedKing
WEaN9,r3b3/1p2k2Q/p1q2p2/2b5/3p4/2N5/PPP2PPP/3R2K1 b - - 1 23,e8f7 d1e1 e7f8 c3e4 a8e8 h7h6 f8e7 e4c5,2806,discoveredAttack
YioZe,6k1/5pp1/8/1pQ4p/5q2/P1p4P/1r2rPP1/3R1RK1 b - - 1 31,c3c2 d1d8 g8h7 c5h5 f4h6 h5f7,2806,deflection fork
Z6seb,1k2r3/ppp4p/6p1/5p2/8/3p1PPB/1Rn2K1P/7R w - - 0 25,h1d1 e8e2 f2g1 c2d4 d1d3 e2b2,2806,discoveredAttack
2fCkd,8/8/p7/1p2kppp/8/PPP1K1P1/7P/8 w - - 1 40,h2h3 h5h4 g3h4 g5h4 e3f3 a6a5,2807,defensiveMove pawnEndgame
2kMVO,8/5pp1/4p3/7P/2KP1Pk1/6P1/8/8 w - - 1 39,d4d5 e6d5 c4d5 g4h5 f4f5 h5g4 d5e5 f7f6,2807,pawnEndgame
8Ekqx,8/5pk1/4p1pp/R2pP3/P1p5/2n2PP1/6PK/8 w - - 0 49,a5a7 d5d4 a4a5 c3b5 a7b7 d4d3 b7b5 d3d2 b5b1 c4c3,2807,advancedPawn
8nGkf,8/8/7p/1PP3kP/1K6/4r3/6P1/8 b - - 0 58,e3e1 b5b6 e1b1 b4a5 g5f6 a5a6 b1c1 b6b7 c1c5 b7b8q,2807,advancedPawn defensiveMove promotion rookEndgame
0BQnY,8/p6p/3bP3/8/1P4B1/2B1p1kP/4K1b1/8 b - - 9 54,g2h3 g4h3 g3h3 b4b5 d6e7 e2e3 h3g4 e3e4,2808,defensiveMove
QgVwv,8/6k1/6P1/p4P1P/1p6/2p4K/r7/2R5 b - - 0 50,c3c2 f5f6 g7f6 c1f1,2808,attraction rookEndgame
ctaGx,8/5p2/6p1/5r1p/1R5P/5PK1/2k2P2/8 w - - 0 46,b4f4 f5f4 g3f4 c2d3 f4e5 d3e2,2808,rookEndgame
JQSds,8/7p/6p1/5p2/5P2/6PP/1k6/6K1 w - - 0 55,g3g4 h7h5 g1f2 h5h4,2809,pawnEndgame
9m24U,8/8/3R4/5kp1/7p/6rP/4r1PK/6R1 w - - 6 57,g1f1 f5e5 f1d1 e2g2 h2h1 g2g1 d1g1 g3h3 h1g2 h3g3 g2h2 g3g1,2810,defensiveMove rookEndgame
HhX7V,r2qr1k1/1pp1b1pN/3pb3/4nP2/8/pPPB4/P1P2P1Q/1K1R3R b - - 0 22,e5d3 f5e6 e7h4 c2d3 e8e6 h2h4 d8h4 h1h4,2810,hangingPiece
lKN4R,8/8/6kp/r5p1/P2R1p2/3K1P1P/6P1/8 w - - 2 38,d3c4 a5a4 c4d3 a4a2 h3h4 a2g2 d4d8 g2f2,2810,rookEndgame
u50Hu,rn1R2k1/pQr3pp/8/2b2b2/8/8/P1q1N1PP/4K2R b K - 1 16,c5f8 b7d5 f5e6 e1g1 b8d7 d5e6,2810,fork
7862H,2n3rk/3q1pp1/2n1p2p/1pBpP2P/2rP2PN/2PQ1R2/5P2/1R2K3 b - - 0 28,c6e5 d4e5 d7d8 h4g2 c4c5 f3f7,2811,hangingPiece
enigT,7k/p5Rp/q4b1Q/4p3/3pP2P/1P3NR1/P1r4K/2r5 w - - 21 39,h2h3 a6f1 g3g2 f1f3,2811,deflection
1VUMY,4Q3/5ppk/b3p2p/3pP3/3P1K1P/1r2P1P1/1p6/1N6 w - - 3 40,e8f7 a6d3 b1d2 b2b1q d2b1 b3b1 f7e6 b1f1 f4g4 d3e4,2812,advancedPawn defensiveMove promotion
DhUKW,r2q1r1k/pb5p/4B1p1/p1b1P3/3P4/P2Q1N2/6PP/R4RK1 w - - 1 21,d3e3 f8f3 f1f3 d8d4 e3d4 c5d4 f3f2 d4a1,2812,fork
J4O3b,8/8/pp6/6p1/P3k3/3pp2P/6P1/3KR3 w - - 0 39,g2g3 d3d2 e1e2 e4d3,2812,advancedPawn rookEndgame
JVOFy,3r1r2/1b4bk/4pP1p/p1p3p1/PpPn1PBq/3PB1NP/6PK/1RQ2R2 b - - 0 30,g7f6 e3f2 g5f4 g3e4 b7e4 f2h4 f6h4 d3e4,2812,discoveredAttack trappedPiece
NOtAF,8/5p2/4p1p1/1K1kP3/p1pP1PP1/P7/1P6/8 b - - 0 43,d5d4 g4g5 c4c3 b2c3 d4c3 b5a4 c3c4 a4a5,2812,pawnEndgame
i0ofG,2Q5/5pk1/p2b1npB/3pN3/3P4/1q6/6PP/6K1 b - - 2 31,g7h6 c8h8 h6g5 e5f3 g5f4 h8h6 f4f5 h6h3,2812,fork
p34As,8/kpp3Q1/p4pP1/5P2/8/P3pq2/1PP5/1K6 w - - 0 37,g7f6 e3e2 f6d4 b7b6 d4e5 f3h1 b1a2 e2e1q e5e1 h1e1,2812,promotion
1BZug,8/8/8/2pp4/6k1/4P3/4K1P1/8 w - - 0 48,e2d3 c5c4 d3d4 g4g3 e3e4 c4c3 d4c3 d5e4 c3d4 g3f4,2813,defensiveMove deflection pawnEndgame
Dewak,8/8/3kp1p1/3p3p/3K1PPP/5P2/8/8 b - - 0 43,d6e7 g4h5 e7f6 h5h6 f6f7 d4e5,2813,pawnEndgame
KIYg6,5r1r/pp1bn1kn/3p2pp/q1pPp3/2P1P2N/2PBBRQ1/P5PP/5RK1 b - - 17 19,f8f3 h4f3 a5c3 e3h6 g7h6 g3h4 h6g7 h4e7,2813,attraction fork
j7ozT,8/8/1k2p1p1/3PPpBp/2K2P1P/5n2/8/8 b - - 0 57,e6d5 c4d5 f3g5 h4g5 h5h4 d5d6 h4h3 e5e6 h3h2 e6e7 h2h1q e7e8q,2813,promotion
QkfYu,8/6pp/1k3p2/8/1p6/1Pr2R1P/4KPP1/8 b - - 5 40,b6c5 f3c3 b4c3 e2d3 c5b4 d3c2 f6f5 h3h4 f5f4 h4h5,2814,rookEndgame
TD4EW,3rr1n1/5q1k/5p2/1pp1pP1b/4B1N1/1nPPB2Q/1P3P1P/6RK b - - 4 31,c5c4 g4h6 g8h6 g1g6 h5g6 f5g6 h7g8 g6f7,2814,advancedPawn exposedKing fork
o7swN,5rk1/ppR5/6p1/3p2Pp/8/4qPQ1/PP4P1/5K2 w - - 0 35,c7b7 f8e8 b7c7 e3d4 c7c1 d4d3 f1g1 d3e3 g1h2 e3c1,2814,fork
4CfoI,8/p7/1p1p4/3k1p1p/1P3PpP/2PK4/P5P1/8 b - - 0 37,a7a5 a2a4 a5b4 c3b4 g4g3 d3c3,2815,defensiveMove pawnEndgame
BXcnz,8/8/p7/1Ppk2pp/P4p2/3K1P1P/6P1/8 b - - 0 37,a6b5 a4b5 c5c4 d3c3 d5c5 h3h4 g5g4 b5b6 c5b6 c3c4 g4f3 g2f3 b6c6 c4d4,2815,defensiveMove deflection pawnEndgame
IIeC0,8/2pR1r2/p1P2k1p/5Pp1/3Pp3/4P2P/P7/6K1 w - - 3 35,d4d5 f7d7 c6d7 f6e7 g1g2 e7d7 h3h4 g5h4 g2h3 d7e7 h3h4 e7f6 h4g4 h6h5 g4f4 h5h4 f4e4 h4h3,2815,exposedKing rookEndgame
uGQr0,2kr4/pp2qp2/2p2n1Q/3p4/8/1B2P2r/PPP4K/R1B2R2 w - - 0 22,h2h3 e7e6 h3g2 e6e4 g2f2 f6g4 f2e1 g4h6,2815,exposedKing fork
1W7Ds,8/5p2/2bP3k/p1P2Pp1/P1K5/1P5P/8/8 b - - 3 59,h6h5 b3b4 a5b4 c4b4 h5h4 b4a5,2816,defensiveMove
6tD4X,5b1k/5r1p/3pRp2/qb1N1N2/6Q1/3P3P/5PP1/6K1 w - - 9 35,d5f6 a5a1 g1h2 f7f6 f5e7 f8g7,2816,defensiveMove
A6UNQ,2r2rk1/1p1bbppp/p3pn2/4n1B1/2P4q/P1N5/1PNQB1PP/R4RK1 b - - 1 17,e5c4 d2c1 h4g5 c1g5,2816,trappedPiece
BuORZ,8/2pk1p2/2p4p/P2p4/1P6/5PKP/8/8 b - - 0 38,d5d4 f3f4 d7c8 g3f3 c8b7 f3e4 b7a6 e4d4,2816,pawnEndgame
XVEKR,5k2/5qn1/1Npp3p/4bp2/2Pn1R1N/3P2PP/r7/1R3Q1K w - - 3 33,g3g4 d4e2 f4f3 e2g3 f3g3 e5g3 h4f5 a2f2 b6d7 f7d7,2816,exposedKing fork
EUFmg,3B4/8/5Pk1/p6p/Pb3K2/8/8/8 b - - 3 56,g6h6 f4f5 h5h4 f6f7 h4h3 d8a5 h6g7 a5b4 g7f7 b4d6 h3h2 d6h2,2817,advancedPawn
I9DLr,8/8/4k1pp/ppp5/4KPP1/1P5P/P7/8 b - - 0 38,b5b4 f4f5 g6f5 g4f5 e6d6 e4d3 d6d5 f5f6 c5c4 b3c4,2817,exposedKing pawnEndgame
SwERV,1rk1r3/p1pq1NQ1/1bn5/3p4/1P5P/2P3P1/P2NPn2/R1B1KR2 w Q - 1 20,g7f6 e8e2 e1e2 d7g4 f6f3 g4e6 d2e4 d5e4,2817,attraction
d3FLZ,8/1p4p1/p1r2k1p/2P1R2P/P1K2P2/8/8/8 b - - 2 41,c6e6 e5e6 f6e6 a4a5 e6f5 c4d5 f5g4 d5d6 g4h5 d6c7,2818,rookEndgame
dO05i,r5k1/p3bRp1/2p4p/q2p3n/2B1P3/2NQ4/PPP3PP/6K1 w - - 0 20,f7e7 a5c5 g1h1 d5c4 d3d7 a8f8 e7e8 h5g3 h2g3 c5h5,2818,fork
mY5gQ,3N4/3k4/7p/6p1/PPK1n1P1/4p3/5p1P/5R2 w - - 0 58,f1d1 d7e8 c4d3 e4c3 d1f1 e3e2 f1f2 e2e1q,2818,promotion
yxIU9,r3r3/1p3pkp/2p1nnp1/1qPpN3/3P2P1/1PQN1P2/6PK/R3R3 b - - 0 27,a8a6 e5c4 a6a1 e1a1 d5c4 b3c4 f6d5 c3c1 b5b3 a1a3 b3a3 c1a3,2818,trappedPiece
JdH1H,8/8/1p3k2/2p3p1/1pP1K1P1/1P6/8/8 b - - 2 36,f6g6 e4e5 g6g7 e5d6 g7f6 d6d5,2819,pawnEndgame
U72No,1k6/1p3Qp1/pqp1B1p1/6P1/7r/2P5/PP3b2/2KR4 w - - 1 23,f7g7 b6e3 c1b1 h4h1 g7f8 b8a7,2819,fork
NaL5M,1n3k2/1p2npr1/4B2Q/3pP2P/2pPb3/1qP5/8/r1BNKR2 b - - 5 32,f8g8 f1f7 g7f7 h6f6 a1c1 f6f7,2820,attraction kingsideAttack pin
jHMQs,6k1/p1b1rp1p/2pqnp1B/1p1b2p1/3P1PP1/2PB3P/PP1Q1R2/4R1K1 w - - 0 26,d2e3 g5f4 h6f4 e6f4 e3e7 f4h3 g1f1 d6g3 e7e3 h3f2 e3g3 c7g3,2820,exposedKing fork
Dm2DK,1r3bk1/8/p3Nppp/1N2p3/4P3/7P/1P2BPP1/2K5 w - - 0 31,b5a3 f8a3 b2a3 g8f7 e6c5 b8c8 c1b2 c8c5,2821,pin
25t5Z,2R5/8/4p3/4kppp/1P6/4KP1P/6P1/3r4 b - - 4 43,d1d4 c8c5 d4d5 c5d5 e5d5 h3h4,2822,rookEndgame
9nvkY,r3r3/5pk1/2q5/p5R1/P2P1Pp1/6Pp/P2Q1B1P/6K1 b - - 2 40,g7h6 d4d5 c6f6 f2d4 f6e7 d4g7 h6h7 g7e5 e7g5 f4g5,2822,exposedKing
KGasj,8/7p/8/pp1pk1p1/6P1/2P1K2P/PP6/8 w - - 0 35,b2b3 b5b4 e3d3 e5f4 c3c4 d5c4 b3c4 f4e5,2822,exposedKing pawnEndgame
LummV,4r1k1/ppQ4p/6p1/5p2/3q4/3B4/PPPb2PP/5R1K b - - 1 21,d4b2 c7d7 g8f8 d3c4 b2f6 d7d2,2823,discoveredAttack
8QCAf,r4rk1/ppp3Pp/8/Q3p1p1/2b5/P3Bq2/1P2nP2/K2R3R b - - 0 24,g8g7 a5e5 f3f6 d1d7 g7g8 e5e4 f8f7 e4c4,2824,pin
JPRjB,8/8/2N2p1p/p1kp2p1/5PP1/1PpK2P1/P7/8 b - - 0 41,c5c6 f4g5 c3c2 d3c2,2824,pawnEndgame
bmfhc,1r6/5Q2/p1kpp3/2p3P1/2qnP2P/P1NR1P2/1P6/1K1R4 w - - 1 34,g5g6 b8b2 b1a1 b2b8 d1d2 d4b3 a1b1 b3d2,2824,fork
1ZEWp,r1b2rk1/p4pp1/1p2p1q1/2p3P1/6PQ/1P6/P1P2PK1/3R3R b - - 1 23,c8b7 f2f3 f7f5 h4h8 g8f7 d1d7 f7e8 d7b7,2825,defensiveMove fork
6g5Ft,r3rNk1/1b2bn1p/3p2p1/6P1/1p2PB1Q/1p5R/Pq4BP/5RK1 b - - 0 25,g8f8 f4e5 b2e5 h4h7 e7f6 g5f6,2825,pin
ByybI,8/8/1n6/2k4P/2p2p2/1p3N2/2K2PP1/8 w - - 0 47,c2c3 b6a4 c3d2 c4c3 d2c1 a4b2,2825,exposedKing
cKUEv,2r3k1/1p3p1p/pP2b1p1/1q6/3B4/1P4P1/2Q1PP1P/1R4K1 w - - 4 30,c2e4 e6f5 e4b7 b5e2 h2h4 e2d3 b1e1 d3d4,2825,fork
iPkWn,3k4/4n1R1/1p2p2P/1q1pP1p1/p2P3N/8/2R2P2/K7 b - - 16 40,g5h4 h6h7 b5e8 g7e7 d8e7 c2c7 e7d8 c7a7,2825,attraction exposedKing
kuJCL,7k/1p5P/3n1K2/1p4N1/1P6/8/8/8 b - - 2 51,d6e8 f6f7 e8d6 f7g6 b7b6 g5f7 d6f7 g6f7,2825,exposedKing
0CKBk,8/8/5B2/3N3p/pp6/3k3P/r5PK/8 b - - 3 47,b4b3 d5b4 d3e4 b4a2 a4a3 a2c3 e4f5 c3b5 f5f6 b5a3,2826,fork
Ln6wo,2r3k1/5p1r/4P1pP/p4p2/q1pQ1P2/8/1P1R1K2/2R5 b - - 0 45,f7e6 d4f6 a4e8 c1d1 h7f7 h6h7 f7h7 d2d8 e8d8 d1d8 c8d8 f6d8,2826,advancedPawn exposedKing pin
dtYBo,1r4k1/6qp/3Q4/2Ppp3/8/6PP/1p1Bn1P1/1R4K1 w - - 3 36,g1f2 g7g3 f2f1 b8f8 f1e2 g3g2 e2d1 g2e4,2826,deflection
8L8lN,8/8/6p1/2k2p2/8/4K3/6PP/8 b - - 1 41,c5d5 e3f4 d5e6 f4g5 e6f7 h2h3 f7g7 h3h4 g7f7 h4h5 g6h5 g5f5 h5h4 f5g4,2827,deflection pawnEndgame
FF9qE,3B4/8/6k1/p2n2P1/Ppp5/5K2/1P6/8 w - - 0 51,f3e4 c4c3 e4d3 b4b3 b2c3 d5e3 d3e3 b3b2,2827,advancedPawn
P9nB2,4r1k1/5p2/1p2bBq1/p1pp4/5QP1/5P2/8/3R2K1 b - - 2 41,d5d4 g1f2 e6g4 d1h1 g4h5 h1g1 e8e2 f2e2 g6g1 f4b8 g8h7 b8h8,2827,pin
0rCM9,7k/6p1/1Q5p/p1P5/3qp3/1P3KP1/7P/8 w - - 0 38,f3f4 e4e3 f4f3 d4d2 c5c6 d2d1,2828,discoveredAttack
MTYzR,8/8/6p1/KppkPp2/p2P3p/5P1P/P5P1/8 w - - 0 41,a5b5 c5d4 b5a4 d5e5 a4b3 e5f4 b3c2 f4e3 c2d1 e3f2 f3f4 f2g2 a2a4 g2h3,2828,pawnEndgame
RlDUi,4r3/8/8/pp1k1p1p/8/P3pK1P/1PP5/4R3 w - - 8 43,e1e3 e8e3 f3e3 a5a4 e3f4 d5e6,2828,rookEndgame
XnCKu,1k6/1pp5/p7/4Pp2/3P4/7P/P2q2QK/8 b - - 3 39,d2d4 g2g8 b8a7 g8g1 d4b6 g1b6 a7b6 h3h4 c7c5 e5e6 b6c6 h4h5,2828,pin
2Mfz9,5q1k/pp1R3p/2n2pr1/8/4bb2/P1Q2N2/1PP1BPPP/5RK1 w - - 4 24,h2h4 g6g2 g1g2 f8g8 g2h1 g8e6 f1d1 e6h3 h1g1 f4h2,2829,attraction kingsideAttack
2ROwl,8/6Kp/3kp1p1/5p2/5P2/6P1/7P/8 b - - 6 45,d6d5 h2h4 e6e5 f4e5 d5e5 g7h7,2829,pawnEndgame
LHN3i,8/6pk/4Qr1p/p2pN2q/1ppP4/2P1P2P/PP1B1b1K/R7 w - - 3 32,e6d5 f6g6 d5e4 f2g3 h2g1 g3e5,2829,discoveredAttack
VUm2i,2rqkb1R/5p2/p1n1p3/2NpB3/1p1Pn3/5N2/PPP1QPr1/2KR4 b - - 4 23,g2f2 e2a6 c6e5 f3e5 e4c5 d4c5,2829,pin
5kWhy,8/7p/5K2/1r6/1k4PP/p2R4/8/8 w - - 0 54,d3d7 a3a2 d7d1 b4a3 d1a1 b5b4,2830,advancedPawn rookEndgame
C0QMF,1rbq1rk1/p3bppp/4p3/3pN1Pn/1p1P3P/2PB4/PP1NQP2/2K3RR b - - 2 16,b4c3 e2h5 g7g6 e5g6 f7g6 d3g6 c3d2 c1d1 f8f7 g6f7,2830,hangingPiece kingsideAttack
Kn2Pp,8/6pp/3k1p2/2p2P2/3p2P1/7P/PRPr4/5K2 b - - 0 45,d6d5 f1e1 d2h2 c2c4 d5c4 b2h2,2830,discoveredAttack rookEndgame
YBcCS,8/8/7p/2p5/3pppk1/8/2P3PK/5R2 w - - 0 57,f1g1 e4e3 g1a1 f4f3 g2f3 g4f3,2830,rookEndgame
As5rj,8/8/6K1/7p/2pk2P1/5P1P/8/8 w - - 0 45,f3f4 h5g4 h3g4 c4c3 g4g5 c3c2 f4f5 c2c1q f5f6 c1c5 f6f7 c5f8,2831,advancedPawn pawnEndgame promotion
DEOZZ,5rk1/5pp1/2q5/1R5P/2pb4/8/PPP5/1K3Q1R w - - 0 34,b5g5 d4b2 b1b2 c6b6 b2c3 b6e3,2831,attraction
GiFqZ,8/pp6/2p5/3p1k1p/3P3P/2P2K2/PP6/8 w - - 1 35,a2a3 a7a6 b2b3 a6a5,2831,pawnEndgame
KqRqz,r1b1r1k1/pp1pPpb1/6pp/q7/7B/1QN2N2/Pn3PPP/R3R1K1 b - - 1 16,b2d3 c3b5 d3e1 b5d6 e8e7 h4e7,2831,trappedPiece
MTbjv,8/5p2/2k1p1p1/3p2Pp/1K3P1P/2P2P2/8/8 w - - 3 44,c3c4 c6b6 c4c5 b6c6 f4f5 g6f5,2831,pawnEndgame
O307h,8/1p6/p4pk1/4p3/6PP/1P4K1/1P6/8 b - - 0 38,f6f5 g4f5 g6f5 b3b4,2831,pawnEndgame
OqzKf,1k4r1/p2Q1pr1/Bp5p/2bp1n2/P2qppN1/5P1P/6PK/1RR5 b - - 3 31,f5d6 d7c6 f7f5 c1c5,2831,pin
6afFs,8/p2r2pp/1p1P4/4k1P1/6KP/P7/1P6/3R4 b - - 2 36,d7d6 d1e1 e5d5 e1e7,2832,rookEndgame
9vcSw,6R1/8/8/5p2/4nk1K/6p1/8/8 w - - 1 59,h4h3 f4f3 g8a8 e4g5 h3h4 g3g2,2832,advancedPawn exposedKing
nL44V,r3r1k1/pp3ppp/3p1n2/1qpP4/7Q/6R1/PPPB1PPP/R2K4 w - - 6 18,c2c4 b5b2 d2c3 b2e2 d1c1 f6h5,2832,exposedKing
zSvgu,2r1k3/5p1B/p3bQ2/1pq1P3/3p4/8/PPP3rP/1K1RR3 w - - 0 22,e1g1 g2g1 d1g1 d4d3 g1c1 d3d2 c1d1 c5c4 b2b3 c4e2 f6f1 e2f1,2832,pin
kSeZ9,8/8/2R5/3P2p1/2pK2k1/p5Pp/P3r2P/8 w - - 4 58,c6c4 e2h2 d5d6 g4f5 g3g4 f5e6,2833,rookEndgame
AXiPt,8/4kp2/2p1b1p1/p1Pp3p/P2Pp2P/1BK1P1P1/5P2/8 w - - 5 44,c3d2 e6g4 d2e1 g4f3,2834,defensiveMove
ZcmN1,8/5p1k/4pP1P/p1K3P1/2n5/1P6/8/8 b - - 0 59,c4a3 c5d6 a3c4 b3c4 a5a4 c4c5 a4a3 c5c6 a3a2 c6c7 a2a1q c7c8q,2834,advancedPawn promotion
h6iEK,2r2rk1/1p3ppp/3p1b2/p1qn1P1N/P2p4/1P1B1Q2/2P3PP/4RR1K b - - 5 22,f6e5 e1e5 d6e5 f3g4 g7g6 f5g6 f7g6 g4e6,2834,kingsideAttack
hAcCS,8/5k2/5PP1/5K2/7P/2b5/8/8 b - - 0 53,f7f8 f5e6 f8g8 g6g7 c3e1 h4h5 e1d2 e6e7 d2g5 h5h6 g5h6 f6f7 g8g7 f7f8q,2834,exposedKing promotion
3VEdN,8/7p/8/2p3p1/1k6/3P2P1/3K1P2/8 w - - 2 38,d2c2 h7h5 f2f4 g5f4 g3f4 b4b5,2835,defensiveMove pawnEndgame
DEcnK,8/8/4k1pp/p2p4/P2K1PPP/8/8/8 b - - 1 36,e6d6 h4h5 g6h5 g4h5 d6e6 d4c5 e6f5 c5d5,2835,pawnEndgame
NrUhA,8/5ppp/8/1pk5/5P2/1PK5/6PP/8 w - - 3 41,b3b4 c5d5 c3d3 h7h5 f4f5 h5h4,2835,pawnEndgame
hmcXw,8/8/8/8/5k2/1P1p4/5r2/1KR5 w - - 0 43,b3b4 f4e3 c1h1 e3d4,2835,rookEndgame
l1sGZ,8/8/P3p3/6k1/2pK1nPp/8/8/8 b - - 0 54,h4h3 a6a7 c4c3 a7a8q c3c2 a8g8 f4g6 g8d8 g5g4 d8c8,2835,pin promotion
2OuSi,2r5/1p4pk/6p1/pP4Pp/3PP2P/B3nP2/8/5RK1 w - - 1 31,f1c1 c8c1 a3c1 e3c4 g1f1 a5a4 f1e2 a4a3 c1a3 c4a3 e2d3 b7b6,2836,defensiveMove
Zb7CF,2r1r3/5pk1/p1p1p2p/2Pp3Q/1q5B/1P2P3/P4PP1/3R2K1 b - - 4 29,e6e5 h4f6 g7f6 h5h6 f6f5 e3e4 b4e4 f2f3,2836,attraction deflection
hgsrc,1r1r2k1/p4pp1/2Q1pq1p/2P2b2/3b4/1P2BPP1/P3K1BP/2RR4 w - - 0 22,e3d4 d8d4 d1d4 f6e5 d4e4 e5b2,2836,fork
tyVRr,2r2rk1/pb3pp1/2n1p2p/1p1qP1N1/2pP4/2P4Q/PPB4P/2R2RK1 b - - 1 20,b5b4 c2h7 g8h8 h7e4,2836,pin
5ajpp,7R/1p1kn2Q/p4p2/3pP1q1/3P2p1/2P2p2/6P1/1K6 w - - 4 33,h8b8 f3f2 b8b7 d7c6 b7c7 c6b6,2837,advancedPawn defensiveMove
8ur46,6r1/1p1q1p2/p1np1k1p/2b1pNr1/2B1Pp2/P5PP/1PP2P1K/R2Q1R2 b - - 0 24,c5f2 f1f2 g5f5 f2d2 f4g3 h2g1,2837,defensiveMove
H2DpX,8/8/2p5/5K2/p2k4/8/PP6/8 w - - 3 58,f5e6 a4a3 b2b4 d4c3 e6d7 c3b4,2837,pawnEndgame
KAR5x,b5rk/Q1R1R1p1/p4q1p/4n3/1P1pp3/8/P3BPPP/6K1 w - - 0 34,e2c4 e4e3 f2e3 f6g5 e7g7 g5e3 g1f1 g8f8,2837,kingsideAttack
Dbv3D,k3r3/pp5p/3B4/1PPP4/7q/8/P1Q2R1K/8 w - - 0 34,h2g2 e8g8 g2f1 h4h1 f1e2 g8e8 e2d3 h1e4 d3c3 e4e3 c2d3 e3f2,2838,deflection exposedKing
GfZnu,4r2k/6R1/5Ppp/p1p5/1p3K2/P7/2P5/8 b - - 1 41,g6g5 f4f5 b4a3 g7e7,2838,rookEndgame
TDxR3,r2qr3/6kn/p5p1/1ppPn1p1/3bNB1P/8/PPQ3B1/R4R1K w - - 0 24,e4g5 h7g5 f4g5 d8g5 h4g5 e8h8 g2h3 h8h3 h1g2 h3h4 f1h1 h4g4,2838,exposedKing kingsideAttack
4wNMN,2r1r1k1/1p4p1/7p/p2q4/Pn1PBRQP/4P1P1/2p4K/R7 b - - 0 33,d5d6 g4f5 g7g6 f4g4,2839,pin
m05YN,r1r4k/3q2b1/p1Pp4/1p2p2b/1P2N3/2RQ2P1/P4P1P/4R1K1 b - - 0 33,c8c6 e4g5 e5e4 e1e4 g7c3 e4h4 d6d5 h4h5 h8g8 h5h7 c3g7 h7g7 d7g7 d3d5,2839,deflection exposedKing kingsideAttack pin
NGpGE,r5k1/5ppp/pp2N3/4q3/P7/8/1PP1QPPb/3R3K w - - 1 24,e2a6 e5h5 g2g4 h5h4 a6a8 h2b8 h1g2 h4g4,2840,discoveredAttack
iY2VW,3N2k1/p1r3pq/1p5p/2p1Pb2/7P/5Q2/PPP5/5RK1 b - - 1 29,c7d7 f3b3 g8f8 b3e6 g7g6 h4h5,2840,pin
renUr,r4rk1/pb3Rp1/1ppq3p/2n4Q/8/PB1P2P1/1PP2P1P/4R1K1 b - - 0 23,f8f7 h5f7 g8h7 b3e6 c5e6 e1e6,2840,kingsideAttack
7ZrUd,8/8/8/4k3/4pN1p/1PPpK3/1P6/8 w - - 0 44,b3b4 d3d2 f4g6 e5d6 e3d2 h4h3,2841,advancedPawn defensiveMove
ujAk9,r6r/pb3pk1/1p2RNp1/6Np/2pq4/6Q1/PP1p2PP/5R1K w - - 0 32,f6h5 h8h5 e6g6 g7g6 g5e6 g6h7 e6d4 a8g8,2841,hangingPiece
vOiqT,3r4/5pkp/4P1p1/p2p2R1/Np1Q4/1P2P2P/P1q3PK/2r5 b - - 0 30,g7f8 e6e7 f8e7 d4e5 e7d7 e5d5,2841,attraction
xTzyN,4RK2/r5P1/2pk4/1p6/8/p1P5/8/8 b - - 0 52,a3a2 g7g8q a2a1q g8g3 d6c5 g3f2 c5c4 e8e4 c4b3 e4b4,2842,promotion
3LDXA,r4r1k/ppp4n/3p3p/3Pbq1n/PPP1Np2/5B2/5P1P/1RBQ2RK w - - 5 25,f3h5 f5e4 d1f3 e4b1 h5g6 b1a1,2843,fork hangingPiece
NvlbZ,rnb3k1/pp4b1/2pP3p/4P1B1/6PK/2q2N2/P5P1/5Q1R b - - 0 22,h6g5 f3g5 c8e6 f1b1 c3e5 b1h7 g8f8 h1f1 f8e8 h7g6 e8d7 g5e6,2843,exposedKing
4anaC,8/1B6/4pk2/3p2pp/2pP4/5P2/5KP1/8 w - - 0 61,g2g3 c4c3 f2e3 h5h4 g3h4 g5h4 b7a6 h4h3 a6f1 h3h2 f1g2 e6e5 d4e5 f6e5,2844,advancedPawn
A1Kbt,3rr1k1/ppn2bp1/q1pb1p2/5Q2/2P1N3/P5pP/1PP2RB1/2BR3K b - - 1 27,e8e5 e4f6 g7f6 f5g4,2845,kingsideAttack
4el3L,8/1p1r1pk1/6p1/3p4/1P1Nn2p/PQ2P2P/2R2PPK/3q4 w - - 3 38,a3a4 e4d2 d4e6 g7h7,2847,defensiveMove
bHlEy,8/2k5/2p2p2/K1P2Bp1/1P5p/5P1P/6P1/5b2 w - - 7 42,f5g4 f1g2 b4b5 f6f5 g4f5 g2f3,2847,deflection
kHMb1,2r2rk1/5ppp/3p4/3Rp2P/qp2P3/2P2Q2/1PK1NP2/7R w - - 1 23,c2b1 b4c3 e2c3 c8c3 f3c3 a4e4 c3d3 e4h1,2847,deflection fork
mIVEQ,8/8/2R5/6pk/7p/1N1r4/2p2PKP/8 w - - 2 46,b3c1 h4h3 g2f1 d3d1 f1e2 d1c1 e2f3 g5g4 f3f4 g4g3 h2g3 c1g1 c6c2 h3h2 f2f3 h2h1q,2847,fork promotion
e4WzW,3k4/1K6/2P4p/5pp1/5P2/6P1/6bP/8 b - - 4 54,g2c6 b7c6 d8e7 h2h4 g5f4 g3f4,2849,hangingPiece
l97lo,3r1k2/5p2/1KP5/4PP2/6pp/R7/8/8 b - - 0 43,h4h3 c6c7 d8c8 f5f6 h3h2 a3d3 f8g8 d3d8 g8h7 d8c8 h2h1q c8h8 h7h8 c7c8q,2849,attraction promotion rookEndgame
VPT95,rnbqr1k1/1p1p1ppp/p7/4B3/2B1n3/1N6/PPP2PPP/R2QK2R w KQ - 1 11,d1d5 e4f6 d5f7 g8h8 f2f4 e8e7 e1c1 e7f7,2850,pin trappedPiece
YHkhw,6k1/1R6/5rp1/4p1Kp/8/6P1/5P1P/8 b - - 1 36,f6f7 b7f7 g8f7 h2h3 f7g7 g3g4 h5g4 h3g4 e5e4 g5f4,2850,rookEndgame
bZADb,8/8/4p3/5p2/2P2knR/7p/P2P4/5K2 w - - 0 42,f1g1 f4g3 h4h8 f5f4 c4c5 f4f3 h8g8 h3h2 g1h1 f3f2 g8f8 g4e5,2850,advancedPawn exposedKing
c5G4z,5rk1/8/2Q5/3pP3/1P1P1p1p/2P2NpP/1P2qbK1/1RR5 w - - 1 37,c6d5 g8h8 g2h1 g3g2 h1g2 f2e1 g2g1 e2f2 g1h1 f2f1 f3g1 f4f3 c1c2 f8g8,2850,advancedPawn discoveredAttack
ck0eZ,6R1/8/4p3/5pKP/5P2/5kP1/8/7r b - - 12 57,f3g3 g8e8 h1h4 e8e6 h4g4 g5f5,2850,rookEndgame
xvrbD,2k5/R1n2p2/4pP2/1pPrP2p/2p3p1/2P5/6PP/R5K1 w - - 1 37,a7c7 c8c7 a1a7 c7c6 a7f7 b5b4 f7a7 b4c3,2852,hangingPiece
XQc5R,2r4r/kppqb1pp/3p2n1/1N1P2N1/2Q3n1/8/PPP3PP/R4RK1 b - - 1 17,a7b6 c4d4 c7c5 d5c6 b6c6 f1f3,2853,exposedKing
dRBBn,6k1/5n2/4pPp1/p2pP3/2q3P1/2rNQ1K1/P7/3R4 b - - 2 42,f7e5 e3e5 c3d3 g3h4 c4e4 e5b8 g8f7 b8c7 f7f6 d1f1,2853,exposedKing
15QkY,8/P6p/6p1/2K1k3/8/8/1r2p1PP/R7 b - - 2 48,b2c2 c5b5 c2c8 a1e1 e5d4 e1e2,2854,defensiveMove rookEndgame
6Cy2K,8/p7/1p2p3/1P2p1kp/2p1P3/P1P2KPp/7P/8 b - - 2 34,h5h4 f3f2 g5g4 g3h4 g4h4 f2f3 h4h5 f3g3 h5g5 a3a4,2854,defensiveMove pawnEndgame
CFZDr,r4r2/4q1k1/2p5/pp3p2/4pR1P/1PP5/1R4Q1/7K b - - 1 30,g7f7 f4f5 f7e8 f5f8 e7f8 b2f2,2854,exposedKing
J1icz,8/8/3p4/2kP1R2/6P1/5K2/8/3r4 b - - 0 64,d1d5 f3f4 c5c6 f5d5 c6d5 f4f5 d5c6 g4g5 c6d7 f5f6,2854,rookEndgame
RoJOx,r1b4r/ppp1k1qp/5n2/8/8/5Q2/PPP3PP/4RRK1 b - - 1 17,e7f7 f3h5 g7g6 h5d5 c8e6 e1e6,2854,exposedKing pin
nFsoS,2r3k1/p5p1/1p1P3p/4B2P/3Q1PP1/7K/P7/4q3 b - - 6 42,c8c2 d4d5 g8h8 g4g5 h6g5 e5g7 h8h7 d5f5 h7g7 f5g5,2854,fork
uxwPb,8/3Rqpkp/p5p1/4p3/2p2bQ1/P1P2P2/1rP4P/3R3K b - - 13 33,e7a3 g4e6 a3f8 d1d6 b2c2 e6f6,2854,pin
HzXDa,r2qk2r/ppp2pp1/3b1n2/Q6p/3np2P/2N3P1/PPPP1P2/RNB2RK1 b kq - 5 13,d4c2 a5a4 d8d7 a4c2 d7h3 d2d4,2856,fork
JX5nX,8/2Q1b3/4pkq1/3b1p2/1p2p2P/6BN/1P4PK/8 b - - 6 43,g6g4 g3f4 g4h4 f4g5 h4g5 h3g5,2856,fork
apnHg,8/1p5p/2p1k3/p3p3/4K1PP/2P5/1P3P2/8 b - - 0 34,b7b5 g4g5 c6c5 h4h5 b5b4 c3b4 c5b4 h5h6 a5a4 g5g6 a4a3 b2a3 b4a3 g6h7 a3a2 h7h8q,2856,advancedPawn promotion
2EN20,6k1/p4pp1/1p2P3/4P3/4K1Bp/8/Pr6/8 b - - 0 42,b2a2 e6e7 f7f5 e5f6 g8f7 f6g7,2857,advancedPawn
2Q1nb,r4q2/p7/3R4/kP2P3/n7/K1p5/P2r2PP/4Q2R w - - 0 34,e1e4 d2a2 a3a2 f8f2 a2b3 f2b2 b3c4 a8c8,2857,attraction exposedKing
3rLX6,8/5bk1/2Q2r2/P2p4/3P2p1/2P5/1P2K3/8 w - - 3 46,c6f6 g7f6 e2e3 f6f5 a5a6 f7e8 c3c4 e8c6,2857,defensiveMove hangingPiece
jjlZd,R7/P7/r7/2pPp3/2Pk1p2/8/8/1K6 w - - 4 61,d5d6 a6b6 b1c2 b6b7 d6d7 b7d7,2860,rookEndgame
2fzC2,6k1/5n1p/1R2K1p1/4p3/6P1/3p4/7P/8 b - - 0 36,e5e4 e6f6 h7h5 b6b8 g8h7 b8b7 d3d2 b7f7 h7g8 f7g7 g8f8 g7d7 f8e8 d7d2,2861,pin
7Gtxf,8/1p3p1p/1p2k3/1K6/3P4/P7/1P5P/8 w - - 2 37,b5b6 e6d6 b6a5 d6d5 a5b4 d5d4,2861,pawnEndgame
FhEvF,8/8/5k2/1p1P1p2/5Kp1/4P1Np/8/8 w - - 0 46,d5d6 h3h2 e3e4 b5b4 e4f5 b4b3 g3h5 f6f7 d6d7 f7e7 d7d8q e7d8,2861,advancedPawn
4WXAR,8/8/4b3/4P3/5P2/8/5K2/k7 b - - 0 59,e6f5 f2e3 a1b2 e3d4 b2c2 d4d5 c2d3 e5e6 d3e3 e6e7 f5d7 d5e5 d7a4 f4f5 a4e8 e5e6,2862,advancedPawn defensiveMove
Clk9Y,8/4R3/8/7P/3pP3/4k3/7r/2K5 w - - 1 48,e4e5 d4d3 e7d7 h2c2,2862,rookEndgame
IpDWM,5k2/ppQR1pb1/6p1/7p/2B1rPKn/8/P5RP/q7 w - - 0 25,g4h3 e4e3 g2g3 e3g3 h3h4 g3g4 h4h3 f8g8 d7d8 g8h7 c7f7 a1c3,2862,exposedKing
MBbMr,5b2/p2R1pkp/1p4p1/2q5/8/1P3NPP/r4PK1/4Q3 b - - 1 31,c5c2 f3d4 c2c8 e1e6 c8d7 e6d7,2863,pin
Nw6rq,8/1p6/8/1K1P1k2/1P3P1p/8/8/8 w - - 1 45,b5c5 h4h3 d5d6 f5e6 f4f5 e6d7 f5f6 b7b6 c5b6 d7d6,2863,deflection pawnEndgame
jZHF7,5r2/pp2R1pk/2p2ppb/8/3P2P1/5N1Q/PP3PK1/2q5 b - - 3 28,c1b2 g4g5 f6g5 f3g5 h7h8 h3f3,2865,pin
1gpZa,3r4/ppp1k1pp/8/4q3/4b1n1/1BP1Q1P1/PP5P/R4RK1 w - - 1 26,e3a7 d8d2 f1f7 e7d6 a1d1 e4d5 d1d2 e5e1 f7f1 e1d2,2867,defensiveMove fork
9fZ47,3r2k1/ppp4p/2b3pP/2q5/2Pn2P1/3B3K/P7/R3Q3 b - - 3 28,d4f3 e1e6 g8f8 e6f6 f8e8 d3g6 h7g6 h6h7 f3g1 h3h4,2867,advancedPawn defensiveMove fork
Nb651,6k1/5rp1/4P2p/3p1p2/1qp3R1/4PQ1P/1r6/6RK b - - 0 31,f5g4 e6f7 g8f8 f3g4,2867,advancedPawn
SXasC,r5k1/PQ3pp1/4p1b1/3p2p1/2qP4/4PPKP/8/R7 b - - 2 30,c4c3 b7a8 g8h7 a1f1 g6d3 f1f2,2868,hangingPiece
3E7s5,5r2/6k1/3p4/2p1nqpp/1pBn4/1P2Q2P/P4PP1/2R1R1K1 w - - 0 34,e3e4 f5f2 g1h1 d4f5 c1c2 f5g3 h1h2 g3e4,2869,fork
8pk2h,2b4k/2p3p1/1pP4p/4pP2/1P5P/4K3/2B5/8 b - - 1 43,g7g5 h4g5 h6g5 b4b5 g5g4 e3f2,2869,defensiveMove
GoVsm,r2q1r2/pp1kn1pp/4R3/b2p1Pp1/8/N5Q1/P4PPP/3R2K1 b - - 1 21,d8c7 e6e7 d7e7 g3e3 e7d8 d1d5,2869,attraction exposedKing
HevgM,8/8/8/8/1k6/R3NKPP/p4P2/r7 w - - 6 62,h3h4 b4a3 e3c2 a3b3 c2a1 b3b2,2870,hangingPiece
MorFD,8/7p/2pk2p1/1p6/p2K4/P1P3P1/5P1P/8 w - - 1 50,f2f4 c6c5 d4d3 d6d5 g3g4 h7h5 f4f5 g6f5,2870,pawnEndgame
nlARy,r5k1/5q2/5P2/1r2p1P1/1P1pQ3/3P3R/5K2/8 b - - 0 43,a8a2 f2g3 a2a1 e4h4 g8f8 h4h6 f8e8 h6h8 f7f8 f6f7 e8f7 h8f6 f7e8 h3h8 f8h8 f6h8,2870,attraction exposedKing pin
xPwW2,2r4k/6p1/2q2p1p/Q7/1P6/4Rn1P/5P1P/R5K1 w - - 8 37,g1f1 c6c4 e3e2 f3d2,2870,pin
IPPIo,2r3k1/7p/4p3/3p3q/1B1Qn1p1/P3PN2/2r2PP1/1R3RK1 w - - 0 39,f3e1 g4g3 f2g3 e4g3 e1c2 h5h1 g1f2 c8c2 b4d2 c2d2 d4d2 g3e4 f2e1 h1f1 e1f1 e4d2 f1e1 d2b1,2872,attraction fork
PAjHR,r7/1R6/P2p4/1P3p2/1Pk2p1p/4pP1P/4K1P1/8 w - - 3 51,b5b6 a8a6 b7c7 c4d5 b6b7 a6b6 e2d3 b6b4,2872,rookEndgame
gBesi,r1b4r/pp2kppp/4p3/1Bp2Pq1/4P1nR/6P1/PPP1Q3/1K1R4 b - - 2 19,h7h5 e2d3 e7f6 h4g4 g5g4 e4e5 f6e5 d3c3,2873,attraction
iz1o3,4r1k1/2q2p2/p2p2p1/1p1P4/3r4/P3p2Q/1PP1R3/1K3R2 b - - 1 42,d4e4 e2h2 g8f8 h3h6 f8e7 f1f7 e7f7 h6h7 f7f6 h7c7,2873,attraction skewer
BKRtU,3q4/K7/PPR1k2p/5p2/6p1/8/6PP/8 b - - 1 57,e6d7 a7b7 d8g8 c6c7 d7d6 a6a7 g8d5 b7b8,2874,advancedPawn defensiveMove exposedKing
GVMaD,7r/pb3pk1/1p4p1/2q1P3/Q1p2P2/2P3Pp/P6P/3RR1K1 w - - 0 29,d1d4 h8d8 a4c4 c5c4 d4c4 d8d2 c4c7 d2g2 g1f1 g2h2 c7b7 h2h1 f1f2 h1e1,2875,deflection kingsideAttack pin
9GuvG,8/8/5qkp/6p1/5p2/4Q1PP/7K/8 w - - 0 60,g3f4 f6f4 e3g3 f4g3 h2g3 g6f5 g3f3 h6h5 f3e3 f5e5,2876,defensiveMove
GSm4Z,8/8/7p/1R1pr1k1/3K4/7P/6P1/8 b - - 8 50,e5f5 b5d5 g5f4 d5f5 f4f5 d4d5 h6h5 g2g3 h5h4 g3g4,2876,rookEndgame
81mac,8/p3R2p/1p6/2p3P1/P1P3kP/1P1p4/1r6/4K3 w - - 1 37,e7e4 g4f5 e4e7 b2e2 e7e2 d3e2 e1e2 f5g4 a4a5 g4h4 g5g6 h7g6,2877,advancedPawn defensiveMove exposedKing rookEndgame
wURsU,2q3k1/p4ppp/1b6/3Q1N2/4r1P1/7P/PP4K1/5R2 b - - 0 25,c8c2 g2h1 h7h6 f5h6 g8h7 h6f7,2877,deflection
7q1zA,8/8/6N1/5k1p/4pp2/3p4/3K1P1P/8 w - - 2 50,g6h4 f5g5 h4g2 g5g4 g2e1 g4h3 f2f3 e4e3 d2d3 h3h2,2878,defensiveMove exposedKing
Weq8v,8/8/1p6/2k1pppp/1pP5/3KPPP1/P6P/8 w - - 0 35,h2h4 g5g4 f3g4 e5e4 d3c2 f5g4 c2b3 b6b5 c4b5 c5b5 b3c2 b5c4 c2d2 b4b3 a2a3 b3b2,2878,advancedPawn
lE2rW,8/6p1/ppp1p1k1/4P1P1/1PPP2K1/8/8/8 b - - 0 47,a6a5 c4c5 b6b5 d4d5 e6d5 b4a5 b5b4 a5a6 b4b3 a6a7 b3b2 a7a8q b2b1q a8c6 g6h7 c6d5,2879,exposedKing promotion
7TwED,r5k1/1q3pp1/7p/2Rp4/r2Q4/1P3P2/1KPR2PP/8 w - - 0 50,d4d5 b7b4 c2c3 b4a3 b2c2 a3a2 c2d3 a2b1,2880,pin
8VYBh,r1b2k2/6pp/1ppQp3/4n3/4p1B1/PPq1P3/6PP/R6K b - - 1 24,f8f7 g4h5 g7g6 a1f1 e5f3 h5f3 c8a6 f3e2,2880,discoveredAttack
ArDHb,4R3/2q2kp1/1pPr1p1p/2p5/P5Q1/5P2/4K1PP/8 w - - 11 40,e8c8 c7e7 e2f2 d6d2 f2g3 d2d4 g4h5 g7g6 h5h6 e7e1 g3h3 e1e6 g2g4 e6c8 h6h7 f7e6,2880,defensiveMove fork
EzBs4,8/7p/2p3PP/p1k2K2/p1Pbp3/8/4B3/8 b - - 0 48,a4a3 g6g7 a3a2 g7g8q c5b4 g8b8 b4c3 e2d1 a5a4 b8g3,2880,advancedPawn promotion
JfVn7,8/8/8/p1p2p2/2k4P/4K3/P7/8 b - - 0 42,f5f4 e3e4 f4f3 e4e3 f3f2 e3f2,2880,pawnEndgame
JWItb,r1b2rk1/ppq2p2/4p2Q/2b3N1/3R3P/2P5/PP3nP1/2K4R b - - 3 18,f2d3 d4d3 c7f4 c1d1 f4f5 g5e4,2881,hangingPiece
ifRNd,8/7k/8/3P1p2/4p2B/pKP4P/3b4/8 b - - 0 41,h7g7 d5d6 a3a2 b3a2 d2c3 a2b3 c3f6 h4f6 g7f6 h3h4 f6e6 h4h5,2881,exposedKing
jzYQ7,6k1/5pp1/2P1pn1p/1Q6/5KP1/1P3N2/6P1/7q w - - 5 41,b5c4 h1g2 c6c7 g2g4 f4e5 g4g3 e5d4 g3d6 d4e3 d6c7 c4c7 f6d5 e3d3 d5c7,2882,attraction fork
QTdFi,r1b2r1k/ppN4p/7n/2pPp3/2P1p2q/5P2/PP1QB2P/R4RK1 w - - 0 20,c7a8 h6f5 f1f2 e4e3 d2e1 e3f2,2883,advancedPawn fork
UqEpD,3R4/8/p2P4/1p6/6kp/8/2r5/6K1 b - - 2 57,g4g3 d8g8 g3f3 g8f8,2883,rookEndgame
etCu5,8/8/5pkp/5N2/1nK2PP1/8/8/8 b - - 3 54,b4c2 c4b3 c2e1 f5h4 g6f7 b3c3 f7e6 c3d2 e6d5 d2e1 d5e4 h4g6 e4e3 e1d1,2885,trappedPiece
WNLRQ,5r2/2Pk4/1P4p1/6p1/P2N2P1/1K2p3/8/8 b - - 1 56,f8f4 d4b5 e3e2 b6b7 f4f8 b7b8q e2e1q b8f8,2890,advancedPawn promotion
fyU8q,8/R4pk1/4P3/6K1/6Pp/5P2/p7/r7 b - - 0 44,h4h3 a7f7 g7g8 f7a7 a1f1 a7a8 g8g7 e6e7,2890,rookEndgame
BZtQK,3r1r1k/1b2qpp1/ppn4p/2p5/P3NQ2/2PP3R/BP2N1PP/6K1 b - - 2 22,h8h7 f4f5 h7h8 e4g5 e7g5 f5g5,2891,pin
Dbjup,r6r/1p3k2/pq6/3pPQpp/P7/4P3/1P4PP/2R4K b - - 0 22,f7e7 a4a5 b6e6 c1c7 e7d8 f5e6,2892,deflection exposedKing
G3g2x,8/8/4p3/3p1kp1/3P2R1/4PK2/r4P2/8 w - - 2 57,f3g3 a2e2 f2f3 e2e3 g3f2 e3e4 g4g1 e4d4,2892,rookEndgame
EEpbj,4r2k/3Q1p2/1p1p3p/p2P1Np1/5P2/P1R3P1/1P5K/4q3 w - - 8 43,h2h3 g5g4 h3g4 e1d1 c3f3 e8g8,2894,attraction
9tiaF,6k1/6p1/7p/5p2/5P2/1K4P1/7P/8 b - - 0 41,g7g5 h2h4 g8f7 h4h5 f7e7 b3c4 g5f4 g3f4 e7d6 c4d4,2895,defensiveMove pawnEndgame
FbflM,r1b2rk1/5ppp/2p2q2/5PBQ/p2p4/P1NP4/1P4PP/4R2K b - - 1 22,f6d6 c3e4 d6d7 e4f6 g7f6 h5h6 f8e8 e1e4 e8e4 d3e4 d7d6 g5f6 d6f6 h6f6,2895,kingsideAttack
rUpNg,3Q4/R4ppk/1p2p2p/7r/2P3rP/1P2PqP1/P4P2/3R2K1 w - - 7 32,d1d7 h5f5 d7d2 g4g3 f2g3 f3g3 d2g2 g3e3,2896,kingsideAttack
7tZt4,8/5p1p/2k3pP/3pPPP1/3B4/b2K4/8/8 b - - 0 43,a3c1 d4e3 c1b2 e5e6 f7e6 f5g6,2897,deflection
9liDo,8/5p2/p3k2p/8/P2K1PP1/8/8/8 w - - 1 45,d4c5 f7f5 g4g5 h6g5 f4g5 e6f7 c5d4 f7g6 d4e3 g6g5 e3f3 a6a5,2898,defensiveMove pawnEndgame
MopYS,8/8/6p1/8/P1k4p/r6P/5RPK/8 b - - 7 48,a3a4 f2f4 c4b5 f4a4 b5a4 g2g4 a4b5 h2g2 b5c4 g2f3 c4d5 f3f4 d5e6 f4g5 e6f7 g5h6 f7f6 h6h7 f6g5 h7g7 g5f4 g7g6,2898,rookEndgame
aiE1W,8/3R4/2p4p/1p4p1/4k3/2p3PP/Pn2K3/8 w - - 0 43,d7d6 b2c4 d6c6 e4d5 c6c7 c3c2,2899,advancedPawn
5TdYb,7k/p5p1/1p2p2p/7P/2P2QP1/3q4/P4PK1/8 b - - 2 32,e6e5 f4f8 h8h7 f8f5 d3f5 g4f5 h7g8 g2f3 g8f7 f3e4 f7f6 f2f3 f6g5 e4e5 g5h5 f5f6 h5g6 f6g7 g6g7 e5e6,2900,advancedPawn defensiveMove
5MAUM,6k1/3nbp2/4p3/3pP1PP/2pP1Q2/5B2/5PK1/4q3 b - - 2 33,c4c3 g5g6 f7f6 f4h6 d7f8 g6g7 f8h7 f3g4 e1e4 g2g3 e4g4 g3g4,2905,advancedPawn defensiveMove
IRRDX,8/8/2k1p3/ppp1Pp2/2P2P2/1P2K3/P7/8 b - - 1 40,a5a4 c4b5 c6b5 b3a4 b5a4 e3d2 a4b4 d2d3,2905,attraction pawnEndgame
49bSU,8/p1p2p2/1p1p1Ppk/3P3p/2P2K2/1P3P1P/P7/8 w - - 7 35,h3h4 a7a6 f4g3 g6g5 f3f4 g5h4,2908,pawnEndgame
4qncc,8/8/p7/1p1p1k1p/2p2P2/2P1K2P/PP6/8 w - - 1 40,e3f3 a6a5 f3e3 a5a4 e3f3 d5d4 c3d4 b5b4 f3e3 c4c3 b2c3 b4b3 a2b3 a4a3,2908,pawnEndgame
e2CrD,5k2/r2K4/8/4P3/8/p7/R7/8 w - - 5 50,d7d8 f8f7 d8c8 f7e6 c8b8 a7a4 b8c7 e6e5 c7b6 e5d4 a2h2 a4a8,2908,rookEndgame
2oJDu,4r2k/2p3bp/Q1p1q1p1/6n1/2P1p3/BP6/P5PP/3R1RK1 w - - 0 25,h2h4 g5f3 g2f3 e4f3 f1f3 e6g4 g1f2 g4h4,2909,fork
BIhbu,2r2r2/p4p1k/1p5p/8/P5RN/1Q4P1/1P1qn1BP/R5K1 w - - 3 28,g1h1 c8c1 g2f1 c1a1 b3f3 a1f1 f3f1 f7f5,2910,pin
Ayhql,8/3k2pp/5p2/5P1P/6PK/4R3/8/7r w - - 16 72,e3h3 h1h3 h4h3 d7d6 h3g3 d6e5 g3f3 e5d4 g4g5 h7h6 g5f6 g7f6,2911,rookEndgame
OVRbQ,8/8/4pk1K/2B5/3PppbP/8/5P2/8 w - - 2 42,c5b6 e4e3 d4d5 e3f2 b6d4 f6f5 d4f2 e6d5,2911,advancedPawn
6vud1,8/1R2nkP1/8/7r/P4K2/8/8/8 b - - 2 61,h5h6 b7e7 f7g8 e7e4 g8g7 f4e5 g7f7 e5d5,2914,defensiveMove
4lZUT,5rk1/2R2pp1/4P2p/1p3B2/3pP2P/bn1P2PK/8/qrBQN3 b - - 0 31,b3c1 d1h5 c1d3 e6f7 g8h8 h5g6 d3f4 g3f4,2915,advancedPawn kingsideAttack
0KMgT,4rr2/p4pk1/1p3Pp1/2p1P3/3q3b/4Q3/6RK/1B2R3 b - - 0 38,g7h7 e3f3 e8e5 b1g6 h7h6 e1e4 f7g6 e4d4 c5d4 f3f4 h4g5 f4e5,2917,fork
7XAAm,r7/8/6P1/4K3/8/P1k5/3p3R/8 w - - 0 45,h2h1 a8e8 e5f6 e8e1 h1h3 c3c4 g6g7 e1f1 f6e5 f1g1,2917,rookEndgame
D3uEz,8/p7/2p5/1p3pK1/1P2kP2/8/P7/8 b - - 0 40,e4d5 g5f5 c6c5 b4c5 b5b4 f5g5 a7a5 f4f5 a5a4 f5f6 b4b3 a2b3 a4b3 f6f7 b3b2 f7f8q b2b1q f8d6 d5c4 c5c6,2919,advancedPawn pawnEndgame promotion
4AWzK,3q3k/8/R4p2/5Pp1/1P1p4/P3rKP1/2P5/5Q2 w - - 5 51,f3f2 d8c7 f1h3 h8g7 c2c4 c7b7,2924,defensiveMove
TUMNu,8/8/p1p2p1k/Pp3ppP/3P1r2/1PP1K3/5P2/7R b - - 2 42,f4h4 h1h4 g5h4 f2f4 h6h5 e3f3 h4h3 c3c4,2927,rookEndgame
0I0gA,8/8/p1k1ppp1/1p5p/1P1PKP1P/P4P2/8/8 w - - 0 31,e4d3 c6d5 d3c3 e6e5 d4e5 f6e5 c3d2 d5d4 f4e5 d4e5 d2e3 e5f5 f3f4 f5g4,2929,pawnEndgame
LjSI7,1r4k1/5pp1/5q1p/4p2P/4P1P1/4pP2/Q1R5/3RK3 w - - 2 37,c2b2 b8b2 a2b2 f6h4 e1f1 h4h1,2930,exposedKing
GLUmo,4r1k1/5pp1/7p/pp1BB3/3P1PQ1/2qb2P1/P2n3P/4R1K1 b - - 2 29,d3g6 g4g6 d2f3 g1f2 f3e5 d5f7,2936,kingsideAttack pin
g6y64,8/8/3n2k1/3PKp2/2p5/6P1/2B5/8 b - - 1 66,d6b5 g3g4 g6f7 c2f5 f7e7 g4g5 b5d6 g5g6,2936,pin
CJbOI,r5k1/1p2P1pp/5P2/4P3/4p3/p7/6PK/5R2 b - - 0 34,g8f7 e5e6 f7e6 f1d1 a8e8 d1d8 a3a2 d8e8 a2a1q e8d8 a1e5 g2g3 e5h5 h2g1 g7f6 e7e8q h5e8 d8e8,2947,advancedPawn promotion rookEndgame
Xsm7J,8/3bK3/1B1P2p1/1kP2p1p/p4P1P/8/8/8 b - - 1 52,a4a3 e7d7 a3a2 d7e6,2949,hangingPiece
hf6nl,r1bq1k1r/1p3p2/p1n1Nn1p/2p1b2P/2Bp2Q1/2N1B3/PPP3P1/2KR1R2 b - - 7 18,f7e6 c3e4 h8g8 g4h4,2950,pin
Ngokt,8/1pkr2Q1/p2p4/8/2P2q2/P4P2/1P3K2/3R4 w - - 3 31,g7c3 f4h2 f2f1 h2h1 f1e2 h1g2 e2d3 d7f7 c3d2 f7f3 d3c2 f3f2 d2f2 g2f2,2951,pin
vnkgA,r7/2R2pk1/r2ppqp1/P2P3p/1Q2PP1P/6PK/R7/8 w - - 0 33,d5e6 f6e6 f4f5 e6a2 b4c3 g7h7 c3f6 h7g8 f5g6 a2e6 f6e6 f7e6,2951,fork
IxZ5U,6k1/2R1R2p/6p1/5p2/4pP2/1P5P/r2r2PK/8 w - - 4 33,e7h7 d2g2 h2h1 g2h2 h1g1 h2d2,2953,rookEndgame
alM2b,8/p5k1/1p2p1p1/1P1pP1K1/1P1P4/8/8/8 b - - 0 50,g7h7 g5f6 g6g5 f6e6 g5g4 e6d6 g4g3 e5e6 g3g2 e6e7 g2g1q e7e8q g1d4 e8h5,2956,advancedPawn promotion
ofkhV,3Q4/5pk1/4p3/3pP3/2pP2P1/P4PK1/1q4r1/7R w - - 5 48,g3h4 b2f2 h4g5 f2d2 f3f4 g2g4 g5g4 d2g2 g4h4 g2h1,2960,attraction deflection fork
aPc0L,2r3k1/5pp1/R3p2p/2NpPP2/1p1q4/1P3Q2/1r4PP/5R1K b - - 1 33,c8c5 f5e6 f7e6 a6a7 d4e5 f3f8 g8h7 f8c5,2965,fork
IwNf4,8/5pp1/4p2p/2k5/4PP1P/5K2/6P1/8 w - - 2 38,f3e3 f7f6 e3d3 e6e5 f4f5 c5b4,2983,pawnEndgame
