PuzzleId,FEN,Moves,Rating,Themes
00B8m,3b4/3P4/pp2Pk2/5r2/P6p/3Q4/8/7K w - - 1 43,d3f5 f6f5 e6e7 d8e7 d7d8q e7d8,1275,crushing endgame hangingPiece long
00LUZ,rnb1k1nr/1ppp1ppp/8/p1bPp3/4P2q/2PB4/PP3PPP/RNBQK1NR w KQkq - 3 6,g1f3 h4f2,702,attackingF2F7 mate mateIn1 oneMove opening
00LZf,r1b1kb1r/pppp1ppp/2n1p3/3nN3/3P2q1/4B3/PPP1BPPP/RN1Q1RK1 b kq - 9 8,d5e3 f2e3 g4g5 e5f7 g5e3 g1h1,2185,advantage attackingF2F7 fork long opening
00NHK,r1b2rk1/1p2b1p1/pqn1p1P1/3pP3/1P1P4/P1N1P3/6P1/R2QK2R b KQ - 0 17,c6e5 h1h8 g8h8 d1h5 h8g8 h5h7,1796,attraction fork long mate mateIn3 middlegame sacrifice
00ON5,8/k1p5/P7/3N4/3P2pp/3K2n1/6P1/8 w - - 1 47,d3e3 h4h3 e3f2 h3h2 f2g3 h2h1q,1825,advancedPawn crushing endgame knightEndgame long promotion
00Q8H,8/5b2/3k3p/6p1/3P1pP1/2N2K1P/8/8 w - - 6 48,h3h4 f7d5 f3f2 g5h4,1689,crushing endgame short
00R8C,r4q1k/2bn2p1/2p3pp/1pP5/1P1B2P1/1Q1P1r1P/5PB1/4RRK1 w - - 0 27,g2f3 f8f4 d4g7 h8h7 e1e5 d7e5 g7e5 c7e5 f1e1 f4f3,2411,crushing fork master middlegame veryLong
00TEQ,r3k1nr/1bq2ppp/p2p4/1p2p1NQ/3nP3/1BN4P/PP3PP1/R2R2K1 b kq - 2 15,g8f6 h5f7 c7f7 g5f7,2314,advantage attackingF2F7 middlegame short
00VIe,8/8/8/P6p/8/2RnkN2/r7/3K4 w - - 1 60,f3e1 a2d2,1710,endgame mate mateIn1 oneMove vukovicMate
00X0Q,6R1/8/8/8/1KP5/3r4/PP3kp1/8 w - - 3 52,c4c5 d3g3 g8g3 f2g3 c5c6 g2g1q,1425,advancedPawn crushing endgame long promotion rookEndgame
00dzT,6k1/1Q4p1/p1p4p/3pP3/P3bq2/2N4P/1P4PK/5B2 w - - 1 26,h2h1 f4f1 h1h2 f1g2,862,endgame hangingPiece mate mateIn2 short
00fN7,N1bk4/pp1p1R2/5bB1/4p3/4n3/8/PB2r3/2K5 b - - 5 24,e2f2 f7f8 d8e7 f8e8 e7d6 g6e4 f2b2 c1b2,2361,advantage fork middlegame veryLong
00hbV,8/pk1r1bR1/1p6/8/2P2N2/1P6/1K6/8 b - - 21 60,f7e6 f4e6 d7g7 e6g7,928,crushing endgame hangingPiece master short
00kS9,4r1k1/1ppbrpp1/7p/p2P4/3q1P2/P2B1P2/1P1Q2PP/3RR2K w - - 5 26,d3h7 g8h7 e1e7 d4d2 d1d2 e8e7,1458,advantage hangingPiece long middlegame
00ns1,5rk1/pp5p/2p1P1p1/3pN3/5r2/2P4Q/PP4PP/R4q1K w - - 2 25,a1f1 f4f1,600,backRankMate endgame mate mateIn1 oneMove
00tB9,1k1r3r/1bq1b1p1/p2p4/2nBp1P1/4P3/4BP2/1PPQN3/2KR3R w - - 3 24,d5b7 c5b3 c1b1 b3d2,1323,advantage middlegame pin queensideAttack short
00zdb,2rqr1k1/pb3p2/1p4pp/n2p4/P1pRnN2/2P2N1P/BPQ2PP1/3R2K1 b - - 2 20,c8c5 d4e4 d5e4 d1d8,1819,advantage discoveredAttack master middlegame short
011J1,4R3/5ppk/7p/2p2q2/1n6/2Br2P1/5P1P/1Q4K1 w - - 0 35,c3b4 d3g3 f2g3 f5b1,1322,advantage discoveredAttack endgame short
01Bmi,rn1qk2r/ppp2ppp/5b2/3P4/4P3/5b1P/PPP1QPP1/RN2KB1R w KQkq - 0 10,e2f3 f6b2 f3b3 b2a1,1060,advantage middlegame short trappedPiece
01I9O,r5k1/1pp2r2/p3n3/3pP1qp/2P2R1P/8/PP1Q2P1/5RK1 b - - 0 22,g5h6 f4g4 h5g4 d2h6 f7f1 g1f1,1286,crushing discoveredAttack long middlegame
01KVi,2r3q1/1p6/p2p3R/3PpkP1/4np2/3B4/PP6/1K4R1 b - - 5 31,g8d5 h6f6,1252,endgame epauletteMate mate mateIn1 oneMove pin
01qI9,1r6/1n4p1/1P1p1kp1/4p3/4P3/3K1P1P/5BP1/2R5 w - - 11 46,d3c4 b8c8 c4b5 c8c1,1327,crushing endgame short skewer
01zU8,6k1/3bnppp/p4n2/1pp5/8/1BNP1N2/PPP2PPP/6K1 w - - 0 19,c3e4 f6e4 d3e4 c5c4 b3c4 b5c4,1275,advantage endgame long trappedPiece
0203f,r5k1/p2q2b1/1p4pR/2p1r3/2PpNp2/3P1P2/PPQ2KP1/7R b - - 0 25,g7h6 e4f6 g8g7 f6d7,1024,crushing fork middlegame short
029pZ,r4rk1/ppp2pbp/3q1np1/8/8/1P2P3/PBPPQ1PP/RN3RK1 w - - 3 13,e2f3 f6g4 f3g4 g7b2,1799,crushing discoveredAttack middlegame short
02Ewz,2k4r/pp4p1/2n5/2p1p2p/3pP1nq/3P4/PPPB2P1/R2Q1RK1 w - - 0 19,d1f3 h4h2,904,master mate mateIn1 middlegame oneMove
02FSn,r2qk2r/1pp3p1/p1nbbn1p/3p1p2/3P4/PQN1PN1P/1PPB1P2/R3KB1R w KQkq - 0 13,b3b7 c6a5 b7a8 d8a8,1405,crushing master middlegame short trappedPiece
02Oc8,8/Q5p1/4pk2/p2q4/P1pn4/8/5PPP/R5K1 w - - 2 29,a1d1 d4e2 g1f1 d5d1,1124,discoveredAttack endgame mate mateIn2 short
02R28,2Q2r2/6kp/3P4/pN1Qp2q/2P1P3/P3brPp/6bP/R3R1K1 w - - 1 32,e1e3 f3f1 a1f1 f8f1,1203,kingsideAttack mate mateIn2 middlegame operaMate short
02Wf7,r2qkb2/pp1bpp1p/3p4/3Qp3/2B5/2N5/PPP2PrP/2KR3R b q - 1 12,g2g8 d5f7,453,attackingF2F7 mate mateIn1 middlegame oneMove
02YSF,8/p5k1/2p1R1P1/3p4/3P4/r7/1r6/5RK1 b - - 5 32,b2c2 f1f7 g7h6 g6g7 h6h7 e6h6 h7h6 g7g8q,1970,advancedPawn crushing deflection discoveredAttack discoveredCheck endgame exposedKing promotion rookEndgame veryLong
02gXq,3r2k1/5ppp/p3p3/1qb1P3/8/2P1BQPP/8/5R1K b - - 3 26,c5e3 f3f7 g8h8 f7f8 d8f8 f1f8,938,backRankMate endgame long mate mateIn3 sacrifice
02lza,rQ4k1/5ppp/4p3/4P2P/4P3/p3P1P1/PR4K1/2qr4 b - - 1 29,a8b8 b2b8 c1c8 b8c8 d1d8 c8d8,472,backRankMate endgame long mate mateIn3 queenRookEndgame
02t9u,1r5r/7k/6pp/4P3/1b2Q3/1q2B3/5PPP/3RK2R w - - 2 27,e1f1 b3d1,514,hangingPiece mate mateIn1 middlegame oneMove
02vsr,4n1qk/pp2Q3/6pP/4Pb2/8/P4NK1/8/8 b - - 11 50,f5e4 f3g5 e4c6 e5e6,2094,crushing endgame short
02yeg,r4rk1/p1npqppp/b1n1p3/1p2P3/4N3/3Q1N2/PPB2PPP/R2R2K1 b - - 3 17,b5b4 e4f6 g7f6 d3h7,1807,discoveredAttack kingsideAttack mate mateIn2 middlegame sacrifice short
03EPr,3q2k1/1p3ppp/r7/3p4/rn1B4/4P1Q1/5PPP/R3R1K1 b - - 3 23,g7g6 a1a4 a6a4 g3e5 f7f6 e5e6 g8g7 d4f6 d8f6 e6d7,2141,crushing discoveredAttack fork middlegame sacrifice veryLong
03JlS,2rR2k1/p3rpp1/1p2bq1p/1N6/8/P3P3/1PQ2PPP/3R2K1 b - - 15 26,c8d8 d1d8 e7e8 d8e8,609,kingsideAttack master mate mateIn2 middlegame short
03Nb5,r1b2rk1/ppp2ppp/8/2bP4/7q/1B1Q4/PPP3PP/RNB1R2K w - - 1 15,b1c3 h4e1 d3f1 e1f1,812,hangingPiece kingsideAttack mate mateIn2 opening short
03PJo,5bkr/pb4pp/1p1qR3/2p5/2B5/2PP4/P1P2PPP/1RBK4 b - - 0 17,d6e6 c4e6,582,doubleBishopMate hangingPiece kingsideAttack mate mateIn1 middlegame oneMove
03Pkr,3q4/4kr2/p4N2/1pPpP3/3P2Q1/P7/5K2/8 b - - 10 44,d8f8 g4d7,804,endgame mate mateIn1 oneMove
03UDS,r3r2k/p1pR2p1/2p4p/5q2/8/2N5/PPP3PP/5R1K w - - 0 21,f1f5 e8e1 f5f1 e1f1,1151,backRankMate endgame mate mateIn2 short
03WUg,2kr3r/pppB1pb1/4p2p/4n1p1/2QP4/6Bq/PPP2P1P/2KR2R1 b - - 0 16,e5d7 c4c7,462,mate mateIn1 middlegame oneMove queensideAttack
03YfR,rn1qkbnr/pp2pppp/2p5/4N3/2BP2b1/8/PPP3PP/RNBQK2R b KQkq - 2 6,g4d1 c4f7,971,attackingF2F7 mate mateIn1 oneMove opening
03k5W,4rr1k/p3R1p1/1p5p/2p5/2B2Nn1/2PP4/PP4KP/8 b - - 11 29,e8e7 f4g6 h8h7 g6f8 h7h8 f8g6,1197,crushing endgame fork long
03tiQ,6k1/pbp1nr1p/1p4pQ/4P3/3Pq3/6R1/PP1KNPn1/7R b - - 5 27,e7f5 g3g6 f7g7 h6h7,1611,advantage kingsideAttack middlegame pin short
03tkj,r2q3k/3b2p1/p2p1r1p/1ppB1P2/4P3/4B3/PPP5/2K3QR b - - 1 23,a8a7 e3g5 d8f8 g5f6 f8f6 e4e5 d6e5 g1c5,2482,advantage deflection middlegame pin veryLong
03yiL,4k3/pb3p2/1p1p1r1q/4pQ2/2PpP3/1N1B2Pn/PP3P1P/R4R1K w - - 9 31,f5g4 h3f2 f1f2 f6f2,1154,advantage fork middlegame short
04JOd,r4r2/pp1b3p/5npk/q1p3N1/8/2N1Q3/PP3PPP/R3K2R b KQ - 7 19,a8e8 g5e6 g6g5 e3g5,1738,discoveredAttack discoveredCheck mate mateIn2 middlegame short
04NVI,6k1/1p3p2/p1p5/4P2Q/1P3P1P/P5K1/8/6q1 w - - 1 40,g3f3 g1d1 f3g2 d1h5,1212,crushing endgame queenEndgame short skewer
04VZT,8/1pr4p/p7/P5K1/8/2Pk4/8/1R6 b - - 15 38,c7d7 b1d1 d3c4 d1d7,829,crushing endgame rookEndgame short skewer
04Zsd,8/3k3p/4p1p1/3p1p2/8/1PrP4/P4PPP/3R2K1 w - - 0 27,d1d2 c3c1 d2d1 c1d1,587,backRankMate endgame mate mateIn2 rookEndgame short
04aK0,rBb1qrk1/pp2bppp/4p3/8/2B5/1QP5/PP3PPP/3RK1NR b K - 0 11,a8b8 c4b5 e8d8 d1d8,1336,advantage master middlegame short trappedPiece
04aQg,r5k1/3N1pp1/4p3/2P4p/8/4Q3/5Pq1/3RK3 w - - 2 38,d7e5 a8a2 d1d8 g8h7 d8d2 a2a1 e1e2 g2f1,2430,crushing endgame veryLong
04e5c,8/1R1k2pp/3P4/8/8/3q1N1P/6PK/8 b - - 3 31,d7d6 b7d7 d6d7 f3e5 d7c8 e5d3,1326,attraction crushing endgame exposedKing fork long sacrifice
04p7f,3rr1k1/ppp1qppp/3b4/3P4/8/P4n1P/1PP2PP1/R1BQR1K1 w - - 0 16,d1f3 e7e1,564,hangingPiece kingsideAttack mate mateIn1 middlegame oneMove
04pqI,8/2p3pp/N1p3p1/3k4/8/nP5P/2P2PP1/3K4 b - - 0 33,a3b5 c2c4 d5d6 c4b5,1321,crushing endgame fork knightEndgame short
050C0,8/4k3/1p3p2/p7/PP1K1P2/n7/2B5/8 w - - 2 36,b4a5 a3c2 d4c3 c2e3,1905,crushing defensiveMove endgame hangingPiece short
05393,5r1k/p3q1b1/1p4Qp/2p1P3/2P5/1P3KP1/P7/2B4R w - - 1 34,f3g2 e7b7 g2g1 f8f1 g1f1 b7h1 f1e2 h1c1 e5e6 c1b2,1774,attraction crushing deflection endgame skewer veryLong
05FNp,8/p5pk/1p3r1p/3B1bq1/2P5/5QP1/P4P1P/4R1K1 w - - 1 26,e1e5 g5c1 g1g2 f5h3 g2h3 f6f3,1188,advantage discoveredAttack endgame long
05JDw,8/4bk2/RR6/8/3P4/6B1/1PP1p1KP/3q4 w - - 0 37,b6b7 d1f1,1133,dovetailMate endgame mate mateIn1 oneMove
05JYh,2rqk2r/3n1ppp/p1pbp1b1/3pN3/N1PP2P1/5Q1P/PP1B1P2/2R1R1K1 b k - 0 17,g6e4 f3f7,533,attackingF2F7 mate mateIn1 middlegame oneMove
05U8y,6bk/p1R3q1/1p5p/8/P4Q2/1r6/5PP1/6K1 b - - 3 42,g7a1 g1h2 a1g7 c7g7,1513,crushing defensiveMove endgame short
05UEs,6k1/p5pp/8/5r2/8/2N4P/PPP2n2/2K4R w - - 1 26,h1f1 f2d3 c1d2 f5f1,910,crushing discoveredAttack endgame short
05UaC,3r1rk1/1Q5R/2p2qp1/2Pp4/1P3p2/5P2/P1B3PP/4R2K w - - 3 33,e1e7 f6a1 c2b1 a1b1 e7e1 b1e1,1012,backRankMate long mate mateIn3 middlegame
05V7Z,Bn2r1k1/p4ppp/3p4/2p3bP/3p2P1/1P1Q4/1PP1N2q/R2NK3 w Q - 0 21,d1f2 h2g1,1819,master mate mateIn1 middlegame oneMove pin
05aTL,rn1qkbnr/3ppppp/2p5/p7/1PB5/1Q3P2/PB1P1PPP/RN2K2R b KQkq - 1 7,a5b4 c4f7,786,attackingF2F7 mate mateIn1 oneMove opening
05h14,q2k2r1/5R2/4p3/p1BbP3/1pnP1P1N/6N1/P2pQ2P/6K1 w - - 2 38,f7f8 g8f8 c5f8 a8a7 f8c5 a7h7,2197,crushing long middlegame
05lNL,6k1/8/6K1/1R6/1P5p/6r1/8/8 w - - 2 55,g6h5 h4h3 h5h4 h3h2 h4g3 h2h1q,1074,advancedPawn advantage endgame long promotion rookEndgame
05lpm,5k2/p5p1/2p4q/2Pp1Q1B/3b4/6P1/P5KP/8 b - - 1 32,d4f6 f5c8 f6d8 c8d8,777,endgame mate mateIn2 short
05ogd,8/1p3k2/2p2p2/2Pb3P/1P1KpPB1/r6P/8/4R3 w - - 3 37,e1b1 a3d3,1064,endgame master masterVsMaster mate mateIn1 oneMove pillsburysMate
05vpY,8/8/6RP/2k5/1p2r3/4p3/4K3/8 b - - 0 60,c5d4 h6h7 e4h4 g6g4 h4g4 h7h8q,1963,advancedPawn crushing deflection endgame long promotion rookEndgame
06FwQ,2k3rr/1pp5/3pqn2/pP6/P2QP2p/B2P3P/5PP1/R4RK1 w - - 1 22,a1c1 e6h3 c1c7 c8b8 c7c8 b8c8 f1c1 c8b8,2144,advantage defensiveMove middlegame pin veryLong
06P12,5r1k/2p3pp/1p1rP3/p3R3/7q/P1Q5/1P3PPP/4R1K1 w - - 0 26,e6e7 h4f2 g1h1 f2f1 e1f1 f8f1,1183,backRankMate endgame long mate mateIn3 sacrifice
06QjG,3k4/3np3/3P1pP1/3qpQ2/8/2p4P/5P1K/8 b - - 2 45,d5d6 g6g7 d8c7 g7g8q,911,advancedPawn crushing endgame promotion short
06Qto,8/8/2k4P/1p5K/p6B/7r/8/8 b - - 5 57,h3h4 h5h4 a4a3 h6h7,811,advancedPawn crushing endgame hangingPiece short
06REK,r3kb1r/p4ppp/5B2/1p6/Q2P4/2N5/Pq2bPPP/R3KB1R w KQkq - 0 13,c3b5 f8b4 b5c3 e8f8,1632,advantage opening pin short
06jrE,6k1/6p1/p3b2p/2qp4/1p1Nn3/1B6/PPP2rPP/R2Q2K1 w - - 3 22,d4e6 f2f1 g1f1 c5f2,1947,attraction discoveredCheck doubleCheck mate mateIn2 middlegame sacrifice short
06yZ3,5k2/1r3p2/6p1/q4p2/P1BQ4/1P5R/1KP5/8 w - - 4 45,d4d8 a5d8 h3h8 f8e7 h8d8 e7d8,1150,advantage endgame hangingPiece long
07YE8,3r2rk/ppq5/6b1/2p1p1R1/2PbP2Q/1P6/P4P1P/3R3K b - - 0 39,h8g7 g5g6 g7g6 d1g1 g6f7 h4h7 f7e6 h7c7,1747,advantage attraction exposedKing middlegame sacrifice skewer veryLong
07YZu,8/4ppk1/3p2p1/3Pb3/5q2/5P1p/6PP/3R2QK w - - 0 40,d1f1 e5d4 g1d4 f4d4,1717,crushing endgame master short trappedPiece
07qNg,2r3k1/4Bp2/1R3Pp1/8/1Pr2P1p/P3p3/8/1R4K1 w - - 0 36,b1e1 c4c1 g1f1 c1e1 f1e1 h4h3,2608,crushing endgame exposedKing long pin
07qvG,r3k2r/p2n1ppp/2pbpn2/1p6/3P2bQ/1PqBBN2/PN4PP/1R3RK1 b kq - 1 15,a8c8 e3d2 c3d3 b2d3,1847,advantage middlegame short trappedPiece
086MC,3K4/2PR4/8/6k1/8/6p1/8/2r5 w - - 0 53,d7d6 g3g2 c7c8q c1c8 d8c8 g2g1q,1255,advancedPawn crushing endgame long master masterVsMaster promotion rookEndgame
08BK8,6k1/1R4b1/6pp/p4p2/P1p1pP2/7P/6P1/6K1 w - - 1 33,b7a7 g7d4 g1f1 d4a7,870,crushing endgame fork master short
08Erp,4k3/3qb3/2bp4/2P1ppr1/p3Pp1p/PrN2Q1P/1P2BPP1/1R1R2K1 w - - 0 33,c5d6 f5e4 f3h5 g5h5 e2h5 e8f8 d6e7 d7e7,2009,advantage middlegame trappedPiece veryLong
08KSb,r1b1k2r/pp3ppp/2n5/4p1B1/2BqN1n1/3P3N/P1P3PP/R2Q1K1R w kq - 0 12,d1f3 d4a1 f1e2 c6d4 e2d2 d4f3,1942,crushing fork hangingPiece long middlegame
08Tdr,q4rk1/p5pp/np1b4/2p5/8/4Q3/PPP1NP1P/2KR2R1 w - - 0 17,e2c3 d6f4 c1b1 f4e3,1029,advantage middlegame pin short
08fwi,8/2r2pkp/4p1p1/2q5/5Q2/R3P3/5PPP/5RK1 w - - 2 28,f1a1 c5c1 a1c1 c7c1,1173,backRankMate endgame mate mateIn2 sacrifice short
08iCd,8/8/8/1p1pk1p1/2p3Pp/2P1KP1P/1P6/8 b - - 0 40,e5d6 f3f4 g5f4 e3f4,2029,crushing endgame master pawnEndgame short
08xLb,2kr1n1Q/ppq1p3/2p1bnp1/3p4/3P4/5N2/PPP2PPP/RN2K2R w KQ - 2 12,f3e5 f8d7 h8h6 d7e5 d4e5 c7e5,2158,advantage long middlegame
08yCD,Q7/5R2/8/8/5p2/7p/5kp1/7K w - - 0 46,h1h2 g2g1q h2h3 g1g3,1142,advancedPawn endgame mate mateIn2 promotion short
097Nd,8/1R1P4/8/3r1p1k/B4Kp1/8/PP5p/8 w - - 0 42,a4c6 h2h1q c6d5 h1d5,1632,advancedPawn crushing endgame master promotion short
09A9X,4k2r/p3pp2/2pp3p/6p1/4P3/2q3B1/Pr2QPPP/3R1K1R w k - 10 21,e2d3 c3d3 d1d3 b2b1 f1e2 b1h1,1369,crushing long middlegame skewer
09CwC,r4rk1/1p3p1p/p2p2p1/2pP4/P1PbP2q/3B1QNb/1P4P1/3N1R1K w - - 0 24,g2h3 h4h3,865,kingsideAttack mate mateIn1 middlegame oneMove
09Zxu,2rq1rk1/1p2bp1p/p3p1p1/3pP3/3P1Qn1/2N1B2R/PPP3PP/R5K1 b - - 2 16,g4e3 f4h6 e7h4 h3h4 d8h4 h6h4,1379,advantage long middlegame
09eK7,4b3/4P1Pq/8/4KN2/8/5k2/8/8 b - - 2 53,h7g6 f5h4 f3e3 h4g6,992,crushing endgame fork master short
09lOk,Q7/5pk1/B3p1p1/2p5/4P2K/P4P2/1P4qP/8 w - - 0 38,a8b8 g6g5 h4h5 g2h3 h5g5 f7f6 g5f4 h3h2 f4e3 h2b8,2109,crushing endgame interference master skewer veryLong
09qUW,8/8/8/1p6/1ppkn2R/1P6/2P1p3/4K3 b - - 1 69,d4c3 h4e4 c4b3 c2b3,1554,crushing endgame hangingPiece master short
09sfJ,r4rk1/pnqbppbp/1p1p1np1/3P4/2PN4/2BBPN1P/5PP1/RQ3RK1 b - - 3 16,f6d5 c4d5 c7c3 f1c1 c3c1 b1c1,2212,advantage long middlegame trappedPiece
0A1UD,6r1/p2pkp2/1pr4p/2pQP1p1/2P3P1/1R5P/q4P2/1R4K1 b - - 0 29,a2e2 b3b2 e2b2 b1b2,2364,advantage endgame short trappedPiece
0AWPH,r2Q1k1r/p3nppp/2p3q1/8/8/2N1B3/PPb2PPP/2KR3R b - - 3 15,a8d8 d1d8,569,backRankMate mate mateIn1 middlegame oneMove
0AYeq,5n2/p4pk1/1p1R2p1/7p/PP2Br1P/5P2/5PK1/8 b - - 4 35,f7f5 g2g3 f4e4 f3e4,1449,crushing endgame master short trappedPiece
0AYtY,8/6bk/8/3Q4/1P5p/P5qP/3p1rP1/6RK b - - 1 42,f2e2 d5h5 g7h6 h5e2,1483,advantage endgame fork master short
0AzaJ,4R3/p4p1k/5p2/2b2P2/P7/6RP/2Pr2P1/3n2K1 w - - 7 34,g1h1 d1f2 h1h2 c5d6,1645,crushing endgame pin short
0B1qV,r2qk2r/p2b1ppB/2pb1n2/n3p1N1/8/5Q2/PPPP1PPP/RNB1K2R b KQkq - 0 10,f6h7 f3f7,1071,attackingF2F7 mate mateIn1 oneMove opening
0B2wJ,r3k2r/pp1bq3/1bn2n1p/5pp1/5Q2/2NP1N2/PP1BBPPP/2R2RK1 w kq - 0 18,f4c4 c6a5 c3d5 a5c4 d5e7 c4d2,2041,advantage long middlegame trappedPiece
0BI4w,4rk2/1pq2p2/p4QnN/2P5/2P2p2/8/PP3PPP/R3r1K1 w - - 1 29,a1e1 e8e1,496,backRankMate endgame mate mateIn1 oneMove
0BLbz,1k1Q3r/ppp3p1/7p/2q1p3/4P3/6P1/P1P2PBP/3R2K1 b - - 2 21,h8d8 d1d8,919,backRankMate endgame mate mateIn1 oneMove
0BQPu,r1b2rk1/6p1/4p1P1/1p2n3/1PpBP3/5Pq1/2PQ2B1/3K3R b - - 6 30,e5f3 h1h8 g8h8 d2h6 h8g8 h6g7,1736,attraction long mate mateIn3 middlegame pin sacrifice
0BZvN,3r1rk1/ppp1b1pp/2n1b3/5p2/3P4/2PBB3/PP3PPP/RN3RK1 w - - 0 13,b1d2 f5f4 e3f4 f8f4,1273,advantage middlegame short trappedPiece
0BhTt,r3k2r/pbpp1p1R/1p2n3/4P3/5B2/N2PK1P1/PP6/7R b kq - 0 23,b7h1 h7h8 e8e7 h8h1,1964,advantage fork hangingPiece middlegame short
0BjiB,r2q3r/5pk1/3p2p1/7P/1p3Q2/8/1PP5/1NK4R b - - 0 25,d8f6 h5h6 h8h6 f4h6,1221,crushing endgame short
0By3G,7R/1p3pp1/1P4kb/3P4/3p3Q/3Pr1P1/6BK/4q3 w - - 2 41,g2e4 e3e4 h4e4 e1e4 d3e4 d4d3 h8a8 h6c1 a8a4 c1b2 a4a2 d3d2 a2b2 d2d1q,2391,advancedPawn crushing endgame promotion quietMove sacrifice veryLong
0C4T0,r1b1kb2/pppp2p1/2n3Np/2q1p3/2B1n3/8/PPPP1PPP/RNBQK2R w KQq - 2 8,d2d3 c5f2,938,attackingF2F7 mate mateIn1 oneMove opening
0CA66,3k2r1/pQ1b4/4Bn2/8/3n1q2/6Nr/PP3PP1/2R1R1K1 b - - 0 25,d7e6 c1c8 e6c8 b7e7,2204,mate mateIn2 middlegame sacrifice short
0CGzf,8/5k1p/p4b2/3r1p2/PP5n/2B1R2R/5P1P/6K1 w - - 0 44,c3f6 d5d1 e3e1 d1e1,481,endgame mate mateIn2 short
0CRpS,r2qk2r/pbp2ppp/1pnb4/1B1p4/8/4BN2/PPP2PPP/R2Q1RK1 w kq - 0 12,d1d5 d6h2 f3h2 d8d5,979,crushing discoveredAttack kingsideAttack middlegame short
0CXOi,r7/1b1p1Q1p/p1qkp3/1p6/PP4P1/3B2P1/2P4P/R4RK1 w - - 1 23,f7f2 c6h1,1105,mate mateIn1 middlegame oneMove
0CZsI,8/8/1KQ5/8/1p2k3/8/8/1q6 b - - 3 58,e4d3 c6g6 d3d4 g6b1,1229,crushing endgame master queenEndgame short skewer
0CZvy,5r1k/1p4p1/p1p1p2p/3qBr2/1P1P4/1R2Q2P/5PP1/6K1 b - - 13 31,f5f2 e3h6 h8g8 h6g7,1349,endgame mate mateIn2 pin short
0Cozl,r2k2r1/5p2/p1p2Pp1/1qbP4/6P1/1pQK1N1P/1P3P2/3RR3 w - - 6 25,d3d2 c5b4 f3d4 b4c3,1312,advantage middlegame pin short
0CsSG,r7/8/5p1p/PK1k1p2/5P2/6P1/1R5P/8 w - - 3 39,a5a6 a8b8 b5a4 b8b2 a6a7 b2a2,991,crushing endgame long rookEndgame skewer
0Cz6K,5r1k/1Q5p/p4qp1/8/8/8/P4PPP/2r2RK1 w - - 1 29,f1c1 f6f2 g1h1 f2f1 c1f1 f8f1,819,backRankMate endgame long mate mateIn3 sacrifice
0D0ig,Qn3rk1/p1p1b1pp/1p2R3/8/2P5/N7/PP1q1PPP/R5K1 w - - 1 17,e6e7 d2f2 g1h1 f2f1 a1f1 f8f1,889,backRankMate long mate mateIn3 middlegame sacrifice
0D8Nt,rn3rk1/2pp1ppp/1p6/p2q2B1/5PQ1/3P4/P5PP/R4R1K b - - 1 17,h7h6 g5f6 g7g6 f4f5,2445,advantage middlegame pin short
0DOMh,1Q6/4Kpk1/4p1p1/4P2p/5P1P/q5P1/8/8 w - - 5 57,e7e8 a3f8 e8d7 f8b8,1259,crushing endgame master queenEndgame short skewer
0DPNt,6k1/5ppp/1r2pb2/p7/Rp1nP3/1P4P1/6KP/2R5 b - - 0 39,d4b3 c1c8 f6d8 c8d8,529,backRankMate endgame mate mateIn2 short
0DR4N,r3r3/pk4pp/1p3p2/3qn3/8/6B1/PQ3RPP/4R1K1 b - - 2 27,e5f3 f2f3 e8e1 g3e1,1527,advantage middlegame short
0DSYH,1Q3r1k/5ppp/6q1/3N4/p1P4P/8/Pb2RPP1/4R1K1 b - - 0 30,f8b8 e2e8 b8e8 e1e8,532,backRankMate endgame mate mateIn2 short
0DeZO,R7/8/1r2k3/2p1Prp1/2PpRnKp/1P6/3N4/8 b - - 7 44,h4h3 a8h8 f4d3 h8h6 e6e7 h6b6,2328,advantage endgame exposedKing long skewer
0Df3J,8/RP3pp1/4pk2/P1np4/6K1/4P3/1r5P/8 b - - 0 35,b2b7 a7b7 c5b7 a5a6 b7a5 a6a7 a5c4 a7a8q,1096,advancedPawn advantage endgame promotion veryLong
0Dmkf,8/3b2k1/3p2pb/qp1Pp3/4P3/6Pp/2Q2P1P/3N1BK1 b - - 4 42,a5e1 c2c7 e1d1 c7d7,1334,crushing endgame master pin short
0DuXw,6r1/p4k1p/5n2/2p1PQ2/5p2/2P5/P2r2qP/6RK w - - 0 38,g1g2 d2d1 g2g1 d1g1,770,endgame mate mateIn2 short
0EAAx,4r1k1/2pN1ppp/r3n3/p4N2/8/2P3Q1/1q3PPP/R3R1K1 w - - 4 28,e1e6 b2a1 e6e1 a1e1,1237,hangingPiece mate mateIn2 middlegame short
0EBrN,r1bq2rk/ppp2p2/1b3p1p/3np3/1PB1N3/2PP1N1P/P2Q1PP1/R4RK1 b - - 2 15,c8h3 d2h6,463,kingsideAttack mate mateIn1 middlegame oneMove
0EC9g,8/5pk1/1Q2p2p/1P1p2p1/P3q1P1/4Pn1P/5P2/5R1K w - - 3 32,a4a5 f3h4 f2f3 e4c2,2131,crushing defensiveMove discoveredAttack discoveredCheck endgame master short
0EFOe,rn2r1k1/1b4N1/1p1pN2p/p1bp4/2P2PP1/1B6/PP5P/R1B2R1K w - - 0 24,g7e8 d5c4 f1f3 b7f3,1672,discoveredAttack doubleBishopMate kingsideAttack mate mateIn2 middlegame short
0EYJ9,1bkr4/p4Qp1/Pq2R1p1/1Pp4n/2Pp4/3P3P/3r1PP1/5RK1 b - - 2 27,b6c7 e6c6 c7c6 b5c6,1397,advantage middlegame pin short
0Efb0,3R1B2/5p1p/p1p1r1k1/6p1/5bP1/2N3r1/PPK2R2/8 w - - 16 33,f2h2 g3c3 b2c3 f4h2,1360,advantage discoveredAttack middlegame short
0Eq1u,3Q3R/2p2pp1/3pb2p/3q3k/pp1b4/5N1P/1P4P1/7K b - - 1 41,d5e4 d8g5,2076,endgame mate mateIn1 oneMove pin
0Eyol,3r2k1/Np3ppp/8/7q/4b3/6b1/PPQ4P/2R2R1K w - - 0 30,c2e4 h5h2,832,master mate mateIn1 middlegame oneMove
0F0Tt,rnbqkr2/ppp1n1pp/3p4/4N3/1bB5/1QN5/PB3PPP/R4K1R b q - 1 11,b4c3 c4f7 f8f7 b3f7,1457,attackingF2F7 mate mateIn2 middlegame short
0F2PM,1kR5/2p5/R6p/2N3p1/3p4/P3bPPK/4r2P/8 b - - 0 41,b8c8 a6a8,661,endgame master masterVsMaster mate mateIn1 oneMove
0F5QD,3Q1r1k/p5pp/8/8/8/P5PP/7K/3R4 b - - 0 39,f8d8 d1d8,466,backRankMate endgame mate mateIn1 oneMove rookEndgame
0FBbD,q4rk1/1r2bppp/p1p1pn2/Q2n4/N2P4/5BB1/PP3PPP/2RR2K1 w - - 6 21,c1c6 e7b4 a5a6 b7a7,2179,advantage middlegame short
0FHkq,rn2k1nr/pp4pp/1q2pp2/8/3b2b1/2N2NP1/PPPB1P1P/R2QKB1R w KQkq - 0 10,f1e2 d4f2 e1f1 g4h3,1379,attackingF2F7 mate mateIn2 opening short
0FM9c,3r2k1/PR5p/2p5/2P3p1/8/5p2/1K6/8 b - - 1 41,d8a8 b7b8 g8f7 b8a8 f3f2 a8f8 f7f8 a7a8q,1132,advancedPawn attraction crushing endgame promotion rookEndgame veryLong
0FWQf,8/3n1P2/2pb2k1/3p2P1/3P4/p2KP2r/P4R1p/7R b - - 0 40,d7f8 f2f6 g6g5 f6d6,1000,advantage endgame fork master short
0FyxU,r4r2/1b2npp1/p3p1k1/3p2N1/1p4Q1/1Pq5/P1P2PPP/R4RK1 b - - 3 24,g6f6 g5h7 f6e5 h7f8,1126,advantage fork middlegame short
0G1VG,r3kb1r/pp3ppp/4pn2/1B1p4/Nn1P1Bb1/5N2/1PP2PPP/1K1R3R b kq - 3 13,f6d7 b5d7 e8d7 f3e5 d7e8 e5g4,1910,advantage attraction fork long middlegame
0GH76,6k1/p5p1/3p2q1/8/4P2r/2N4Q/Pr4PP/R4RK1 w - - 0 23,h3h4 g6g2,1220,endgame mate mateIn1 oneMove
0GSjb,8/1k1N4/5r2/1K6/2P5/8/8/8 b - - 6 71,f6e6 d7c5 b7c8 c5e6,674,crushing endgame fork short
0GWub,r1bq2nr/pp1pb1p1/4k2p/Q1p1N3/3PP3/8/P4PPP/RNB2RK1 w - - 2 14,f2f4 d8a5 f4f5 e6f6,1429,advantage hangingPiece opening short
0GXsh,2krr3/ppp1qppp/2p1b3/8/4P1n1/P1NPP3/1PPQB1PP/R3K2R w KQ - 1 12,h2h3 e7h4 e1d1 g4f2 d1c1 f2h1,974,crushing exposedKing fork long middlegame
0Gaw6,8/1p3r1k/1R6/p5P1/1P1p3P/P2PnPKR/2r5/8 w - - 1 37,b4a5 c2g2,1179,endgame epauletteMate mate mateIn1 oneMove
0GgJk,2b1q2k/r5rP/4p3/3pPp1R/1p1P1P1Q/8/1K6/1B4R1 w - - 1 32,h4f6 e8h5 g1g7 a7g7 f6f8 h8h7,2190,crushing hangingPiece long middlegame
0Ggii,4r1k1/pp3ppp/8/8/1P1b4/P4P2/2Q1p1PP/3R2K1 w - - 0 25,d1d4 e2e1q,725,advancedPawn endgame mate mateIn1 oneMove promotion
0GqjX,8/4n1p1/p1k2pN1/b1p2P2/1pPpK3/1P1P3P/3B4/8 b - - 1 42,e7g6 f5g6 c6d6 d2h6 d6e6 h6g7,2391,crushing endgame long
0Gssr,r2qkbnr/1pp2ppp/p2p4/4N3/P1BnP1b1/2N5/1PPP1PPP/R1BQ1RK1 b kq - 0 7,g4d1 c4f7 e8e7 c3d5,1237,attackingF2F7 mate mateIn2 opening short
0Gtna,4rrk1/ppb3pp/2pq1p2/5bB1/3p4/6NP/PP1Q1PP1/R4R1K w - - 0 23,g3f5 d6h2,622,mate mateIn1 middlegame oneMove
0HJPY,1r3r1n/p5k1/1p2p1p1/5bP1/3P3R/2P5/PP6/2K4R b - - 5 31,a7a5 h4h7 g7g8 h7h8 g8f7 h1h7 f7e8 h8f8 e8f8 h7h8 f8e7 h8b8,1219,attraction crushing endgame skewer veryLong
0HMBI,8/8/1P1npk2/8/8/6K1/3p1N2/8 b - - 1 63,d6e4 f2e4 f6e7 e4d2,1472,crushing endgame hangingPiece knightEndgame short
0Hciy,r3k2r/pR1n1p1p/4pnp1/4N3/2pP4/q1P5/P1P1Q1PP/5RK1 b kq - 0 18,a3d6 b7d7 f6d7 e5f7,2261,advantage attackingF2F7 middlegame short
0HdXY,8/1p3rp1/p1p2k2/3pR1p1/3P1rP1/1P1R1PKP/1P6/8 b - - 6 37,f4d4 e5f5 f6g6 d3d4,1467,crushing endgame hangingPiece intermezzo rookEndgame short
0HhPI,2q1r1k1/1r1nbppp/2p1p3/p1Pp4/N2P1B2/P2QP2P/5PP1/RR4K1 w - - 0 19,d3a6 b7b1 a1b1 c8a6,655,crushing discoveredAttack middlegame short
0Hi00,r1b2rk1/p3bppp/2p1pn2/3pN1B1/5P2/2qB1Q2/P1P3PP/R4RK1 b - - 5 14,h7h6 d3h7 f6h7 f3c3,1592,advantage discoveredAttack middlegame short
0HwsN,r3k2r/p2QPpbp/1qp1b1p1/1p2N1B1/8/1B5P/PP3PP1/2R1R1K1 b kq - 0 23,e6d7 b3f7,1544,attackingF2F7 mate mateIn1 middlegame oneMove
0I0k1,8/ppp3rk/8/4p2p/2Q2KP1/P4P2/1P2R3/6q1 w - - 0 38,e2e5 g7g4 f3g4 g1g4 f4e3 g4c4,2078,crushing endgame long sacrifice skewer
0IH16,r2q1rk1/ppp1ppbp/8/3p3n/3P1B2/2P1P1Q1/PP1N1PPP/3K2NR w - - 1 13,f4c7 h5g3 c7d8 g3h1,1415,crushing middlegame short trappedPiece
0IPDv,r1b1k2r/1p3ppp/pqn1pn2/2bp4/P7/2N1PN2/1PPB1PPP/R2QKB1R b KQkq - 1 11,b6b2 a1b1 b2a3 b1b3 a3b3 c2b3,1664,advantage long middlegame trappedPiece
0IUxo,r3k2r/bpp2ppp/p2p1qn1/3Pp2n/1P2P3/P2P1NPP/2Q2PB1/R1B1K2R b KQkq - 2 14,e8g8 c1g5 f6g5 f3g5,1467,crushing middlegame short trappedPiece
0IWgR,7r/2b1qk2/2p4R/p1p1p1p1/N1PpPr1Q/1P1P1PR1/P2B1PK1/8 b - - 0 31,g5h4 h6h8 h4g3 h8h7 f7f8 h7e7,1862,advantage exposedKing long middlegame skewer
0Idc7,8/8/3r1kp1/p2P3p/2P2K1b/P4P1B/3R3P/8 w - - 4 38,a3a4 h4g5 f4e4 g5d2 c4c5 d6d8,1393,advantage endgame long skewer
0IepE,5r2/1pp1q1pk/3pp2p/7P/3RPrP1/pP1Q1P2/P1P5/1K3R2 b - - 0 25,e7f6 e4e5 h7g8 e5f6,1055,crushing discoveredAttack discoveredCheck endgame short
0IhA9,7R/5b1P/p4k2/1pK1Bp2/5P2/P3p2r/8/8 b - - 3 51,f6g6 h8g8 g6h7 g8h8 h7g6 h8h3,1641,advantage endgame long skewer
0IhVa,8/1P3pk1/Q1p2pp1/1r6/3pr1P1/7P/5PK1/8 b - - 0 39,d4d3 a6b5 c6b5 b7b8q,1546,advancedPawn advantage endgame promotion queenRookEndgame short
0IhoH,8/6p1/R5kp/6p1/8/P5PK/3r3P/8 b - - 3 41,g6h5 g3g4,863,endgame mate mateIn1 oneMove rookEndgame
0Ihux,4r1k1/1p3pb1/p5p1/2p2nBp/P7/2PR3Q/1P4PP/3Rq2K w - - 1 28,d1e1 e8e1,510,backRankMate mate mateIn1 middlegame oneMove
0Im2O,r5k1/5p1p/pp4p1/2p1b3/P1P5/3QPP1q/5P2/1R2R1K1 w - - 1 23,d3f1 h3h2,929,endgame master mate mateIn1 oneMove
0ImH1,6k1/4p2p/p4pp1/1p1R4/4bP2/1P6/PBr3PP/1K5R w - - 2 24,h1e1 c2e2 b1c1 e2e1,1242,advantage discoveredAttack discoveredCheck endgame master queensideAttack short
0Iro9,8/8/3nkPK1/8/4N3/8/8/8 b - - 4 68,d6e4 f6f7 e6e7 g6g7 e4d6 f7f8q,974,advancedPawn crushing endgame knightEndgame long promotion
0IzvF,1r1q1rk1/p3bppp/3p4/1Q2p3/4n1b1/1B3P2/PPP3PP/RNB2RK1 w - - 1 15,b5c4 d8b6 g1h1 e4f2 f1f2 b6f2,1315,crushing kingsideAttack long opening
0JAbe,5k2/8/4K1P1/n4P2/8/8/8/8 b - - 0 66,f8g7 f5f6 g7g6 f6f7 g6g7 e6e7 a5c6 e7e8 g7f6 f7f8q,994,advancedPawn crushing endgame knightEndgame promotion veryLong
0JFgZ,3Rr3/ppp1Pk2/1b2b2p/6p1/5p1B/2P2N1P/PP3PP1/6K1 w - - 0 28,f3e5 f7e7 d8e8 e7e8 h4g5 h6g5,1346,advantage endgame long trappedPiece
0JZWG,8/5pkp/8/8/1PRp4/2n1p3/2P3PP/6K1 w - - 0 40,c4d4 c3e2 g1f1 e2d4,1322,advantage endgame fork short
0JaPW,8/3k2p1/P1p1p1bp/4P2P/1K1P4/4P3/8/8 b - - 0 42,d7c7 h5g6 c7b6 a6a7 b6a7 b4c5 h6h5 e3e4 h5h4 d4d5 c6d5 e4d5 e6d5 e5e6 h4h3 e6e7 h3h2 e7e8q,2444,advancedPawn crushing endgame hangingPiece master promotion quietMove veryLong
0JiUt,8/7p/KP6/4k3/8/6p1/8/8 b - - 1 60,e5d6 b6b7 d6c7 a6a7 g3g2 b7b8q,957,advancedPawn crushing endgame long pawnEndgame promotion
0Jx0r,8/2kp1P2/8/3B4/p7/2P1K2p/5r2/8 b - - 1 54,f2f1 d5f3 h3h2 f7f8q,1444,advancedPawn advantage endgame promotion quietMove short
0JyS1,r4rk1/p5pp/1p1b1p2/2pP4/P1P1P3/5P1q/2Q2P1P/R1B2R1K w - - 3 20,f3f4 h3f1,1952,hangingPiece kingsideAttack mate mateIn1 middlegame oneMove
0K1zd,5rk1/4Rpp1/7p/8/1q2p1P1/N6P/Q4P1K/8 w - - 2 44,e7a7 b4b8 h2g2 b8a7,1526,crushing endgame fork short
0K3LZ,r1q3k1/p2b1r1p/1p3p1B/3pp1p1/2pPn2Q/2P2N2/PPB2PPP/4RRK1 w - - 0 24,h4h5 d7g4 h5f7 g8f7,1248,advantage middlegame short trappedPiece
0K6KI,1k1r1b1r/1pp1p3/p1q5/1nN1Q2n/P2P4/2P5/1P3PPB/R3R1K1 b - - 2 29,f8g7 a4b5 g7e5 b5c6 e5h2 g1h2,1826,crushing long middlegame
0KYUq,5rk1/pp3rpp/8/4p3/2P1R3/5P1Q/PP1q2PP/R4K2 w - - 1 23,e4e5 d2d3 f1e1 d3d4,1983,advantage endgame short
0KddX,8/2k5/p6P/8/1p6/r2N2R1/2p5/6K1 w - - 2 42,h6h7 a3d3 g3d3 c2c1q,1576,advancedPawn crushing endgame promotion short
0Kk4G,8/8/7p/2Q1Pp2/3K1P1k/2P5/8/1q6 w - - 3 47,e5e6 b1e4,1503,endgame mate mateIn1 oneMove queenEndgame swallowstailMate
0Kkk8,4rrk1/pppb2pp/3p3q/3P4/2PB1nP1/1P1NpPP1/P3P1B1/R1Q2R1K w - - 1 24,h1g1 f4e2,907,kingsideAttack master mate mateIn1 middlegame oneMove
0Kpyl,1r2n1k1/5pp1/4p3/3pP2Q/8/2q5/5PPP/2R3K1 w - - 0 27,c1c3 b8b1 c3c1 b1c1 h5d1 c1d1,484,backRankMate endgame long mate mateIn3
0KrMB,r4rk1/ppp2ppp/5q2/2b1p3/3n4/2NPB2P/PPP2PP1/R2QR1K1 b - - 4 14,f8e8 c3e4 f6c6 e4c5 c6c5 c2c3,2133,advantage fork long middlegame
0KxBm,r1b1k2r/ppp1bppp/2n5/q7/3p4/4BN2/PPP1QPPP/R2K1B1R b kq - 5 10,e7c5 e3d2 e8f8 d2a5,1709,crushing discoveredAttack discoveredCheck opening short
0LDnb,5rk1/p1R5/1pb3q1/3p4/5p1Q/5P2/PPP3PK/8 b - - 0 29,f8f5 c7c6 g6c6 h4g4 g8f8 g4f5,2077,advantage endgame exposedKing fork long sacrifice
0LMjY,r2q1rk1/5ppp/p1nbpn2/1p1p1b2/3P3N/1BN1P3/PP3PPP/R1BQR1K1 b - - 5 12,d6h2 g1h2 f6g4 h2g3,1943,advantage hangingPiece middlegame short
0LjKd,8/8/8/P7/5R2/4K1p1/5p2/4k3 w - - 1 68,a5a6 g3g2 f4c4 f2f1n e3d3 g2g1q,2104,advancedPawn crushing endgame exposedKing long promotion rookEndgame underPromotion
0LjgB,r1b1k2r/pp4pp/3Bpp1n/4P3/2pP1P2/1q6/2RN1KPP/3Q3R b kq - 7 18,h6g4 d1g4 b3c2 g4g7 c2d2 f2g3 h8g8 g7g8,1805,crushing middlegame sacrifice trappedPiece veryLong
0M8h3,rn2kb1r/1Qp1qppp/p4n2/5b2/2B5/2P1B3/PP3PPP/RN2K2R b KQkq - 0 10,f5e4 b7c8 e7d8 c4f7 e8f7 c8d8 b8d7 d8c7,1839,attackingF2F7 crushing deflection opening veryLong
0M8w4,2k4r/p1p3p1/1p3pb1/3q4/1P3PP1/P1P1Q3/8/R4RK1 w - - 0 24,a1d1 d5h1 g1f2 h1h2 f2e1 h8e8 e3e8 g6e8,2318,crushing endgame exposedKing pin veryLong
0MFjW,6k1/q4rp1/8/2RQ4/1p3P2/6P1/1P1B2KP/r7 b - - 4 36,a1d1 c5c8 g8h7 d5h5,1399,endgame mate mateIn2 short
0MJk8,r2r2k1/1bq1bpp1/p1n1pn1B/1p2N3/3P4/1BN1Q3/PP3PPP/3R1RK1 b - - 0 16,g7h6 e3g3 g8f8 e5g6 f7g6 g3c7,2084,advantage discoveredAttack long middlegame
0Mcsl,1k1r4/1ppN1pp1/5r1p/8/3P4/7P/5PP1/R3R1K1 b - - 4 30,d8d7 e1e8 d7d8 e8d8,740,endgame mate mateIn2 rookEndgame short
0Mma2,r4rk1/6pn/1p1p3p/pPpPp2R/Pn2PqP1/1Q3P2/1P1R4/2KB1N2 b - - 1 24,h7f6 h5f5 f6d7 f5f4,1196,advantage middlegame short trappedPiece
0Mr5c,5rk1/6pn/p2R3p/8/1Q2P3/P7/5RPP/2r3K1 w - - 0 25,f2f1 c1f1,471,endgame mate mateIn1 oneMove
0MtOl,rn2k1r1/pp1q1p1p/2pp1bn1/6B1/4P2Q/2N2N2/PPP2PPP/R3K2R w KQq - 7 12,h4h7 g8h8 h7h8 f6h8,1742,advantage middlegame short trappedPiece
0Mx4D,r4rk1/1p4b1/p1p5/5Nq1/2P1P1n1/1P3KP1/P1Q5/2R4R b - - 0 27,g5e3 f3g4 f8f5 e4f5 g7e5 c2d1,2852,crushing defensiveMove hangingPiece long middlegame
0N5Tt,8/8/8/p1ppk3/P6p/1PPK3P/8/8 b - - 1 40,e5f4 b3b4 c5b4 c3b4 f4e5 b4a5,1793,crushing endgame long pawnEndgame
0NDvC,2b2rk1/Rq1n1pp1/2pPpn1p/1pB1N3/8/1PP5/2P1QPPP/6K1 b - - 2 20,b7b8 e5c6 c8b7 c6b8,1800,advantage middlegame short trappedPiece
0NEDW,8/p1pk4/2N1p1r1/1P1p4/P5pb/4P3/4K1Br/2B3R1 b - - 0 32,g6f6 c6e5 d7c8 e5g4 h2g2 g1g2,1296,crushing fork long middlegame trappedPiece
0NRSp,4r1k1/1b2r1p1/pp2N1Pp/2bp1n2/5N2/3R4/PPP2P2/1K3BR1 w - - 1 30,e6c5 e7e1 d3d1 e1d1,642,backRankMate mate mateIn2 middlegame short
0NmRA,r1bR1rk1/7p/1pp1p1p1/q3B3/1nP1B3/6P1/1P2QP1P/1K1R4 w - - 7 29,b2b3 a5e5 d8f8 g8f8,1924,crushing hangingPiece middlegame short
0NntN,r2q1rk1/pp1nbppp/3p1B2/4p3/2BPP3/1Q3b2/PP1N1PPP/R3K2R b KQ - 0 11,f3g2 f6e7 d8e7 h1g1 g2e4 d2e4,2298,advantage long middlegame trappedPiece
0NxCk,r1bqkbnr/2p2ppp/p2p4/1p6/4P3/1BPp1Q2/PP1P1PPP/RNB2RK1 b kq - 1 9,c7c5 f3f7,901,attackingF2F7 mate mateIn1 oneMove opening
0OY8g,6rk/pp3p1p/2p2P1Q/2PpB1p1/3Pr3/7K/PP4PP/8 w - - 0 30,h3g3 e4h4 h6h4 g5h4,1832,crushing discoveredCheck doubleCheck endgame short trappedPiece
0ObGg,rn1qk1nr/ppp2p2/4B2p/4b1pQ/3PPp2/8/PPP3PP/RNB1K2R b KQkq - 0 9,d8d4 h5f7 e8d8 f7f8,1172,attackingF2F7 mate mateIn2 middlegame short
0OdV7,r2qk2r/p1p2ppp/b1p5/2bpP3/3Nn3/2P5/PP1N1PPP/R1BQK2R b KQkq - 2 10,e4f2 e1f2 c5d4 c3d4,1529,advantage hangingPiece opening short
0OgrN,2r2r1k/7p/p3Q3/5pp1/8/5R2/PP4Pq/4RK2 w - - 2 29,f3f5 h2h1 f1e2 h1g2,2020,crushing deflection endgame pin short
0OqGQ,1Q2b1k1/5ppp/2p1p3/2b1N3/P1PNPP2/2qPn3/6PP/6K1 b - - 1 25,c3d4 b8e8 c5f8 e8f7 g8h8 f7f8,1141,deflection endgame hangingPiece kingsideAttack long mate mateIn3
0P68O,5rk1/1p3ppp/5n2/q2r4/5B2/pP3QP1/P4P1P/3RR1K1 w - - 0 23,d1d5 a5e1 g1g2 f6d5,1595,advantage hangingPiece intermezzo middlegame short
0P6x5,r2qk3/ppp1br2/6QP/5n2/8/2P2P1N/PP2P2P/RN2K2R w KQq - 3 16,h6h7 e7h4 h3f2 h4f2 e1f1 d8h4 h7h8r h4h8,2195,attackingF2F7 clearance crushing middlegame veryLong
0PAkl,r2qk2r/pbpp1pQ1/2n4p/4pP1B/1p2P2b/2PP4/PP1N2P1/R1B2RK1 b kq - 0 15,h4f6 g7f7,1000,attackingF2F7 mate mateIn1 middlegame oneMove
0PBl6,8/5RP1/1kr5/1p3P1p/p2n3P/P2P4/2pK4/8 w - - 2 41,g7g8q c2c1q,1462,advancedPawn endgame master mate mateIn1 oneMove promotion
0PCiN,r3kr2/p4p1Q/b1p1pP1p/q3N3/PppP4/6P1/4BP1P/5K1R b q - 2 21,a5a4 e5f7 f8f7 h7g8,2490,advantage attackingF2F7 middlegame sacrifice short
0PO0m,8/8/2p1p3/2PpP1p1/kPp3Pp/1bP2B1P/p7/K7 b - - 10 57,a4a3 b4b5 d5d4 b5b6 d4c3 f3e4 c3c2 e4c2 b3c2 b6b7 c2b1 b7b8q,2259,advancedPawn bishopEndgame crushing endgame promotion sacrifice veryLong
0PVX5,8/p2r2k1/7p/5pp1/4np2/5Q1N/PP1r2PP/5R1K w - - 5 29,g2g3 d7d3 f3h5 e4f6 h3f4 f6h5,2127,crushing endgame long trappedPiece
0PhJW,5r1k/p3r1pp/3p1q2/3Q4/8/B1P5/P3RPPP/3R2K1 w - - 3 22,d1e1 f6f2 e2f2 e7e1 f2f1 e1f1,1598,deflection long mate mateIn3 middlegame sacrifice
0PsUh,3q1r1k/2b3p1/7p/p1P5/Pr2Q3/4B3/5PPP/R4RK1 w - - 1 24,e4c6 f8f6 c6b5 b4b5,2227,crushing middlegame short trappedPiece
0PwfD,r2qkb1r/3bppp1/p1np1N1p/6N1/1p6/1B6/PPP2PPP/R2QK2R b KQkq - 1 13,g7f6 b3f7,993,attackingF2F7 mate mateIn1 oneMove opening
0PyAO,2r5/5Q2/bp1k4/p2p2P1/3b4/P5P1/1Pn2K2/1RB5 w - - 6 35,f2g2 c2e1 g2h3 c8h8 h3g4 a6c8,1849,advantage long middlegame
0QDhr,2krr3/pp3p2/6pp/3P4/2PQ4/PP6/5P1q/2KR2R1 b - - 0 29,e8e2 d4g4 d8d7 g4e2,1109,crushing endgame fork short
0QDpQ,8/2P5/3K4/5kp1/2r5/7R/8/8 b - - 0 62,g5g4 h3h5 f5f4 h5c5 c4c5 d6c5 g4g3 c7c8q,1322,advancedPawn crushing endgame promotion rookEndgame veryLong
0QFhY,2r1k2r/p4ppp/4p3/3p4/8/2P1P2P/PR3PP1/5RK1 b k - 0 20,c8c3 b2b8 e8e7 b8h8,838,crushing endgame rookEndgame short skewer
0QIj0,2kQ1r2/ppp2Npp/1q2p3/8/8/1PN1P3/PP4bP/2KR4 b - - 1 21,f8d8 d1d8,1305,endgame mate mateIn1 oneMove queensideAttack
0QXND,6k1/4rp1p/p1b5/1p3B2/1P6/P1b2P2/2P2RPP/3R3K w - - 4 32,d1d6 e7e1 f2f1 e1f1,590,backRankMate endgame mate mateIn2 short
0QdeU,8/R3kppp/4p3/Prn5/8/7P/5PP1/6K1 b - - 3 35,b5b7 a7b7 c5b7 a5a6 b7c5 a6a7 c5d7 a7a8q,776,advancedPawn advantage endgame promotion veryLong
0QfPD,2b1r3/7k/3Rp1pp/2r5/p1p1R2P/P5PB/1P6/7K b - - 6 35,c8b7 d6d7 h7h8 d7b7 c4c3 b2c3,1470,advantage endgame fork long
0QwJU,6k1/3r1ppp/p7/1p6/1Bb5/PP6/2R3PP/4K3 b - - 0 29,c4e6 c2c8 d7d8 c8d8,568,backRankMate endgame mate mateIn2 short
0Qy1z,r1b4r/4kpp1/p7/1p1RnP2/8/1P4P1/P1P3B1/5RK1 b - - 0 28,e5g4 f1e1 e7f6 d5d6 f6g5 g2a8,1537,advantage discoveredAttack long master masterVsMaster middlegame
0R7vg,1r6/3k4/7p/1P1pbp2/2R2P2/1P5P/3N4/6K1 w - - 0 33,c4c5 e5d4 g1f1 d4c5,928,crushing endgame fork short
0RAVw,rnbq2nr/ppp3pp/3p1k2/4p1N1/3bP3/5Q2/PPP2PPP/RNB1K2R b KQ - 1 8,f6e7 f3f7,1052,mate mateIn1 oneMove opening swallowstailMate
0REhk,8/8/5p2/5k2/2r5/2p2P2/2Kp1P1P/6R1 b - - 3 55,f5f4 g1g4 f4f3 g4c4,826,crushing endgame rookEndgame short skewer
0RG3l,7k/Q1R3rp/p2p2pN/1p1Bp1q1/4Pr2/7b/PP3P1P/2R2K2 w - - 2 27,f1e1 g7c7 c1c7 g5g1 e1d2 f4f2 a7f2 g1f2,2632,crushing deflection middlegame veryLong
0RKMV,N1bk1b1r/pp2qppp/2pp1n2/4N3/4PP2/8/PPPP2PP/R1BQK2R w KQ - 0 10,e5c4 c8g4 d2d3 g4d1,2055,advantage opening short trappedPiece
0RKzP,8/8/8/6p1/5rP1/4K1N1/7k/8 b - - 3 72,f4f2 e3f2 h2h3 f2f3,1514,crushing defensiveMove endgame hangingPiece short
0RScs,r1b2rk1/pp4pp/2p5/3p1pP1/3qP1n1/2NB1Q2/PPP3P1/R1B2K1R w - f6 0 15,e4f5 c8f5 d3f5 f8f5 f3f5 a8f8,2067,advantage clearance long middlegame pin sacrifice
0RTOD,8/Rb2rn2/1r1pN2k/3n1P2/1p6/5B2/1P4KP/3R4 w - - 0 50,f3d5 b7d5 d1d5 e7a7 d5d4 h6h7,2169,advantage defensiveMove discoveredAttack long middlegame
0RUp3,2rr4/p3ppkp/6p1/1p3b2/8/qP1BQP2/P1P3PP/1K1R3R b - - 1 20,c8c3 e3e5 f7f6 e5c3,1461,crushing fork middlegame short
0RXSZ,r2qk2r/3n1pbp/pp1p2p1/2p1p3/2PPb2N/2P1P2P/P3BPPB/R2QR1K1 w kq - 0 16,e2f3 d8h4 h2g3 e4f3,1583,crushing hangingPiece middlegame short
0Rc71,r4rk1/pbp3pp/1p1p2q1/4np2/2P5/2Q1PN2/PB2BPPP/5RK1 w - - 0 18,f3e5 g6g2,847,kingsideAttack mate mateIn1 middlegame oneMove
0Rl4D,1k1r4/ppq3p1/3b3p/3R4/4p1Q1/P6P/1PP1NrP1/2K4R w - - 0 21,g4e4 f2e2 e4e2 d6f4 c1b1 d8d5,1745,crushing discoveredAttack long middlegame sacrifice
0RpKy,rnbqkbnr/ppp3pp/3p1p2/4P3/2B5/5N2/PB3PPP/RN1QK2R b KQkq - 0 7,d6e5 c4f7 e8f7 d1d8,1531,advantage deflection opening short
0S7nW,2r1n1rk/pp6/8/4R2N/5Rb1/1P4P1/P4P2/6K1 b - - 4 33,g4h5 e5h5 h8g7 h5g5 g7h6 g5g8,1778,crushing deflection endgame exposedKing long skewer
0SBbF,r2q1k1r/pb3p2/1p2p1pP/2p1PnN1/3p2B1/2P5/PP1Q1P2/RN2K2R w KQ - 1 19,f2f3 f5e3 g5f7 f8f7,1781,advantage middlegame short
0SLLG,2b1rk2/R5bQ/p3pq2/1P3p2/P7/1B6/2P2PPP/3R2K1 w - - 5 32,d1d3 f6a1 d3d1 a1d1,604,backRankMate mate mateIn2 middlegame short
0SUpz,2r3k1/5ppp/p3q3/1p1Q4/1P2p1P1/P1r1P3/2P2PP1/2RR2K1 b - - 0 26,e6g4 d5d8 c8d8 d1d8,1235,backRankMate endgame mate mateIn2 sacrifice short
0SYVJ,5k2/5p2/6p1/7p/3R3P/5PP1/6r1/4K3 b - - 0 34,g2g3 e1f2 g3h3 f2g2 h3h4 d4h4,1516,crushing endgame long rookEndgame trappedPiece
0SqDM,rnb2rk1/pp3ppp/8/2bQ4/8/5NP1/Pq2PPBP/RN3RK1 w - - 0 12,d5e5 b2e5 f3e5 c5d4,1567,crushing opening short
0SsWr,r5k1/4q2p/p1p1p3/2Pb2p1/5rN1/3N1P2/PP4P1/3QR1K1 b - - 2 27,f4f5 g4h6 g8h8 h6f5,945,advantage fork master middlegame short
0T05w,5r1k/4b1p1/2Q5/2P2r2/8/P7/6PP/R4q1K w - - 2 32,a1f1 f5f1,474,backRankMate endgame mate mateIn1 oneMove
0T3rQ,2bq1rk1/1p3pbp/3r2p1/p7/3N4/P3P1PP/1P3QBK/3R1R2 b - - 2 21,d8c7 d4b5 d6d1 b5c7,1469,crushing fork middlegame short
0TCAd,2r1r1k1/3Q1p1p/p2p2p1/3P2B1/1p3P2/3N4/Pbq3PP/K3R2R w - - 0 25,d3b2 e8e1 h1e1 c2c1 e1c1 c8c1,1202,backRankMate long mate mateIn3 middlegame sacrifice
0TIE6,8/6pk/B4p1p/4qP2/P3n3/2R4P/6P1/2R4K w - - 1 30,c3e3 e4f2 h1g1 e5e3,1191,crushing discoveredAttack endgame short
0TMXR,rn1qk2r/pp3ppp/5b2/3Qp3/2B1P1b1/2N2N2/PP3PPP/R3K2R b KQkq - 0 10,g4f3 d5f7,973,attackingF2F7 mate mateIn1 middlegame oneMove
0TOMI,4r1k1/2Q2ppn/p2b2N1/1p1q4/3n1B2/P3R2P/1P3PP1/6K1 b - - 5 25,d6c7 e3e8 h7f8 g6e7 g8h7 e7d5,1903,advantage fork hangingPiece long middlegame
0TSWy,1r1q1k1r/2p2pp1/p1Bpbn1p/3N4/Q1Pb4/P5PP/1P3P2/R1B2RK1 b - - 6 17,f6d5 c4d5 e6h3 a4d4 h3f1 g1f1,1801,advantage discoveredAttack long opening
0TXv6,6k1/1p4p1/2p2pbp/p7/2PP1B2/1P6/P3rPPP/3R2K1 w - - 2 24,d1d2 e2e1,1011,backRankMate endgame mate mateIn1 oneMove
0Tc6F,6k1/6p1/2R1p2p/3p4/1rpP4/4P2P/5PP1/6K1 w - - 0 37,c6e6 c4c3 e6c6 b4c4 c6a6 c3c2,1699,advancedPawn clearance crushing endgame long rookEndgame
0Te1L,3r2k1/2p2pp1/3b1q1p/8/2n1r3/PQ3N1P/1PP2PP1/1RB2RK1 w - - 3 19,f1e1 e4e1 f3e1 d6c5 b3f3 d8d1 f3d1 f6f2,2755,advantage clearance deflection kingsideAttack middlegame pin sacrifice veryLong
0ThPF,8/8/8/2p1Pqp1/4R3/3K4/1P6/5k2 b - - 16 63,f5e4 d3e4 g5g4 e4f4 g4g3 f4g3,1334,crushing endgame hangingPiece long
0U0pt,5r2/1p1bp2k/p1pp2p1/7q/2P1P3/1P3N2/PQB1N1P1/1K6 w - - 2 32,e2g3 h5g4 g3f1 g4g2,1821,crushing master middlegame short skewer
0UHBO,rn1qkb1r/pp2pppp/8/3B4/3P4/5Q2/PPb2PPP/R1B1K1NR b KQkq - 0 8,b8d7 f3f7,545,attackingF2F7 mate mateIn1 oneMove opening
0UM1Y,6k1/p1pn1r1p/1p2p3/4P3/2PPB1P1/1P2p3/P3Q2b/5N1K w - - 0 29,e2h2 f7f1 h1g2 f1f2 g2g1 f2h2,1332,crushing endgame exposedKing hangingPiece long skewer
0UUs6,2kr1b1r/p1p1qp2/Q1p1bn1p/2Np2p1/3P1B2/5P2/PP4PP/RN2K2R b KQ - 1 15,c8b8 a6b7,804,mate mateIn1 oneMove opening
0UgeP,r1b2k1r/ppp2p2/1bp2q1p/6p1/1P2P1n1/P2P2B1/2P1BPPP/RN1QK2R w KQ - 3 12,b1d2 b6f2 g3f2 f6f2,1223,attackingF2F7 mate mateIn2 middlegame short
0UqOv,r1bqkbnr/3p1ppp/p3P3/1pp1n3/2B1P3/2N5/PPP1NPPP/R1BQK2R b KQkq - 0 7,e5c4 e6f7 e8f7 d1d5,1571,advancedPawn advantage attackingF2F7 attraction opening short
0Ut2b,8/p7/Kp6/2p5/3b1pB1/1P3P2/P4k2/8 w - - 1 41,a6a7 b6b5 a7b6 c5c4 b6b5 c4c3 b5c4 c3c2,1763,advancedPawn bishopEndgame crushing discoveredAttack discoveredCheck endgame quietMove veryLong
0V9en,5k2/p4p1p/7B/2p1n3/6R1/r6P/5PP1/6K1 b - - 3 37,f8e8 g4e4 f7f6 f2f4 e8d7 f4e5,1786,crushing endgame long pin
0VImC,8/5pp1/4p1k1/4P3/8/3pK2P/5PP1/8 b - - 2 40,g6f5 f2f4 d3d2 g2g4,2298,crushing endgame master pawnEndgame quietMove short
0VIx8,3r3k/p1p3p1/2p3rp/5p2/5b2/1P3N1P/PBb3P1/4RRK1 b - - 1 23,c2d3 f3h4 f4d6 h4g6,1870,advantage kingsideAttack middlegame short
0VYwV,r2q1rk1/pb3p2/1p3B1p/2pp2p1/2P5/2PQ4/P1B2PPP/R4RK1 b - - 0 18,d8f6 d3h7,426,mate mateIn1 middlegame oneMove
0W3Fp,r3kb1r/1b1n1pp1/2p2qnp/p3p3/PpQ1P3/1B2BNN1/1PP2PPP/R4RK1 w kq - 8 15,g3f5 b7a6 c4f7 f6f7 b3f7 e8f7,1389,advantage long middlegame
0WSYr,4B3/R2P3p/7k/6p1/5p2/P6b/3r4/4K3 b - - 1 49,d2d6 a7a6 d6a6 d7d8q,1297,advancedPawn crushing deflection endgame promotion short
0WWMh,8/1r6/5kp1/1p1p1b2/2pPpB1K/2P5/1R6/8 b - - 5 41,b7g7 f4e5 f6e6 e5g7,1374,advantage endgame short skewer
0WcMm,R7/P7/4p1p1/2n1k3/8/2pp4/4KP2/8 w - - 0 42,e2d1 c3c2 d1d2 c5b3 d2d3 c2c1q,1368,advancedPawn crushing deflection endgame exposedKing long promotion
0Wv8p,r3qb1r/1ppbk1p1/p1n2n1p/3B4/3PpP1Q/2P4P/PP4P1/RNB1R1K1 b - - 0 16,d7f5 d5e4 f5e4 e1e4 e7d7 e4e8,1575,advantage exposedKing long opening pin skewer
0XECe,r1b2rk1/1pq2ppp/4p3/p7/P1BPP1n1/8/2QB1PPP/R4RK1 w - - 3 18,a1c1 c7h2,481,kingsideAttack mate mateIn1 middlegame oneMove
0XEaQ,r1bqkb1r/1p2pppp/p4n2/4N3/P1BBP3/1nN5/1P3PPP/R2QK2R b KQkq - 0 10,b3a1 c4f7,1256,attackingF2F7 mate mateIn1 middlegame oneMove
0XN7q,2rqkb1r/1p1b1ppp/p1n1p3/3pP3/3P3n/3B1N2/PPN2PPP/R1BQ1RK1 w k - 5 12,c1g5 h4f3 d1f3 d8g5,994,advantage kingsideAttack opening short
0XddN,4r3/pRp2pkp/6p1/4q3/Q7/8/P4PPP/5K1R w - - 5 26,b7b1 e5e2 f1g1 e2e1 b1e1 e8e1,1002,backRankMate endgame long mate mateIn3 sacrifice
0Xshm,8/p5Q1/1p2p3/3k2p1/4q3/P6P/1P1K1PP1/8 b - - 4 40,e4g2 g7b7 d5d4 b7g2,1421,crushing endgame queenEndgame short skewer
0XsiV,4r1k1/ppp1qppp/3p4/4N3/2Q5/4r2P/PPP3P1/R4RK1 b - - 0 19,e7e5 c4f7 g8h8 f7f8 e8f8 f1f8,1099,backRankMate endgame long mate mateIn3 sacrifice
0Xzie,r2q1rk1/pp4p1/2np1b1p/2p5/4PP2/2P1B3/P3N1KP/1R1Q1R2 b - - 0 20,b7b6 d1d5 g8h8 d5c6,1441,advantage fork master middlegame short
0Y1lp,7r/p3kpp1/2p5/2ppPQNr/2Pq4/P2P3P/2P3K1/5R2 b - - 2 23,d4e3 f5f7 e7d8 g5e6 d8c8 f7c7,1107,endgame long mate mateIn3
0YCVL,2k3r1/Q1p5/2pp3b/4p3/5p1p/2P2PrP/PP2qNP1/R5RK w - - 2 27,f2e4 g3g2 a7a8 c8d7 e4f6 d7e6 a8g8 g2g8,2073,advantage middlegame veryLong
0YChT,1q2r2k/3RPQbp/6p1/p7/8/1P2ppNP/P5PK/8 b - - 6 35,g7e5 f7e8 b8e8 d7d8 h8g8 d8e8,1751,attraction crushing endgame long master pin sacrifice
0YHUn,6k1/p5bp/2p3p1/1n1r2N1/1q1P4/6B1/Q4PPP/5RK1 w - - 4 29,f1e1 b4e1,736,hangingPiece mate mateIn1 middlegame oneMove
0YlHn,3r4/5p1k/pp4pp/4P3/1P2QPPP/3NP1RK/2q5/3n4 w - - 13 49,g3g2 c2d3 e4d3 d8d3,1627,advantage endgame pin short
0YyLX,8/1p1r4/p3Q3/P5kq/5p2/1P4p1/3p2P1/3R2K1 w - - 6 58,e6d7 h5d1,1310,endgame hangingPiece mate mateIn1 oneMove
0YzBO,4rrk1/1p4p1/p1qnR2p/2Bp1p2/8/P2Q1P2/BP4P1/4R1K1 b - - 0 29,e8e6 d3d5 d6f7 e1e6 c6d5 a2d5,2335,advantage intermezzo long middlegame pin
0ZGgR,2r2rk1/pp2bppp/2n1p3/q7/3P4/2P2B2/P1QB1PPP/R3R1K1 b - - 8 15,c6d4 c3d4 c8c2 d2a5,1310,advantage discoveredAttack hangingPiece middlegame short
0ZI3J,r1b2rk1/pp1pq2p/6p1/2P1B1N1/2Pn3Q/3B2K1/P4PPP/4R3 w - - 8 21,h4d4 e7g5 d4g4 g5g4,1446,advantage hangingPiece middlegame short
0ZUJP,r3kb1r/p4p2/1pn1P3/2ppP3/3P4/2q5/P1P1Q1B1/R1B2RK1 b kq - 0 17,c3a1 e6f7 e8d8 c1g5,1248,advancedPawn attackingF2F7 crushing master middlegame short
0ZdwY,2r2rk1/pb4pp/1p3pq1/3p2P1/3B1R1Q/8/P6P/5R1K b - - 0 25,c8c4 g5f6 f8f6 f4f6 g7f6 f1g1 c4c1 g1c1 g6e4 h4e4,2167,advantage middlegame pin veryLong
0Znys,3r2k1/4p1b1/pqp2np1/2p2r1p/2P2R2/NP2Q2P/PB4P1/2R3K1 b - - 0 21,g7h6 e3e6 g8h8 f4f5 h6c1 b2f6 e7f6 e6f6,2069,crushing exposedKing kingsideAttack middlegame veryLong
0ZoyQ,2r5/4pq1k/3p2p1/4n1Pp/1p3N2/1Pp5/P1Q2R1P/1K6 b - - 1 40,c8f8 f4g6 e5g6 f2f7,2055,advantage discoveredAttack endgame master short
0Zpdv,7R/5k2/6p1/PK2p3/4Pp1p/5P2/8/2r5 b - - 1 45,g6g5 a5a6 f7g7 a6a7 g7h8 a7a8q,1796,advancedPawn crushing endgame long promotion rookEndgame
0ZqEb,r4rk1/pp3p2/2pPq1p1/P1n1P1R1/2P2pPp/3B3P/2Q5/4R1K1 b - - 1 31,g8g7 d3f5 e6e8 e5e6 e8d8 e6e7,2195,advancedPawn advantage long middlegame pin
0a97R,4r2k/pp4p1/2n4p/3q4/3pnP2/8/PPQ3PP/2R1R1BK w - - 0 29,c2c4 d5c4 c1c4 e4g3 h2g3 e8e1,2213,advantage discoveredAttack long middlegame
0aBml,1k1r4/5R2/p3Q3/Ppq4p/3p3P/2P3P1/1P4K1/8 w - - 1 34,e6a6 c5d5 g2h2 d5f7 a6b6 b8c8,2053,advantage defensiveMove endgame fork long
0aXYl,1nkr2r1/pp1b4/2p5/2P1qp1R/QP2pN2/P3P1P1/5PP1/R3KB2 w Q - 0 20,e1c1 e5a1 c1c2 a1a2 c2c3 a2f2,2093,advantage exposedKing long middlegame skewer
0abM7,1k2Q1r1/ppp5/8/8/PP6/2P3p1/8/4R1K1 b - - 6 40,g8e8 e1e8,608,backRankMate endgame mate mateIn1 oneMove rookEndgame
0ahSh,k3Q2r/pp4r1/2p4p/8/2P2p2/q4N1P/5PP1/4RRK1 b - - 1 30,h8e8 e1e8,400,backRankMate endgame mate mateIn1 oneMove
0ax72,8/8/6n1/4pK1p/8/5NP1/6kP/8 w - - 2 44,f5g6 g2f3 g6h5 e5e4 g3g4 e4e3 g4g5 e3e2 g5g6 e2e1q,1547,advancedPawn crushing endgame promotion quietMove veryLong
0b45I,r2q1r2/1p2np1k/p2pbn1p/8/P3PQ2/1NPB3P/2P3P1/R4RK1 b - - 0 19,e7g8 e4e5 h7h8 e5f6,1047,crushing discoveredAttack discoveredCheck middlegame short
0b6qx,r2qkbnr/pppb1ppp/2B5/8/8/4PQ2/PPPP2PP/RNB2RK1 b kq - 0 8,d7c6 f3f7,651,attackingF2F7 mate mateIn1 oneMove opening
0b9cZ,r1b1k2r/pppp1ppp/2n5/2q1P3/1bP2Bn1/P4N2/1P1NPPPP/R2QKB1R w KQkq - 1 8,a3b4 c5f2,570,attackingF2F7 mate mateIn1 oneMove opening
0bD9k,r3kb1r/1pp2pp1/p1p3qp/4p3/4P1b1/2NP1N2/PPP1QPK1/R1B2R2 w kq - 4 13,f3h4 g4e2 h4g6 e2f1 g2f1 f7g6,1355,advantage discoveredAttack discoveredCheck long middlegame
0bQvp,5k2/6p1/P3p1bp/1p2P2N/5PK1/P1P2B2/3r1b2/4R3 w - - 0 53,a6a7 g6f5,1150,endgame master mate mateIn1 oneMove
0bWBC,r2qkb1r/3b1ppp/p1N1p3/2p5/8/2P1PQ2/P4PPP/R1B2RK1 b kq - 3 13,d8c7 c6e5 a8b8 f3f7,1555,attackingF2F7 crushing middlegame short
0cDoj,8/5B2/6p1/2k3P1/4PP2/pPp5/2P2r2/1K6 w - - 2 45,f7g6 f2c2 b1c2 a3a2 c2c3 a2a1q,2058,advancedPawn crushing endgame long promotion sacrifice
0cGIA,8/8/6p1/1p1R1bP1/2k2K2/8/8/8 w - - 2 66,d5d8 b5b4 d8f8 b4b3 f8f5 b3b2 f5f7 b2b1q,2260,advancedPawn crushing endgame promotion quietMove sacrifice veryLong
0cJOv,2br4/p3k1pp/1p5b/3pPB2/PPP1K2P/8/5B2/3R4 w - d6 0 37,c4d5 c8f5 e4f5 d8f8 f5g4 f8f2,1763,advantage attraction endgame long skewer
0cLrM,r4r2/Qpp2ppk/3q1n1p/4pR2/2B1P3/P1PP4/2P3PP/5RK1 w - - 1 18,a7b7 d6c5 g1h1 f8b8 b7b4 b8b4,2498,advantage long middlegame trappedPiece
0cOmL,r4rk1/3bppbp/p1n1qnp1/1pp5/5B2/2PP2P1/PPQN1PBP/3RR1K1 b - - 3 15,e6a2 d1a1 a2d5 g2d5,1611,advantage middlegame short trappedPiece
0cUVg,8/8/PPk3p1/5r2/2N1K3/8/8/8 b - - 0 73,f5b5 a6a7 c6b7 c4d6 b7b6 a7a8q,2268,advancedPawn crushing deflection endgame exposedKing fork long promotion
0cYX1,1r4k1/q4ppp/8/5b2/8/5N1P/1N4P1/3R3K b - - 1 31,b8b2 d1d8,408,backRankMate endgame mate mateIn1 oneMove
0cYu8,r1b2rk1/1p6/1q1p2pb/p3p2p/2P5/2NR4/PP1Q1PPP/2RB2K1 w - - 2 25,d2h6 b6f2 g1h1 f2e1,670,backRankMate mate mateIn2 middlegame short
0ch9S,8/8/4R3/p7/2p1k3/r4p2/P4K2/8 b - - 8 53,e4d3 e6e3 d3d4 e3a3 c4c3 a3a4,1783,crushing endgame long rookEndgame skewer
0chYT,rn1q2k1/p1p1B1pp/1p1pp1r1/5p2/2PP4/2PBPb2/P1Q2PPP/R4RK1 w - - 0 14,e7d8 g6g2 g1h1 g2g6,1966,discoveredAttack discoveredCheck kingsideAttack mate mateIn2 middlegame morphysMate short
0cl5g,8/6p1/5k1p/7P/5PK1/8/8/8 w - - 1 76,f4f5 f6e5 f5f6 g7f6,1668,crushing endgame master masterVsMaster pawnEndgame short
0clhr,8/1p4r1/2p2Kp1/8/4Pp2/1P3P2/1PP3k1/7R b - - 0 39,g2h1 f6g7 g6g5 e4e5 g5g4 f3g4 f4f3 e5e6 f3f2 e6e7 f2f1q e7e8q,2107,advancedPawn advantage endgame hangingPiece promotion quietMove veryLong
0cozD,r5k1/p3q1bp/b1p3p1/4p1N1/3pP2Q/3P4/PP2N1PP/5RK1 b - - 0 20,a6d3 h4h7,784,kingsideAttack mate mateIn1 middlegame oneMove
0cvKz,r4rk1/1Qp2pp1/p6p/3NP3/5R2/3R3P/PPP3PK/4qn2 w - - 13 30,h2g1 f1g3 g1h2 g3e2 d5e7 g8h8,2112,crushing discoveredAttack discoveredCheck long middlegame
0d0PW,r2qk2r/ppp2pp1/3b1n2/3p3p/8/4PB2/PPP2PPP/R1BQ1RK1 b kq - 0 11,d6h2 g1h2 f6g4 h2h3,2482,advantage hangingPiece master middlegame short
0d0y5,Rn2n1k1/4b1pp/1qpp4/5rP1/8/2P4P/2P2P2/2BQK2R w K - 0 18,h3h4 b6f2,989,attackingF2F7 mate mateIn1 middlegame oneMove
0d9sY,8/8/8/p3K3/Pk1p4/3P4/8/8 b - - 4 55,b4c3 e5e4 c3b3 e4d4 b3b4 d4d5,1707,crushing defensiveMove endgame long pawnEndgame zugzwang
0dIKb,6k1/5ppp/p3r3/1p1n4/2PP4/1R4B1/P4PPP/5K2 b - - 0 28,b5c4 b3b8 e6e8 b8e8,535,backRankMate endgame mate mateIn2 short
0dMKm,2Q5/1pk1r3/pN2p1B1/3p4/1p1P4/8/q1Pn1PPP/5RK1 b - - 0 27,c7b6 c8c5,980,dovetailMate endgame mate mateIn1 oneMove
0dYPB,r1bk2nr/ppNp1ppp/1qn5/1Nb1P3/8/P7/2PBPPPP/1R1QKB1R w K - 1 13,c7a8 c5f2,899,attackingF2F7 mate mateIn1 oneMove opening
0dZNj,r3k2r/pppn1n1p/3p1q2/6p1/3PP1Qb/5NP1/PPP5/RNB2K1R b kq - 0 13,f7h6 g4h5 f6f7 h5f7,1972,advantage attackingF2F7 middlegame short
0dZe5,5r1k/2R5/p2P2pp/7n/1p6/1P1pr2P/6BK/3R4 b - - 0 42,e3e2 d6d7 e2c2 c7c2 d3c2 d7d8q f8d8 d1d8,2148,advancedPawn advantage endgame promotion veryLong
0dbN2,rnB2rk1/2b1qpp1/2p5/p1Pp2n1/P2Pp3/B1N1P3/5PP1/R2QK2R b KQ - 0 18,f8c8 d1h5 f7f6 h5h8 g8f7 h8c8,1349,crushing long middlegame skewer
0dePb,2Q5/5ppk/5q1p/8/1pN4b/1P6/2P2PPP/1R2r1K1 w - - 2 33,b1e1 f6f2 g1h1 f2e1,830,backRankMate endgame fork mate mateIn2 short
0dpeV,2rq3k/1p4pp/3p1b1r/3P4/4Q2p/pP1B4/P1P1R3/1K5R b - - 9 27,f6a1 b1a1 d8f6 c2c3 f6c3 a1b1,1957,advantage hangingPiece long middlegame
0dtXB,8/8/p7/1p4k1/1P6/P4Pp1/8/6K1 w - - 1 51,g1g2 g5f4 g2h3 f4f3,1074,crushing endgame pawnEndgame short zugzwang
0e3MX,7q/3k2r1/p1p1p3/3p3p/3Pb2Q/2P3P1/PP3P1P/R3R1K1 w - - 0 24,h4f6 g7g3 f2g3 h8f6,794,advantage discoveredAttack endgame short
0e7eE,4b1k1/2r3p1/1p5p/p2pNp2/P2Pnq2/2P4P/1PB1Q1R1/7K b - - 1 34,e8h5 e2h5 f4f1 h1h2,1840,advantage hangingPiece master middlegame short
0e7hu,8/b3Nkp1/4R3/1p3P1p/3r4/r5PP/3RK3/8 w - - 2 49,d2b2 a3g3 b2b5 d4a4,2286,crushing defensiveMove endgame short
0eEPI,r2qk2r/pp1n1ppn/2pp3p/3Pp3/2B1P3/2N1PQ1P/PPP3P1/3R1RK1 b kq - 0 13,c6c5 f3f7,513,attackingF2F7 mate mateIn1 middlegame oneMove
0eErY,8/7p/8/4P3/1p3PP1/k4K1P/3Q4/6q1 w - - 2 67,d2e3 g1e3 f3e3 b4b3 e5e6 b3b2,862,advancedPawn crushing endgame long master queenEndgame
0ePws,8/1p5P/8/pPrK4/3b3R/1k6/8/8 w - - 3 71,d5d4 c5c4 d4d5 c4h4 h7h8q h4h8,1228,crushing endgame long rookEndgame skewer
0eR3Q,r1bq3k/1pp3pp/p1np4/4p2B/4P3/3P4/PPPN2PP/R4QK1 b - - 2 14,d8g5 f1f8,583,mate mateIn1 middlegame oneMove
0eTPU,r5kr/1b2p1bp/p1qpNp2/8/1p4Q1/8/PPP2PPP/R4RK1 b - - 5 20,g8f7 g4g7 f7e6 f1e1 e6d5 e1e7 a8g8 g7f7 d5c5 e7c7 g8g2 g1f1,2513,advantage deflection middlegame pin skewer veryLong
0eYZU,4b3/6p1/1p6/p1p1kPKP/P2pB3/1P1P4/2P5/8 w - - 3 42,h5h6 g7h6 g5h6 e5f6,1702,advantage bishopEndgame endgame master short
0erWa,r1b5/P1P4k/4p3/1B3p2/1R3Pp1/4p1Pp/3rN2P/R5K1 w - - 1 40,b5c6 a8a7 b4b1 a7a1 b1a1 d2e2,2153,crushing long middlegame
0erqd,8/6p1/6Rp/1p6/1P6/P2rk2P/6P1/6K1 b - - 2 41,d3a3 g6g3 e3e4 g3a3,1158,crushing endgame rookEndgame short skewer
0f3XB,2r1kbnr/pp1b1ppp/4p3/2ppP3/1q1N1BP1/1P1P3P/P1PQ1P2/RN2KB1R b KQk - 0 10,b4d4 c2c3 d4f4 d2f4,1509,advantage opening short trappedPiece
0fNFi,1Q4k1/2p2pb1/r1qp3p/4pPp1/8/1K3NP1/1P3PP1/3R4 b - - 5 30,g8h7 f3g5 h6g5 d1h1 g7h6 h1h6 h7g7 b8h8,1632,endgame mate mateIn4 sacrifice triangleMate veryLong
0fTYd,4r2k/3PP3/4Q1K1/2p2p2/3b1P1q/7P/P5P1/8 b - - 0 41,e8g8 e6g8 h8g8 e7e8q,1452,advancedPawn attraction endgame mate mateIn2 promotion short
0fVpI,1kb2nr1/p5r1/1p6/3pR3/2pPpN1p/2P3qP/PP1Q2P1/1B4RK b - - 5 35,f8g6 f4h5 g6e5 h5g3,1707,advantage fork master middlegame short trappedPiece
0fdZP,r4rk1/1pP2ppp/1b1Pb3/p7/KP1nNP2/3B2P1/P1P4P/R1B4R w - - 0 26,c1b2 a5b4 a4b4 d4c6 b4b5 b6e3,2633,attraction clearance crushing discoveredAttack discoveredCheck long middlegame
0fhSc,3r1rk1/pb4pp/1p2pq2/2p1Rp2/3P4/P1P2PB1/3Q2PP/4R1K1 b - - 9 21,f8f7 e5e6 f6e6 e1e6,1178,crushing middlegame short trappedPiece
0fn0y,1r5k/1P4pp/2p1Q1b1/2qp4/6P1/P7/7K/5R2 b - - 0 35,b8b7 e6c8 g6e8 c8e8 c5f8 f1f8,1507,backRankMate endgame fork long mate mateIn3
0frS2,2kr4/pp2pp2/1q1pb1p1/2p5/2PbP3/6Q1/1P1P1PP1/1RBK1BN1 w - - 3 18,g1f3 b6b3 d1e1 b3a2 f3d4 a2b1,2429,advantage long middlegame trappedPiece
0fsJ9,8/8/2R5/R7/3p4/3Kp3/PkPr4/8 w - - 4 55,d3e4 e3e2 a5e5 e2e1q,1399,advancedPawn crushing endgame promotion rookEndgame short
0fvla,r2q1rk1/pp2pp1p/3p1npQ/2p3N1/2P1P3/P1N4P/1P3PP1/n2K3R b - - 0 14,a1b3 c3d5 f8e8 d5f6 e7f6 h6h7 g8f8 h7f7,1398,kingsideAttack mate mateIn4 middlegame veryLong
0fxRk,6k1/pp3p1p/2p1p1p1/2P1Pq2/1P3b2/3Q4/6PP/3R3K b - - 1 37,f5h5 d3d8 g8g7 d8f6 g7h6 f6f4,1111,crushing endgame fork long
0g028,4kr2/p1p3pp/1b3q2/3Qp3/3P4/8/PB3PPP/R4NK1 w - - 3 24,d5e5 f6e5 d4e5 f8f2,1658,advantage discoveredAttack middlegame short
0gO5d,r1b1rk2/pp2qpp1/2p1p3/8/2PP2n1/3B2N1/PPQ2PP1/3R1R1K w - - 4 20,d3e2 e7h4 h1g1 h4h2,924,kingsideAttack mate mateIn2 middlegame short
0gauk,8/4Rp2/6pp/8/3k1KP1/3r4/8/8 b - - 1 48,d3d1 e7d7 d4c4 d7d1,1030,crushing endgame rookEndgame short skewer
0gj3k,8/p6p/1P6/P2Bk3/4P3/5p1b/4r2P/3K4 b - - 4 37,e2e3 b6b7 e3e4 d5e4 e5e4 b7b8q,2187,advancedPawn crushing endgame long promotion
0h0CE,rnbqkb1r/pp2pppp/2p2n2/6N1/8/3B4/PPP2PPP/RNBQ1K1R b kq - 2 6,h7h6 g5f7 e8f7 d3g6 f7g6 d1d8,1541,advantage attackingF2F7 attraction discoveredAttack long opening sacrifice
0h3d9,Rr5k/6pp/3pB2r/3Pp1Q1/4Pp2/1q2bPP1/2p3KP/R7 b - - 4 38,c2c1q g5d8 b8d8 a8d8,1596,backRankMate mate mateIn2 middlegame sacrifice short xRayAttack
0hDsI,r1b2r1k/p4pp1/1p6/3pP3/3n4/P1QB1qP1/5N1P/4RK1R w - - 0 23,c3d4 c8h3 f1g1 f3g2,1099,mate mateIn2 middlegame pin short
0hHEw,k1r5/1p2Rp2/7p/p2pQ3/P5q1/1PP3N1/6P1/7K w - - 2 31,e5d5 g4h4 h1g1 h4e7,1348,advantage endgame fork short
0hRUh,8/8/6P1/nK6/8/2k5/p7/N7 b - - 0 57,c3b2 g6g7 b2a1 g7g8q,1236,advancedPawn crushing endgame knightEndgame promotion short
0hSle,r2q1rk1/1pp2p2/p1nb3Q/3np2b/2B1P3/3P1N1P/PPP3P1/R4RK1 b - - 0 15,h5g6 c4d5 d8f6 f3h4 f6g7 h6g6,2280,crushing hangingPiece long middlegame pin
0hTSh,5rk1/pp3ppp/3bpq2/3nN3/3P2b1/PP6/4BPPP/2BQ1RK1 b - - 0 17,d5c3 e5g4 d6h2 g1h1,2021,advantage master middlegame short
0hTuk,r3kb1r/pb3pp1/1pp1p1p1/4P3/2P4q/1PN5/P4PPP/R1BQ1RK1 w kq - 1 13,d1f3 h4h2,573,kingsideAttack mate mateIn1 middlegame oneMove
0hUWG,3q2k1/5ppp/Q4n2/3p4/5B2/6P1/PPr2rBP/R2R2K1 w - - 0 18,g2d5 f6d5 a1c1 f2g2 g1h1 g2h2,1784,advantage long middlegame
0hdQe,r3k2r/1p1qbbpp/p4p2/2p5/3p1B2/1P1P4/1PP1QPPP/RN2R1K1 b kq - 5 17,e8c8 e2e7 d7e7 e1e7,912,advantage middlegame short
0hg7s,r3k1nr/1p1bb1pp/pqn1pp2/3pP3/2pP1B2/2P2NN1/PPB1QPPP/R3K2R b KQkq - 7 12,b6b2 c2g6 h7g6 e2b2,1692,advantage discoveredAttack middlegame short
0hhCl,8/5r1k/3Q4/p1pP3b/P1P2p1P/1q2b1PN/6RK/8 b - - 1 38,f4g3 d6g3 b3c3 h3g5 h7h6 g5f7,2171,advantage exposedKing fork long middlegame
0hhcK,q1r3k1/p3QR1p/6p1/8/3b4/2P5/PP4bP/RNB3K1 w - - 1 19,c3d4 c8c1 g1f2 c1f1 f2e2 f1f7,1528,advantage hangingPiece long middlegame
0hhq1,1Q4k1/p5p1/4n2p/6n1/8/8/P2q1PPP/4R1K1 b - - 2 35,g8h7 b8b1 h7g8 h2h4 g5h3 g2h3,2120,crushing endgame long
0hi8n,8/6p1/1p5p/p3RK2/Pr1k1P2/7P/6P1/8 b - - 4 37,b4a4 e5e4 d4c3 e4a4,880,crushing endgame rookEndgame short skewer
0hj6g,8/1p1k1R2/pP2p3/P2p2pp/4p3/4P1P1/2r4P/6K1 b - - 5 30,d7c6 f7c7 c6b5 c7c2,827,advantage endgame rookEndgame short skewer
0hjtW,2r3k1/5p2/4p1p1/p2pP2q/Pn1P1QR1/6N1/5P2/6K1 b - - 2 42,c8c1 g1g2 b4d3 g3h5 d3f4 h5f4,2059,advantage defensiveMove endgame long pin
0hzHw,8/7p/1P4p1/3k4/1K3P2/4p1P1/7P/8 w - - 0 54,b6b7 e3e2 b7b8q e2e1q b4a3 e1a1 a3b3 a1b1 b3c3 b1b8,1351,advancedPawn crushing endgame pawnEndgame promotion skewer veryLong
0i7z4,rn2k2r/pbpp1ppp/1p2pq2/8/3Pn3/PP2PN2/1BPbBPPP/1R1QK2R w Kkq - 0 10,f3d2 f6f2,962,attackingF2F7 mate mateIn1 oneMove opening
0iKoF,4rk1r/1Q4pp/p7/2P5/1P5q/3P4/P2NnPPb/4RR1K w - - 2 24,b7f3 h2f4 f3h3 h4h3,2012,crushing discoveredAttack discoveredCheck kingsideAttack middlegame short
0iddn,r2r2k1/R2R1ppp/2B5/8/8/2n5/5PPP/6K1 b - - 0 32,a8a7 d7d8,761,backRankMate endgame hangingPiece mate mateIn1 oneMove
0ijLt,1r5r/p4p2/4pk1p/1qQpNbp1/3P4/P3P3/R4PPP/5RK1 w - - 2 23,c5a7 b8b7 a7b7 b5b7,2200,advantage master middlegame short
0ikjs,2k1r2r/Rppq2bp/3p2p1/1P6/2nN4/1QP3B1/1P3PP1/5K1R b - - 2 20,c4b6 b3d5 g7d4 d5b7 c8d8 g3h4,2556,crushing long middlegame queensideAttack sacrifice
0imZ7,8/8/8/2R1B1p1/P3ppk1/2P3r1/5K2/8 w - - 3 67,a4a5 e4e3 f2f1 g3f3 f1e2 f3f2,2449,crushing endgame exposedKing long
0inN0,1b2r3/2p2pk1/p6p/2P3p1/1P2r1P1/Pq2B2Q/5P1P/3RR1K1 b - - 0 26,b3a3 e3d4 e4d4 h3a3 e8e1 d1e1,1469,crushing discoveredAttack long middlegame
0ino8,rn2k1nr/1pp2p2/1b1p1q1p/pP1Pp3/2P1P1p1/P1N2B2/5PPP/R1BQK2R w KQkq - 0 12,f3g4 f6f2,567,attackingF2F7 mate mateIn1 middlegame oneMove
0j1gA,2b2rk1/6b1/1p1p1n1p/1P1Pp1p1/1Q2Pp2/1NN1qP2/2B3PP/5R1K b - - 1 25,g5g4 c3d1 e3e2 f1f2 e2f2 d1f2,1825,advantage long middlegame trappedPiece
0j2sc,8/8/3k1p2/6q1/4B3/6P1/5P2/3R2K1 b - - 0 45,d6e5 f2f4 g5f4 g3f4,1882,crushing endgame fork master short
0jGwL,r1b1k2r/pppp2pp/5n2/8/PqBQ4/4B3/P3KPPP/R6R b kq - 6 16,b4a4 c4f7 e8f7 d4a4,1150,crushing discoveredAttack middlegame short
0jHh1,8/4rkp1/7p/1R3K2/6P1/5P2/8/8 w - - 24 59,f3f4 g7g6,943,endgame mate mateIn1 oneMove rookEndgame
0jINW,r4r1k/8/3b4/2pPp1q1/1pP1Qp2/6p1/1PK3P1/R2RB3 b - - 3 34,g5f5 e4f5 f8f5 a1a8,960,advantage master middlegame short
0jba8,7r/pp2ppk1/3p1np1/2pP4/2r1PP2/2N1K1Q1/P5R1/8 w - - 0 31,e3d3 c4c3 d3c3 f6e4 c3d3 e4g3,1611,attraction crushing deflection endgame fork long
0jdZD,r3r1k1/p3bppp/1p3N2/8/3P1q2/5N1P/P3QPP1/2R1R1K1 b - - 0 21,e7f6 e2e8 a8e8 e1e8,832,backRankMate mate mateIn2 middlegame short
0ji8y,2r5/1b3kp1/pn2pp1p/8/2B1P2P/P7/3N1PPK/2R5 b - - 2 28,b7e4 d2e4 f7e7 e4d2,1757,advantage defensiveMove endgame hangingPiece short
0jl9h,r3R2k/ppp2Qpp/5b2/8/2B5/2N5/PPPq1PPP/6K1 b - - 2 17,a8e8 f7e8,976,backRankMate endgame mate mateIn1 oneMove
0jlpt,4q3/1pk5/p1p5/5N2/P1P2K2/1P2R3/8/8 b - - 1 42,e8d7 e3e7 d7e7 f5e7,806,crushing endgame pin short
0jmgR,r2qkb1r/2pb1ppp/p1np1n2/1p2p1N1/4P3/PB5P/1PPP1PP1/RNBQK2R b KQkq - 3 8,h7h6 g5f7 d8e7 f7h8,1431,attackingF2F7 crushing fork opening short
0jsxZ,1r2r1k1/qb2n2p/p3R1p1/4R1N1/2pp4/5B2/5PPP/3Q2K1 w - - 2 29,e6e7 e8e7 e5e7 b7f3 g2f3 a7e7,1630,advantage discoveredAttack long middlegame
0jw6A,1r6/p4kp1/4p2p/4n3/8/1B4P1/P4P1P/5RK1 w - - 3 33,f1e1 e5f3 g1f1 f3e1,875,advantage endgame fork short
0jwoD,r1bqkb1r/pp2ppp1/2n2n1p/4N3/2B5/2N5/PP2QPPP/R1B1K2R b KQkq - 0 9,c8f5 c4f7,1291,attackingF2F7 mate mateIn1 oneMove opening
0jwsg,r4r1k/ppp3p1/3bQ2p/2q2n2/5P2/1P2R1P1/PBPP3P/4R1K1 b - - 4 20,f5e3 e6h6 h8g8 h6g7,1658,kingsideAttack mate mateIn2 middlegame pin short
0k3Au,8/8/7r/2pk4/8/4K3/R7/8 b - - 4 48,c5c4 a2a5 d5c6 a5a6 c6c5 a6h6,1488,crushing endgame long rookEndgame skewer
0k3Hp,2kr3r/1pp4p/p3Rp2/2Pn4/6p1/5N2/PPP2PPP/R5K1 w - - 0 19,f3d4 d5f4 e6f6 d8d4,1225,advantage discoveredAttack endgame short
0k3bs,r2q1rk1/ppp1bp2/2np1n1Q/4p3/2B1P1b1/2PP1N2/PP3PPP/RN2K2R b KQ - 0 11,f6h7 h6g6 g8h8 g6g4,1696,advantage opening pin short
0kJHu,4r1k1/pp3pp1/5Bp1/2pP2N1/2qb3Q/7P/5PP1/5RK1 b - - 0 28,g7f6 h4h7 g8f8 h7f7,1112,endgame mate mateIn2 short
0kc7l,r7/b3R1p1/P3p1k1/1R1bP1N1/3p1P2/1P1P2P1/5K2/3n4 w - - 9 44,f2e2 d1c3 e2f2 c3b5,1079,advantage fork middlegame short
0kfFs,2r5/5ppk/Q6p/8/P2P4/4P3/1r3PPP/6K1 w - - 0 28,a6c8 b2b1 c8c1 b1c1,458,backRankMate endgame mate mateIn2 queenRookEndgame short
0krQb,1k3r2/1pp3p1/p1p5/6B1/7Q/2N4p/PPq2PPP/R5K1 w - - 2 25,h4h3 c2f2 g1h1 f2f1 a1f1 f8f1,927,backRankMate endgame long mate mateIn3 sacrifice
0krmT,r4rk1/1pp3pp/3p1q2/p2Pp3/2PnB3/4B1Pb/PP3P1P/R2QR1K1 b - - 4 19,d4f5 d1h5 g7g6 h5h3,1549,advantage master middlegame short trappedPiece
0kywr,R3R3/6pk/7p/1p5P/2p5/8/1r4r1/5K2 b - - 1 31,g7g5 a8a7,1535,endgame mate mateIn1 oneMove rookEndgame
0l0F0,r1r3k1/p4ppp/1pQ5/8/P2B2q1/2P3Pn/5P1P/4RR1K w - - 5 24,c6d6 g4f3,1064,mate mateIn1 middlegame oneMove
0l4jd,5rk1/r4ppp/2bb1n2/q2pp3/8/1QP1PNB1/PP3PPP/RN2K2R w KQ - 0 13,g3e5 c6a4 b3a4 a5a4,1644,advantage middlegame short trappedPiece
0l7lU,r4rk1/p1p2ppp/1p6/n1bqp2Q/8/P5NP/1PPP1PP1/R1B2RK1 b - - 3 13,f8e8 b2b4 c5d4 c2c3,1700,advantage fork middlegame short
0lDl1,6k1/1ppr4/p4pr1/4p3/4P2Q/1PPP3P/1P3P2/5K2 w - - 0 28,f1e2 d7h7 h4h7 g8h7,1253,crushing endgame queenRookEndgame short trappedPiece
0lRAb,1R6/7k/3p1bp1/4pQ2/2q5/5K1P/1P6/8 w - - 0 37,f5f6 c4f1 f3e3 f1f6,1722,crushing endgame master short skewer
0lS15,7k/6p1/4pRPp/3b3P/2pP4/p1P1Q3/P7/1q1K4 w - - 0 41,d1e2 b1d3 e3d3 c4d3 e2d3 g7f6,2204,endgame
0lUlb,2R5/pp3kBp/8/8/8/6R1/PK2b2P/5q2 b - - 0 32,f1f4 c8f8 f7e7 f8f4,1232,crushing endgame short skewer
0lfFF,8/8/8/2P5/1K5p/7k/8/8 b - - 0 45,h3g4 c5c6 h4h3 c6c7 g4f3 c7c8q,400,advancedPawn crushing endgame long pawnEndgame promotion
0lrB3,r3r1k1/ppp1n1p1/3b2qp/4pp2/4P1B1/2PPQ2P/PP3P1K/R1B1R3 w - - 0 23,e4f5 e5e4 h2h1 e7f5 g4f5 g6f5,1879,crushing discoveredAttack discoveredCheck intermezzo long middlegame
0lrvn,5r1k/pp3qp1/3P3p/2P4r/1P6/8/P5BQ/3RR2K w - - 1 33,g2h3 f7f3 h3g2 h5h2 h1h2 f3f4 h2h1 f4h4,2434,attraction crushing exposedKing middlegame veryLong
0lszR,rnbqk2r/pppp2pp/4p3/5p2/1b1Pn3/1P1BPN2/P1P2PPP/RNBQK2R w KQkq - 3 6,b1d2 e4c3 c1b2 c3d1,1535,crushing opening short trappedPiece
0lw6V,2kr3r/1bppq3/Rp2p1p1/3P3p/6n1/1PN2p1P/1PP2PP1/R4QK1 b - - 1 19,d7d6 a6a8 c8d7 f1b5,1209,crushing middlegame queensideAttack short
0m6Sw,r1b1k2r/ppp2ppp/1bB5/2q1P1B1/8/2N2N2/PP3nPP/R2Q1RK1 b kq - 0 13,b7c6 d1d8,501,mate mateIn1 middlegame oneMove
0m9wg,8/2R4p/6pk/8/6K1/4n3/7P/8 w - - 1 46,g4f4 e3d5 f4g3 d5c7,961,crushing endgame fork short
0mMqZ,8/8/6k1/P7/6p1/3P2P1/3rpP2/4R1K1 w - - 1 43,a5a6 d2d1 f2f3 d1e1,1097,crushing endgame pin rookEndgame short
0mTUs,r1b1kb1r/pp1p1ppp/4p3/6q1/3P4/P1PQ2B1/1P4PP/RN3RK1 b kq - 0 13,b7b6 d3f3 g5d5 f3f7,1839,advantage attackingF2F7 middlegame short
0mWOg,8/5pkp/6p1/R3p3/5n2/5R2/5P1r/5K2 w - - 0 40,a5e5 h2h1,685,endgame mate mateIn1 oneMove
0macE,2r4k/R4p2/b3q1p1/8/B7/2P1p3/PPQ2PPP/6K1 w - - 0 29,f2e3 e6e3 c2f2 e3c1 a4d1 c1d1 f2e1 d1e1,1300,endgame fork mate mateIn4 veryLong
0mlEe,r6r/1p4pp/1p1kpp2/8/2bP4/4P3/3N1PPP/R1R3K1 b - - 1 21,a8a1 d2c4 d6c6 c1a1,1602,advantage endgame hangingPiece intermezzo short
0mxZ1,8/3n2pb/1k1br2p/1p1nB2P/5q2/1P4N1/PP2QPP1/2RR2K1 w - - 2 27,c1c6 b6c6 e5f4 e6e2,1353,advantage hangingPiece middlegame short
0nHwC,8/1k6/8/3PP2p/R4K2/p6r/8/8 w - - 0 43,e5e6 h3h4 f4f5 h4a4 e6e7 a4a8,1278,crushing defensiveMove endgame long rookEndgame skewer
0nLsR,rnbR1rk1/ppp3pp/8/8/2B1pP2/8/PPP3PP/2K3NR b - - 3 14,g8h8 d8f8,608,backRankMate hangingPiece mate mateIn1 middlegame oneMove
0nTby,3r1rk1/ppp2pp1/2n5/3qb2p/3P1R2/P1P2N2/1P3PPP/R1BQ2K1 w - - 1 17,f4f5 e5h2 g1h2 d5f5,927,advantage discoveredAttack kingsideAttack middlegame short
0nWfj,r3kb1r/ppn1q2p/2p3p1/3pQ1N1/8/2N5/PPPP2PP/R1B3K1 w kq - 1 15,e5h8 e7e1,482,mate mateIn1 middlegame oneMove
0nqy1,7R/8/2Pk3p/8/7P/2r1pK2/8/8 b - - 4 53,d6c6 h8c8 c6d5 c8c3,934,crushing endgame rookEndgame short skewer
0o290,r1bqk2r/ppp2ppp/2p5/4P1n1/3b4/8/PPP2PPP/RNBQKB1R w KQkq - 0 9,c1g5 d4f2 e1f2 d8d1,1240,attackingF2F7 crushing deflection discoveredAttack opening short
0o5SF,3rr1k1/qb3p2/p2p1N2/1p1P1p2/2n5/P4P2/1PQ3PP/2R2R1K b - - 1 26,g8f8 c2f5 a7d4 f5g5 e8e5 g5h6 f8e7 b2b3,2518,crushing middlegame quietMove veryLong
0o5dD,r3k2r/1pp2p1p/pb1q2p1/2p3P1/3PP1n1/4Q3/PP2N1PP/RNBR2K1 w kq - 1 16,e3c3 c5d4 c3g3 d4d3 g1f1 d3e2,2327,advancedPawn advantage discoveredAttack discoveredCheck kingsideAttack long middlegame
0oFmn,2kr1b1r/pp1n2pp/2pBpp2/8/2N1P3/3P1P2/PP2K1PP/R6R b - - 1 15,f8d6 c4d6 c8b8 d6f7 h8f8 f7d8,925,advantage fork long middlegame
0oQnV,r4rk1/pppq1ppp/2n2n2/2b5/4N1b1/3BPN2/PP3PPP/R1BQ1RK1 b - - 5 11,g4f3 e4f6 g7f6 d3h7 g8h7 d1d7,1914,crushing discoveredAttack kingsideAttack long middlegame
0oWXA,r1b2rk1/ppp2ppp/3p1n2/2q5/4P3/2N2Q2/PPP2PPP/2KR1B1R w - - 0 11,h2h4 c8g4 f3f4 g4d1,1061,advantage middlegame short skewer
0oe2R,1k1r3r/p1p1Rp2/1p4p1/3q4/3P3p/2P3P1/P2Q1P1P/1R4K1 w - - 0 22,e7e5 d5e5 d4e5 d8d2,1246,crushing discoveredAttack endgame short
0ovI0,6rk/p1p3pp/2Q5/5n2/3P1q2/2P5/PP4RP/6RK w - - 6 32,c6f6 f5g3 h2g3 f4f6,1212,crushing discoveredAttack endgame short
0p1LQ,r2qkb1r/1p3ppp/p1n1pn2/1Qpp4/3P4/1P2PN2/P1P2PPP/RNB2RK1 w kq - 0 9,b5b7 c6a5 b7a8 d8a8,1528,advantage middlegame short trappedPiece
0p7RS,r7/1pp2pk1/3p1q2/p1PPp3/4PbnP/2NB3b/PP2QB2/R4RK1 w - - 1 28,e2f3 f4h2 g1h1 f6f3,1247,discoveredAttack kingsideAttack master mate mateIn2 middlegame short
0p9oK,6k1/1r3ppp/4p3/3p4/1P3R2/6q1/N1Q5/1R5K b - - 1 29,g3f4 c2c8,679,backRankMate endgame mate mateIn1 oneMove
0pDkt,8/6k1/7p/5p2/4pP2/6KP/5PP1/8 w - - 0 74,f2f3 e4e3 g3h2 e3e2,1182,advancedPawn crushing endgame pawnEndgame short
0pSaN,4r1k1/1qp2ppp/p5r1/8/2B2Q2/B1NP1b1P/2P2P1K/6R1 b - - 8 28,g6g1 f4f7 g8h8 f7e8,1075,backRankMate fork master mate mateIn2 middlegame short
0pVW2,r1b1k2r/p1ppqpp1/1p3n1p/2b1P3/2B2B1Q/8/PPP2PPP/RN3RK1 b kq - 1 10,g7g5 f4g5 h6g5 h4h8,1637,crushing opening short
0pVub,8/p5pk/3r2qp/2p1Qp2/8/P3P3/1P2KPPP/R6R w - - 0 25,a1d1 g6g4 f2f3 g4g2 e2e1 g2h1 e1f2 h1d1,1997,crushing endgame interference skewer veryLong
0pXeW,8/3k1p2/1p4pp/p3P2P/P1P1K1P1/5N2/2n5/8 b - - 0 46,c2b4 g4g5 h6g5 h5h6,2040,crushing endgame knightEndgame master short
0pfhZ,6Q1/1pqkp2p/p1n3p1/2p2r2/8/3P2P1/P1P2P1K/4RR2 w - - 3 23,g8h7 f5h5 h7h5 g6h5,943,advantage endgame fork short
0ph6q,6r1/5p1k/p2qpPp1/P2b2Qp/1prN4/7R/1P3PPP/4R1K1 b - - 9 31,c4d4 h3h5 g6h5 g5h5,1126,mate mateIn2 middlegame sacrifice short
0pim5,1r1r2k1/1p3ppp/p5b1/6P1/3p2PP/1P6/P4PB1/R4RK1 b - - 0 24,d4d3 h4h5 g6h5 g4h5,1347,crushing endgame short trappedPiece
0pjMO,3R4/3P2pk/3q3p/8/4r3/5Q1P/6PK/8 w - - 1 48,g2g3 d6d2 f3g2 e4e2 d8h8 h7g6 g2e2 d2e2,2173,crushing endgame pin veryLong
0pjXD,r4b1r/pp3Npp/1qp1nn2/4Q2k/6b1/8/PPP2PPP/RNB2RK1 b - - 14 16,h5g6 f7h8,1330,hangingPiece mate mateIn1 middlegame oneMove
0q1wt,1rr3k1/p4ppp/2b1p3/8/P1PnP3/3P4/P2QB1PP/2KR3R w - - 1 19,d2c3 d4e2 c1d2 e2c3,703,advantage fork hangingPiece master middlegame short
0q94k,1q4k1/5pp1/rP2p1bp/n1N5/1Q1P4/4P2P/5PP1/5RK1 b - - 2 31,a5c6 c5a6 c6b4 a6b8,1339,crushing hangingPiece master middlegame short
0qJJ8,r1bqkb1r/p3n1p1/2Q5/4Rpp1/8/3P4/PPP2PPP/RNB3K1 b kq - 0 13,c8d7 c6g6,1433,mate mateIn1 oneMove opening pin
0qLT8,3rr2k/pppq2bp/2n1n3/4pN2/2B3Q1/2PPR2P/PP3PP1/R5K1 b - - 5 20,c6a5 c4e6 e8e6 f5g7 e6g6 g4d7,1468,crushing discoveredAttack long middlegame
0qRfD,3r1r1k/R2P2p1/p3q2p/8/3Q4/7P/1R4PK/8 w - - 7 39,d4d3 e6e5 d3g3 e5b2,1073,crushing endgame fork short
0qVbt,3r2k1/pp1q1pb1/2p3pp/2P5/2Q1PN1P/1P3PP1/P1R2K2/8 w - - 0 28,f4g6 d7d4 c4d4 g7d4 f2e2 f7g6,1966,advantage endgame long
0r3rQ,4r3/1p1R3p/k1p2pbb/n7/P7/6PB/5P1P/R5K1 b - - 2 29,e8e2 h3f1 a6b6 f1e2,1204,advantage middlegame pin short
0r7I9,r3r1k1/pp2ppbp/3p1np1/q1pP4/2P1P3/1P3P1P/P1Q1NP2/R1B2RK1 b - - 2 14,f6e4 f3e4 g7a1 c1d2 a5a6 f1a1,1995,advantage discoveredAttack long middlegame sacrifice
0rBub,r3r1k1/p1p2ppp/8/2B3q1/4b3/5Q2/PPP2PPP/3R1RK1 w - - 0 16,f3c3 g5g2,603,kingsideAttack mate mateIn1 middlegame oneMove
0rC9i,rnb1k2r/pp2npbp/2p2qp1/4B3/P1B1P3/1QN5/1P3PPP/2KR2NR b kq - 0 11,f6e5 c4f7 e8f8 d1d8,1138,attackingF2F7 mate mateIn2 middlegame short
0rElV,8/2p1RPkp/2P3p1/r2B4/2K5/8/1p5P/8 w - - 0 51,d5e4 a5a4 c4c3 a4e4 e7e4 b2b1q,1352,advancedPawn crushing endgame long promotion
0rGFc,r3r1k1/1bp2pp1/pb1p3p/1p2P3/8/3Q1N1P/PqB2PP1/R3R1K1 b - - 0 19,g7g6 e1b1 b2c2 d3c2,2032,advantage middlegame short trappedPiece
0rI2b,2rqk2r/1b3ppp/p3pb2/1pp1B3/4P3/2NP2P1/PPP2QBP/R4RK1 b k - 0 16,f6e5 f2f7,1109,attackingF2F7 mate mateIn1 middlegame oneMove
0rkDM,8/8/6p1/1K5p/5k2/1P5P/8/8 w - - 0 63,b5c6 g6g5 b3b4 g5g4 h3g4 h5h4 b4b5 h4h3 c6c7 h3h2 b5b6 h2h1q,1990,advancedPawn crushing endgame pawnEndgame promotion quietMove veryLong
0rr2Z,7k/8/5p2/1BBPp3/p3Pp2/Pr6/KP6/8 w - - 2 39,d5d6 b3b5 d6d7 b5b8 c5b6 f4f3,1465,crushing endgame hangingPiece long
0rvmC,1r4k1/3b1ppp/R2b4/3p4/1P1Bn3/2P4P/5PP1/1N2NK2 w - - 1 25,f2f3 d7b5 f1g1 b5a6,1507,advantage fork middlegame short
0rz5w,r2q1rk1/1b2bppp/pp1p1n2/2pP2N1/P1B1N1nP/3Q4/1PP2PP1/R1B1R1K1 b - - 6 14,g4e5 e4f6 g7f6 d3h7,978,discoveredAttack kingsideAttack mate mateIn2 middlegame short
0s1mE,3r4/1pkn2pp/1pp1bp2/4p3/1P6/r1B1PN2/4BPPP/2KR3R w - - 0 19,c1b2 a3a2 b2c1 a2e2,1383,advantage middlegame short skewer
0s3fH,8/1B2k1p1/4p3/1p2P1p1/1P1n4/P5P1/2pK4/8 b - - 1 44,d4f3 b7f3 c2c1q d2c1,1450,crushing endgame hangingPiece short
0sA9x,r7/p1RR1ppp/bpp1pk2/8/8/4P1P1/P3rPBP/3K4 b - - 7 25,e2f2 d7f7 f6e5 f7f2,1057,crushing endgame short skewer
0sLyR,1r2r1k1/pp2bpp1/2p3p1/8/3P1B2/2PQ1PP1/q1P4P/1R2R1K1 b - - 1 23,e7d6 f4d6 e8e1 b1e1,1652,advantage hangingPiece master middlegame short
0sNKS,rn2r1k1/ppq2pp1/2pb1pQ1/7p/2BP2bP/5N2/PPP2PP1/R1B2RK1 w - - 2 12,c1g5 g4e6 c4e6 e8e6,2482,advantage middlegame short
0sVFh,8/8/6KP/1p4p1/p7/k7/8/8 b - - 1 73,g5g4 h6h7 b5b4 h7h8q b4b3 h8a1,1553,advancedPawn crushing endgame long pawnEndgame promotion
0scfN,6k1/3R2p1/7p/r7/5PKP/p1P1r3/2B5/R7 w - - 3 32,d7d3 h6h5,1187,endgame mate mateIn1 oneMove
0sfZU,5r1k/1p4pp/p4q2/3R4/2Q1R3/8/P5PP/6K1 w - - 1 27,e4e1 f6f2 g1h1 f2e1 c4f1 f8f1,1782,backRankMate endgame fork long mate mateIn3
0t03a,8/4k1pp/1R6/4PP2/1p1K1P2/2p5/1r5P/8 w - - 2 41,d4d3 c3c2 b6c6 b4b3,2106,advancedPawn crushing endgame master rookEndgame short
0t5rX,r3rk2/pbpq1ppp/1pn1p3/3p4/Q1P3PP/2PP1N2/P3PPB1/1R2K2R w K - 0 14,f3e5 c6e5 a4d7 e5d7,816,advantage hangingPiece middlegame short
0tBAJ,8/3R1p2/2rpnkp1/7p/4PP2/1B4P1/5K1P/8 b - - 2 46,e6c5 d7f7,1162,endgame mate mateIn1 oneMove operaMate
0tLC5,r1brq1k1/2p2pbp/5np1/p1B1p3/2Q1P3/1NP2N1P/PP3PP1/R4RK1 w - - 2 17,f1d1 d8d1 a1d1 c8a6 c4a6 a8a6,2246,advantage long middlegame trappedPiece
0tXiF,8/8/6pk/7p/R6P/6PK/p1r5/1r5R w - - 4 51,a4a2 b1h1,995,endgame hangingPiece master mate mateIn1 oneMove rookEndgame
0tZrq,3k4/pb6/6p1/pBp2p1p/2P2P1P/1KP1P1P1/8/8 w - - 0 57,b3a4 a7a6 a4a5 a6b5,1421,bishopEndgame crushing endgame short trappedPiece
0te9k,6k1/6p1/5p1p/pp1R4/3P1N2/P1P3nP/1P4P1/4r1K1 w - - 1 32,g1h2 g3f1 h2g1 f1e3 g1f2 e3d5,1462,advantage discoveredAttack discoveredCheck endgame long
0teWi,3k4/8/3PB3/8/1PK5/4pp2/8/8 w - - 0 57,e6g4 e3e2 g4f3 e2e1q,1637,advancedPawn bishopEndgame crushing endgame promotion short
0tmYk,1k1r3r/ppp1b3/q4p2/3P1Q1p/5Rn1/P1N5/1PP2BP1/3R2K1 b - - 6 25,e7d6 f4a4 g4f2 a4a6,1633,advantage middlegame short trappedPiece
0trVj,8/6k1/8/6p1/R2PK1P1/8/P7/5r2 w - - 3 53,d4d5 f1f4 e4e5 f4a4,1027,crushing endgame rookEndgame short skewer
0u3XW,r1b1k2r/1p2qp2/p1p3p1/2bp3p/7R/2NBPQP1/PP3PP1/2KR4 b kq - 1 16,c8g4 f3g4 h5g4 h4h8 e8d7 h8a8,1836,advantage long middlegame skewer
0u4vc,r2qk2r/ppp1bpQ1/2bp3p/8/2B2B1P/8/PPP2PP1/R3K2R b KQkq - 0 13,e7f6 g7f7,1204,attackingF2F7 mate mateIn1 middlegame oneMove
0u73F,r3k2r/p2n1p1p/1p1qp1p1/3P4/8/4PQ2/P1P3PP/R4RK1 b kq - 0 18,d6d5 f3f7 e8d8 a1d1 h8f8 f7f8 d7f8 d1d5,2000,attackingF2F7 crushing middlegame veryLong
0uMmm,4r2k/R7/4pR1p/p7/5P1r/1P6/PKP3P1/8 w - - 1 43,a7a5 h8g7 f6e6 e8e6,1484,advantage endgame rookEndgame short trappedPiece
0uOyy,r4rk1/p2nqppp/2Q1p1b1/8/4P3/2N2N2/PP3PPP/R3R1K1 w - - 1 17,b2b3 a8c8 c6b7 c8c3 f3e5 e7d6 e5d7 c3c7 b7c7 d6c7,2389,advantage middlegame skewer veryLong
0uXv1,8/8/3pK3/p1pP4/2P5/k7/1R6/8 w - - 2 50,e6f6 a3b2 f6e7 a5a4 e7d6 a4a3,985,crushing endgame hangingPiece long quietMove
0uans,rn3rk1/ppp2ppp/5n2/3q4/P5P1/2P1b1P1/1P1NPP2/R1BQKB1R w KQ - 1 13,d2f3 e3f2 e1f2 d5d1,1463,attackingF2F7 crushing deflection opening short
0ueny,8/8/1p1k2pp/1Pp5/3p1PP1/P2K4/8/8 b - - 0 42,d6d5 f4f5 g6g5 a3a4 h6h5 a4a5,2598,crushing endgame long pawnEndgame quietMove
0unMZ,8/Pk6/3B4/8/2P5/2K4p/8/8 w - - 0 51,d6c5 h3h2 c5d6 h2h1q,544,advancedPawn bishopEndgame crushing endgame promotion short
0us7Z,2r3k1/6pp/p4n2/1pN5/3R4/2P1Bb2/PP3P1P/6K1 b - - 0 25,c8c5 d4d8 g8f7 e3c5,673,advantage discoveredAttack endgame short
0utOb,8/1r3k2/7R/1p2pp1p/pK5P/P4P2/6P1/8 b - - 1 49,e5e4 h6h7 f7e6 h7b7,856,crushing endgame rookEndgame short skewer
0uw1x,8/8/2p1kP2/ppK3p1/P5P1/1P6/8/8 b - - 2 53,e6f6 a4b5 c6b5 c5b5 f6e5 b5a5 e5f4 b3b4 f4g4 b4b5 g4h3 b5b6 g5g4 b6b7 g4g3 b7b8q,1885,advancedPawn crushing endgame pawnEndgame promotion quietMove veryLong
0uzPF,4r1k1/5p2/Q3p2P/3p1qP1/3P2K1/2P4R/P7/8 w - - 3 53,g4h5 f5h3,1367,endgame hangingPiece mate mateIn1 oneMove
0v6JG,r2qk2r/ppp1b2p/2npp1NQ/4p3/4P1n1/6P1/PPPP1P1P/RNB1K2R w KQkq - 3 10,h6g7 e7f6 g7h8 f6h8,1427,advantage opening short trappedPiece
0vGQA,5rk1/pp2nqpp/3bp1p1/3p2P1/2PP4/1B6/PP2QBPP/4R1K1 b - - 4 23,d6h2 g1h2 f7f2 e2f2 f8f2 c4d5,2337,crushing hangingPiece long middlegame
0vJ5J,2r3k1/pR6/5b1p/4BNp1/P4p2/7P/5PP1/4n1K1 b - - 5 34,f6e5 f5e7 g8f8 e7c8,1342,crushing endgame fork short
0vMzx,rn2r3/pp4k1/2pb1qp1/8/3P2Q1/2P2P1P/PP3P2/R1B3RK b - - 2 18,b8d7 g4d7 e8e7 d7g4,1874,advantage hangingPiece middlegame short
0vRsr,2kr2nr/ppp2B1p/1b1p4/8/3qP3/2N3Q1/PPP3PP/5R1K b - - 0 16,d8f8 f7e6 c8d8 f1f8 d8e7 f8f1,2636,crushing defensiveMove discoveredAttack long middlegame
0vSYm,r1b2rk1/ppp3pp/3p1q2/4n3/4R3/2NP2p1/PPPQ1PBP/5RK1 w - - 0 15,f2g3 f6f1 g2f1 e5f3 g1f2 f3d2,1529,crushing discoveredAttack fork long middlegame sacrifice
0vUZu,4r2k/p3q1p1/2p3Qp/2Pp1B2/3P4/P3r1PP/6PK/5R2 b - - 0 31,e7f6 g6h7,962,endgame mate mateIn1 oneMove
0vWHh,4r1k1/1Q3pbp/p2p2p1/8/2P2r2/1P5P/Pq3BP1/3R1RK1 w - - 1 29,b7a6 f4f2 f1f2 g7d4 d1d4 e8e1 g1h2 b2f2 d4e4 e1d1 c4c5 d1d2,2617,crushing deflection middlegame pin quietMove sacrifice veryLong
0vdWf,2k2r2/pppQ2pp/1b4q1/4p3/8/1PP3PN/P4PKP/3R4 b - - 3 21,c8b8 d7d8 f8d8 d1d8,524,backRankMate endgame mate mateIn2 sacrifice short
0vkjY,4r3/pp4kp/5pp1/3P4/3n1PP1/2q5/P2R1QP1/1K3B1R w - - 2 23,f2d4 e8e1 d2d1 c3d4 d1e1 d4b4 b1c2 b4e1,1484,advantage endgame fork pin veryLong
0vs5K,5rk1/7p/p3P3/1p4q1/5rp1/5N2/4R1PP/4R2K w - - 0 37,f3g5 f4f1 e1f1 f8f1,566,backRankMate endgame mate mateIn2 short
0vvif,8/7p/2p3p1/p1Pk1pP1/P1PP1K1P/8/8/8 b - - 0 44,d5c4 f4e5 f5f4 d4d5 f4f3 d5c6 f3f2 c6c7 f2f1q c7c8q,2197,advancedPawn advantage endgame pawnEndgame promotion veryLong
0w1qS,r1b3k1/1p2q1bp/pn1p2p1/2pP4/2P2r2/1PNnB2P/P1QNBP2/2R1K2R w K - 2 18,c2d3 c8f5 e3f4 f5d3,1491,advantage master middlegame pin short trappedPiece
0w54A,2b2k1r/Q1q2ppp/5n2/8/3R4/8/PP3PPP/4R1K1 b - - 0 22,c7a7 d4d8 f6e8 e1e8,838,endgame fork mate mateIn2 short
0w8NO,8/3P2p1/2Q2pk1/4Rp1r/8/5p1P/5PPK/1q6 b - - 2 43,b1b8 c6e6 b8e5 e6e5 f6e5 d7d8q,2441,advancedPawn advantage endgame long pin promotion
0wC0u,5Q2/1p6/7p/2P2kp1/P7/8/3pqPK1/8 b - - 7 47,f5e4 f8e8 e4d3 e8b5 d3c3 b5e2,2149,crushing deflection endgame long queenEndgame skewer
0wHnn,rn1q1r2/1p3pkp/p3b1p1/7N/3Q4/5N2/PP3PPP/R4RK1 b - - 6 17,g7g8 d4g7,925,mate mateIn1 middlegame oneMove
0wHsE,r1bqk2r/ppp2pp1/3p1b1p/3Q4/2B1P3/8/PPP2PPP/RN3RK1 b kq - 1 10,c7c6 d5f7,1276,attackingF2F7 mate mateIn1 middlegame oneMove
0wIFz,2R2nk1/5ppp/2N1p3/3pP3/3P4/p6P/5rPK/8 b - - 1 31,a3a2 c6e7 g8h8 c8f8,817,backRankMate deflection endgame mate mateIn2 short
0wjVV,2r1rB1k/p4Qpp/1b6/8/P2qnR2/1B6/1PP1p1PP/4R2K b - - 3 28,e8f8 f7f8 c8f8 f4f8,831,backRankMate mate mateIn2 middlegame short
0wwyv,2R5/bP6/3p2k1/3Pp3/4P2r/6Kp/8/8 w - - 2 46,g3h4 h3h2 c8c1 a7g1 c1g1 h2g1q,1496,advancedPawn advantage endgame long promotion quietMove
0x5U0,1r1q1rk1/Q3bppp/1p1n4/8/2bP4/4BNP1/1P2PPBP/2R2RK1 w - - 1 18,f1e1 b8a8 a7a8 d8a8,1516,advantage middlegame short trappedPiece
0x7eZ,8/ppp5/4kr2/2p1p3/2P1P1Pp/P1P4K/6P1/5R2 w - - 0 39,f1f6 e6f6 h3h4 f6g6,1401,crushing defensiveMove endgame short
0x9K9,r3rk2/1pp2p2/p1n3p1/6P1/6PQ/2p2RK1/PP1q4/7R b - - 3 25,c6e5 h4h8 f8e7 h8e5 e7d8 h1h8 e8h8 e5h8 d8d7 f3f7 d7c6 h8e5 d2d6 f7f6,2876,advantage interference middlegame pin veryLong
0xTot,2knbr1r/pp6/1q2p3/3pP2p/n1pP3P/P1P1B2B/RPQN4/6RK w - - 4 28,b2b3 c4b3 c2b3 b6b3 d2b3 f8f3,1931,crushing fork long middlegame
0xY2I,4r3/pp2r1k1/3q1pp1/3P4/7R/P6Q/5PP1/2R2K2 b - - 8 30,d6a6 f1g1 g6g5 h4h7,1259,crushing defensiveMove endgame short
0xbof,2b5/p5p1/1p1kp3/3pN1r1/3P4/2P3P1/PP1KB1R1/5r2 b - - 5 37,f1a1 e5f7 d6e7 f7g5,813,crushing endgame fork short
0xjNJ,1k6/R5pp/8/2P5/8/3P1KP1/p2r1P1P/8 w - - 3 31,a7a3 d2d3 a3d3 a2a1q,1107,advancedPawn advantage deflection endgame promotion rookEndgame short
0xwOh,6k1/p1r1P1p1/1p3p1p/nP1p1P2/7r/8/P4PK1/4R3 b - - 0 36,g8f7 e7e8q,722,advancedPawn endgame mate mateIn1 oneMove promotion
0xzAM,5Q2/7p/7k/5p2/5n1P/6q1/8/7K b - - 3 45,h6g6 f8g8 g6f6 g8g3,1318,crushing endgame short skewer
0yC8P,rn1qkb1r/pp2pppp/2p2n2/4N3/2B3b1/2N5/PPPP1PPP/R1BQK2R b KQkq - 0 6,g4d1 c4f7,1164,attackingF2F7 mate mateIn1 oneMove opening
0yJvM,r1b2rk1/pp3pp1/4pn2/q5N1/1b1pN2Q/8/PP1B1PPP/R4RK1 b - - 1 16,b4d2 e4f6 g7f6 h4h7,1252,kingsideAttack mate mateIn2 middlegame short
0yY6k,b1q2rk1/p3ppbp/1p3np1/6N1/P2P4/B2BP2P/5PP1/3Q1RK1 w - - 0 19,a3e7 c8b7 e3e4 b7e7,1713,advantage middlegame short
0yYGV,7k/p5pp/8/6q1/1P2pr2/PQ1P1P2/4P1KP/5R2 w - - 1 26,g2f2 e4e3 f2e1 g5e5 f1g1 f4f3 e1d1 e5a1 d1c2 a1g1,2861,crushing endgame quietMove skewer veryLong
0ydtp,r1b2q2/1p2n2k/2p3r1/4p3/2P1QnPB/PB5P/1P3P2/2K3RR w - - 3 27,e4e5 f4d3 c1b1 d3e5,1283,crushing fork middlegame short
0ymeF,r3kb1r/1pp1q3/p1npbn2/4p1N1/1P2P2p/P1N3B1/2P1BPPP/R2Q1RK1 w kq - 0 14,g3h4 h8h4 g5e6 e7e6,1038,advantage hangingPiece middlegame short
0yoTp,4k3/4P3/8/6B1/7p/4PP1P/pr6/R4K2 w - - 0 44,e3e4 b2b1 a1b1 a2b1q,979,advancedPawn crushing endgame promotion short
0yowK,k5r1/P7/2p1p3/1pn1p1q1/4P3/2P2P1Q/4N1PP/3R2K1 w - - 2 36,h3h7 g5g2,1004,endgame mate mateIn1 oneMove
0yqqc,1r2r1k1/pp3p2/7p/3p1P2/P4P1b/2B4P/6QK/8 b - - 3 32,g8h7 g2g7,829,endgame mate mateIn1 oneMove
0z0YZ,r4rk1/3Rbppp/p7/2N1pP2/8/P3B3/2b3PP/5RK1 b - - 0 20,e7f6 d7d2 c2f5 f1f5,2121,advantage middlegame short trappedPiece
0z9DA,6k1/pp3pp1/5n1p/3p4/3q4/1P1B1P2/P3QP1P/6K1 b - - 0 23,f6h5 e2e8,484,endgame mate mateIn1 oneMove
0zA2M,r1b1k2r/pp1p1p2/1qn1pBpp/2b1P3/8/2N2N2/PPP2PPP/R2QKB1R w KQkq - 1 9,f6h8 c5f2 e1d2 b6e3,933,attackingF2F7 mate mateIn2 middlegame short
0zAGH,5rk1/1p5p/2p2p2/r2pp3/5BPP/3KP3/P6R/6R1 w - - 0 23,f4h6 a5a3 d3e2 a3a2 e2f3 a2h2,1727,advantage endgame interference long skewer
0zUg3,4r3/pp2rk2/2pb4/3p2pp/3PnP2/PNB1PKP1/1P5P/R3R3 w - - 0 28,b3d2 g5g4 f3g2 e4c3 b2c3 e7e3,1667,crushing discoveredAttack long middlegame
0zXet,8/8/6p1/6R1/K1P5/pr6/k7/8 b - - 5 49,a2b2 g5g2 b2c3 g2g3 c3c4 g3b3,1597,crushing endgame long rookEndgame
0zZq9,3RbR2/pp2N2k/7p/4p1p1/4p3/7Q/P5PP/2q4K w - - 1 32,d8d1 c1d1 f8f1 d1f1,487,endgame hangingPiece mate mateIn2 short
0zdvv,r2k1b1r/ppp2Q2/2p1b3/3nq1B1/8/2N5/PPP2PPP/2KR3R b - - 6 16,d8c8 f7e8,1239,mate mateIn1 middlegame oneMove
0zqls,r1bqk2r/pppp1p1p/6p1/4p3/2B1P1n1/5Q2/PPPPKbPP/R1B3NR b kq - 1 10,f2g1 f3f7,922,attackingF2F7 mate mateIn1 middlegame oneMove
104Rr,r1bqk1nr/pppp1p1p/2n3p1/3Q4/2BpP3/8/PPP2PPP/RNB1K2R b KQkq - 1 7,g8f6 d5f7,844,attackingF2F7 mate mateIn1 oneMove opening
105jp,1r4k1/5pp1/4pn1p/1p6/5Q2/2P2N1P/1P1R1PPK/2q5 b - - 1 41,b8c8 d2d8 c8d8 f4c1,1259,crushing discoveredAttack endgame master short
108XM,r2qkb1r/ppp1pppp/2np1n2/4N3/2B1P1b1/2N5/PPPP1PPP/R1BQK2R b KQkq - 7 5,g4d1 c4f7,1192,attackingF2F7 mate mateIn1 oneMove opening
109W0,2r3k1/6pp/1p1qp2r/pPbp4/P3p1Q1/2P1P3/N4PPP/R4RK1 w - - 1 22,a1d1 d6h2,555,kingsideAttack mate mateIn1 middlegame oneMove
10EGU,5K2/5RP1/1p2k3/2pp4/r7/8/8/8 w - - 0 60,g7g8q a4a8 f8g7 a8g8,823,crushing endgame queenRookEndgame short skewer
10SfQ,2r2rk1/2p4p/Q3R3/1p1n2p1/3P4/PP2P3/5qPP/B1R3K1 w - - 3 30,g1h1 f2f1 c1f1 f8f1,755,backRankMate mate mateIn2 middlegame sacrifice short
10wwl,r2qkbnr/ppp2ppp/2n5/4p3/2B1P3/5Q1P/PPPP2P1/RNB1K2R b KQkq - 0 7,c6d4 f3f7,680,attackingF2F7 mate mateIn1 oneMove opening
10xbZ,r4rk1/pp1q1pp1/2p1bn1p/3p4/3P4/2NBP3/PP3PPP/R2Q1RK1 w - - 0 14,d1f3 e6g4 f3g3 f6h5 g3h4 g7g5 h4g4 d7g4,1610,advantage middlegame trappedPiece veryLong
10ze2,rnb1k1nr/pp3ppp/1q2p3/2bp4/3BP3/1PN5/P1P2PPP/R2QKBNR w KQkq - 1 7,d4g7 c5f2 e1d2 b6e3,975,attackingF2F7 mate mateIn2 opening short
117vO,r4rk1/1Qpq1ppp/5n2/p2p4/8/2P1PPP1/PP1N1P2/2KR3R w - - 0 16,e3e4 f8b8 b7a8 b8a8,1655,crushing middlegame short trappedPiece
11Fa6,rnbqk2r/2p2p2/1p2p1p1/p2pP2p/3Pn3/B7/PPP2PPP/R2QKBNR w KQkq - 0 11,f2f3 d8h4 g2g3 e4g3 h2g3 h4h1,1215,advantage long middlegame trappedPiece
11KEX,2rr2k1/p2n1p1p/6p1/1N6/4BP2/BP4PP/P3R3/b5K1 w - - 3 28,b5a7 a1d4 g1g2 d4a7,1460,advantage fork middlegame short
11M50,5r2/3B2k1/3N3p/p1p1P1pQ/P5P1/5p1P/3b1P1K/2r5 w - - 3 37,h2g3 c1g1 g3h2 g1g2 h2h1 g2f2 d7b5 f2e2 b5e2 f3e2 d6f5 f8f5 g4f5 e2e1q,2418,advancedPawn crushing endgame promotion veryLong
11OV8,6k1/1prq2r1/p1p1pBpQ/P1PpP3/1P1n4/7R/5PK1/8 b - - 1 46,d4f5 h6h8 g8f7 f6g7 d7e8 h3h7 e8h8 g7h8 f7e8 h7c7,2545,crushing discoveredAttack discoveredCheck exposedKing kingsideAttack middlegame quietMove skewer veryLong
11Z4U,8/4qk2/8/6RK/4p3/4Bp1P/5P2/8 b - - 0 63,f7f6 e3d4 f6f7 g5g7 f7e6 g7e7,1586,crushing endgame exposedKing long skewer
11eAp,8/4k3/3p4/3P2R1/p2KB1b1/7r/1P6/8 b - - 0 56,g4d7 g5g7 e7f8 g7d7,1311,crushing deflection endgame short skewer
11eDp,rn2r1k1/pp2q1b1/6Q1/3p4/3p4/8/PPP1NP2/R1B1K2R w KQ - 1 17,h1h7 e7e2,399,mate mateIn1 middlegame oneMove
11iRq,8/p4k1p/1p3p2/1P2qn2/P2p4/3n2P1/2RNN2P/Q5K1 w - - 0 35,d2f3 e5e3 g1h1 e3f3,1582,crushing fork middlegame short
11mkB,1r2k3/3p3p/2p1p1p1/4Pp2/pB1R4/PbP3PP/r5B1/4R2K w - - 1 33,e1e3 c6c5 b4c5 b3d5,2167,advantage master middlegame short
11nmN,8/7R/4p3/1P2k3/1r6/8/5K2/8 b - - 0 36,b4b5 h7h5 e5d4 h5b5,768,crushing endgame rookEndgame short skewer
11qzt,1r5k/pb2pQ1p/3q2p1/2p2p2/3b4/3R4/PP1B1PPP/R5K1 b - - 0 20,d4f2 g1f2 d6d3 d2c3 d3c3 b2c3,1060,crushing long middlegame sacrifice
11sCQ,r2qk2r/1pp3pp/p1nb1p2/3p1b2/3P4/PQ2PN2/1P3PPP/R1B1KB1R w KQkq - 0 11,b3d5 d6b4 a3b4 d8d5,1220,crushing discoveredAttack opening short
11tua,rnb1kb1r/ppp2ppp/8/8/Q1B4q/2P5/P2P1PPP/R1B1K1NR b KQkq - 2 8,c8d7 c4f7 e8f7 a4h4,1291,attackingF2F7 crushing discoveredAttack opening short
11vW9,7r/3nqrk1/p1b5/PpP1bRP1/1P1B3P/3Q3B/8/5RK1 b - - 0 33,e5d4 d3d4 g7g8 f5f7,1235,crushing middlegame short
123Kg,1k1r3r/1pp2p2/p1nbp2p/3p2p1/3P2R1/2PB1P2/PP1N1P1q/2K2QR1 b - - 3 18,h2h5 g1h1 h5h1 f1h1,1208,advantage middlegame short trappedPiece
12554,6k1/2n2ppp/3P4/3PpP2/4N2b/2Q1B2P/5RPK/r2q4 w - - 1 28,e4f6 g7f6 c3a1 d1a1 d6d7 a1a8,1651,advantage hangingPiece long middlegame
12Grc,2b3rk/3r4/p2b3p/1p1Q1BqP/3P4/P1N5/1PP2P2/1K1R4 b - - 0 31,d6e7 f5d7 g5d5 c3d5 c8d7 d5e7,1739,advantage long middlegame
12IPe,8/p7/8/3p4/PP1K3R/1r6/6k1/8 w - - 2 41,b4b5 b3b4 d4d5 b4h4 a4a5 h4h6,2738,crushing defensiveMove endgame long rookEndgame skewer
12RB0,1k5r/1Pqrbp2/p1N1p3/3pPbPp/P2B1p1P/1QP5/1R3P2/4R1K1 b - - 0 34,c7c6 d4a7 b8a7 b7b8q h8b8 b3b8,1046,advancedPawn attraction exposedKing long mate mateIn3 middlegame promotion queensideAttack
12Tk2,8/1P1kP3/6pp/2Bp1p2/3P4/4r3/6PK/8 b - - 0 43,d7c7 c5d6 c7d6 b7b8q,1586,advancedPawn attraction crushing deflection endgame promotion short
12V77,2k5/4rp2/p7/1ppNB1Q1/6p1/3P2P1/1Pq2K1P/8 w - - 0 36,f2e3 c2c1 e3f2 c1g5,1139,crushing endgame master short skewer
12ZKC,4k3/4bp1p/4p1pP/1N2P1P1/2pP1P2/1p3q2/8/1KQ5 b - - 4 43,f3d5 b5c7 e8d7 c7d5,755,crushing endgame fork short
12eZL,4r3/1ppb1Q2/3p2R1/p2P3p/4q1kP/8/PPP3P1/2K5 b - - 2 27,g4h4 f7f6,1260,endgame mate mateIn1 oneMove
12iY1,3rr1k1/p5pp/4Pq2/1Q3P2/2p4P/P7/1P4R1/4R1K1 b - - 0 31,f6h4 b5e5 h4d4 e5d4 d8d4 f5f6,2058,crushing endgame long pin
12kPh,rnbkr3/ppp2ppp/3b4/4N2q/2BP1pn1/2N5/PPP1Q1PP/R1B2RK1 w - - 9 11,c4f7 h5h2,944,kingsideAttack mate mateIn1 oneMove opening
12ll5,rnb2rk1/ppp3pp/4pqp1/3p4/3P4/2B1PN2/PPP2PPP/R2QK2R w KQ - 0 10,f3e5 f6f2,583,attackingF2F7 mate mateIn1 middlegame oneMove
12mFG,k2r3r/pp4p1/2p1Qnp1/2b4q/2P2B2/P1N4P/1P3PP1/R4RK1 w - - 1 19,a1d1 d8e8 e6f7 e8e7 f7e7 c5e7,2315,advantage long middlegame trappedPiece
12qoO,2kr3r/Qppq1p2/6pp/3N4/4Pbn1/3P2P1/PPP4P/R4RK1 b - - 0 20,f4e3 d5e3 d7d4 a7d4,1765,advantage middlegame short
12yUS,4rr1k/ppR3q1/7p/6pQ/4B3/4p1PP/PP4PK/8 b - - 0 28,e8e7 c7e7 g7e7 h5h6 h8g8 e4d5,1595,crushing endgame exposedKing long
131Sa,8/8/1PP1p3/4k3/4p1pP/8/r7/5K2 b - - 0 47,g4g3 b6b7 a2b2 c6c7 b2b7 c7c8q,1590,advancedPawn advantage endgame long promotion rookEndgame
137AK,5rk1/4b1p1/4pp1p/1q6/2pPBB2/r1P3QP/6P1/5RK1 b - - 3 31,g8h8 f4h6 g7h6 g3g6 f6f5 g6h6,2112,advantage long middlegame sacrifice
137Sa,1nQbk2r/r5pp/pq2pn2/4Np2/3P4/2N1P3/1P3PPP/R1B1K2R w KQk - 6 16,e1g1 a7c7 c3a4 c7c8 a4b6 d8b6,1840,advantage long opening trappedPiece
138Ut,6k1/p4ppp/2pr2b1/3p4/3P4/P4B2/5PPP/1R4K1 b - - 1 26,d6d7 b1b8 d7d8 b8d8,476,backRankMate endgame mate mateIn2 short
13BKs,r4rk1/ppp2ppp/3p1q2/2b1p3/2Q3P1/1n5P/PBbP1PBN/R3K2R w KQ - 0 15,a2b3 f6f2,838,attackingF2F7 mate mateIn1 middlegame oneMove
13OQA,7k/8/5p1p/6p1/1Q1P4/2pqPPP1/r5KP/2R1R3 w - - 1 45,g2h3 d3f5 g3g4 f5f3,1087,endgame mate mateIn2 short
13W25,r4r1k/7q/2bp1pQ1/ppp5/7N/1P1P4/P1PN2PP/5RK1 w - - 1 23,f1f6 h7h4 g6h6 h4h6,1721,advantage hangingPiece master middlegame short
13rll,1R3bk1/5pp1/2p4p/p7/2b3P1/7P/PPBBrP2/6K1 w - - 4 34,c2h7 g8h7 b8f8 e2d2,1063,crushing endgame hangingPiece short
13vk1,4r1k1/5ppp/p7/1p6/8/PN4bP/1PP2qP1/R2Q3K b - - 4 25,e8e2 d1d8 e2e8 d8e8,514,endgame mate mateIn2 short
144PB,8/4k3/1K6/2N1n1Rp/7P/8/P2r2p1/8 b - - 11 52,e7f6 c5e4 f6e6 e4d2 e5g4 d2f3,1751,crushing defensiveMove endgame fork long
14XIE,8/p7/8/kp3R2/P2p4/1P1N4/2r1r3/1K6 b - - 1 50,e2d2 f5b5 a5a6 d3b4,1651,endgame mate mateIn2 short
14aab,8/7p/4r1pk/1p6/8/P1BP3P/1PK5/8 b - - 2 36,e6e3 c3d2 g6g5 d2e3,1084,crushing endgame pin short
14fCw,8/N6r/KP6/P1k5/8/8/8/8 b - - 0 54,h7h8 b6b7 h8h6 a7c6 h6c6 a6a7 c5b5 b7b8q,1267,advancedPawn crushing endgame promotion sacrifice veryLong
14rSV,6k1/5ppp/4p3/2b1p3/p1P1P1B1/P3qP2/4r2R/4QK2 w - - 0 42,e1e2 e3g1,1495,endgame mate mateIn1 oneMove
152Sq,r2r2k1/pp3ppp/8/2b1p2q/3nB1b1/5NBP/PPP1QPP1/R4RK1 w - - 1 15,h3g4 d4e2,885,hangingPiece kingsideAttack mate mateIn1 middlegame oneMove
154S3,r4r1k/4Q1pp/2p2n2/1p2BR2/p3q3/P1P1b2P/1P4P1/5R1K b - - 1 27,a8e8 f5f6 f8g8 e7e8 e4g2 h1g2 g7f6 e8g8,2210,crushing kingsideAttack middlegame veryLong
155C9,3k2r1/ppR1R3/8/n6p/8/5KB1/2P4P/3r4 b - - 5 36,h5h4 g3h4 d1f1 f3e2,1569,crushing endgame master short
15I5x,r1bqk2r/pp3p1p/1bp5/4p3/2B1P1n1/2P2Q2/PP1N1PP1/R1B2RK1 b kq - 1 14,d8h4 f3f7 e8d8 d2f3,1271,advantage attackingF2F7 master middlegame short
15SAj,2r2rk1/pRpbbpp1/2pp3p/8/q3P3/1N1B1Q2/2P2PPP/5RK1 b - - 9 17,d7e6 f1a1 a4a1 b3a1,1493,advantage middlegame short trappedPiece
15TDB,7r/3kp3/p3p2P/4b3/2P5/1P2B1P1/P3R1KP/r7 b - - 10 33,e5d6 e3d4 e6e5 d4a1,1643,crushing endgame fork short
15lcH,1r1r2bk/2R3bp/p2p1ppB/8/1p2P3/2Q2N1P/PP3PP1/5RK1 b - - 1 23,b4c3 h6g7,846,kingsideAttack master mate mateIn1 middlegame oneMove
16Q7p,8/8/3P4/5p2/8/2R5/p1P1K1k1/r7 w - - 0 54,d6d7 a1e1 e2e1 a2a1q e1d2 a1a5,1880,advancedPawn attraction crushing endgame exposedKing fork long promotion rookEndgame
16aHy,8/8/8/3b1kR1/5P1P/8/r5PK/8 b - - 2 59,f5f4 g5d5 f4g4 d5d4,1419,advantage endgame hangingPiece short
16wkU,8/p4pk1/5pp1/8/1p6/1PpPQ2P/P1r3q1/2BKR3 b - - 1 35,c2a2 e3h6 g7g8 e1e8,895,endgame mate mateIn2 short
17178,2kr1b1r/ppp2pp1/2n1pnp1/8/1P1P4/P3BPN1/2P1NKPq/R2Q1R2 b - - 1 15,f8d6 f1h1 d6g3 e2g3 h2h1 g3h1,1591,advantage long middlegame trappedPiece
174f3,7q/ppb1k3/2n1p3/2PP4/3P2B1/P3Q1P1/1P4Kr/R3R3 w - - 0 34,g2f3 c6d4 f3e4 h8e5 e4d3 e5d5 g4e6 d4e6,2538,crushing deflection discoveredAttack discoveredCheck middlegame veryLong
17Lel,1N2r3/P7/1R3k2/3b2p1/5p2/8/3K4/8 b - - 4 65,f6f5 b6b5 e8e5 b8d7,1707,crushing endgame pin short
17Myn,3r3r/2q1kbQ1/p2p1p2/1p2p3/4PnPp/P1NB1P2/1PP4P/2R2R1K w - - 1 25,c3d5 f4d5 e4d5 d8g8 g7f7 e7f7,1467,advantage long middlegame trappedPiece
17S7d,5r1k/2p2ppp/3b1nb1/8/2NPp3/1Bq1B3/4QPPP/1R4K1 b - - 3 22,d6b4 e3d2 c3d4 d2b4,1564,advantage middlegame short skewer
17XHC,8/p1pk2bp/1p4p1/5p2/2N1K3/2P4P/PP3PP1/8 w - - 0 26,e4d5 c7c6,944,endgame mate mateIn1 oneMove
17bq7,8/8/p3r1p1/6k1/PP1q3p/5Q1P/6P1/5R1K b - - 0 51,d4b4 f3d5 g5h6 d5e6,1504,crushing endgame fork master short
17veA,r4r2/1R5k/3pq1pP/8/p3P1b1/Pp2Q1N1/1P6/1K3R2 b - - 3 36,h7h8 f1c1 f8f7 e3d4 h8h7 c1c7 a8f8 d4f2,2793,crushing exposedKing middlegame pin quietMove veryLong
17wxN,r2qkb1r/5ppp/p1p3b1/2ppP1N1/3P4/2P3Q1/P5PP/R1B2RK1 b kq - 2 13,f8e7 g5f7 e8g8 f7d8,2000,attackingF2F7 crushing fork master middlegame short
182uV,r4r2/3R4/5pk1/4p1p1/P5Pp/1P1B1P2/2P2K2/8 b - - 1 32,g6h6 d7h7,495,endgame master mate mateIn1 oneMove operaMate
18Ao5,8/8/1P5p/8/4k2P/3rp1K1/8/1R6 b - - 0 43,e3e2 g3f2 d3d1 b1b4 e4d3 b4b3 d3d2 b3b2,1612,advantage defensiveMove endgame rookEndgame veryLong
18LXc,7k/4B3/r4p1P/8/3p4/3B1K2/1p6/8 w - - 2 52,d3a6 b2b1q e7f6 h8h7,997,advancedPawn crushing endgame master promotion short
18RDL,r1bqk2r/ppp2ppp/3b4/8/2Pn2n1/1P3N2/P2NPPPP/R1BQKB1R w KQkq - 2 8,f3d4 g4e3 c1b2 e3d1,2408,advantage opening short trappedPiece
18Sqs,3r4/p1P3pk/Q4p1p/5P2/2B1q3/P1b2p1P/3p1P2/3R1KR1 w - - 0 39,c7d8q e4e1 d1e1 d2e1q,1414,advancedPawn mate mateIn2 middlegame promotion short
18U0j,q3R1k1/p2n1ppp/8/8/P7/B2r4/5PPP/4R1K1 b - - 1 23,a8e8 e1e8 d7f8 e8f8,633,endgame hangingPiece mate mateIn2 operaMate short
18isf,3k1r2/1r2q3/1n2P3/1p2Q3/3p2B1/3P3P/1PP1R1PK/8 b - - 2 34,e7c7 e6e7 c7e7 e5d4 e7d7 g4d7,1989,advancedPawn crushing exposedKing fork long middlegame
18nk1,6r1/1kp3p1/1p3p1p/1r1p4/p2P1Q1P/P2RP3/qPP2P2/2K3R1 w - - 8 30,d3c3 a2a1 c1d2 a1g1 f4c7 b7a6 c7d7 g1f2,1931,crushing endgame skewer veryLong
18qZ4,r1b1kb1N/ppp3pp/5q1n/3p4/2BnP3/8/PPPP1PPP/RNBQK2R w KQq - 0 7,c4d5 c8g4 f2f3 d4f3 g2f3 g4f3 d1f3 f6f3,1934,advantage fork opening trappedPiece veryLong
191rl,r2qkb1r/3n1ppp/p7/1p2PQ2/3P4/8/PP4PP/R1B2RK1 b kq - 0 16,f8e7 f5f7,548,attackingF2F7 mate mateIn1 middlegame oneMove
194qS,2r1k2r/5pp1/p3pnp1/1p1p4/1q1P4/2NQ1N1P/2P2PP1/2KRR3 w k - 0 17,c1d2 f6e4 e1e4 d5e4,1193,advantage middlegame pin short
197vn,4Q1k1/2p3q1/1p6/p2p4/6rP/3P2P1/1R1K4/8 b - - 2 44,g7f8 e8e6 g8h7 e6g4,1114,advantage endgame fork master masterVsMaster short
19CL4,1k2r3/2p2p2/ppq4p/2N3p1/1Q6/P3nP1P/1PP3P1/1K2R3 w - - 0 29,c5a6 b8b7 b4b3 e3c4 e1e8 c4d2 b1a2 d2b3,2489,crushing defensiveMove endgame fork sacrifice veryLong
19O0U,1r2r1k1/pp3pp1/2p1q1np/4P3/4Q3/2P3BP/P1P2PP1/1R1R2K1 w - - 3 23,d1d6 e6d6 e5d6 e8e4,1522,advantage discoveredAttack middlegame short
19OjN,5r1k/7P/1p4B1/p2Nn3/P6b/2B5/1PP4P/3q2RK b - - 3 29,f8f1 c3e5 h4f6 e5f6 f1f6 g1d1,1727,crushing exposedKing hangingPiece long middlegame
19Q9q,r1bqr1k1/4bpp1/pp1p1B1p/2pP1B1n/2P1Q1P1/1P3N1P/P4P2/RN2R1K1 b - - 0 19,e7f6 e4e8 d8e8 e1e8,1470,kingsideAttack mate mateIn2 middlegame pillsburysMate short
19T9j,8/2P4p/3B2p1/3P4/8/pkbR3P/1r4P1/2K5 w - - 0 50,c7c8q b2b1 c1b1 a3a2 b1c1 a2a1q,2060,advancedPawn attraction deflection endgame exposedKing long mate mateIn3 promotion sacrifice
19XqB,4r3/1p1r3k/2bp2p1/6Qn/p2P4/P1P3NP/1q3NP1/R4RK1 w - - 2 32,f2g4 b2g2,1373,kingsideAttack mate mateIn1 middlegame oneMove
19jMJ,8/6pk/2Q2p2/4pq2/P6r/1P4R1/1P4K1/8 b - - 0 40,h4d4 g3h3 f5h3 g2h3,932,crushing endgame short
19tWz,5k2/1pq2p2/p3pb2/P2pN2Q/1P1P1P1B/4P3/4K1P1/2r5 w - - 3 42,h4f6 c7c2 e2f3 c2d1 f3g3 d1h5,1916,crushing endgame long skewer
19wi9,4r3/1p3k1p/pb3p2/6p1/1P1p4/P2P3P/1RPBrPP1/4RK2 b - - 3 29,e2d2 e1e8 f7e8 f1e1 d2f2 e1f2,1198,crushing endgame long trappedPiece
1A9uR,8/p6p/6p1/2rk1p2/P3pP1P/1P2P3/2R2K2/8 w - - 3 34,c2c5 d5c5 f2e1 c5b4 e1d2 b4b3,1342,crushing endgame long
1AC7J,rn3rk1/pp3pp1/2p2q1p/2bPp3/2B3b1/2NP2Q1/PPP2PPP/R3K1NR w KQ - 0 10,g3g4 f6f2 e1d1 f2f1 d1d2 f1a1,1379,advantage attackingF2F7 long opening skewer
1AJqH,4r1k1/1b1N1ppp/8/pBB5/5P2/2P1n2P/P5PK/8 b - - 2 29,b7g2 d7f6 g7f6 b5e8 g2d5 c5e3,1381,capturingDefender crushing discoveredAttack endgame long
1ATPq,2r3k1/1p3p1p/6p1/pB6/3q4/NQ2b3/PP4PP/1K1R4 w - - 0 24,a3c2 d4d1,983,hangingPiece mate mateIn1 middlegame oneMove queensideAttack
1AfiA,8/1R6/1p6/1k1p1b2/3B1Pp1/1P2P3/P6r/6K1 b - - 6 41,h2a2 b7b6 b5a5 b3b4 a5a4 b6a6 a4b4 a6a2,1098,crushing endgame master skewer veryLong
1Ah3E,1r4k1/3p1Ppp/3N3q/8/5PP1/1P6/r1PKQ3/2R5 b - - 0 41,g8f8 e2e8 b8e8 f7e8q,1168,advancedPawn endgame mate mateIn2 promotion short
1Aji6,r4rk1/1Qp1q1pn/p2pp2p/4n3/P3P3/5N1P/1P3KP1/R1B1RN2 w - - 1 18,a1a3 f8b8 b7a8 b8a8,1944,advantage middlegame short trappedPiece
1Aqpq,r2q1r2/pppb3k/3p2pp/3P1n1P/2PbNB2/6N1/PP1Q2P1/R4RK1 w - - 1 19,f4e3 d4e3 d2e3 f5e3,975,crushing fork middlegame short
1B4Ps,r5r1/pb1pkp2/1p1Np2q/8/2Pp1p2/3B4/PP1Q1PPP/4RRK1 w - - 4 20,d6b7 g8g2 g1g2 f4f3 g2f3 h6d2,1972,advantage attraction discoveredAttack kingsideAttack long middlegame sacrifice
1BDDL,1rr3k1/5p1p/p5p1/1p2Q3/2p5/7P/q1PR1PP1/5RK1 b - - 6 26,a6a5 f1a1 a2a1 e5a1,1590,advantage endgame short trappedPiece
1BREu,r1bqkb1r/2p2ppp/p1np4/1p1Q4/4P3/1B6/PPP2PPP/RNB2RK1 b kq - 2 10,c8b7 d5f7,472,attackingF2F7 mate mateIn1 oneMove opening
1BZTF,r1bqk2r/2pnbppp/pp2pn2/4N3/4N3/1P6/PBPPQPPP/2KR1B1R b kq - 1 9,c8b7 e5f7 e8f7 e4g5,2202,advantage attackingF2F7 attraction opening sacrifice short
1BekJ,r3k2r/5pp1/p1p1P2p/2ppP1N1/6P1/1n1P3P/qP3QK1/7R b kq - 0 20,h6g5 f2f7 e8d8 f7d7,1074,attackingF2F7 endgame master mate mateIn2 short
1BiZU,r1b3k1/pp3pbp/8/4rp1P/8/3p2Q1/PPqB1PP1/K2R3R b - - 2 21,e5b5 d2c3 c2c3 b2c3 f5f4 g3d3,1984,advantage capturingDefender long middlegame pin
1Bow7,5rk1/7p/3q2p1/1p6/3P3P/2P1n1P1/2Q2P2/2R2BK1 w - - 2 29,f2e3 d6g3 g1h1 f8f2 c2f2 g3f2,1659,advantage endgame long
1BpWp,6k1/5p2/p5p1/3B2QP/8/3b4/5PPK/4q3 b - - 4 41,e1f2 h5g6 g8g7 g6f7 d3g6 d5e6,2642,advancedPawn crushing defensiveMove discoveredAttack discoveredCheck endgame long
1C757,4r1k1/2q2ppp/R7/2bQ4/2pn4/7P/5PP1/R6K b - - 0 29,c7e7 a6a8 d4e6 a8e8 e7e8 a1a8 e8a8 d5a8,1318,advantage clearance middlegame pin veryLong
1CFGf,r4rk1/pppb1p1N/1qn1p1p1/3n4/8/P1BB4/1PP2PPP/R2QR1K1 b - - 0 14,g8h7 d1h5 h7g8 h5h8,1367,mate mateIn2 middlegame pin short
1CZkL,8/R7/3k1r1p/1p1p1n2/p7/2P4K/P7/5R2 b - - 9 41,d6c6 a7a6 c6c5 a6f6,1004,crushing endgame short skewer
1CgBE,r4rk1/pp3pp1/2p1q3/4P1n1/5p1p/2P3NP/PPQ2PP1/R3R1K1 w - - 1 26,g3h5 e6g6 c2g6 f7g6 h5f4 f8f4,2180,crushing long master middlegame trappedPiece
1D0jK,7k/pp1n3P/7Q/2pP4/8/2qb1PpR/P5P1/2R1r1K1 w - - 2 30,c1e1 c3e1,1127,endgame mate mateIn1 oneMove
1DAoS,2r2rk1/1Bq1ppbp/p5p1/1p2n3/2pP2n1/2P5/PPNQ1BPP/R4RK1 w - - 2 18,b7c8 e5f3 g2f3 c7h2,1073,discoveredAttack kingsideAttack mate mateIn2 middlegame sacrifice short
1DFKh,1r3r1k/4Q1pp/8/pp1B4/8/8/Pq3PPP/2R1R1K1 w - - 3 28,c1c7 b2f2 g1h1 f2f1 e1f1 f8f1,1052,backRankMate long mate mateIn3 middlegame sacrifice
1DGVh,6k1/b3rp2/6p1/8/6P1/2q1pR1P/4Q3/3R2K1 w - - 0 38,d1d3 c3d3 e2d3 e3e2 g1h1 e2e1q,1662,advancedPawn crushing discoveredAttack discoveredCheck endgame exposedKing long promotion sacrifice
1DJNW,6r1/3p1R2/p1b2p1k/1p3B2/6pP/P7/1PP5/6K1 b - - 0 30,h6h5 f7h7,576,endgame mate mateIn1 oneMove pillsburysMate
1Di98,r3k3/1pb2pp1/p1n1pn2/3p2P1/3P4/4BB1r/PPP1NKPq/R2Q1R2 w q - 0 18,f1h1 f6e4 f3e4 c7g3 f2f1 h2h1,2653,advantage interference long master middlegame pin sacrifice
1DrbU,2k2b1r/pp1r2pp/1qp1Rp2/3N4/3P4/7Q/PPP2PPP/R5K1 b - - 0 18,b6b2 e6e8,1000,mate mateIn1 middlegame oneMove pin
1E6Yr,5q2/p5kp/4Q1p1/3n4/2p5/N1P5/PP3rPP/R6K w - - 1 27,h1g1 f2g2 g1g2 d5f4,1978,attraction crushing endgame sacrifice short
1EE4f,2r2k2/1b3ppp/1p2p3/pP1pP3/P1rN4/1R2P3/5PPP/5RK1 w - - 5 27,f1a1 c4c1 a1c1 c8c1,902,backRankMate endgame mate mateIn2 short
1EptZ,r4rk1/pp3ppp/1q2nb2/3p4/3P4/4B3/PPB2PPP/R2QR1K1 b - - 3 16,b6b2 d1d3 g7g6 e1b1 b2d4 e3d4,2098,advantage clearance long master middlegame trappedPiece
1EqoM,5kr1/2pr4/2Qb1q1p/3p4/8/2N4P/PPP2P1P/R3R2K w - - 0 23,c6d7 f6f3,1160,mate mateIn1 middlegame oneMove
1Ev62,2q5/p2Rrpkp/2p3p1/2N1r3/2PQPn2/3B1P2/P6K/R7 w - - 12 30,d7e7 c8h3 h2g1 h3g2,1176,mate mateIn2 middlegame short
1F0eS,4r1k1/pppR1pp1/7p/3p4/3P2P1/5P1P/PPPN4/2K2B1n w - - 1 20,c1d1 h1f2 d1c1 e8e1,1229,backRankMate endgame mate mateIn2 short
1F2Wq,8/4b3/8/1b2n2p/1p1pNK1k/pP1P4/P1BB4/8 b - - 5 53,e5d3 c2d3 b5d3 d2e1 h4h3 e4f2 h3g2 f2d3,1521,advantage endgame fork master veryLong
1F51S,8/7B/K3k3/3pp3/8/1r3P2/8/6N1 b - - 1 41,d5d4 h7g8 e6f5 g8b3,1142,crushing endgame short skewer
1FS52,r3r1k1/1b3pb1/5pp1/2p5/1p1pPPP1/1PnP3Q/qB1R2B1/K1N4R w - - 0 23,c1a2 a8a2,858,arabianMate mate mateIn1 middlegame oneMove
1FXYh,8/7r/4K2P/6k1/8/6R1/8/8 b - - 12 65,g5h6 e6f6 h6h5 g3h3 h5g4 h3h7,1497,crushing endgame exposedKing long rookEndgame skewer
1Fd0R,8/8/8/1p6/2p1K3/kB6/P7/8 w - - 0 51,b3c4 b5c4 e4d4 a3b4,1396,crushing defensiveMove endgame hangingPiece master short zugzwang
1Fdqv,r3k1Rr/1b1qn2p/p3Qp2/3p4/1ppP4/5N2/PPPB1P1P/4R2K b kq - 4 23,h8g8 e6g8,1148,mate mateIn1 middlegame oneMove pin
1Fg04,r3kb1r/ppp1ppp1/6bp/8/4P3/2NB1Q2/PqP2PPP/3R1RK1 b kq - 1 13,b2c3 d3b5 c7c6 f3c3,1083,crushing discoveredAttack middlegame short
1Fyfk,6k1/6p1/6p1/8/2Pp2P1/1r2bNKP/4R3/8 b - - 1 41,d4d3 e2e3 d3d2 e3e8 g8f7 e8d8,1889,crushing endgame hangingPiece long
1Fz4B,8/8/4p1k1/5ppp/7r/5P1P/2R2KP1/8 b - - 1 41,g5g4 f2g3 g4h3 g3h4 h3h2 c2c1,1931,crushing defensiveMove endgame long rookEndgame trappedPiece
1G1M5,8/8/5P2/8/1pk3K1/8/8/8 b - - 0 65,c4c3 f6f7 b4b3 f7f8q,446,advancedPawn crushing endgame master pawnEndgame promotion short
1G5Uq,r1bq1rk1/1pp2ppp/2Np4/p7/3QPP2/P1B5/1nP3PP/R4RK1 b - - 1 14,b7c6 d4g7,695,kingsideAttack mate mateIn1 middlegame oneMove
1GIT5,4r2k/p1p3R1/4r2P/5p2/2N2Q2/5P1q/PPP5/R5K1 w - - 5 35,f4d4 e6e1 a1e1 e8e1 g1f2 e1f1 f2e3 h3f3 e3d2 f1d1,2227,exposedKing killBoxMate mate mateIn5 middlegame veryLong
1GdHx,8/8/3k4/3B2PR/4P2p/3p1KbP/P7/5b2 w - - 0 47,d5b3 f1e2 f3e3 e2h5,1468,advantage endgame short skewer
1GwVD,1r4k1/2b3pp/2p5/1r1pq3/8/P3N2P/2Q2PP1/R1B2RK1 w - - 3 26,a1a2 e5h2,656,mate mateIn1 middlegame oneMove
1H6Jo,1r4k1/R4ppp/4p3/2BpP3/3P4/5PK1/2r3PP/8 b - - 6 28,b8b2 a7a8 b2b8 a8b8,458,backRankMate endgame master mate mateIn2 short
1HNMe,r4rk1/pp1R1pp1/2p1p2p/5b2/2Q5/2N1bKP1/PP2P1BP/2q4R b - - 9 22,b7b5 h1c1 b5c4 f3e3,1749,advantage middlegame short
1HRJE,5rk1/1p4pp/8/pBP5/P2Rb1P1/5P2/1P3Q1K/2q5 b - - 4 31,e4f3 b5c4 g8h8 f2f3,1462,advantage endgame intermezzo short
1Hjz9,2k5/pp4p1/3Q2b1/3P1p2/2P5/1P2q1PP/P3n1BK/5R2 w - - 4 31,f1f3 e3g1,783,endgame mate mateIn1 oneMove
1HkWN,5r1k/pp4p1/4Q3/b3R2p/P2p3P/1P1B1qrK/2P2P2/8 w - - 0 36,f2g3 f3h1,1433,endgame mate mateIn1 oneMove
1I3w5,1r3k2/R5p1/5p2/3Bp3/P1P4p/5P2/1r2n1PP/R5K1 w - - 7 31,g1h1 b2b1 a1b1 b8b1,1130,backRankMate endgame master mate mateIn2 short
1IAxN,5r1k/ppp3pp/1b1p3N/2qn4/8/5Q2/P1PN1PPP/4R1K1 b - - 4 22,f8f3 e1e8 f3f8 e8f8,1074,backRankMate mate mateIn2 middlegame short
1IGoD,5r1k/3Q1pp1/p6p/1p1P4/2p5/3qP3/1nR2PPP/5R1K w - - 1 31,c2b2 d3f1,464,endgame hangingPiece mate mateIn1 oneMove
1IIGl,3r1rk1/pp4p1/2q2n1p/2p1p1B1/4P3/2P3PP/PP2Q1K1/R3R3 w - - 0 23,g5h4 g7g5 h4g5 h6g5,2064,crushing middlegame short trappedPiece
1IJJ1,1k6/p1r5/QB4p1/7p/1P2B1n1/K5P1/PP5P/3q4 b - - 0 30,a7b6 a6a8,988,endgame mate mateIn1 oneMove
1IUzo,8/8/2R5/6pk/3R1b1p/1P1K1P2/r7/8 w - - 2 57,d4d8 a2d2 d3e4 d2d8,826,crushing endgame short skewer
1IXAu,r4rk1/4npbp/b3p1p1/qNPpP3/8/2BB1N2/5PPP/3QR1K1 b - - 4 19,a5a2 e1e2 a6b5 e2a2,2152,advantage master middlegame short trappedPiece
1Ivu8,2r4k/pp4pp/3q2r1/1N3b2/3pp3/1Q1nP2P/PP2BPP1/3R1R1K b - - 1 22,d3f2 f1f2 d6g3 d1f1 d4e3 b5d6 g6d6 f2f5,2422,advantage hangingPiece middlegame quietMove veryLong
1J0eN,2q2rk1/4ppbp/rQN1b1p1/2P5/8/P3P3/1P3PPP/R1B2RK1 b - - 0 21,a6b6 c6e7 g8h8 e7c8,794,advantage fork middlegame short
1J59t,1q1Q2k1/4R3/6p1/4pbNp/p4r1P/Pp6/1P4P1/2KR4 b - - 1 32,b8d8 d1d8,720,endgame mate mateIn1 oneMove
1J8lo,7r/1b1pPk2/p2P3q/1p3p1p/2p4Q/2P3P1/PP5P/5RK1 b - - 0 30,h6f6 e7e8q h8e8 h4h5 f6g6 f1f5 f7g7 f5g5,1984,advancedPawn crushing deflection endgame exposedKing pin promotion veryLong
1JDcF,3q2k1/p1p2r1p/bp2p1p1/8/3PBP1b/4P3/PPPB2P1/R2QK2R w KQ - 5 18,g2g3 h4g3,600,bodenMate mate mateIn1 middlegame oneMove
1JIis,r2q1rk1/1b2bppp/pp2pn2/3n2B1/P2P4/2NQ1N2/1P3PPP/1BR1R1K1 b - - 5 15,h7h6 c3d5 b7d5 g5f6,1951,crushing middlegame short
1JM4J,8/1p2Q1kp/p1p3p1/P2q4/1Pr3P1/8/8/4R1K1 b - - 2 40,g7h6 e7h4 d5h5 g4g5 h6g7 h4c4,1974,crushing discoveredAttack endgame long
1JQvn,7k/r1p2r1p/pp1p2nQ/3PpN2/2q1P3/2P4R/P4PPP/2R3K1 b - - 1 31,c4e4 h6g6 e4f5 h3h7 f7h7 g6f5,1727,crushing deflection discoveredAttack kingsideAttack long middlegame pin
1JziC,r3r1k1/1p3ppp/1Bp1bq2/4R3/1P5P/P3QpP1/2P2P1K/R7 b - - 3 26,e6d5 e5e8 a8e8 e3e8,703,kingsideAttack mate mateIn2 middlegame short
1KENQ,r2qkb1r/pp1npppp/2np4/2p3Nb/2B1P3/2NPB2P/PPP2PP1/R2QK2R b KQkq - 4 8,h5d1 c4f7,1150,attackingF2F7 mate mateIn1 middlegame oneMove
1KEVf,4rk1r/1ppq1ppp/pn1b4/8/3Q4/2N1B3/PPP2PPP/3RR1K1 w - - 0 15,e3h6 e8e1 d1e1 d6h2 g1h2 d7d4,1657,crushing discoveredAttack kingsideAttack long middlegame
1KGKD,r2qkb1r/pp3pp1/7p/n1pnp3/2B3b1/1QPP1N2/PP3PPP/RNB1K2R w KQkq - 4 10,b3b5 g4d7 b5a5 d8a5,1920,advantage defensiveMove middlegame short trappedPiece
1KGyH,2r3k1/pb4pp/5R2/PPp5/2Pp4/4q2P/R1Q1B1P1/6K1 w - - 0 29,g1h1 e3h3 h1g1 h3g2,1519,mate mateIn2 middlegame pin short
1KKez,r4k1R/p3n3/1p4P1/2pr1B2/4NP2/P2q4/1Pn2K2/R1B5 b - - 0 23,f8g7 h8h7 g7f8 h7f7 f8e8 e4f6,2037,crushing exposedKing long middlegame
1KKys,8/4k3/5R2/4K1P1/5P2/7p/8/7r w - - 0 60,g5g6 h1e1 e5f5 h3h2 f6f7 e7e8 f7h7 h2h1q h7h1 e1h1,1503,advancedPawn crushing endgame promotion rookEndgame veryLong
1KPUL,2r2rk1/5pbp/bq2pnp1/p2p4/P2B4/R1N3P1/1PP2PBP/3QR1K1 b - - 7 16,b6b2 a3b3 b2b3 c2b3,1655,advantage middlegame short trappedPiece
1KRKF,2b5/p1k2p2/8/4p2p/2P2PpP/3R4/PP6/1K6 w - - 0 30,f4e5 c8f5 b1c2 g4g3 c2d2 f5d3,2063,crushing endgame long master pin
1KS6f,6k1/pb2rpb1/1p1q2p1/2pP3p/2P2P2/5BP1/P2Q1B1P/4R1K1 b - - 1 23,a7a6 e1e7 d6e7 d5d6 e7d7 f3b7,1129,advantage discoveredAttack long master middlegame
1Ka1t,6k1/p1q1r1pp/2p1N1b1/4p3/2p3Q1/1P2P3/P2P2PP/5RK1 b - - 1 22,c7d7 f1f8,831,endgame mate mateIn1 oneMove
1KeFt,3r4/ppp2ppp/2k1p3/4PP2/2n5/P1B5/1P4PP/5RK1 b - - 0 20,c6d5 f1d1 d5e4 d1d8,998,crushing endgame short skewer
1Kekv,6k1/2QP1p1p/6p1/3P3n/1p2q3/1P6/5Pb1/6K1 b - - 0 30,g2h3 d7d8q g8g7 d8g5,1904,advancedPawn advantage endgame promotion short
1KfD5,1r2r1k1/3qp2p/3p2p1/1ppP1b2/4NP2/1P2Q1P1/P3R1KP/4R3 w - - 2 24,e4f6 e7f6 e3e8 b8e8 e2e8 g8f7,1639,crushing hangingPiece long middlegame
1Kkm1,1r4k1/5p1p/p1p3r1/2P5/1PP1qR2/Q5KP/P7/5R2 w - - 11 38,g3h2 e4g2,1197,endgame mate mateIn1 oneMove
1KrLJ,rnb1kb1r/pp2nppp/3qp3/1P6/2P5/8/3P1PPP/RNBQKBNR w KQkq - 0 9,c1a3 d6e5 f1e2 e5a1,978,crushing fork master opening short
1Kul0,1r3r1k/pbp3pp/4Q3/1BP5/3P4/7P/PP3qpK/R3R3 w - - 0 23,e6e3 g2g1q,1101,advancedPawn discoveredCheck doubleCheck mate mateIn1 middlegame oneMove promotion
1L2L4,r4rk1/pp2bppp/2pn4/3p4/3P3n/PPNBB1Nq/2P1QP2/R3R1K1 w - - 0 18,e2f1 h4f3,1181,mate mateIn1 middlegame oneMove
1L5Va,r5k1/r2qb3/4p1p1/3pP1P1/1p3P2/1P5Q/PP1B4/1K5R b - - 3 31,e7f8 h3h8 g8f7 h1h7 f7e8 h7d7,1404,advantage exposedKing long middlegame skewer
1L5it,4B3/4kP2/1K6/8/6p1/7p/8/8 w - - 0 55,b6c5 g4g3 e8d7 g3g2 f7f8q e7f8 d7h3 g2g1q,1921,advancedPawn bishopEndgame crushing endgame promotion veryLong
1LAMz,6k1/5pp1/RRp4p/2Pp4/3P2qr/3QP3/5P2/6K1 w - - 2 35,g1f1 h4h1,1242,endgame mate mateIn1 oneMove
1LFYl,2r3k1/pQ3pp1/5n1p/8/2q5/B7/P4PPP/1R4K1 w - - 0 26,a3e7 c4c1 b1c1 c8c1,833,backRankMate endgame master mate mateIn2 sacrifice short
1LIF9,r1bqkb1r/1ppp1p1p/p1n2np1/4p3/2B1N3/4PQ2/PPPP1PPP/R1B1K1NR b KQkq - 3 6,f6e4 f3f7,774,attackingF2F7 mate mateIn1 oneMove opening
1LQDj,6k1/5qpp/R5b1/1p1rp3/1B5P/2P3Q1/1P4PK/8 b - - 0 35,f7f4 a6a8 g8f7 a8f8 f7e6 f8f4,1331,advantage endgame long skewer
1LQiU,rnb1k2r/pp3Npp/1qp2n2/2b5/4p3/1B1P4/PPP2PPP/RNBQK2R w KQkq - 1 8,f7h8 c5f2 e1f1 c8g4 d1d2 e4e3 d2f2 e3f2,1944,advancedPawn advantage attackingF2F7 middlegame veryLong
1LUQ5,2r1k2r/2q2pp1/p1p1p1p1/2Pp1bB1/Nb1P2P1/1P6/P3QP1P/R4RK1 w k - 1 18,g4f5 c7h2,578,kingsideAttack mate mateIn1 middlegame oneMove
1LlR7,8/5k2/p4rp1/R2K3p/3P1P2/6P1/8/8 w - - 11 48,d5e5 f6f5 e5e4 f5a5,1110,crushing endgame master rookEndgame short skewer
1M0p3,q1r3k1/7p/P3p3/1P1pP3/3Qbr2/8/2p1B2P/R1R3K1 w - - 0 34,b5b6 g8h8 a1a3 c8g8 a3g3 g8g3 h2g3 a8g8 d4e3 f4h4 c1c2 d5d4 e3e4 h4e4,2754,clearance crushing middlegame pin quietMove veryLong
1M0sB,4r1k1/Q4pp1/4q2p/5b2/5B2/2P5/P1r2PPP/R4RK1 w - - 1 20,f1c1 c2c1 a1c1 e6e1 c1e1 e8e1,1173,backRankMate long mate mateIn3 middlegame sacrifice
1MSM8,4Q3/5ppk/2R5/q7/2K5/8/8/8 w - - 0 51,e8f7 a5a2 c4d3 a2f7,1327,crushing endgame short skewer
1MUGw,1r5k/5P1p/5Pp1/7P/3PQ3/8/1q4PK/r7 b - - 1 40,a1a2 e4e8 b8e8 f7e8q,1328,advancedPawn endgame mate mateIn2 promotion short
1Masu,5rk1/p4p2/5Qp1/4p3/r2b3P/3P1R2/6PK/8 w - - 3 34,h4h5 e5e4 f6e7 e4f3,1377,crushing endgame short
1Ml7t,2r5/6R1/3kp2p/pB1p1p1p/1p1P1Pn1/1P2P1KP/2r5/6R1 b - - 15 45,g4e3 g7d7,710,endgame mate mateIn1 oneMove operaMate
1MnjM,r3k3/5P1R/8/3p1BB1/2p2P2/2n5/6K1/q7 b - - 0 51,e8f8 g5h6 f8e7 f7f8q,1582,advancedPawn doubleCheck endgame mate mateIn2 promotion short
1MrvF,3r1rk1/ppp2p1p/q5p1/3n4/1PN5/PQ6/5PPP/3RR1K1 b - - 2 26,d5f6 d1d8 f8d8 b4b5 a6e6 e1e6,2132,crushing long middlegame trappedPiece
1Ms8K,4rn1k/3bQ1pp/Bp2p3/1N1pP3/8/8/PP4PP/5R1K b - - 0 26,e8e7 f1f8,457,backRankMate endgame hangingPiece mate mateIn1 oneMove
1Mysj,r2qk1nr/pp2bppp/b7/3pN1B1/P2p4/8/1P3PPP/RN1QR1K1 b kq - 1 12,f7f6 d1h5 g7g6 e5g6 h7g6 h5h8,1438,crushing long opening pin trappedPiece
1N4D3,r4rk1/p5pp/1p3p2/1Qn1p3/4P1P1/2P2N1P/1PK2P2/qB1R4 b - - 1 25,a7a6 b5c4 g8h8 b1a2 b6b5 c4d5 a1d1 d5d1,1906,advantage middlegame quietMove trappedPiece veryLong
1NCjv,1r1r4/p1q3k1/4pp2/2bn2p1/8/1P1P2P1/PB1QPPB1/R4RK1 w - - 0 25,g2d5 c7g3 d5g2 d8h8 d2g5 g3g5,1634,crushing long middlegame pin quietMove
1NCy0,6k1/3r2p1/2p4p/pp2pN2/2P5/8/P4nPP/5R1K w - - 1 36,f1f2 d7d1 f2f1 d1f1,400,backRankMate endgame mate mateIn2 short
1NDsx,2r5/ppp4p/8/4R1p1/2k3Pn/5P2/PBP4P/6K1 w - - 4 34,e5g5 h4f3 g1g2 f3g5,970,crushing endgame fork short
1NIRg,1r4k1/Q2N2pp/2p1b3/3pb3/4q3/8/P5PP/5R1K b - - 1 22,e6h3 a7b8 e5b8 f1f8,1603,mate mateIn2 middlegame sacrifice short
1NNdH,2r1k3/1p1rn1pp/5p2/8/3p4/2BRQ2P/2P1RPPK/5q2 w - - 0 28,d3d4 c8c3 e3e6 f1e2 e6e2 d7d4,1971,advantage long middlegame
1NOJL,2Q5/pp2kp1p/2n1pn2/3p4/5B2/2qP4/P1P2PPP/R3K2R w KQ - 0 18,e1e2 c6d4 e2d1 c3c8,1776,advantage discoveredAttack middlegame short
1NSul,5rk1/5p1p/4p1p1/4q3/P1p1N3/3PQ2P/2r3P1/5R1K b - - 1 23,c4d3 e4f6 e5f6 f1f6 d3d2 f6f1,1725,advantage endgame long
1NjZa,r1b1k2r/ppq2ppB/4p3/5nN1/8/8/PPP2PPP/R2Q1RK1 w kq - 1 13,h7f5 c7h2,1073,kingsideAttack mate mateIn1 middlegame oneMove
1NtYa,r1bq1rk1/pp3ppp/4p3/4P3/3N2n1/3B4/PPP3PP/R2Q1R1K b - - 0 15,d8d4 d3h7 g8h7 d1d4,1133,advantage discoveredAttack kingsideAttack middlegame short
1OKxq,6k1/pp1N1ppb/7p/2pq3P/3p1QP1/1P1P1PB1/2P5/4K3 b - - 0 28,d5d7 f4b8 d7c8 b8c8,907,backRankMate endgame mate mateIn2 short
1OQ2O,r2qkb1r/ppp2ppp/2n2n2/4p3/2BP2b1/1Q3N2/PP3PPP/RNB1K2R b KQkq - 1 8,g4f3 c4f7 e8d7 b3e6,1061,attackingF2F7 mate mateIn2 opening short
1ORkx,8/1b3pp1/2p1k2p/2P1p3/1P6/2K3P1/4BPP1/8 w - - 3 32,c3c4 b7a6 b4b5 a6b5 c4b4 b5e2,1302,bishopEndgame crushing endgame long skewer
1OqIR,5r1k/Q5bp/1p2P1p1/8/2p5/5PB1/PP1q2PP/4R1K1 w - - 0 33,a7b6 g7d4 b6d4 d2d4,1136,advantage endgame fork short
1OrhF,6k1/5p1p/3r1p2/5b2/1N6/8/P1p2PPP/2q1Q1K1 w - - 0 30,e1c1 d6d1 c1d1 c2d1q,750,advancedPawn backRankMate endgame fork mate mateIn2 promotion short
1Otx3,r2q1rk1/pp1bb1pp/n1pp4/5p2/2PPn2N/P1NB4/1P3PPP/R1BQR1K1 w - - 5 13,c3e4 f5e4 d3e4 e7h4,1358,advantage middlegame short trappedPiece
1Ou2X,r1bqk2r/1p2bp2/1nn1p3/3pP1N1/5PRp/p7/3PB1PP/BN1Q1RK1 b kq - 0 19,c8d7 g5f7 e8f7 d1c2,2544,advantage attackingF2F7 master middlegame sacrifice short
1Owds,6k1/6PB/1r5b/8/2p5/5K2/P5R1/8 b - - 1 55,g8h7 g7g8q,778,advancedPawn endgame mate mateIn1 oneMove promotion
1P87p,r1b2rk1/5ppp/p1p1p3/4P1b1/3q1N2/3B4/PPP3PP/R2Q1R1K b - - 3 15,g5f4 d3h7 g8h7 d1d4,1231,advantage discoveredAttack kingsideAttack middlegame short
1PKDC,r1b1k2r/1pqpbp1p/p1n1p1pQ/2p5/2B1PPn1/P1NP1N2/1PP3PP/R1B1K2R w KQkq - 6 11,h6g7 e7f6 g7h8 f6h8,1352,crushing middlegame short trappedPiece
1POzs,r2qr1k1/2p2pbp/p2p2pB/2p5/2P1P1bP/2N5/PP1Q4/2K1RB1R w - - 2 17,h4h5 g7h6 d2h6 g6g5 f1h3 e8e6 h6e6 g4e6 h3e6 f7e6,2361,advantage middlegame quietMove trappedPiece veryLong
1PTYx,3r2k1/5pp1/1P1P2p1/8/3p4/2p4P/R4PPK/8 b - - 0 43,d4d3 b6b7 c3c2 a2a8 g8h7 a8d8 c2c1q d8h8 h7h8 b7b8q h8h7 d6d7,2410,advancedPawn attraction crushing endgame master pin promotion rookEndgame veryLong
1PV0t,r2qr1kb/1p3R1p/p5pB/2p3N1/1nPp4/3Pn3/PP2Q2P/RN4K1 b - - 0 20,e3c2 f7f8 e8f8 e2e6 f8f7 e6f7,1589,kingsideAttack long mate mateIn3 middlegame sacrifice
1Pbp7,R7/8/6k1/p2pP2p/8/3K3P/5rP1/8 b - - 0 52,g6f5 a8f8 f5e5 f8f2,841,crushing endgame master rookEndgame short skewer
1Pezn,3rr3/p1p2pkp/4B1n1/3p4/3Q4/2P2P1q/P3K1R1/6R1 b - - 1 26,g7g8 g2g6 h7g6 g1g6 g8f8 d4g7,1341,crushing long middlegame pin
1Pku3,8/8/7p/1b5P/5Pk1/4K3/4p3/7R w - - 0 52,e3e4 b5c6 e4d3 c6h1,1213,crushing endgame short skewer
1PlA6,2r1r1k1/4qp1p/6p1/1Q6/P1pR4/2Nb3P/1P3PPB/3R2K1 w - - 3 27,d4d7 e7e1 d1e1 e8e1,1017,backRankMate mate mateIn2 middlegame sacrifice short
1Q6YI,6k1/1qb2pp1/p3p2p/1p6/1P6/3QPN1P/P4PP1/6K1 w - - 2 25,d3d7 c7h2 g1h2 b7d7,922,crushing discoveredAttack endgame short
1QAsi,3r1r2/p1pk4/Q1p5/3p2Pp/1B6/3P4/PP2b1PP/6qK w - - 0 28,h1g1 f8f1,439,endgame mate mateIn1 oneMove operaMate
1QEvz,8/p4pkp/3Q1pp1/3P4/5P2/2r4q/P1r3B1/6RK w - - 0 33,g2h3 c3h3,807,endgame mate mateIn1 oneMove
1QHry,r1b2rk1/pp1n1p2/2p1pqP1/6N1/2B1QP2/2b3P1/P1P5/1K1R3R b - - 0 19,f6g6 e4g6 f7g6 c4e6,1636,crushing kingsideAttack middlegame short
1QMpV,3QR3/p4pkp/bp4p1/2pq4/8/PP6/6PP/7K b - - 0 33,d5b3 e8g8 g7h6 d8h4,1116,endgame master mate mateIn2 short
1QX8C,2r1k2r/p2n1ppp/5q2/2bn4/6Q1/8/PP1PPPBP/R1B1K1NR w KQk - 1 12,g2d5 f6f2 e1d1 f2f1 d1c2 c5d4,2393,advantage attackingF2F7 discoveredAttack discoveredCheck long middlegame
1QbhA,r1b1r1k1/6pp/p4p2/1p1p3R/3P2q1/2P3P1/PP1N1PP1/R2Q2K1 w - - 3 20,g1f1 g4d1 a1d1 c8g4 f2f3 g4h5,1641,clearance crushing fork long middlegame
1QfsA,k2r4/1p3p1p/4p1p1/8/q2n1Q2/3R4/1PPR1PPP/6K1 w - - 0 27,d3d4 a4a1 d2d1 a1d1 d4d1 d8d1,1762,backRankMate endgame long mate mateIn3 xRayAttack
1Qkqe,Q7/1ppk1ppq/8/3p4/5P2/2P3r1/PP2P2P/R6K w - - 2 26,a8b7 h7e4,1082,endgame master mate mateIn1 oneMove
1Qrvw,2kr1b1r/pppbq1pp/2n5/1B2Pp2/8/2N5/PPP1QPPP/R1B2RK1 b - - 1 11,e7e5 b5c6 e5e2 c6d7 d8d7 c3e2,1612,advantage long opening queensideAttack sacrifice
1QtNO,r1b2rk1/3p1ppp/p7/2q5/2B1PP2/2QPnN1P/2P3P1/R4R1K b - - 0 21,e3f1 c4f7 f8f7 c3c5,1240,crushing discoveredAttack middlegame short
1QvFg,r1bqr1n1/1pp2pk1/p2p2p1/3P3n/2P1PN2/2N4P/PP1Q4/2KR1B1R b - - 0 17,d8g5 f4e6 c8e6 d2g5,1393,crushing discoveredAttack opening short
1R0eN,rnbq1k2/pp3pb1/6p1/3R1n2/2B2Q2/2N5/PP3PPP/2K4R b - - 0 16,d8d5 c3d5 g7h6 f4h6 f5h6 d5c7 b8c6 c7a8,1930,advantage hangingPiece middlegame trappedPiece veryLong
1R0fh,1r3b2/1p1R1p1p/2p1k1p1/p3P3/P7/1bP3PP/1P4B1/4R1K1 w - - 1 29,d7c7 f8c5 g1h2 c5b6 c7b7 b8b7,1686,advantage endgame long master trappedPiece
1R141,8/5r2/1P1KR3/8/8/4p3/5k1P/8 w - - 0 55,e6e7 f7e7 d6e7 e3e2 b6b7 e2e1q,1250,advancedPawn crushing endgame long promotion rookEndgame
1RDc7,7R/p3kpp1/3qpb2/1B6/6Q1/8/PPP2r2/1K6 b - - 1 32,d6d4 h8e8 e7d6 e8d8 d6c5 d8d4,1740,crushing endgame long skewer
1RJ5I,4r1k1/Q4Rp1/1p5p/8/4q3/6P1/5PKP/8 w - - 3 28,g2h3 e4e6 h3g2 e6f7,1016,crushing endgame short
1RTbK,r2qk2r/pp1bppb1/3p2pn/5P1p/3NP1nB/1BN2Q1P/PPP3P1/R4RK1 w kq - 1 15,b3f7 h6f7 d4e6 d7e6,2075,advantage hangingPiece middlegame short
1Rcpg,r4b2/P7/1Br1qp1k/2P3p1/R2PP1Pp/3Q3P/6K1/8 b - - 0 62,f8e7 d4d5 e6e5 d5c6 e7c5 b6c5,1260,crushing fork long middlegame
1RfLX,2r2rk1/pp1b1ppp/n4n2/4pN2/2P5/1PKB2N1/P4PPP/R6R b - - 1 18,a6c5 f5e7 g8h8 e7c8,933,crushing fork master middlegame short
1RhIg,8/8/2K5/8/4Q1pp/7P/8/4k1q1 b - - 17 52,e1d1 e4b1 d1e2 b1g1,1341,crushing endgame master queenEndgame short skewer
1RkkI,rn1qkb1r/1p2pppp/p4n2/4N3/2BP2b1/4B3/PP3PPP/RN1QK2R b KQkq - 1 8,g4d1 c4f7,1029,attackingF2F7 mate mateIn1 oneMove opening
1RmkW,3r1r1k/pb3ppp/6q1/3R4/8/1BP1B3/P1P2PPP/R2Q2K1 w - - 3 18,d5d8 g6g2,1017,kingsideAttack mate mateIn1 middlegame oneMove
1RpcP,r3k2r/4ppb1/p1p1bnp1/2Pp3p/1P1QPB1P/q1NB4/P1P2PP1/R3K2R b KQkq - 0 13,f6e4 d4g7 a3c3 g7c3,1546,advantage hangingPiece middlegame short
1Rwsb,rn3rk1/ppp3pp/8/8/8/1PP1PBb1/PBK1QqP1/R6R w - - 4 18,a1f1 f8f3 f1f2 f3f2 e2f2 g3f2,1918,advantage long middlegame pin
1S4se,r7/1k2Bp1R/3n4/2r1p3/1pp3P1/7P/PPB2P2/1K6 b - - 3 37,c5d5 e7d6 d5d6 c2e4 b7b6 e4a8,1544,advantage endgame exposedKing long pin skewer
1S6vh,2r2rk1/1bq1np1p/p4R2/1p1nP1B1/1bpPN3/8/1P2B1PP/R1Q3K1 b - - 2 21,d5f6 g5f6 f8d8 c1h6 e7f5 h6g5 g8f8 g5f5 b7e4 f5e4,2500,crushing fork middlegame veryLong
1STDG,2q5/pb5p/6kB/2p4R/3bn1P1/1Q5P/P2r2P1/5R1K b - - 10 34,e4g3 b3g3 b7g2 h1h2 g2f1 h6d2,2429,crushing long middlegame
1SZLb,5r1k/5p2/p4P1p/1pbBQ3/6Pq/P4R2/2r4P/3R3K w - - 1 33,e5h5 c2h2,1109,mate mateIn1 middlegame oneMove pillsburysMate
1SaeJ,8/p7/3P4/5p2/1P2kPp1/4p1P1/1r6/3R2K1 b - - 0 39,b2b4 d6d7 e3e2 d7d8q e2d1r d8d1,1579,advancedPawn crushing endgame long promotion rookEndgame
1Sp2z,r2r3k/4Q2p/1p1p3n/3Np3/8/2P5/PP4qP/K2R1R2 b - - 2 34,a8a2 a1a2 d8a8 a2b3,1924,crushing defensiveMove hangingPiece middlegame short
1SzAs,5r1b/5pkP/2p1pNn1/p1q1P1Q1/1p5R/3b4/PP3PP1/R5K1 b - - 3 32,c5e5 f6h5 g7h7 h5f6 h7g7 h4h7,2075,discoveredCheck doubleCheck long mate mateIn3 middlegame pin
1T0mo,4r1k1/pp2q2p/3p4/2pP4/P3pPQ1/2B4P/1P4PK/8 b - - 9 30,g8f7 g4g7,1305,endgame master masterVsMaster mate mateIn1 oneMove
1T1V1,r4k1r/ppq2p2/2pbpQ2/8/2n5/4B2P/PPP2PP1/3RR1K1 b - - 3 25,h8g8 e3h6 f8e8 e1e6 f7e6 f6e6 c7e7 e6g8,1362,crushing discoveredAttack fork middlegame sacrifice veryLong
1T7K2,6k1/1b3ppp/1q2p3/pPRp4/P2P4/3r2PP/1Q3P2/5K2 b - - 2 33,h7h6 f1e2 d3g3 f2g3,1978,advantage endgame short trappedPiece
1TBBp,3r2k1/p1p2pbp/1n4p1/5q2/4QP2/2NnP2P/PP3P2/R1B1K2R w - - 2 23,e1e2 f5h5 e2f1 g7c3,2316,crushing middlegame short
1THWF,4r3/8/2P2kp1/1P3pbp/B7/2Nn4/3p2PP/3R1K2 w - - 5 41,b5b6 e8e1 d1e1 d2e1q,1163,advancedPawn endgame mate mateIn2 promotion short
1TdRa,7k/1PR3p1/3N3p/2P5/5PbP/5rP1/4p1K1/3rR3 b - - 2 46,d1e1 b7b8q h8h7 c7g7,1724,advancedPawn advantage endgame promotion short
1ThoE,2rq1rk1/pp1nnpp1/7p/3pP1N1/3p3P/P1P5/2Q2PP1/R1B1K2R b KQ - 1 17,c8c3 c2h7,656,mate mateIn1 middlegame oneMove
1TiHn,8/4k3/2K1P1r1/8/pP5p/P3R3/8/8 w - - 3 49,b4b5 g6e6 e3e6 e7e6 c6c7 h4h3 b5b6 h3h2 b6b7 h2h1q,890,advancedPawn crushing endgame promotion rookEndgame veryLong
1U6a5,3r2k1/p7/1p5p/6p1/1PpB4/2P2qP1/PQ2KP1n/3R4 w - - 2 36,e2e1 d8e8 e1d2 e8e2 d2c1 e2b2,1753,crushing endgame long skewer
1U8k1,6k1/4Kppp/6P1/8/7P/8/p7/8 b - - 0 51,a2a1q g6f7 g8h8 f7f8q,977,advancedPawn endgame mate mateIn2 promotion queenEndgame short
1UGFX,2k5/5Rpp/p3p3/PP1bP3/3b3P/3r4/6P1/4R2K w - - 3 45,b5b6 d3h3,1189,endgame mate mateIn1 oneMove pin
1UWM9,r4rk1/pp3pp1/3p4/2bN4/2B1Pp1q/5Q2/PPP5/2KR4 b - - 0 20,a8c8 d1h1 h4h1 f3h1,1415,crushing middlegame short
1UdjB,2r2rk1/5Bpp/1q1p4/2p5/4PQ2/1PbP3P/6P1/5R1K b - - 0 29,f8f7 f4f7 g8h8 f7f8 c8f8 f1f8,944,backRankMate endgame long mate mateIn3
1UyaP,3r1rk1/ppp3pp/8/1P1q4/1Nn2P2/P3B2P/3R3K/bN1Q4 b - - 3 24,d5f5 d2d8 c4e3 d1b3 f5f7 d8f8 g8f8 b3e3,2156,advantage fork middlegame pin veryLong
1UzAW,8/5k2/3p1p1P/3P1P2/PbPK4/6p1/1B6/8 w - - 0 56,h6h7 g3g2 h7h8q g2g1q,2140,advancedPawn bishopEndgame crushing endgame promotion short
1V5mF,1r2kb1r/pp3pp1/1qp1p3/3p1bBp/Q1nPn3/1PN2NP1/P3PPBP/R4RK1 w k - 1 13,c3e4 c4b2 e4c5 b2a4,2062,advantage middlegame short trappedPiece
1V6EC,r5k1/pp3ppp/8/2pNrnq1/2P5/3Q3P/PP4P1/R4RK1 b - - 1 18,a8d8 f1f5 e5f5 d3f5 g5f5 d5e7 g8f8 e7f5,1788,advantage attraction fork middlegame sacrifice veryLong
1VC4n,rk1q3r/ppN2R2/3p3p/6p1/2P3B1/1nb4P/P5P1/1R4K1 b - - 1 27,b3c5 c7a6 c5a6 b1b7,1596,deflection mate mateIn2 middlegame pin queensideAttack sacrifice short
1VIYd,1k5r/1p3p2/pKp1p1p1/1P1pPr2/8/8/4R3/R7 b - - 0 54,a6b5 e2a2 b8c8 a2a7 f5f4 a7a8 c8d7 a8h8,2502,crushing endgame quietMove rookEndgame skewer veryLong
1VIlh,5k2/7R/2p2p2/3p1P2/3r2P1/r7/4B3/2K1R3 w - - 1 46,h7h2 a3a1 c1c2 a1e1,1456,advantage endgame short skewer
1VMyk,8/N1R3pp/nP2kp2/P3p3/8/1r6/4K2P/8 b - - 6 43,a6c7 b6c7 b3c3 c7c8q c3c8 a7c8,1410,advancedPawn crushing endgame long promotion
1VZFu,8/2pk1p2/5p2/2p2P2/4P1P1/3K4/5r2/6R1 b - - 0 35,f2f4 d3e3 f4e4 e3e4,1629,crushing endgame rookEndgame short trappedPiece
1WHKz,8/4k2p/8/2p3P1/2P1K3/8/5n1p/1Q6 w - - 4 60,e4f4 h2h1q b1h1 f2h1,1398,advancedPawn crushing endgame promotion short
1WWet,6r1/p1p2nB1/4kp2/4b2P/2P5/1P2P3/P7/2K3R1 b - - 0 31,f6f5 g1g6 e6e7 g7f6 e5f6 g6g8,2097,advantage collinearMove discoveredAttack endgame long
1WWv4,6k1/2p1q1pp/8/1bPpPp2/3P2QP/r5P1/4N3/5RK1 w - - 0 31,f1f5 b5e2 g4e2 a3g3 g1f1 e7h4 e2h5 h4h5,2249,capturingDefender crushing endgame exposedKing veryLong
1WY52,1q5k/4r1pp/5p2/3Q4/2p1Pp1P/1bP3P1/p5K1/R7 b - - 1 41,b8b7 d5d8 e7e8 d8e8,1080,backRankMate endgame mate mateIn2 short
1WafD,r1b2rk1/ppp2pp1/1b1p1q1p/1P5n/2N1P3/2PP1Q2/P4PPP/RNB1K2R w KQ - 4 13,f3h5 f6f2 e1d1 f2g2,1253,advantage attackingF2F7 middlegame short
1Wc7F,8/6pk/2r1p2p/3pPn2/PR1P1q2/5P2/5BP1/4Q1K1 w - - 0 53,a4a5 c6c1 b4b1 c1e1,1142,crushing endgame master pin short
1Wfp1,3r3k/R5p1/1p5p/8/3pP3/7P/PP4PK/8 w - - 1 33,e4e5 d4d3 e5e6 d3d2 e6e7 d2d1q e7d8r d1d8,1708,advancedPawn advantage endgame promotion rookEndgame veryLong
1WhGk,8/7P/6Q1/3kp3/8/5PPK/1q6/q7 w - - 2 60,h7h8q a1h1 h3g4 h1h8,1248,crushing endgame queenEndgame short skewer
1WlOk,8/8/8/8/4kP2/8/1p2N3/rR2K3 w - - 0 50,e2c3 e4d3 e1f2 d3c3 b1b2 c3b2,1761,crushing defensiveMove endgame long pin
1Wrxv,r2qr1k1/pppb1pp1/5n2/4p1Q1/2BnN1P1/7P/PPP5/4RRK1 b - - 1 20,f6e4 c4f7 g8f8 f7e8,2023,advantage discoveredAttack discoveredCheck fork middlegame short
1X8Ki,r4k1r/pp3p1p/2pp1N2/q4nQ1/2P1p3/3P2P1/PP2B3/R4K1R w - - 0 22,g3g4 f5g3 f1g2 a5g5,1837,crushing discoveredAttack fork middlegame short
1XBCI,8/8/8/5p2/1RP5/1R3bkp/8/6K1 w - - 1 63,c4c5 h3h2 g1f1 h2h1q,700,advancedPawn deflection endgame mate mateIn2 promotion short
1XNaZ,2k5/p4pN1/1ppr1P1p/2n3r1/8/8/P5PP/1R3RK1 b - - 4 28,g5g6 g7f5 d6f6 f5e7 c8b8 e7g6,1974,advantage endgame exposedKing fork long
1XOow,4kb1r/1p1n1ppp/p4n2/1p1p1b2/3P1B2/1Q2PP2/PP2K1PP/2r2BNR w k - 0 15,g2g4 f5c2 b3c3 c2d1 e2d2 c1c3,2020,crushing discoveredAttack long middlegame
1XSkV,8/3k4/3p2p1/1K1p2P1/2P5/8/p7/R2q1B2 b - - 1 56,d7e7 a1d1 a2a1q d1a1,827,crushing endgame hangingPiece short
1XTWQ,8/pp6/2p1kpp1/2P4p/P2K1PP1/4P3/5P2/8 w - - 0 33,g4h5 g6h5 f4f5 e6f5,1207,crushing endgame pawnEndgame short
1XVVK,8/ppp1r1kp/3rP1p1/8/2Q5/1B2q3/PP4P1/5R1K b - - 11 32,e3e6 c4c3 e6e5 f1e1 e5c3 e1e7 g7f6 e7f7,2805,advantage endgame sacrifice skewer veryLong
1XWUB,8/6p1/8/4k3/2P1P3/PK4N1/1P5p/8 w - - 4 44,b3c3 g7g5 g3h1 g5g4 c4c5 e5f4 c5c6 g4g3 c6c7 g3g2 c7c8q g2h1q,2641,advancedPawn crushing endgame knightEndgame promotion quietMove veryLong
1XaG0,5r2/p1p1r1k1/1b1p1qp1/3Bp1np/2P2P2/1P1QN1PP/PB2R3/5RK1 w - - 1 25,f4g5 f6f1 g1h2 f8f2,1886,crushing kingsideAttack middlegame pin short
1XaIb,r4r1k/1p4R1/p2p1p1p/2pP4/1qPN4/3B1R1P/6P1/6K1 b - - 0 35,c5d4 g7h7 h8g8 f3g3,1063,endgame mate mateIn2 short
1Xi8k,4b1k1/p1q1r1pp/4R3/1p2Pp2/2p2P2/2P3R1/P5QP/4K3 w - - 10 32,e6d6 c7d6 g3g7 e7g7,1537,crushing endgame pin short
1XpHa,1r4k1/4R3/8/2R4P/6P1/1p3P2/1bp3K1/8 w - - 0 53,e7e2 c2c1q c5c1 b2c1,1031,advancedPawn crushing endgame promotion short
1XyLa,r1b1kb1r/p2ppppp/1qp5/4P3/4n3/8/PPPB1PPP/RN1QKB1R w KQkq - 1 9,b1c3 b6f2,730,attackingF2F7 master mate mateIn1 oneMove opening
1Y8hD,r1b4r/ppp2pk1/2n3p1/2b1p1B1/2B2Pn1/P1NP2N1/1PP3PP/R4R1K w - - 1 17,g3e4 h8h2,1208,kingsideAttack mate mateIn1 middlegame oneMove
1Y9fj,8/5p2/4p2K/4k1PP/7r/3p4/8/1R6 b - - 2 46,e5d4 b1b4 d4e5 b4h4 d3d2 h4h1,1110,crushing defensiveMove endgame long rookEndgame skewer
1YEVu,q1rr2k1/4bpp1/p1b1p2p/P1p1B2Q/2P2P2/3B4/1R4PP/3R3K b - - 2 31,e7d6 e5d6 d8d6 d3h7 g8h7 d1d6 c8b8 h5e2 b8b2 e2b2,2380,advantage discoveredAttack middlegame veryLong
1YH7K,1rb2rk1/2q2ppp/8/pp1Bb3/5Q2/P1PP4/1P1N2PP/R4RK1 w - - 1 19,f4h4 c7c5 d3d4 c5d5,1535,advantage fork middlegame short
1YdJm,4r1k1/pp1br2p/2p3pq/8/3PB2P/8/PP2RQP1/4R1K1 b - - 0 24,d7g4 e4d5 c6d5 e2e7,1408,crushing discoveredAttack kingsideAttack middlegame short
1Yp6d,2r2rk1/ppb2qp1/4p2Q/4n3/1P6/2PR1N1B/P4P2/4K1R1 w - - 0 31,f3e5 f7f2 e1d1 f2g1,951,attackingF2F7 crushing fork middlegame short
1YpxF,r4Q1k/pp5p/6pB/8/2P1p3/7P/Pq4PK/5R1R b - - 3 27,a8f8 f1f8,443,endgame master mate mateIn1 oneMove pillsburysMate
1Yr2s,6r1/3r4/p4R2/kp3n2/8/2P2P2/P4R1K/8 w - - 8 43,f6f5 d7h7 f5h5 h7h5,1111,endgame mate mateIn2 rookEndgame short
1YwiQ,rn2r2k/pppq2pp/3bBp2/8/3P4/2P2b2/P1P1QPPP/R1B1R1K1 w - - 0 15,e6d7 e8e2 e1e2 f3e2,1208,advantage middlegame short
1Yx5u,2k3r1/ppp2p2/7b/8/4B3/1P4q1/P3Q1P1/4R1K1 b - - 1 28,h6f4 e4f5 c8b8 e2e8 g8e8 e1e8,1120,backRankMate endgame long mate mateIn3 sacrifice
1Yzne,r3kb1r/1pp2ppp/p1qp4/8/3NnPb1/2N5/PPP2QPP/R1B1K2R w KQkq - 0 11,d4c6 e4f2 e1f2 b7c6,1321,advantage attackingF2F7 intermezzo master opening short
1Z8OK,k7/P1K5/1P6/5pp1/8/8/4p1P1/8 b - - 2 52,e2e1q b6b7 a8a7 b7b8q a7a6 b8b6,1184,advancedPawn endgame exposedKing long mate mateIn3 promotion queenEndgame
1ZKGK,r3k2r/pQp2ppp/2n5/4P3/5Pb1/8/PPP2RPP/RNBq3K w kq - 1 16,f2f1 d1f1,518,hangingPiece kingsideAttack mate mateIn1 middlegame oneMove
1ZR6L,2Q5/5pk1/p3pbpp/8/1r3P2/q2R4/6PP/1R5K w - - 2 39,d3a3 b4b1 c8c1 b1c1,589,backRankMate endgame hangingPiece mate mateIn2 short
1ZTt7,2rr2k1/p4pp1/1p2pb2/8/Q3b1PP/5N1R/PP3P2/1K6 w - - 2 23,a4e4 d8d1,732,endgame mate mateIn1 oneMove
1ZjsX,r2q2k1/1bp3pp/p2b4/1p3r2/2p3N1/1PP4Q/P4PPP/R1B1R1K1 b - - 0 19,c4b3 g4h6 g7h6 h3f5,1397,advantage discoveredAttack kingsideAttack middlegame short
1Zl66,rn1qkb1r/pp2pp1p/2p1b1p1/3NN3/2BP4/5Q2/PPP2PPP/R1B1K2R b KQkq - 0 9,e6d5 f3f7 d5f7 c4f7,1963,attackingF2F7 mate mateIn2 opening sacrifice short xRayAttack
1ZnFC,1r4k1/5pbp/2p2np1/2Pp4/nr1P1PPB/pP1BP2P/3N4/1R1K3R w - - 3 29,b3a4 b4b1 d3b1 b8b1 d2b1 a3a2 d1c1 a2a1q,2027,advancedPawn advantage exposedKing middlegame promotion sacrifice veryLong
1ZnS5,5rk1/r4ppp/pq3n2/3p2B1/8/1P3N2/P1P1QPPP/4R1K1 b - - 0 18,f8e8 e2e8 f6e8 e1e8,1243,backRankMate mate mateIn2 middlegame short
1Zo0k,r1b4r/p2nk1bp/2n3p1/1pq3N1/5P2/1P4K1/P5PP/1QB1R3 b - - 1 19,e7d8 g5e6 d8e7 e6c5,1780,advantage discoveredAttack discoveredCheck fork middlegame short
1a2I1,2kr1bnr/B1pq2pp/1p6/5p2/2Q5/2N5/PPn2PPP/5RK1 b - - 1 16,f8c5 c4a6,829,mate mateIn1 middlegame oneMove
1a7GK,r2q1rk1/pb1nbppp/1pN1p3/8/6Q1/1PBPP1P1/P4PBP/R3R1K1 b - - 0 16,b7c6 g4g7,1225,kingsideAttack mate mateIn1 middlegame oneMove
1a7Hm,4r1k1/ppp3pp/4p3/8/P7/3P3P/1qP1Q1P1/5R1K b - - 0 24,b2a2 e2f3 h7h6 f3f7 g8h7 f7e8,2069,crushing endgame fork long
1aFYs,r4rk1/pppbbppp/2n1p3/2P5/1q1P4/2N2N2/PP2BPPP/R2Q1RK1 b - - 0 12,b7b6 a2a3 b4b2 c3a4 b2a1 d1a1,2050,crushing long middlegame trappedPiece
1aRiZ,8/2P5/1p1n4/1Pk5/8/8/3K1N2/8 w - - 1 58,f2e4 d6e4 d2c1 e4d6,1474,crushing endgame hangingPiece knightEndgame short
1aWRm,4R3/p5pk/1p3p2/5bq1/1QP5/P4r2/1B3PP1/6K1 w - - 0 32,b4f8 f5h3 f8h8 h7g6 h8h3 f3h3,1621,crushing endgame long pin
1aXNk,r1b1k2r/ppp2ppp/2n2q2/2b1P3/3p4/1B5P/PPP3P1/RNBQ1RK1 b kq - 0 13,f6g6 b3f7 g6f7 f1f7,1023,attackingF2F7 crushing fork opening short
1ae6q,1k5r/1pp5/3b1pQ1/p7/q1pP3P/2P2N2/PP3P2/1K2R3 w - - 0 27,g6f6 h8f8 f6e6 f8f3 e6e8 a4e8,1700,advantage endgame long skewer
1ah7c,8/1b3ppk/2p4p/2Q5/2P3qn/P3B3/5PP1/5BK1 w - - 2 33,a3a4 h4f3 g1h1 g4h4,1178,endgame mate mateIn2 pin short
1aiXh,8/8/8/3k4/5R2/5p2/2p5/2r1BK2 w - - 0 75,f4f3 c1e1 f1e1 c2c1q,581,advancedPawn attraction crushing endgame promotion short
1apZZ,8/2p1k3/1pK1Pp1p/p1p2P2/6PP/1P6/P7/8 w - - 1 34,c6c7 b6b5 g4g5 f6g5,1968,advantage endgame pawnEndgame quietMove short
1au35,4r1k1/p1p2ppp/1p3b2/7b/4q3/1QP2N1P/PP3PPB/3R2K1 w - - 0 23,d1e1 e4e1 f3e1 e8e1,528,backRankMate mate mateIn2 middlegame short
1ayc6,r7/5pkp/r2p2p1/3R1n2/2P2P2/1P3B1P/1P4P1/1K1R4 w - - 1 31,g2g4 f5e3 b1c1 a6a1 c1d2 a1d1 f3d1 e3d5,2394,advantage endgame fork skewer veryLong
1b2MV,8/pB1k2p1/3p4/5bNp/7P/P3R1P1/8/K4r2 w - - 1 35,a1b2 f1b1 b2c3 b1b7,1185,advantage endgame master short skewer
1b5P2,8/4Q2p/6pk/5r2/1P3n1P/3q4/5PP1/4R1K1 b - - 0 40,f4h5 g2g4 h5g7 g4f5,1763,crushing endgame fork short
1b5ZK,r1bqkb1r/p1pp1p1p/2p3p1/4N3/4n3/5Q2/PPPP1PPP/RNB1K2R b KQkq - 1 7,f8g7 f3f7,940,attackingF2F7 mate mateIn1 oneMove opening
1bDuH,8/R5pp/1p2p1k1/1P3b2/3P4/2r1qP2/1Q3RPP/6K1 w - - 4 32,h2h3 c3c2 b2c2 f5c2,2087,crushing endgame pin short
1bNuC,1k1r4/5R2/p7/1p6/5P2/4n3/PPP4P/5RK1 w - - 3 29,f1f2 d8d1 f2f1 d1f1,877,endgame mate mateIn2 short
1bPmj,3R1r2/5P1k/5Qp1/p2p3p/1p1P2r1/3qP1p1/PP1B4/5RK1 b - - 5 36,d3d2 f6h8 h7h8 d8f8 h8g7 f8g8 g7h7 g8h8 h7h8 f7f8q h8h7 f1f7,1948,advancedPawn attraction endgame mate mateIn5 promotion sacrifice veryLong
1bUld,3r2k1/4Q1pp/b2q4/p7/1p1p4/5PN1/PP4PP/1K2R3 w - - 2 31,g3f5 a6d3 b1a1 d3f5 e7d6 d8d6,1119,crushing endgame fork long
1bb87,r3kb1r/pp3ppp/2pqp3/4n2b/B5n1/P1NP1N1P/1PP2P2/R1BQ1RK1 w kq - 0 12,h3g4 h5g4 f3e5 g4d1,1595,advantage opening short
1bc0W,1R6/8/3r4/8/4PK2/2k5/1p6/8 w - - 0 57,e4e5 d6d4 f4g5 d4b4 b8b4 c3b4 e5e6 b2b1q,1497,advancedPawn crushing endgame promotion rookEndgame veryLong
1bgSR,rn3rk1/pbp2ppp/1p6/3p4/2P5/P2B1QPq/2P2P1P/R1B2RK1 b - - 1 17,b8d7 d3f5 d5c4 f5h3 b7f3 h3d7,1505,advantage long middlegame trappedPiece
1bpam,5rk1/pb3p2/1p2p3/4Rq1p/3Q4/6P1/PPP2P1P/6K1 b - - 0 30,f5f3 e5g5 g8h7 d4g7,988,endgame mate mateIn2 short
1byTL,5r2/8/8/6k1/6R1/6K1/8/8 b - - 21 75,g5f5 g4f4 f5e5 f4f8,827,crushing endgame master rookEndgame short skewer
1c0AV,8/p7/1p2k2p/8/5p2/P1Pp1K1P/1P2p1P1/4R3 w - - 2 37,f3e4 d3d2 e1e2 d2d1q,1006,advancedPawn advantage endgame promotion rookEndgame short
1c2tj,r2qr1k1/4ppbp/1p4p1/pQ1P4/4PP2/B6P/6P1/1R3RK1 w - - 0 26,b5b6 d8b6 b1b6 g7d4 g1h1 d4b6,1181,attraction crushing fork long middlegame
1c3WU,r1bqkbnr/ppp2ppp/4p3/1P6/1nPN4/1Q1pP3/P2P1PPP/RNB1KB1R b KQkq - 2 7,d8d4 e3d4 b4c2 e1d1,1853,crushing hangingPiece opening short
1c4yw,8/8/4p3/4Ppp1/1K1P4/5P1k/8/8 w - - 0 55,b4c5 g5g4 f3g4 f5g4 d4d5 g4g3 d5d6 g3g2 d6d7 g2g1q,1916,advancedPawn crushing endgame pawnEndgame promotion veryLong
1c85e,2r1k2r/pp3p2/3Qp1p1/3pP1P1/7p/1P2q2P/P3n1BK/R4R2 b k - 1 23,e2g3 f1f7 e8f7 d6d7,1796,attackingF2F7 attraction crushing middlegame sacrifice short
1c9PD,rnb2rk1/pp1p1p2/1q3n1p/2bpB1p1/4P3/2N4P/PPP2PP1/R2QKBNR w KQ - 1 10,e5f6 c5f2 e1d2 b6e3,1122,attackingF2F7 mate mateIn2 middlegame short
1cHCC,2k2r2/1p4Q1/3qp3/pbp1N3/1b1PBPP1/3KP3/6P1/1R6 w - - 1 29,e5c4 b5c4 d3c4 d6a6 c4b3 a5a4 b3a2 a6c4 a2a1 b4c3 b1b2 c3b2,2243,advantage attraction middlegame veryLong
1cHnb,2r4k/5Rpp/p3p3/4P1Q1/1P1q3B/P2bp2P/6P1/7K b - - 0 27,c8g8 g5g7 g8g7 f7f8 g7g8 h4f6,1541,endgame long mate mateIn3 sacrifice
1cM3v,3r1rk1/2R2p1p/6p1/pp1qPP2/6P1/Q7/1PP4P/2K1R3 w - - 3 26,a3a5 d8a8 c7a7 a8a7 a5a7 f8a8 a7a8 d5a8,1689,advantage clearance endgame veryLong
1cRUx,r4rk1/p1p3p1/2p1pb1p/3p4/3P1qP1/3Q1P1R/PPP1N1K1/R7 b - - 1 23,f4g5 h3h5 g5h5 g4h5,1526,advantage middlegame short trappedPiece
1ceUh,4R3/R4ppk/7p/8/3B4/2P4P/1p3PPK/2q5 w - - 0 37,e8b8 c1f4 g2g3 f4b8,1382,crushing endgame fork short
1cmj3,rn6/p2b3p/5k2/8/1p1N4/N1p5/P1K2r1P/B2RR3 w - - 0 23,e1e2 f2e2 d4e2 d7a4 c2c1 a4d1,1965,crushing exposedKing long middlegame skewer
1cpa9,r6k/pR6/4P2p/8/2pb4/5Pr1/P1B5/4R2K b - - 0 34,a8g8 b7h7,1274,endgame mate mateIn1 oneMove operaMate
1cwOu,7k/2Q3Rp/6pP/3p4/p1pPp3/P3P3/1rKBq3/5r2 w - - 0 44,c2b2 e2d2,772,endgame hangingPiece mate mateIn1 oneMove
1cx4F,8/1pR4p/3p2pk/3P1p2/1P2nP2/P6P/3Q1PBK/q3r3 w - - 4 32,g2e4 f5e4 d2e1 a1e1,2099,advantage endgame master masterVsMaster short
1d6AG,rn2kbnr/pQp2ppp/4b3/4P3/2q5/8/PP2PPPP/RNB1KBNR w KQkq - 0 6,b7a8 c4c1,1583,hangingPiece mate mateIn1 oneMove opening
1d7r9,1r2kb1r/2p2ppp/p2p2b1/2p1p3/4N1Pq/1P1PB2P/P1P2PK1/R2Q1R2 b k - 1 14,f7f5 e3g5 h4h3 g2h3,1490,advantage middlegame short trappedPiece
1dDo6,4rk2/p1p1nppQ/2pp1r2/6qp/B7/2P5/PP3PPP/3RR1K1 b - - 9 22,g5f4 h7h8 e7g8 e1e8 f8e8 h8g8,1441,advantage attraction long middlegame pin
1dVop,8/pr3pk1/7p/2p3p1/2P1R3/P7/5PPP/6K1 w - - 0 28,e4e5 b7b1 e5e1 b1e1,435,backRankMate endgame mate mateIn2 rookEndgame short
1dZ8x,5qr1/1p1k1p1Q/p3p3/3pPp2/1P1n1P2/P7/5RPP/2R3K1 w - - 5 29,g2g3 g8h8 h7h8 f8h8,1524,advantage endgame short trappedPiece
1dmdC,5rk1/p6p/5qp1/4b3/3p4/1Q3PNP/PP3K2/6R1 b - - 2 33,g8g7 g3h5 g7h8 h5f6,1283,crushing endgame pin short
1drOv,r3kb1r/1bp2ppp/2n1pq2/1BPpN3/1B1Qn3/4P3/P4PPP/RN2K2R b KQkq - 6 12,f8c5 b4c5 f6f2 e1d1 a8a2 a1a2,2168,advantage long middlegame pin
1e2iA,2br2k1/p2qb2r/2p1p1pN/2p1B3/2P5/P2P1Q2/1P4PP/R4RK1 b - - 0 27,h7h6 f3f7,987,mate mateIn1 middlegame oneMove
1e3de,r1q5/p1p3rk/2Pp2n1/BP2p2p/2Q1P3/4bN2/P5R1/6RK w - - 8 35,g2g6 c8h3 f3h2 e3g1 g6g7 h7g7,2106,crushing fork long master middlegame
1e4GY,4r1k1/1p4pp/p3q3/8/3P2P1/3nBQ2/PP5P/4R1K1 w - - 5 27,d4d5 d3e1 d5e6 e1f3,1121,crushing endgame hangingPiece short
1e8H4,4Q3/ppBn1ppk/7p/2pq4/6P1/5n1P/P4PN1/4RK2 w - - 2 31,e8e4 d5e4 e1e4 f3d2 f1e2 d2e4,961,advantage attraction fork long middlegame
1e9kX,5rk1/5p1p/p1RN1np1/5q2/7Q/8/PP2p1PP/4RrK1 w - - 2 29,e1f1 e2f1q,681,advancedPawn mate mateIn1 middlegame oneMove promotion
1eAlC,3r4/ppb2ppk/5nbN/8/1P4P1/P1Q4P/1B3PBq/4RK2 b - - 0 26,g7h6 c3f6 g6d3 e1e2 d3e2 f1e2,1468,crushing hangingPiece long middlegame
1eDyk,r3r1k1/1b3pbp/pq3np1/4p3/8/1P1B1N2/PB2QPPP/2R1R1K1 w - - 0 18,b2e5 f6d7 e5g3 e8e2,2620,advantage middlegame short
1eKkM,r5k1/pp3P1p/8/3R4/2p2R2/6Pb/PP2r2P/6K1 b - - 0 22,g8g7 d5g5 g7f8 g5g8 f8e7 g8a8 e2e1 g1f2,1538,crushing endgame skewer veryLong
1eS4k,r4r2/ppp3pk/4p2p/8/3qP1n1/3PQ3/PPP3PP/R1B2R1K w - - 2 18,e3d4 f8f1 d4g1 g4f2,1326,hangingPiece kingsideAttack mate mateIn2 middlegame pin short smotheredMate
1eXHW,r1b1kbnr/ppp2ppp/3p2q1/4n1BP/2B1P3/1Q3N2/PP3PP1/RN2K2R b KQkq - 0 10,e5f3 b3f3 g6g5 f3f7 e8d8 f7f8,1771,attackingF2F7 crushing deflection long opening
1ecCA,6k1/pp4b1/2p1n3/4P2q/2P1Br2/6Q1/PP3P2/3RR1K1 w - - 2 32,g3g2 f4g4 g1f1 g4g2,1077,advantage middlegame pin short
1en7o,2k2rr1/p2q4/1pp4p/3p1P1B/3P4/Q1P1P1R1/P4P2/2K5 b - - 2 29,g8g3 a3f8 d7d8 f8d8 c8d8 f2g3,1621,crushing endgame exposedKing hangingPiece long master
1epjC,7k/4rPpp/8/3p4/1p6/7P/P5K1/4R3 b - - 0 42,e7f7 e1e8 f7f8 e8f8,597,backRankMate endgame mate mateIn2 rookEndgame short
1f5r3,6rk/pp1r1qp1/2p1p1Rp/4Qp2/3P4/P1P3RP/1P3PP1/6K1 b - - 7 37,d7e7 g6h6,1285,endgame kingsideAttack mate mateIn1 oneMove pin
1fAcY,8/Pq4pk/3p3p/5p2/4nP2/4B1P1/2Q3KP/8 w - - 2 44,c2d3 e4c5 g2f2 c5d3,1129,crushing discoveredAttack discoveredCheck endgame short
1fCe7,6k1/1Q3pp1/4p2p/1P6/5q2/r4P1P/5PK1/5R2 b - - 0 33,a3b3 b7c8 g8h7 c8c2 b3d3 c2d3,1275,crushing endgame fork long
1fLFc,r1b1kr2/pp1n3p/2p5/4p1R1/4P3/3B4/P1PQ2PP/5q1K w q - 0 20,d3f1 f8f1,472,backRankMate master mate mateIn1 middlegame oneMove
1fPhX,k6r/P1rq2pp/RQ1P1p2/2p1b3/3p2P1/7P/1PP2PK1/7R b - - 0 27,c7a7 h1a1 d7b7 b6b7 a8b7 a6a7,2055,advantage attraction exposedKing long middlegame pin queensideAttack quietMove
1fRaP,2B5/2r2p2/P5p1/2pkP2p/1pR2P1P/8/1K4P1/8 b - - 0 31,d5c4 c8b7 c4b5 a6a7 c7b7 a7a8q,1574,advancedPawn crushing endgame long promotion quietMove
1fZJG,8/5R1p/R5p1/5pkn/8/5P1K/5r2/8 w - - 9 45,f7h7 h5f4 h3g3 f2g2,1345,endgame mate mateIn2 short
1fi9k,2r5/1P1k3p/6p1/P7/1rN5/6P1/5PP1/4R1K1 b - - 0 36,b4b7 c4b6 b7b6 a5b6,1581,advantage endgame fork master short
1fnEs,r4rk1/5ppp/Npn1p1n1/3p4/1q1P4/3Q1N1P/PPP2PP1/R4RK1 b - - 0 17,b4b2 f1b1 b2a1 b1a1,1495,advantage middlegame short trappedPiece
1g0ut,8/8/8/5K1p/P7/6p1/3N1k2/8 w - - 0 57,a4a5 g3g2 a5a6 g2g1q,818,advancedPawn crushing endgame knightEndgame promotion short
1g2TF,8/8/8/8/8/kp4R1/p2n4/K7 w - - 4 71,g3b3 d2b3,1177,endgame hangingPiece master mate mateIn1 oneMove
1gB2s,r5r1/4kp1p/p1p2p2/4pP2/8/2P1bP2/P5PP/1R1R3K b - - 2 23,a8d8 b1b7 e7e8 d1d8 e8d8 b7b8 d8d7 b8g8,1428,advantage attraction endgame skewer veryLong
1gC8X,3r2k1/p2q1pp1/1p3n1p/3p1b2/1PrQ1N2/P3PP2/1B1R2PP/5RK1 w - - 6 22,d4e5 d8e8 f4d5 e8e5 d5f6 g7f6 d2d7 f5d7,1588,crushing middlegame trappedPiece veryLong
1gLwc,8/8/B2R2pp/1b2rpk1/8/1P3PK1/7P/8 b - - 0 41,b5a6 f3f4 g5h5 f4e5,1264,crushing endgame fork short
1gOy9,3rR3/Q2P1ppk/5q1p/8/8/p7/5PPP/r2R2K1 w - - 7 39,a7a4 a1d1 a4d1 d8d7,2437,crushing endgame short
1gQz3,5k2/5p2/6p1/N1PPb3/8/1p6/P7/4K3 w - - 0 46,a2b3 e5c3 e1f2 c3a5,976,crushing endgame fork short
1gXC0,8/8/pK6/4kp2/PP6/8/8/8 w - - 0 50,b6a6 f5f4 a6a7 f4f3 b4b5 f3f2 b5b6 f2f1q,702,advancedPawn crushing endgame pawnEndgame promotion quietMove veryLong
1gc2J,5rk1/p1P3p1/1p2R1p1/8/4b3/8/Pq4PP/3Q2K1 w - - 0 28,e6e4 b2f2 g1h1 f2f1 d1f1 f8f1,922,backRankMate endgame long mate mateIn3
1gsHn,7Q/1p6/4K3/2kq4/8/8/P7/8 w - - 1 46,e6f6 d5d4 f6f5 d4h8,1052,crushing endgame queenEndgame short skewer
1hCQ8,8/4P1p1/p6p/5p1P/5P2/2k3P1/4KP2/r7 b - - 0 57,a1a2 e2f3 a6a5 e7e8q,1520,advancedPawn crushing defensiveMove endgame master promotion rookEndgame short
1hJ8N,8/5q2/6bk/3p3p/1ppP2p1/2P1Q2N/1P4P1/6K1 b - - 1 41,h6h7 h3g5 h7g7 g5f7,890,crushing endgame fork short
1hSJz,r1b2rk1/p2nqpp1/1pp1p2p/8/3PNP2/P2QP3/1PB3PP/R4RK1 b - - 1 18,d7f6 e4f6 e7f6 d3h7,879,clearance kingsideAttack mate mateIn2 middlegame short
1hTN4,r1bqk1nr/1p1p1pbp/2n1p1p1/p1p3N1/P3P3/3P1Q2/1PP2PPP/RNB1KB1R b KQkq - 2 7,c6d4 f3f7,416,attackingF2F7 mate mateIn1 middlegame oneMove
1hWEh,7Q/8/3r1k1p/1p6/2p5/4qBKP/6P1/8 b - - 1 43,f6e6 h8e8 e6f5 e8e3,1094,crushing endgame short skewer
1hz7y,6r1/3r2P1/5K2/8/2k5/8/8/6R1 b - - 5 52,c4d3 g1d1 d3c3 d1d7,1174,crushing endgame rookEndgame short skewer
1i1xs,8/8/8/8/p1pK4/Pk6/1P6/8 w - - 4 50,d4c5 c4c3 b2c3 b3a3 c3c4 a3b3 c5b5 a4a3 c4c5 a3a2 c5c6 a2a1q,2330,advancedPawn crushing deflection endgame pawnEndgame promotion veryLong
1i2Gw,8/5pk1/4p1p1/2Q4p/P4P2/1Pn3rP/6K1/8 w - - 0 39,g2g3 c3e4 g3g2 e4c5,940,crushing endgame fork short
1i5DV,r4rk1/ppq2ppp/2p2n2/2Ppb3/1P6/P2QP2P/4NPP1/1RB2RK1 b - - 0 16,a7a6 f2f4 f6e4 f4e5,1432,crushing middlegame short trappedPiece
1iRcE,rnbqkbnr/pp2pppp/2p5/6N1/8/3B4/PPP2PPP/RNBQK2R b KQkq - 0 5,b8a6 g5f7 d8a5 c1d2,1768,advantage attackingF2F7 master opening short
1ijDi,1r6/2n2pp1/R2pk2p/2p1p3/2P1P2P/1P2BPP1/2bN4/4K3 w - - 13 37,a6c6 e6d7 c6c7 d7c7,1707,advantage endgame short trappedPiece
1ix8w,2kr3r/1pq2pp1/p3pn2/2b3B1/3n2p1/2NQ2P1/PPP1NPB1/R4RK1 w - - 0 14,g5f6 d4f3 g2f3 d8d3 c2d3 g4f3,2265,advantage discoveredAttack kingsideAttack long middlegame
1ixwm,8/1p6/1P4kp/6p1/4K1P1/4P3/8/8 w - - 3 37,e4e5 h6h5 g4h5 g6h5 e5d6 g5g4 d6c7 g4g3 c7b7 g3g2 b7a6 g2g1q,905,advancedPawn crushing endgame pawnEndgame promotion quietMove veryLong
1j5oA,r4rk1/p5p1/1p1Q4/3p1b2/2pq4/5B2/PP1N1P2/2K4R b - - 4 31,d4d3 d6d5 d3d5 f3d5 f8f7 d5a8,2217,crushing fork long middlegame
1j7tp,rn2k2r/pbpp1ppp/1p2p3/8/3Pn2q/2BB1QP1/PPP2P1P/2KR2NR b kq - 0 9,h4f6 d3e4 f6f3 e4f3 b7f3 g1f3,1398,crushing long opening
1jDT2,4r1k1/1p3npp/2r5/3N1p2/2q1p3/P1P4P/1PQR2P1/4R1K1 w - - 6 32,d2d4 c4d4 c3d4 c6c2,942,crushing discoveredAttack middlegame short
1jKtG,2r3k1/2R2ppp/R7/8/1P6/7P/6P1/7K b - - 0 40,c8c7 a6a8 c7c8 a8c8,558,backRankMate endgame mate mateIn2 rookEndgame short
1jNrW,4qr1k/bp4pp/p1b2p2/8/1QBr1P2/4R3/PP3BPP/R6K b - - 0 25,d4e4 e3e4 c6e4 f2a7,1398,advantage discoveredAttack middlegame short
1jbYE,2k4r/ppp3pp/3bp3/2r1q3/2P5/P5P1/4NQ1P/3R1RK1 b - - 0 23,c8b8 f2f8 h8f8 f1f8 d6f8 d1d8,1785,backRankMate long mate mateIn3 middlegame sacrifice
1jjAv,3k4/R2P4/4P3/7p/2n1p2P/p5K1/1p6/8 b - - 0 43,b2b1q a7a8 d8c7 d7d8q,1109,advancedPawn crushing endgame master promotion short
1jnWK,r1b1kbnr/1pp3pp/p1p2p2/8/3P4/3NB3/PPP1QP1q/RN2KR2 b Qkq - 1 10,f8d6 e3f4 e8f8 f4h2,1165,crushing discoveredAttack discoveredCheck opening short
1jolS,6k1/p6p/P3N1p1/1P3pb1/4p3/8/3p1PPP/1Rr3K1 w - - 1 38,b1c1 d2c1q,1065,advancedPawn backRankMate endgame mate mateIn1 oneMove promotion
1jvpI,4r1k1/3b2pp/p2q4/1p1p1B2/3P4/2P2Q1P/P5P1/5R1K b - - 0 28,e8f8 f5h7 g8h7 f3f8,1717,advantage deflection discoveredAttack endgame master short
1jwEY,3r2k1/1pp2pp1/p2b3p/2nR4/8/3N1PB1/PPP3PP/4r1K1 w - - 0 20,g3e1 d6h2 g1h2 d8d5,1224,crushing discoveredAttack endgame kingsideAttack short
1kA33,8/3q4/2p1p3/1pPpQ1P1/1P1PpPk1/4K3/8/8 b - - 4 38,g4g3 f4f5 g3g4 f5e6 d7a7 e5f4,2544,crushing discoveredAttack discoveredCheck endgame long queenEndgame
1kQZ3,2N2k2/p1P2pp1/7p/8/8/3n4/3q2PP/2R3RK w - - 3 32,h2h3 d3f2 h1h2 d2f4 g2g3 f4d2,2037,crushing endgame long
1kWbx,5rk1/1bpp2pp/1p2pq2/1Nb5/2P5/4P3/3B1PPP/3QKB1R w K - 5 21,d2c3 f6f2,1468,attackingF2F7 mate mateIn1 middlegame oneMove
1kblJ,4r1k1/ppp2ppp/3q1n2/4r3/P1P5/5Q2/2PB1PPP/R3R1K1 w - - 1 19,d2f4 e5e1 a1e1 e8e1,785,backRankMate mate mateIn2 middlegame short
1kcyM,8/4p1k1/3p2p1/p1pPbq2/P1P1K1b1/3BQ2N/1r6/2R2R2 w - - 7 38,f1f5 g6f5,1802,mate mateIn1 middlegame oneMove
1ktAV,5R2/6p1/6pk/p2B4/P4PKp/8/5r1r/8 b - - 1 43,f2d2 f8h8,510,endgame mate mateIn1 oneMove
1kyUV,r2qkb1r/pp3p1p/2p2pp1/4R3/2B5/5Q1P/PPPP1PP1/R1B3K1 b kq - 0 11,f6e5 f3f7,817,attackingF2F7 mate mateIn1 middlegame oneMove
1l9XH,2r3k1/1b5R/p3ppr1/2p4Q/1q2P3/2N5/P1P3PP/7K b - - 2 31,g6g7 h7h8,931,mate mateIn1 middlegame oneMove
1lEBd,r7/3k4/2pPp3/4Pp2/1P1P2p1/P1K3P1/q1N1Q3/8 w - - 5 51,e2h2 a8a3 c3d2 a2c2 d2c2 a3a2 c2d3 a2h2,1214,attraction crushing endgame sacrifice skewer veryLong
1lIel,6k1/5p2/p2P1n1p/5Pp1/3pNnP1/5R1P/P6K/1Br5 b - - 3 43,f6e4 d6d7 e4f6 d7d8q,2060,advancedPawn advantage endgame promotion short
1lLZK,1r1q1rk1/4ppbp/p1np2p1/1p1P4/5P2/2N1B3/PPP3PP/R2Q1RK1 b - - 0 15,c6b4 a2a3 b4c2 d1c2,1750,advantage middlegame short trappedPiece
1lT5R,2k2b2/p3pq2/2p1b3/4P2N/2pPp1P1/P1P1Br2/1P2Q2R/2K5 w - - 1 30,h2g2 f3e3 e2e3 f7f1 c1c2 f1g2,1976,advantage clearance fork long middlegame sacrifice
1ley7,r1bqkb1r/4pppp/p7/3BP3/6n1/8/PPP2PPP/R1BQK2R b KQkq - 0 11,a8b8 d5f7 e8f7 d1d8,1597,attackingF2F7 crushing deflection discoveredAttack master opening short
1lyXA,4k2r/1r1pnpp1/2pBp3/p3PbNp/2PN3P/1P2R1P1/P4P2/6K1 b k - 0 25,f7f6 e5f6 g7f6 d6e7 e8e7 d4f5,2224,advantage attraction long middlegame pin
1lyh1,8/8/2KBk3/b5pp/P7/6P1/8/8 w - - 0 42,d6c7 a5c7 c6c7 h5h4 g3h4 g5h4 a4a5 h4h3 a5a6 h3h2 a6a7 h2h1q,1630,advancedPawn bishopEndgame crushing endgame promotion veryLong
1lzNE,6k1/2q2pp1/5b2/p3p3/8/2P1BQ1P/1r3PP1/3R2K1 b - - 1 43,b2c2 f3a8 g8h7 a8e4,1391,crushing endgame short
1mDFF,rn3k1r/4q1p1/4Ppp1/1Q6/p3p1P1/2P1P3/pPK2P1P/3R3R b - - 0 22,e7e6 d1d8 f8e7 d8h8 e6b3 b5b3,1566,advantage long middlegame skewer
1mEBi,rn1q3k/pp3prn/2pp3Q/4b3/2B1P3/2P1N2R/PP4PP/5R1K b - - 1 21,d8g5 h6g5 g7g5 f1f7,1834,crushing middlegame pin short
1mL6E,2r1k3/4b1p1/3Bp2p/1p2P2P/1Kn1P3/P2N4/5RP1/8 w - - 3 38,f2c2 c4d6 c2c8 d6c8,1754,crushing discoveredAttack discoveredCheck endgame master short
1mR5Q,2k2r2/p4qpp/4p3/2ppn3/3p4/1N6/PPP1Q1PP/4R1K1 w - - 0 21,e2e5 f7f2 g1h1 f2f1 e1f1 f8f1,1042,backRankMate endgame long mate mateIn3 sacrifice
1mUn7,2r5/1p6/8/1k1pB2P/p1r5/8/2p2PP1/2Q3K1 w - - 0 41,h5h6 c4b4 e5b2 a4a3 b2a3 b4b1 g1h2 b1c1,2230,crushing endgame pin quietMove veryLong
1menr,1R6/8/6p1/1p2pn1p/7P/2k2KP1/8/8 w - - 4 58,b8b5 f5d4 f3e4 d4b5 e4e5 b5d4,1837,crushing defensiveMove endgame fork long
1n5LL,3rr1k1/1pp3pp/5p2/p2P4/2P2qn1/PP3N2/1B1NBK2/6RQ w - - 4 28,f2e1 e8e2 e1e2 f4e3 e2d1 g4f2 d1c1 f2h1,1525,advantage attraction exposedKing fork middlegame sacrifice veryLong
1n6jy,8/8/1K4p1/P6p/1pk2P1P/6P1/5B2/8 w - - 0 67,f2e1 b4b3 b6c7 b3b2 a5a6 b2b1q,933,advancedPawn advantage bishopEndgame endgame long promotion
1nU1o,1r4k1/p4p1p/2pr1p2/4p3/4P3/5P2/P1P3PP/3R3K w - - 0 25,d1d6 b8b1 d6d1 b1d1,513,backRankMate endgame mate mateIn2 rookEndgame short
1nW8J,4r1k1/p1p1qppp/8/8/1rQ1N3/8/PbP3PP/3RR1K1 w - - 2 19,c4b4 e7b4 e4f6 g7f6 e1e8 g8g7,1386,crushing hangingPiece long middlegame
1nX8U,3r2k1/p1R2ppp/6b1/1q3r2/1B1P4/4Q2P/P4PP1/4R1K1 w - - 12 31,a2a4 b5b4 e3e8 b4f8,1844,advantage hangingPiece master middlegame short
1na8s,r2qk2r/pp1n1pp1/2pbp1bp/8/2BPN3/4BQ2/PPP3PP/3R1RK1 b kq - 0 13,g6e4 f3f7,936,attackingF2F7 mate mateIn1 middlegame oneMove
1nw5m,r1bq1r2/pp2n1p1/2n1pPk1/3p2N1/3P2Q1/P1P5/5PPP/R1B1K2R b KQ - 0 14,g7f6 g5e6 g6f7 e6d8,1277,advantage discoveredAttack discoveredCheck fork middlegame short
1nyI9,2r3rk/p2bq1pp/3p1b2/1ppP1P1B/4P3/2B3RQ/PP5P/6RK b - - 3 29,b5b4 h5g6 h7h6 c3f6 e7f6 g3g4,2752,crushing defensiveMove long middlegame pin
1o3Zq,8/8/p4PPk/1p2Pp2/1Pr2N2/8/P4K2/8 w - - 1 40,f6f7 c4f4 f2e3 f4e4 e3f3 h6g7,1654,crushing endgame exposedKing hangingPiece long master
1o3km,2r1r1k1/1bqnbppp/3pp3/p5PQ/Np1BP3/1B3PR1/PPP4P/2KR4 w - - 3 19,d4g7 g8g7 g3h3 d7f8,2336,advantage defensiveMove hangingPiece master masterVsMaster middlegame short
1o5ut,2k4r/1pp2ppp/pB1bp3/3r4/2R4q/3P3P/PP2QPP1/3R2K1 b - - 3 18,h4c4 d3c4 d5d1 e2d1,1035,advantage hangingPiece middlegame short
1o6LH,2b1r3/1pp5/p6p/3Rn1k1/8/2P3NP/P2N1KP1/8 b - - 6 34,e8f8 d2f3 f8f3 g2f3,1236,advantage endgame pin short
1oL78,8/pp2kqR1/2p2n1Q/7r/5P2/4r3/1P6/5RK1 w - - 4 35,g7f7 e7f7 h6h5 f6h5,746,crushing endgame master short trappedPiece
1oSrw,6Q1/7p/2k2p2/2qpp3/4P1K1/5PP1/7P/8 b - - 2 48,d5e4 g8c8 c6b5 c8c5 b5c5 f3e4,1679,crushing endgame exposedKing long queenEndgame
1oa6T,8/PQ3pk1/5p2/1p2bP1p/3p4/3b4/4r3/K1B5 b - - 0 40,d3c4 a7a8q d4d3 a1b1,1732,advancedPawn advantage endgame master promotion short
1ofvp,5r1k/pQ4bp/8/3p4/8/8/P1P3PP/6qK w - - 0 25,h1g1 g7d4 g1h1 f8f1,883,backRankMate endgame mate mateIn2 short
1osa6,4r1k1/2bQ1p1p/2p3p1/p2n4/PqNBp3/4P3/2P2PPP/R5K1 b - - 1 24,b4c4 d7e8,576,hangingPiece kingsideAttack master mate mateIn1 middlegame oneMove
1otxQ,1k5r/pp1q1pp1/2n1p3/4P3/3r1P2/P3B1Pp/4Q2P/R1R3K1 b - - 2 25,d4e4 e3a7 b8a7 e2e4,923,advantage discoveredAttack middlegame queensideAttack short
1pEif,2rq3k/3b1Qpp/4p1p1/3pP3/1B1P4/4P2P/6P1/5RK1 b - - 0 33,d7b5 b4f8 d8f8 f7f8 c8f8 f1f8,1791,backRankMate endgame long mate mateIn3
1pI4E,3k4/5R2/2rp2p1/5b2/BP3P2/7r/K1p1R3/8 w - - 2 48,a4c6 c2c1n a2b2 c1e2 f7f8 d8c7,1974,advancedPawn advantage endgame fork long master promotion superGM underPromotion
1pK4N,r3k2r/1bq1npb1/p3p1pp/4n3/Np2PBPP/5P2/1PPQN1B1/1K1R3R b kq - 1 17,c7a5 f4e5 g7e5 d2d7 e8f8 d7b7 a5a4 b7a8,1632,advantage fork master middlegame veryLong
1pN7k,rnbqk2r/pp2ppbp/5np1/8/3p4/3B1NN1/PPP2PPP/R1BQ1RK1 w kq - 0 9,f3d4 d8d4 d3b5 f6d7 d1d4 g7d4,2017,advantage hangingPiece long master opening
1pkkn,5rk1/4qppp/p7/8/Q2P4/4P1P1/br4BP/2R2RK1 w - - 2 21,e3e4 b2g2 g1g2 e7e4 g2f2 a2d5,1883,advantage attraction defensiveMove long middlegame
1pwdQ,5r2/1R3pk1/4p3/3pP1NK/5P2/4n3/8/8 b - - 0 45,e3f5 g5e6 g7g8 e6f8,1154,crushing endgame pin short
1qCBi,r1b5/p4Rkp/1pp2qp1/2np1p2/1Q6/PB3N2/1P3PP1/4R1K1 b - - 0 31,f6f7 b4d4 g7g8 f3g5 f7d7 d4f6 c5e4 g5e4,2160,crushing middlegame pin veryLong
1qDZB,r1b1k1nB/pppp1p1p/1b6/8/4P3/5Q2/PPP2PPP/RNq1KB1R w KQq - 1 10,f3d1 b6f2 e1f2 c1d1,1313,advantage attackingF2F7 deflection opening short
1qKax,1k6/7Q/1p1p1p2/1r1Bq3/8/PK6/5P1P/3R4 w - - 1 32,b3c4 e5e2 h7d3 e2b2 d3f3 b5c5 c4d3 c5c3,2777,advantage endgame fork veryLong
1qPUv,7k/1p4p1/1p3r1p/p4q2/P3p3/1BN1R3/1PP1Q1PP/7K w - - 2 32,e2e1 f5f1 e1f1 f6f1,582,backRankMate endgame mate mateIn2 short
1qQHv,5rk1/3pQp2/p1P2P1r/1p1P1Bqp/8/8/PP4P1/5R1K b - - 0 30,d7c6 d5c6 h6f6 c6c7 g5h4 h1g1,2676,advancedPawn crushing endgame long master
1qVU8,r3k2r/ppp4p/2nq1p2/3p2p1/3Pp1Q1/2P1P2P/PP3PP1/R3KB1R w KQkq - 0 13,f2f3 h7h5 g4f5 c6e7 f3e4 e7f5,1769,crushing long middlegame trappedPiece
1qawl,5r2/P6p/1R4p1/3k4/1P1n4/N2p4/3B2PP/6K1 w - - 1 34,b6b8 d4e2 g1h1 f8f1,1011,backRankMate endgame mate mateIn2 short
1qjBC,8/1p4pk/1q5p/3Q4/1P1P4/1r6/1B1n2PP/5RK1 w - - 1 33,d5f5 b6g6 f5g6 h7g6,1511,advantage defensiveMove endgame short
1qyKx,r1bqk2r/ppp1n1pp/2n2p2/2bPp1N1/2B5/3P1Q2/PPP2PPP/RNB1K2R b KQkq - 0 7,f6g5 d5c6 h8f8 c6b7 f8f3 b7a8q,2235,advancedPawn advantage fork long opening promotion
1r2T8,r1b1k2r/4nppp/p3p3/1N6/4P3/3R1N2/PPP2PPP/2KR4 b kq - 0 15,a6b5 d3d8,403,mate mateIn1 middlegame oneMove
1r36E,8/8/2Pk4/5Pp1/2Kp1pPp/3P3n/8/1B6 w - - 3 66,c4b5 f4f3 b5b6 f3f2 c6c7 f2f1q c7c8q f1b1,2098,advancedPawn advantage endgame promotion veryLong
1r47M,6rk/1R1R3p/p7/3N1bb1/2P1pP2/4p3/P3B1pK/8 w - - 1 38,d7f7 g5f4 h2g1 f4h2 g1h2 g2g1q,1168,advancedPawn attraction exposedKing long mate mateIn3 middlegame promotion
1r6MZ,r1b2r2/pp2ppkp/2qp2p1/4n1P1/2P1P2P/2Nn1PN1/PP1QB3/R3K2R w KQ - 3 16,e2d3 e5f3 e1d1 f3d2,952,advantage fork middlegame short
1rBb8,5r1k/ppq2pp1/2r1p2p/3pP3/3P1Q1P/PP1R2R1/5PP1/6K1 b - - 4 26,c7e7 g3g7 h8g7 d3g3 g7h7 f4g4 e7g5 h4g5,1640,attraction crushing endgame kingsideAttack master masterVsMaster sacrifice veryLong
1rCe2,5k2/8/3KPPP1/2p5/8/8/4r3/8 b - - 3 46,e2f2 e6e7 f8e8 f6f7 f2f7 g6f7 e8f7 d6d7,1827,advancedPawn attackingF2F7 crushing defensiveMove endgame exposedKing rookEndgame veryLong
1rCe4,r3k2r/1p2npbp/pqn1p1p1/4P3/2B5/N3BQP1/P2R3P/5RK1 b kq - 5 17,b6a5 f3f7,1041,attackingF2F7 mate mateIn1 middlegame oneMove
1rHsp,5rk1/2p2pp1/2p1r2p/5N1Q/pp1PP1R1/7P/PP4PK/2q5 b - - 6 26,e6g6 f5e7 g8h8 e7g6 f7g6 h5g6,1833,crushing endgame fork long
1rVBT,1r3b1k/pb3Rp1/2p4p/4qN2/6Q1/1B6/PPP3PP/3Rq2K w - - 0 24,d1e1 e5e1,862,backRankMate mate mateIn1 middlegame oneMove
1rfp2,8/1b2r3/p4p2/PpNpkPp1/1N4P1/2P2K2/1P6/8 b - - 0 44,b7c8 b4c6 e5d6 c6e7,1150,crushing endgame fork master short
1rfzQ,r4rk1/pR4pp/1p3q2/8/4p3/P3PN2/1P3PPP/3QK2R w K - 0 20,f3d4 f6f2,926,attackingF2F7 mate mateIn1 middlegame oneMove
1rmRv,rn2k2r/p4ppp/1qpBpn2/3p4/8/2Q1PN2/PP3PPP/R4RK1 b kq - 2 13,f6e4 c3g7 e4d6 g7h8,1250,advantage middlegame short trappedPiece
1rndG,rn3rk1/p4ppp/1p2p3/2q5/8/3B1P2/PPPQ1P1P/R3R1K1 b - - 0 15,f8d8 d3h7 g8h7 d2d8,995,crushing discoveredAttack kingsideAttack middlegame short
1rnyc,r1b1kqnr/pp3p2/2pb2pp/4p3/2B1PPnN/1QP3N1/PP1B2PP/R4RK1 b kq - 2 15,b7b5 c4f7 f8f7 b3f7,991,advantage attackingF2F7 middlegame short
1rrY5,3Q4/5rpk/2p4p/8/PPP5/5q2/1r4RP/6RK w - - 4 34,d8d1 b2g2 d1f3 g2g1 h1g1 f7f3,1601,crushing endgame intermezzo long
1rvuM,8/8/1k3n2/6Kp/8/5P2/8/8 w - - 0 55,g5f6 h5h4 f3f4 h4h3 f4f5 h3h2 f6g7 h2h1q,476,advancedPawn crushing endgame pawnEndgame promotion quietMove veryLong
1s3xe,7Q/5k2/2q1p2p/5p1P/p4P2/7K/1P4P1/8 b - - 4 49,c6e8 h8h7 f7f6 h7h6,1411,crushing endgame queenEndgame short
1s6U2,2r3k1/7p/4p1p1/3p1p2/5P2/1PrP4/R5PP/1R5K w - - 0 35,b3b4 c3c1 b1c1 c8c1,474,backRankMate endgame mate mateIn2 rookEndgame short
1sD0o,r4r2/pbp2pkp/1p2p1p1/3qP3/8/3B4/PPPQ1PPP/R4RK1 w - - 0 15,a1d1 d5g2,439,kingsideAttack mate mateIn1 middlegame oneMove
1sDqj,rn2R3/pN1k1qp1/1p1p4/1NpP4/2P5/8/PP1K4/6R1 b - - 0 28,f7e8 g1g7 e8e7 g7e7 d7e7 b5c7 b8d7 c7a8,1470,crushing endgame trappedPiece veryLong
1sEu3,6k1/r1p3bp/4P1p1/1PR2p2/P4P2/8/6PP/R5K1 w - - 0 33,a1a2 g7d4 g1f1 d4c5,732,advantage endgame fork short
1sFEu,r2q1rk1/p1p1bppp/1p2b3/3p1P2/3QP3/2NP4/PP1B2PP/R4RK1 w - - 0 15,f5e6 e7c5 d4c5 b6c5 e6e7 d8e7,1036,crushing long middlegame pin
1sGpF,r2r2k1/ppp1qpp1/1n2p1n1/6PQ/2PP4/2PBB3/P2K1P2/7R b - - 5 20,c7c5 h5h7 g8f8 h7h8 g6h8 h1h8,1638,backRankMate long mate mateIn3 middlegame sacrifice
1sKTY,1br1r1k1/pp3q2/2p4p/2Pn1pP1/2NBp3/1P2P1P1/P2R1PK1/3R3Q b - - 0 28,h6g5 h1h8,1076,master mate mateIn1 middlegame oneMove
1sRSw,5r1k/p1p3pp/5r2/3QN3/8/8/P4qPP/2RR3K w - - 1 26,e5d7 f2f1 d1f1 f6f1 c1f1 f8f1,834,backRankMate long mate mateIn3 middlegame sacrifice
1sZF6,r4kr1/2p1bp1p/pp1p1n2/3P1q2/PPB1pp2/2Q4P/1BP2PP1/R3RK2 b - - 0 24,g8g2 f1g2 f4f3 g2h2 f5f4 h2h1 f4h4 c4f1,1906,advantage hangingPiece middlegame veryLong
1sdY2,r1bqk2r/pp3ppp/2nb1n2/2ppp2N/8/1P2P2P/PBPP1PP1/RN1QKB1R b KQkq - 3 7,c8f5 h5g7 e8f8 g7f5,1210,advantage fork opening short
1seC9,r6k/ppb3p1/7p/2pQp2q/P1N2r2/BPPP3b/5PP1/4RRK1 w - - 0 22,g2h3 h5h3 e1e3 f4g4 e3g3 e5e4,2248,advantage kingsideAttack long middlegame pin
1snj5,2rq1rk1/1b3ppp/p1n5/1p1pN3/1b1P1P2/1P1B2P1/PB5P/2RQR1K1 w - - 3 19,b2c3 c6e5 c3b4 c8c1 d3h7 g8h7 d1c1 e5f3,2405,crushing discoveredAttack middlegame veryLong
1szOl,k4N2/pb3PQ1/8/7p/P1pp4/3q3P/1P2r1P1/R4R1K w - - 1 36,f8d7 d3h3 h1g1 e2g2 g7g2 h3g2,1588,fork long mate mateIn3 middlegame pin
1t5P3,4rrk1/pp3pp1/5q1p/3p1P2/2p1P1R1/2P4Q/PP4PP/4R2K w - - 0 25,e4d5 e8e1,810,backRankMate endgame hangingPiece mate mateIn1 oneMove
1t60l,4nrk1/1p3pp1/1np3Q1/p7/3P1qP1/1BN4P/PP3PK1/2R5 w - - 0 23,c1e1 a5a4 c3a4 b6a4 e1e4 f4f6 g6f6 e8f6,2498,advantage middlegame veryLong
1t8yM,2k3r1/pppr4/5p2/2b1n2p/Q3P2P/2P2N2/PP2P3/R4K2 w - - 5 25,a1d1 d7d1 a4d1 e5f3 e2f3 g8g1 f1e2 g1d1,1892,crushing middlegame skewer veryLong
1tDoG,r5k1/5ppp/8/3ppPP1/7P/1p1RBP2/rK6/7R w - - 2 30,b2b3 a8a3 b3b4 a3d3,1393,crushing endgame short skewer
1tGEM,1r3k2/1p5R/6p1/1p1N1p2/1P2n3/8/P5PP/3K4 b - - 0 32,b8d8 h7h8 f8f7 h8d8,743,crushing endgame short skewer
1tIA8,4br1k/pp4pp/4pr2/3p4/P5N1/7Q/6PP/R3q2K w - - 0 28,a1e1 f6f1 e1f1 f8f1,425,backRankMate endgame mate mateIn2 short
1tLnW,8/3R2b1/6kp/2p5/6P1/5K1P/2r1N3/8 b - - 0 42,c5c4 e2f4 g6f6 f4h5,1520,advantage endgame short
1tTIo,8/8/2P5/1K1k4/p3p3/8/8/8 b - - 0 64,a4a3 c6c7 a3a2 c7c8q a2a1q c8d7 d5e5 d7g7 e5e6 g7a1,1964,advancedPawn crushing endgame master pawnEndgame promotion skewer veryLong
1tX3S,r2qk2r/pp3ppp/1bp5/3p4/1P2R1P1/P4Q1P/B4P2/R1B3K1 b kq - 0 18,d5e4 f3f7,1279,attackingF2F7 mate mateIn1 middlegame oneMove
1tjRF,3R4/2r3k1/p4n2/1p1pN1Kp/1P1P4/P3P3/8/8 w - - 15 59,d8d6 f6e4 g5h5 e4d6,851,crushing endgame fork short
1tjSb,2r5/1RP2k1p/4p1q1/3pQpp1/3P4/7P/6PK/8 b - - 2 39,g6f6 e5d6 f6e7 d6d8 c8d8 c7d8n f7f6 b7e7,2342,advancedPawn crushing endgame pin promotion sacrifice underPromotion veryLong
1tjvS,N1b2rk1/pp1pnppp/5q2/2b1p3/4P3/1P1Q4/P1nP1PPP/R1B1KBNR w KQ - 0 9,d3c2 f6f2 e1d1 f2f1,1047,attackingF2F7 deflection mate mateIn2 middlegame short
1ttlG,6k1/5p2/1p3q2/p2p2pQ/P2P4/4P1N1/2r2PP1/R5K1 w - - 1 36,h5d1 f6f2 g1h2 f2g2,853,endgame fork mate mateIn2 short
1tuFf,rnb1k1nr/pppp1ppp/5q2/2b5/4p1P1/5P1N/PPPPP2P/RNBQKB1R w KQkq - 0 5,f3e4 f6h4 h3f2 h4f2,1390,attackingF2F7 mate mateIn2 opening short
1u02R,8/2n5/P1P5/2k5/1N4p1/5p1p/5P1K/8 w - - 1 55,a6a7 c5b4 a7a8q c7a8,1256,crushing endgame hangingPiece knightEndgame short
1u7gZ,4kb1r/pp3ppp/q3p3/n2RPnB1/Q1rP4/P1N2N2/5PPP/4K2R b Kk - 0 17,c4a4 d5d8,741,mate mateIn1 middlegame oneMove operaMate
1uDGe,8/8/P6B/1n4p1/2p3P1/2Pk3P/4p3/4K3 w - - 0 47,h6g5 b5a3 e1f2 a3c2 a6a7 e2e1q,2100,advancedPawn crushing endgame long promotion quietMove
1uJfU,4r2k/7p/5npB/5P2/bp5P/p1bP2R1/2P2P2/2R2K2 b - - 0 33,g6f5 h6g7 h8g8 g7f6 g8f7 f6c3,1152,advantage discoveredAttack discoveredCheck long middlegame
1uJhb,4k1R1/1p2bp2/p2p4/7b/8/1NrB4/P1P5/1K6 b - - 1 27,e8d7 d3f5 d7c7 g8c8 c7b6 c8c3,969,advantage endgame long skewer
1uSbU,2krr3/2p3pp/2p5/p2p4/Pb1P3q/3QB3/4RPPP/R5K1 b - - 1 19,d8d6 e3g5 h4g5 e2e8,2111,advantage discoveredAttack middlegame short
1uZNT,3r4/qp2ppkp/p5p1/2N1P2n/1P1n4/P3Q2P/3r1P2/2R1RBK1 b - - 6 27,d4f5 c5e6 f7e6 e3a7,1161,advantage discoveredAttack middlegame short
1ubHV,1r1qk3/bbpp1p1p/p1n2p1r/1p1Q3B/3P4/2N5/PPP3PP/R4RK1 b - - 3 18,c6e7 d5f7,678,attackingF2F7 mate mateIn1 middlegame oneMove
1utZ0,6k1/1pq2p2/3pp1p1/7p/1PP1P3/r3N1bP/2Q2P2/3R2K1 w - - 0 31,f2g3 a3e3 g1f2 e3a3,1915,advantage endgame hangingPiece master short
1v0Bw,1k4B1/1pq5/p3p3/1b2rp2/5QP1/7P/PP3P2/1K1R4 w - - 0 28,g8e6 b5d3 b1a1 e5e6 f4c7 b8c7,1877,advantage endgame intermezzo long master
1v1aO,1k1r3r/p1p1b2p/Bp1q1npP/5pB1/3P4/2N2Q2/PPP5/2K4R b - - 2 22,f6d5 g5e7 d6e7 c3d5 e7e4 f3e4,1753,advantage long middlegame
1v60W,2r3k1/5ppp/4p3/r7/2RP4/p2K4/P4PPP/1R6 b - - 0 26,c8c4 b1b8 c4c8 b8c8,807,backRankMate endgame mate mateIn2 rookEndgame short
1v8gb,6k1/4rpbp/p7/4P3/P2R2R1/3p3P/6PK/3r4 b - - 1 35,d3d2 d4d8 e7e8 d8e8,941,endgame mate mateIn2 pin short
1vAtc,2k4r/pp4Rp/1bp1p3/2P2p2/5q2/1Q6/PP3P2/1K1B4 b - - 0 24,b6c7 b3e6 c8b8 g7g8 c7d8 g8h8,1632,crushing endgame long master masterVsMaster pin
1vCt2,4r1k1/p4p1p/2p2p2/3p1b2/N3q3/1P4Q1/r4PPP/2R2RK1 b - - 5 24,g8h8 a4c3 e4e6 c3a2,1685,advantage fork master middlegame short
1vImG,4r3/7R/1p4Q1/2n4p/P6k/2P1q3/6PK/8 b - - 0 49,e3f4 g2g3 f4g3 g6g3,1116,endgame fork mate mateIn2 short
1vPjS,1k1r4/ppq3Q1/2p1pn1p/3n3r/3PN3/RBP5/PP3P2/1K1R4 w - - 1 26,g7g6 d8g8 g6f6 d5f6,1700,advantage middlegame short trappedPiece
1vZJv,4r3/8/1p6/p7/P6P/3p1RP1/2k1pK2/4R3 w - - 4 46,h4h5 d3d2 e1e2 e8e2 f2e2 d2d1q,1120,advancedPawn advantage attraction endgame long promotion rookEndgame
1vaGe,r1bqk2r/ppp2pp1/1bnp3p/3QP3/2B1n3/2P2N2/PP3PPP/RNB2RK1 b kq - 1 9,e4c5 d5f7,514,attackingF2F7 mate mateIn1 oneMove opening
1vfDZ,2rqkb1r/pp1nnppp/4p3/1N1pP3/3P1P2/3Q1N2/PP4PP/R1B1K2R b KQk - 4 11,a7a6 b5d6,1372,mate mateIn1 middlegame oneMove smotheredMate
1w09E,2k5/1p5p/p1r2np1/2p5/2R1p3/1PP1N3/P3KPPP/8 w - - 2 25,a2a4 b7b5 a4b5 a6b5 c4c5 c6c5,1123,crushing endgame long trappedPiece
1w0Or,1B6/3k4/5p2/1P1K1Pp1/p5P1/8/1b6/8 w - - 0 45,b8d6 a4a3 b5b6 a3a2 b6b7 a2a1q,1046,advancedPawn bishopEndgame crushing endgame long promotion
1w9Jl,r7/pp2q2k/2b2rp1/8/3Q4/1P3pPP/PB5K/2R5 w - - 0 35,d4f6 e7e2 h2g1 e2g2,1320,endgame mate mateIn2 short
1wA2G,5r1k/1p4pp/8/8/1bQq1p2/p6P/P4PPB/2R3K1 b - - 3 29,b4c5 c4c5 d4c5 c1c5,1001,advantage endgame short
1wSlS,2r5/1q1bkpb1/p2p1p1p/Qp2p3/3nP3/N4P2/PPP3PP/2KR1B1R w - - 3 19,c2c3 d4c6 a5a6 b7a6,2029,advantage middlegame short trappedPiece
1wrjA,1Q6/p5rk/2p1p3/3q2b1/3P4/1P2P2P/P1P3P1/4R1K1 w - - 7 28,b8e5 g5e3 e1e3 d5g2,1095,endgame mate mateIn2 short
1x2wN,8/2p2pk1/1pn1q1p1/pB1pPbQ1/N6r/8/PPP2P2/2K1R3 b - - 2 28,h4h5 g5f6 e6f6 e5f6 g7f6 b5c6,1072,advantage long middlegame
1x7Cq,r1bqk2r/ppp2pp1/3p3p/2bBp3/4P3/3P1Q1P/PPP2PP1/R1B2RK1 b kq - 0 10,c7c6 f3f7,590,attackingF2F7 mate mateIn1 middlegame oneMove
1xId4,r3k2r/pppq1p1p/4pp2/3P1b2/1b1P4/2N5/PP2PPPP/R2QKB1R b KQkq - 0 9,d7d5 d1a4 d5c6 a4b4,1184,advantage fork middlegame short
1xIoJ,2k3r1/q1p4p/p1Qb2r1/8/P4p2/2PP2N1/5PPP/R3R1K1 b - - 0 25,f4g3 e1e8 g8e8 c6e8 c8b7 a1b1,1154,advantage long middlegame queensideAttack
1xPS2,1n4rk/2ppq1pp/2b1pb2/8/3P1NQ1/3B4/1PPB1P1P/4K3 b - - 7 20,f6g5 f4g6 h7g6 d2g5 e7g5 g4g5,1939,crushing discoveredAttack kingsideAttack long middlegame
1xTe4,3r4/2qrk1Q1/pp4P1/2p2p2/2P2p2/3P3P/P3P2K/3N2R1 b - - 0 45,e7d6 g7f6,1033,endgame mate mateIn1 oneMove
1xWXt,8/8/P1R5/6p1/2ppK1P1/7P/2k5/3r4 b - - 6 47,d4d3 c6c4 c2d2 c4a4 d1e1 e4d4,2118,crushing endgame long quietMove rookEndgame
1xYa3,2r1k2r/5ppp/Q3pnn1/1pB4q/8/8/P2R1PPP/2R3K1 b k - 0 29,c8c5 a6a8 e8e7 a8a7,2050,advantage middlegame short
1xcph,r1bqkb1r/ppp2ppp/2n5/3np1N1/2B5/5Q2/PPPP1PPP/RNB1K2R b KQkq - 1 6,h7h6 f3f7,797,attackingF2F7 mate mateIn1 oneMove opening
1xgSy,r5k1/pp3pp1/4b2p/4PnQ1/6PP/2B5/qP2BP2/3R2K1 w - - 0 23,g5h5 g7g6 g4f5 g6h5,1329,advantage master middlegame short trappedPiece
1xquT,2r5/pp2kpbp/4pp2/1B1p4/P2q4/QPr5/5PPP/1R3RK1 b - - 1 18,e7d8 a3d6,988,mate mateIn1 middlegame oneMove
1xr5F,r1bq1rk1/4ppbp/n1pp3B/p5Qp/1p1PP3/5P2/PPP1N1P1/2KR1BN1 b - - 1 13,f7f6 g5g7,560,kingsideAttack mate mateIn1 middlegame oneMove
1xsmx,1k4r1/1pp2p2/p4Bq1/3PP3/3QbP2/7P/P4RPK/R7 w - - 1 28,a1g1 g6g3 h2h1 g3h3,1504,deflection mate mateIn2 middlegame pin short
1xwDa,r4rk1/ppp1npp1/3pb2p/5q2/3P3P/P1P1BN2/2BQ1PP1/R5K1 b - - 9 21,f5f6 e3g5 h6g5 h4g5 f6f3 g2f3,2084,advantage long middlegame sacrifice trappedPiece
1y5jm,3k4/6p1/3P1p2/3K1P2/1PP4p/3B2n1/8/8 w - - 0 78,d5d4 h4h3 c4c5 h3h2 c5c6 h2h1q c6c7 d8d7 d3b5 d7d6,2113,advancedPawn advantage defensiveMove endgame promotion veryLong
1y5pN,r1b2rk1/pp3pbp/1qp3pn/4B3/4P1n1/3B1N1P/PPP1NP2/R2QK2R w KQ - 0 16,e5g7 b6f2 e1d2 f2e3,1773,advantage attackingF2F7 fork opening short
1y8M1,3r2k1/1p2qpp1/p1p2n1p/8/NP2bQ2/P3P1P1/5PBP/2R3K1 w - - 4 24,a4c5 g7g5 f4e4 f6e4,1932,advantage middlegame short trappedPiece
1yFu8,r3kb1r/pp1b1ppp/q7/3pPp2/3B4/1Q3N2/P2N1PPP/R4RK1 w kq - 3 15,b3d5 d7e6 d5b3 e6b3,1907,advantage middlegame short trappedPiece
1yIgP,8/8/2k5/3p2p1/1p1P2P1/5P2/3K4/8 w - - 0 54,d2c2 c6b5 f3f4 g5f4 g4g5 f4f3 g5g6 f3f2 g6g7 f2f1q,1538,advancedPawn crushing endgame pawnEndgame promotion veryLong
1yTaV,2r2k1r/p1q1bp1p/5p2/1B3P2/3RQp2/8/PP3PPP/1K4NR w - - 3 17,e4f4 c7c2 b1a1 c2c1 f4c1 c8c1,1367,backRankMate long mate mateIn3 middlegame
1yWkf,3r3r/8/p1Q1B3/kpb3Pp/3N1n1P/1P6/P4K2/8 w - - 4 37,c6c5 f4d3 f2g2 d3c5,1035,advantage endgame fork master masterVsMaster short
1yn0B,5k2/1r3p2/p7/4PK2/5PR1/8/8/8 b - - 0 50,b7a7 f5f6 a6a5 f4f5 a7a6 e5e6,2245,crushing endgame long quietMove rookEndgame
1yq4T,r2q1r2/b1p2p1k/p2p2pp/1p1P4/2P2Bn1/P2Q2NP/BP4PK/4RR2 w - - 2 19,h3g4 d8h4,467,mate mateIn1 middlegame oneMove
1z2zs,3r4/5kp1/2prp1p1/1p3pP1/8/2R5/PPP1Qq2/1K2R3 w - - 8 34,e2f2 d6d1 e1d1 d8d1,479,backRankMate endgame mate mateIn2 queenRookEndgame short
1z3TM,3R4/6pp/2r2p1k/p2p4/3P2Q1/2q3P1/5KPP/8 w - - 2 34,d8d5 c3b2 g4e2 c6c2 e2c2 b2c2,2078,clearance crushing endgame long pin
1zG8Z,1r4k1/R4ppp/4p3/P2pP3/2p1bP2/2P4P/1R4P1/3B2K1 b - - 0 30,b8b2 a7a8 b2b8 a8b8,482,backRankMate endgame mate mateIn2 short
1zVwc,r2qk2r/pppbnppp/3p4/1B2n3/2NP4/5N2/PP3PPP/R2QK2R w KQkq - 0 11,c4d6 c7d6 b5d7 e5d7,1655,advantage hangingPiece opening short
1zbJZ,8/bP2k3/PrK5/6R1/4Bp1p/5P2/6P1/8 w - - 11 56,c6d5 b6b5 d5c6 b5g5,1475,crushing endgame master short skewer
1zc1U,r1bqk2r/1pp2ppp/2np4/p1b1p1B1/2P1n3/P2P1N2/1P2PPPP/R2QKB1R w KQkq - 0 8,g5d8 c5f2,1291,attackingF2F7 mate mateIn1 middlegame oneMove
1zdd5,r2qkb1r/1p1bpppp/p7/2p1n2Q/P1B5/7P/1PPP2P1/RNB2RK1 b kq - 1 11,e5c4 h5f7,680,attackingF2F7 mate mateIn1 oneMove opening
1zhl1,r3r1k1/1p3ppp/pq1b1n2/2pp4/P4P2/2NP1Q2/1PPB2PP/R3R2K b - - 2 16,b6b2 e1b1 b2c2 a1a2 c2b1 c3b1,2042,advantage long middlegame trappedPiece
1zrbQ,r4rk1/1b1n1ppp/2q1p3/2Pp4/Q2P4/4PN2/3N1PPP/R3KB1R w KQ - 3 19,a4c6 a8a1 e1e2 b7c6,1409,crushing hangingPiece intermezzo middlegame short
1zw5w,r2qk2r/ppp3pp/5pn1/3P4/2P3Q1/2P1B3/P4PPR/R3K3 b Qkq - 1 16,d8e7 g4g6 h7g6 h2h8 e8f7 h8a8,1979,crushing exposedKing long middlegame skewer
1zxA0,5rk1/pp2P1p1/7p/3p1r2/8/3QR3/6PP/4Rq1K w - - 3 31,e1f1 f5f1 d3f1 f8f1,973,backRankMate endgame mate mateIn2 queenRookEndgame short
1zzye,1r3Q2/1q1k2P1/3p4/p1pPp3/P1P1Rp1P/1r1R4/6K1/8 b - - 0 50,b3d3 f8f7 d7d8 g7g8q,1695,advancedPawn endgame mate mateIn2 promotion short
201Gx,3q4/8/1r1p1k2/Q4Pp1/4p2r/1B6/PbP5/1K1R1R2 w - - 0 39,b1b2 b6b3 a2b3 d8a5,968,crushing discoveredAttack middlegame short
204AR,rn3r1k/pp2B1pp/1b1q4/3pN3/8/1B6/PP3PPP/R3Q1K1 b - - 1 21,d6e7 e5g6 h7g6 e1e7 b6f2 g1h1,1328,advantage discoveredAttack long middlegame
207jj,r3r2k/pp6/2p2q1p/3p1pR1/3PpP1Q/2P4P/PP4P1/2K4R b - - 1 27,e8g8 g5g8 h8g8 h4f6,935,crushing discoveredAttack endgame kingsideAttack short
208WX,r3q1k1/pp3pp1/6np/3p1Q2/2p4P/2P5/PPB2PP1/R5K1 b - - 0 21,e8e6 f5e6 f7e6 c2g6,951,advantage capturingDefender discoveredAttack endgame short
208YO,r3r1k1/1ppqbppp/p2p1n2/3Q4/4P3/2N1BP1P/PPP3P1/R3R1K1 w - - 3 15,d5b7 e8b8 b7b8 a8b8,1369,advantage middlegame short trappedPiece
208jF,8/8/5R2/3PK3/6k1/5pr1/8/8 b - - 3 51,g3g1 f6g6 g4h3 g6g1,1181,crushing endgame master rookEndgame short skewer
20OKf,6k1/pp3ppp/2q5/4P1b1/8/5QB1/PPPr3P/4KR2 b - - 12 23,c6c2 f3f7 g8h8 f7e8,1180,backRankMate endgame mate mateIn2 short
20U3S,8/8/8/2KR2p1/8/2k1pB1P/r7/8 w - - 10 67,d5g5 a2a5 c5d6 a5g5,892,crushing endgame short skewer
20UjG,7r/8/8/8/3k4/4RK2/8/8 w - - 24 61,f3e2 h8h2 e2f3 h2h3 f3g4 h3e3,936,crushing deflection endgame exposedKing long rookEndgame skewer
21g6n,5rk1/1R4pp/8/4p1N1/3b4/3P4/r4PPP/5RK1 w - - 2 26,g5e6 f8f2 b7b8 f2f8 e6d4 f8b8,2201,crushing discoveredAttack discoveredCheck endgame long
21iBn,4r1k1/1BQ2pp1/4b2p/2B5/1P6/8/5PPP/5K2 w - - 3 44,b4b5 e6c4 f1g1 e8e1,712,backRankMate endgame mate mateIn2 short
21iWl,8/2K5/3B2p1/6P1/4kp1p/7P/8/8 w - - 0 57,d6f4 e4f4 c7d6 f4g3 d6e5 g3h3,2055,crushing endgame hangingPiece long
21opo,rnb2rk1/1ppp1ppp/p7/4PPN1/1Pq1P3/P4K1Q/5bPP/RNB2B1n b - - 1 15,c4c1 h3h7,938,kingsideAttack mate mateIn1 middlegame oneMove
21qk2,2r1r1k1/p4p1p/bn1Qp1pP/8/4q3/1B6/PBP5/1K1R2R1 b - - 1 23,b6c4 d6a6 c4b2 b1b2,1960,advantage hangingPiece master middlegame short
227rh,r1b1rb2/ppqnk1p1/5n2/3p3Q/3P3B/2P5/PP1N1R2/1B2R2K b - - 3 25,e7d8 h5e8,1512,mate mateIn1 middlegame oneMove pin
22bEh,2r3k1/R4ppp/8/8/4N3/3R3P/P1p2PPK/2r5 w - - 0 24,d3d7 c1h1 h2h1 c2c1q,1551,advancedPawn advantage attraction endgame promotion short
22qbh,8/p5R1/k1p5/2r4P/4b3/6B1/7K/8 w - - 0 46,g7a7 a6a7 g3f2 a7b6,1166,crushing defensiveMove endgame hangingPiece master short
232bh,r5k1/1ppbn1pp/p3p1q1/8/2BPp3/2P1B2P/PP3QP1/5RK1 b - - 0 19,e7f5 f2f5 g6f5 f1f5,1586,advantage middlegame pin short
23Lo7,3r3k/pp3Q2/1q5p/5B2/5P2/4r3/P5PP/5R1K b - - 0 29,b6d6 f7h7,836,endgame master mate mateIn1 oneMove
23QCw,8/4p3/p4pp1/r4k1p/P1R4P/3KP3/6P1/8 b - - 3 37,e7e5 e3e4 f5g4 d3c3 g4h4 c3b4 a5a4 b4a4,2239,advantage endgame master rookEndgame trappedPiece veryLong
23SYT,8/pp3Qp1/3b3p/2pBq1k1/5n2/7b/PP4PP/5R1K w - - 0 30,g2h3 f4h3 f1f5 e5f5 f7g7 f5g6 g7g6 g5g6,2288,advantage endgame veryLong
23VRd,rnb1k3/ppp2p1Q/5qr1/3pp3/1b2P1n1/2N5/PPPP1PPP/R1B1KBNR w KQq - 1 9,c3d5 f6f2 e1d1 f2f1,1085,attackingF2F7 deflection mate mateIn2 opening short
23aI3,r1bqkb1r/1p1nnp2/p3p1pp/3pN3/3P4/2NB4/PPP1QPPP/R1B1R1K1 b kq - 3 10,f8g7 e5f7 e8f7 e2e6,1947,attackingF2F7 attraction crushing discoveredAttack master opening short
23fiB,rn1qkb1r/pp2pp1p/2p1b1p1/2PNN3/2B5/5Q2/PP1P1PPP/R1B1K2R b KQkq - 0 10,e6d5 f3f7 d5f7 c4f7,1960,attackingF2F7 mate mateIn2 opening sacrifice short xRayAttack
23frm,5k2/1b2r2p/p7/1p4RB/4p3/8/PPP2rP1/1K1R4 b - - 4 28,e4e3 d1d8 e7e8 d8e8,863,endgame mate mateIn2 operaMate short
23ozP,r3kb1r/1bq3pp/p1np1p2/1p1Qp3/4P3/N3BPP1/PPP4P/1K1R1B1R w kq - 0 15,f1h3 c6d4 d1d4 b7d5,1913,crushing discoveredAttack middlegame short trappedPiece
23qA4,8/p2r4/5pk1/3Bb1p1/2P3P1/1P5r/P2R2K1/8 w - - 0 35,g2h3 d7h7 h3g2 h7h2 g2f3 h2d2,974,crushing endgame long skewer
23t1E,8/4kp1p/1P1r4/2K5/2P5/8/7P/8 b - - 1 46,e7d7 b6b7 d6c6 c5b5 c6c4 b7b8q,1449,advancedPawn crushing defensiveMove endgame long master promotion rookEndgame
23vtD,rnb1kb1r/1p1n1ppp/pq2p3/2ppP1B1/3P4/P1N2N2/1PP1BPPP/R2QK2R b KQkq - 3 8,b6b2 c3a4 b2a1 d1a1,1366,advantage middlegame short trappedPiece
240gj,r4rk1/ppp2ppp/8/4Q3/7B/2N4P/Pq3PP1/4R1K1 b - - 1 21,f8e8 e5e8 a8e8 e1e8,933,backRankMate mate mateIn2 middlegame short
242jE,3r1r1k/Q2b4/1pp1p3/3p1pp1/2PPP2p/2R2qP1/PP2NP1P/4R1K1 b - - 0 25,f3e4 f2f3 e4e2 e1e2,2115,crushing middlegame short trappedPiece
248VB,3r2k1/5pp1/1p5p/2P5/2R5/4p3/4q1PP/4R2K w - - 0 41,e1e2 d8d1 e2e1 d1e1,456,backRankMate endgame mate mateIn2 rookEndgame short
24But,r2qk2r/pp3pp1/1bn1p3/3pPnN1/3p1Pp1/1N1B4/PPP3P1/R1BQ1RK1 w kq - 2 13,d3f5 d4d3 f1f2 g4g3,2064,advantage discoveredAttack discoveredCheck middlegame pin short
24VVT,8/2k5/2p1p1p1/1p2P3/3PK1N1/1rp2R2/8/8 w - - 0 50,e4d3 c3c2 d3c2 b3f3,895,advancedPawn crushing discoveredAttack discoveredCheck endgame short skewer
24WCR,r4r1k/pb3N1p/6pb/5q2/3Q4/8/PP1R1PPP/4R1K1 b - - 1 22,h8g8 f7h6,1090,hangingPiece mate mateIn1 middlegame oneMove
24e8x,1r2k2r/p4ppp/2p1p3/2Q1N3/3PbB2/8/Pq4PP/R3R1K1 w k - 2 23,e5c6 b2g2,812,kingsideAttack mate mateIn1 middlegame oneMove
24nGm,r1bqr2k/pp4pp/2n5/2b2p2/2Bpp2N/P6Q/1PPN1PPP/R4RK1 b - - 3 18,f5f4 h4g6,935,mate mateIn1 middlegame oneMove pin
24vXS,6k1/5p1p/4p1p1/1p2P3/8/2P5/rP3PPP/3R2K1 w - - 0 22,d1d2 a2a1 d2d1 a1d1,516,backRankMate endgame mate mateIn2 rookEndgame short
24vu1,2r2r1k/1p4pp/p1n3Q1/5nB1/2P1p3/7R/4qPPP/5RK1 b - - 2 20,f5h6 h3h6 g7h6 g5f6 f8f6 g6f6 h8g8 f6e6,1780,advantage kingsideAttack middlegame pin sacrifice veryLong
24xM6,1k6/8/P4K2/8/4P3/1p4P1/3n4/1N6 w - - 1 52,e4e5 d2b1 e5e6 b1c3 f6e5 c3b5,2188,crushing defensiveMove endgame hangingPiece knightEndgame long quietMove
24zAY,2k3r1/1b2n3/p1p1p3/1p3pqN/P3P2p/2Nr1Q1P/1P3PP1/R4RK1 w - - 0 22,f3d3 g5g2,1105,kingsideAttack mate mateIn1 middlegame oneMove
253gx,r2q1r2/pbp1n1kp/1p4p1/3nNp2/8/2N2B2/PP1Q1PPP/R4RK1 b - - 1 16,d5c3 d2c3 e7d5 f3d5,1791,advantage middlegame short
25Fn1,r1b2rk1/4p1b1/p5p1/3P1qNp/2PB2p1/1R6/1P1Q2PP/4R2K w - - 3 30,d4g7 f5f1 e1f1 f8f1,909,backRankMate mate mateIn2 middlegame sacrifice short
25KG0,1rr3k1/3b1pp1/p2bpq1p/1p1P4/4R3/PQN4P/1P2BPP1/3R2K1 b - - 8 28,a6a5 d5e6 d7e6 e4e6 f6e6 b3e6,2035,advantage long middlegame
25KVN,3r3r/p2k1p2/1pN1p1p1/4P3/5qP1/6BP/P1R4K/2R5 b - - 1 34,f4e4 c2d2 d7c8 c6d8,1983,advantage discoveredAttack discoveredCheck middlegame short
25OUR,r7/1r4kQ/p2qb3/3ppB2/8/8/P1P2PPP/4R1K1 b - - 0 24,g7f8 h7b7 a8b8 b7h7,2240,crushing defensiveMove hangingPiece master middlegame short
25VvS,7r/3k3q/n1b1p3/1p1pPp2/p1pP1QP1/P1P2Pr1/1PB2RK1/R4N2 w - - 7 37,f4g3 h7h1,947,mate mateIn1 middlegame oneMove
25Y4O,r5k1/pp1b2pp/2p1p1r1/4Ppq1/2PP1R2/P1N1n3/1P1NQ1PP/5RK1 w - - 0 19,e2e3 g5g2,399,kingsideAttack master mate mateIn1 middlegame oneMove
25rZU,rnqk1b1r/pp4p1/3p1n1p/2p1p3/3P3Q/2P4N/PP4PP/RNB2RK1 b - - 0 14,c5d4 f1f6 g7f6 h4f6 d8c7 f6h8,1143,advantage exposedKing fork long opening
26De0,r3k1nr/ppp3pp/2npBq2/2b1p1p1/4P3/2NP3P/PPP2PPN/R2QK2R w KQkq - 2 10,e6g8 f6f2,840,attackingF2F7 mate mateIn1 middlegame oneMove
26GFD,r1b2rk1/ppq2ppp/2n1pn2/2Pp4/3P4/P3PN2/5PPP/R1BQKB1R w KQ - 1 11,f1b5 c7a5 e1f1 a5b5,1002,crushing fork opening short
26GKA,6rk/6p1/2p2p2/1p6/1B3Q1p/P2qR1K1/6PP/8 w - - 0 41,g3h4 g7g5 h4h3 d3h7 h3g3 g5f4,1887,crushing discoveredCheck doubleCheck endgame fork long
26gnu,r4r2/ppp1q1pk/6p1/4p2p/2n1N2b/2P1P2R/PPQ1KP2/7R b - - 3 22,h4f6 h3h5 h7g8 e4g5 f6g5 c2g6,2407,advantage discoveredAttack long middlegame quietMove
26jEL,3q3k/5p1p/p2p4/1ppPpP1Q/N1P1P2p/1P4bP/P5P1/6K1 w - - 0 34,c4b5 d8a5 h5d1 a6b5,1941,advantage endgame intermezzo short
26nKf,4Q3/8/6kp/6p1/1p2ppP1/4n3/Pq4PP/7K b - - 7 39,g6f6 e8h8 f6e6 h8b2,1538,crushing endgame short skewer
26sLz,4r1k1/p2q1p1p/1prb1p2/3P4/4PP2/1P1Q4/P5PP/R4RK1 w - - 0 20,d5c6 d6c5 g1h1 d7d3,906,crushing discoveredAttack endgame short
276dp,r1b5/pp5p/n2p2k1/8/3p4/P5N1/1PP2P2/R3RK2 w - - 0 24,e1e8 c8h3 f1g1 a8e8,930,advantage discoveredAttack endgame short
27AUu,3r4/1pp4p/1p1kB2n/2b3pP/P7/1P4R1/1KP1R1P1/5r2 b - - 8 30,d8e8 g3d3 d6e7 e6d7,1628,crushing discoveredAttack discoveredCheck master masterVsMaster middlegame short
27Gzs,rn2k1nr/pp1b1ppp/4p3/2qp4/5B2/5N2/P2Q1PPP/2R1KB1R b Kkq - 1 13,c5b6 f4c7 b8c6 c7b6,1822,advantage opening short trappedPiece
27QjP,2r1k3/n4p2/pq3Bp1/3QPn1p/PP6/8/5PP1/3R2K1 b - - 0 33,b6c6 d5d8 c8d8 d1d8,1532,mate mateIn2 middlegame operaMate sacrifice short
27XCU,1r4k1/1p3pp1/p1nPp3/2Pp3p/3P4/P5BP/5PP1/3R2K1 b - - 2 29,b7b5 c5b6 b8b6 d6d7 b6b7 d1c1 b7d7 c1c6,2215,advancedPawn crushing enPassant endgame veryLong
27gF9,r3k1nr/p1p2ppp/2p5/4p3/5P2/2qP4/P1P3PP/R1BQ1R1K w kq - 0 13,f4e5 c3a1 d1f3 e8c8,2169,advantage castling defensiveMove hangingPiece middlegame short
27mTp,3qr2k/5Rp1/3p1bQp/p1p5/1p4R1/2P5/PP4PP/7K w - - 4 32,h2h4 e8e1 h1h2 f6e5,967,advantage endgame short
27q3g,rn2kbnr/ppp2ppp/8/8/2BpP1b1/5N2/PP3PPP/RNB1K2R w KQkq - 2 7,c4f7 e8f7 f3e5 f7e6,1954,crushing hangingPiece opening short
27xw5,r2q1b1r/pp2k1pp/2p5/4p3/4Bn2/2P3Q1/PP1P1PPP/R1B2RK1 w - - 3 16,d2d4 f4e2 g1h1 e2g3,782,crushing fork middlegame short
281g4,r1b1kb1r/ppp3pp/8/q4p2/3Qn3/2N5/PPP2PPP/R1B1R1K1 w kq - 0 11,c3e4 a5e1,530,hangingPiece kingsideAttack mate mateIn1 middlegame oneMove
28Ck5,2kr3r/pp3ppp/2pbpq2/4P3/8/5BP1/P1P1QP1P/RR4K1 b - - 0 18,d6e5 b1b7 c8b7 e2b5 b7c8 b5c6 e5c7 a1b1,2223,advantage attraction defensiveMove deflection middlegame pin queensideAttack sacrifice veryLong
28Vvz,r1bqk1nr/ppp2ppp/3p4/8/2BnPQ2/2N3P1/PPPP3P/R1B1K1R1 b Qkq - 0 8,d4c2 e1d1 c8e6 c4e6,1514,advantage defensiveMove opening short
28XVP,5rk1/1p3q2/p2b4/3Q4/8/2N5/PPP3PP/4R2K w - - 9 32,d5d6 f7f1 e1f1 f8f1,658,backRankMate endgame mate mateIn2 sacrifice short
28cTS,3r2k1/1Q2b3/2p1p2p/2PpNq1n/3P1p2/5P2/4NBPP/1R4K1 w - - 6 28,b7e7 f5b1 e2c1 b1c1 f2e1 c1e1,915,hangingPiece kingsideAttack long mate mateIn3 middlegame
28lUy,4r1k1/pp2qppp/2p2b2/3p4/8/2PP1Q2/PP1B1PPP/5RK1 w - - 0 19,f1e1 e7e1 d2e1 e8e1,594,backRankMate endgame mate mateIn2 short
28oX0,2b2k2/5p2/p4q2/1p4r1/3bR2Q/3N1B1P/1P3PP1/6K1 b - - 2 33,f6f3 h4h6 d4g7 h6d6 f8g8 d6d8 g8h7 e4h4 h7g6 d3f4 f3f4 h4f4,2587,advantage fork middlegame veryLong
28siT,r1bqkbnr/pp1ppp1p/6p1/2p5/3nP3/2NP2P1/PPP2P1P/R1BQKBNR w KQkq - 0 5,g1e2 d4f3,1101,mate mateIn1 oneMove opening
28wSW,r5nr/pp5p/3k2pb/1q2np2/5N1Q/P4P2/6PP/3R3K b - - 9 25,d6c7 f4e6 c7c6 e6d4 c6d7 d4b5,1835,advantage discoveredAttack discoveredCheck fork long middlegame
28xzJ,r4rk1/p4p1p/1p4p1/4q3/2PnN3/PP6/1Q3PPP/R4RK1 w - - 1 23,e4g3 d4f3 g2f3 e5b2,1472,crushing discoveredAttack middlegame short
28zZm,2r2rk1/p4ppp/2P5/8/B7/3Qp2q/1P2N3/2KR4 b - - 0 26,f8d8 d3d8 c8d8 d1d8,584,backRankMate mate mateIn2 middlegame short
29Gx9,3q3k/2pb3r/6Qb/8/1r2N3/pP3P1P/2P5/1K4R1 b - - 0 32,d8a8 e4f6 b4b3 c2b3 d7f5 g6f5 a3a2 b1a1,1748,crushing middlegame veryLong
29NO1,r1b2rk1/pp3ppp/1bn1p1q1/3p2B1/3P3N/6P1/PP1Q1PBP/R3R1K1 b - - 6 16,g6h5 g2f3 h5g5 d2g5,1231,advantage middlegame short trappedPiece
29Tsr,r4rk1/p5pp/4p3/1b1p4/3P3q/2P5/P3QPPP/R3KB1R w KQ - 5 17,e2e6 g8h8 f1b5 h4f2,1649,advantage attackingF2F7 middlegame sacrifice short
29Vdd,r4k2/1PR3p1/1K2p3/4p2p/3nP3/6P1/7P/8 b - - 2 44,a8a1 b7b8r,1358,advancedPawn endgame mate mateIn1 oneMove promotion
29bdd,7k/pp3Qpp/2p2r2/5p2/1P1P1b2/P4N2/5PPP/4R1K1 b - - 0 25,f6f7 e1e8 f7f8 e8f8,573,backRankMate endgame mate mateIn2 short
29d9F,2r1kr2/1p2P2p/2bQ4/3p3q/3P1p2/8/P5PP/3RR2K b - - 0 29,f8f5 d6e6 c8b8 e6g8 e8d7 g8b8,1835,crushing exposedKing long middlegame skewer
29rUs,4Br2/p4p1k/1p2pQ1p/2pb3r/P7/2PP2P1/1P3P2/6K1 w - - 0 30,e8f7 h5h1,567,endgame master mate mateIn1 oneMove operaMate
29vGX,8/3k4/2p4P/3pP1Rr/pP1P4/1b6/3B2K1/8 b - - 6 53,h5h6 g5g7 d7e6 d2h6,831,crushing discoveredAttack endgame short
29xp9,r2r2k1/pQ2p2p/5ppb/2p5/8/1bPqN2N/1P2nPPP/R3BR1K b - - 0 21,b3e6 a1d1 d3d1 e3d1,1928,advantage middlegame short trappedPiece
2ALy0,3rk2Q/p3p3/4b1p1/5pP1/2p1NK2/3q4/P4P2/7R b - - 5 34,e8f7 h1h7,1345,endgame mate mateIn1 oneMove
2AOxE,r5rk/ppp2p2/5p1p/2pPp3/2P1Q2N/2P4q/P4PP1/R4RK1 w - - 0 20,h4f5 g8g2 e4g2 h3f5,2343,advantage deflection kingsideAttack middlegame short
2AiNB,4R3/p4ppk/1p6/4N3/3P1P2/P3K1P1/1n4P1/2r5 w - - 2 29,e5f7 c1e1 e3d2 e1e8,1090,crushing endgame short skewer
2AiVX,5rk1/pp5p/4p3/3p1p1N/3P1b2/2R5/PP2K1PP/8 b - - 1 25,f4g5 c3g3 h7h6 h2h4 f5f4 g3g4,1870,crushing endgame long pin
2AsSf,3r2k1/2Q2ppp/4p3/2p5/1rNq4/7P/6P1/3B1R1K b - - 5 44,b4c4 c7f7 g8h8 f7f8 d8f8 f1f8,1015,backRankMate endgame long mate mateIn3 sacrifice
2AuRp,r1bq1r1k/pp2b1pp/5pN1/8/2BPQ3/P1P5/1P3PPP/R3K2R b KQ - 2 15,h7g6 e4h4,817,mate mateIn1 middlegame oneMove
2Azm5,r1b5/ppp2Bpk/1bnp1q1p/7Q/3nP3/1N6/PB3PPP/3RR1K1 w - - 6 18,f7d5 c6e5 b3d4 c8g4 h5f5 g4f5,2796,advantage fork long middlegame quietMove sacrifice trappedPiece
2B2x3,1k3r2/pp2b3/2P5/3bppp1/Q1p3Pp/P1P1P1qP/1B1r2B1/3R2RK w - - 4 29,d1d2 g3h3,1637,kingsideAttack mate mateIn1 middlegame oneMove pin
2B3i2,2krr3/1p1q2pp/p6n/2p2p2/4N3/1P1P1Q2/PR3PPP/4R1K1 w - - 0 21,e4c5 e8e1,887,backRankMate hangingPiece mate mateIn1 middlegame oneMove
2BBi6,2r4r/3kb2q/Q2pp3/1p2p3/4P3/6B1/PPP2PP1/R2R1K2 w - - 1 29,g3e5 h7h1 f1e2 h1h5 e2d3 h5e5,2251,advantage fork long middlegame
2BN3O,2rr4/1bq2p1k/p3pQ1p/1p3p2/8/3B1P2/PPP3PP/3RR2K b - - 5 26,d8g8 d3f5 e6f5 e1e7 c7e7 f6e7,1831,crushing long middlegame pin sacrifice
2Bcnd,Q7/1p1bkpp1/4p1p1/3pP1N1/1P6/8/1p3PPP/1Rq3K1 w - - 2 26,b1c1 b2c1q,903,advancedPawn backRankMate endgame mate mateIn1 oneMove promotion
2C9zF,6k1/1p5p/p5p1/2P2p2/PP6/2R3KP/2pr1PP1/8 w - - 0 37,g3f3 d2d3 c3d3 c2c1q,1230,advancedPawn advantage deflection endgame promotion rookEndgame short
2CDL5,8/b4p2/P1p3k1/4Pp1p/1PP2P2/8/6K1/8 b - - 2 36,h5h4 c4c5 g6g7 b4b5 c6b5 c5c6,2059,bishopEndgame crushing endgame long quietMove
2CsWZ,2rq1rk1/6pp/p2p4/1p1P1b2/4p3/2P2N2/PP1Q1K2/1B4RR b - - 0 23,e4f3 b1f5 d8b6 f2f1,2581,crushing defensiveMove middlegame short
2CtUV,3r4/4q1kp/p1Q1Ppp1/1p6/2p5/8/P4PPP/4R1K1 b - - 3 31,d8d6 c6d6 e7d6 e6e7 d6c6 e7e8q c6e8 e1e8,1150,advancedPawn advantage endgame promotion sacrifice veryLong
2Cygu,8/4P3/8/pb1pK3/3P4/6k1/P7/8 b - - 2 41,g3f3 e5d5 f3f4 d5e6 b5e8 d4d5,2101,bishopEndgame crushing defensiveMove endgame long
2D1nv,r3nrk1/ppp2q1p/3p2p1/4p3/2PnP3/5N1Q/PPP2PP1/R1B1K2R w KQ - 4 15,f3d4 f7f2 e1d1 f2d4,1230,attackingF2F7 crushing fork middlegame short
2D8A6,5k2/1p4pp/p3p3/7n/P2pNq2/1P1Q3P/2PP2P1/7K w - - 0 28,g2g4 f4e4 d3e4 h5g3 h1g2 g3e4,1675,attraction crushing endgame exposedKing fork long sacrifice
2DIQw,1R6/r5qk/4P1pp/7P/4Q3/p5P1/6K1/8 b - - 0 54,a3a2 e6e7 a2a1q h5g6 g7g6 e4g6 h7g6 e7e8q a7f7 e8e4,2787,advancedPawn attraction crushing endgame pin promotion veryLong
2DPw3,8/1p3p2/r1pk1p1p/p3p1n1/2RP3r/P1PBKP2/2P2P2/6R1 b - - 7 28,b7b5 d4e5 f6e5 c4h4,1332,crushing discoveredAttack endgame master short
2Dk1I,r6r/pN1k1ppp/4p3/2p5/4P1b1/PBPP2N1/1P1Q1K1q/R4R2 w - - 2 25,f2e3 h2g3 f1f3 g3f3,1307,hangingPiece mate mateIn2 middlegame short
2DlTX,3rr1k1/pp3pp1/2n4p/q7/2P5/P1Q2N2/5PPP/R1R3K1 w - - 1 21,h2h3 d8d1 c1d1 a5c3,1577,crushing deflection middlegame short
2Dr9O,r1q2rk1/2p1bppp/p1n5/1p1Pp1N1/6b1/1PP1BN2/P1Q2PPP/3R1RK1 b - - 0 17,c6a5 c2h7,591,kingsideAttack mate mateIn1 middlegame oneMove
2Dt0B,r2qkbnr/pp2pppp/8/2p1N2b/2Bn4/1PN4P/PBPP1PP1/R2QK2R b KQkq - 4 9,h5d1 c4f7,1237,attackingF2F7 mate mateIn1 middlegame oneMove
2DxWH,r1br1Q1k/1pq1p1np/p1p3p1/8/3bP1P1/2NB4/PPPB3P/R4R1K b - - 3 17,d8f8 f1f8,510,backRankMate mate mateIn1 middlegame oneMove
2DxuC,r3r1k1/pp3p1p/2p3p1/2n1b3/2P1PBb1/2N3P1/PP1R2BP/R5K1 b - - 3 18,a8d8 d2d8 e8d8 f4e5,1201,crushing middlegame short
2E3in,r3r1k1/1pp1q1pp/p2b1p2/8/4b2B/1QP2N2/P4PPP/R3R1K1 b - - 1 18,e7e6 e1e4 e6b3 e4e8 a8e8 a2b3,1535,advantage intermezzo long middlegame pin
2E5uP,r4rk1/pp3ppp/2q1pn2/2p1b3/4P1b1/1PN2N2/PBP1QPPP/R3R1K1 b - - 2 13,a8d8 f3e5 g4e2 e5c6,1098,crushing hangingPiece middlegame short
2ECFY,1r2r1k1/pbpq1pbp/3p2p1/2pNB3/2P5/1P4Q1/P3BPPP/3RR1K1 b - - 0 21,g7e5 g3e5 b7d5 e5d5,1454,advantage middlegame short
2EHD1,3N4/pp4pk/2p3pp/8/7q/PQ2P2r/1P3P2/R4RK1 w - - 0 24,b3e6 h4g5 e6g4 g5g4,1898,endgame fork mate mateIn2 short
2EPDx,8/6k1/7p/1PK3p1/2Q5/8/2q5/8 b - - 7 57,c2f2 c4d4 f2d4 c5d4,489,crushing endgame queenEndgame short
2Enuu,r6r/N1R3p1/Qp1Pk2p/1R4q1/P3p3/8/4pPP1/6K1 w - - 3 35,b5g5 e2e1q a6f1 e1f1 g1f1 h6g5,1484,advancedPawn advantage endgame long promotion
2EoZS,1r2k2r/3pbppp/p7/3nPpB1/P1qPN3/6P1/5Q1P/R4RK1 b k - 1 21,f5e4 f2f7 e8d8 g5e7 d5e7 f7c4,1651,attackingF2F7 crushing long master middlegame
2Fnu7,8/1p3pk1/2b2p1p/8/4P3/2K5/r1B2PPP/7R w - - 1 28,h1b1 a2c2 c3c2 c6e4 c2c3 e4b1,1477,advantage attraction endgame exposedKing long skewer
2Fqgm,8/4k3/5R2/pp2Pp2/5K2/1r3N2/8/8 w - - 0 57,f4f5 b3f3 f5e4 f3f6,692,crushing deflection endgame hangingPiece short
2FsB5,r1bQk2r/2q1ppb1/p1N2np1/1p2p2p/7P/1PN1BP2/1PP3P1/1K1R3R b kq - 3 17,c7d8 d1d8,715,mate mateIn1 middlegame oneMove
2G3pP,2b5/6p1/2p1pp1p/1kNpP3/3K1P1P/P5P1/8/8 b - - 0 38,f6f5 a3a4 b5a5 d4c3 a5b6 c3b4,1925,crushing defensiveMove endgame long
2GAtb,b2r3k/2p4q/p4p2/2b1pNp1/4P3/P1P2Q1P/1r1N1PP1/2KR3R b - - 2 27,c5a3 d2c4 b2f2 c4a3,1269,advantage fork middlegame short
2GBB7,4r2k/2Q4p/1p1p1p2/6p1/2P2K2/4r3/PP4RP/6R1 w - - 0 38,f4f5 e8e5 f5g4 e5e4 g4h5 e4h4,2350,endgame long mate mateIn3 queenRookEndgame
2GF2L,8/p2RQ1pp/5r1k/1pP1p3/8/3B4/PPP3qP/1K5R w - - 0 26,d3e4 g2h1 e4h1 f6f1 d7d1 f1d1,2199,backRankMate endgame fork long mate mateIn3 sacrifice
2Gk3B,5rk1/1p3ppp/8/1P2Pp2/P1b2P2/8/3Qp1PP/4Rq1K w - - 4 32,e1f1 e2f1q,868,advancedPawn endgame mate mateIn1 oneMove promotion
2Gmox,1n5k/6b1/1p4pp/2pq4/6r1/4BP2/P3Q3/2R2R1K w - - 4 39,f1d1 d5h5 e2h2 g4h4 h2h4 h5h4,1580,crushing long middlegame pin
2Gn4O,8/1pk1Q3/4p3/pq2N1p1/3n4/P5P1/1P3K1P/8 b - - 3 38,c7b6 e7d8 b6a7 d8d4,2174,crushing endgame fork short
2Gqe5,8/p6p/3k2p1/1p1P1p2/1P1Kp3/P7/3P1PPP/8 w - - 4 35,f2f3 e4f3 g2f3 g6g5,1674,advantage defensiveMove endgame pawnEndgame short
2H7Sp,r1bqk2r/ppp2pbp/3p1np1/8/2BRP3/2N2Q2/PPP2PPP/2K3NR b kq - 2 9,f6g4 f3f7,536,attackingF2F7 mate mateIn1 middlegame oneMove
2H8ts,8/8/6K1/1p4P1/2p5/P2k4/8/8 w - - 0 54,g6f7 c4c3 g5g6 c3c2 g6g7 c2c1q,1268,advancedPawn crushing endgame long master pawnEndgame promotion
2HIuR,1k6/2pQn3/p7/1p2p3/4Bq2/P1PP2R1/1P3PP1/2b1K3 w - - 3 37,g3f3 f4d2 e1f1 d2d1,923,endgame mate mateIn2 short
2HKyA,5rk1/2n2p1p/p2qp1p1/1p1b4/1P3PN1/3B4/PQ4PP/4R1K1 b - - 0 27,f7f5 g4h6,1012,master mate mateIn1 middlegame oneMove
2HRmp,4r3/1p2rkpp/p2R1p2/2p5/P1p3B1/5n2/1P3PPP/2R3K1 w - - 0 24,g4f3 e7e1 c1e1 e8e1,470,backRankMate endgame mate mateIn2 short
2HSy5,8/4P3/5K2/p6R/1k6/4r3/8/8 b - - 0 59,a5a4 h5e5 e3e5 f6e5 a4a3 e7e8q a3a2 e8a8,2199,advancedPawn crushing endgame promotion rookEndgame veryLong
2HUly,3r2k1/1p3pq1/8/3p1R2/3Pr1nN/6P1/P4PK1/2Q5 b - - 9 33,g7d4 c1g5 g8f8 g5d8,1803,crushing fork master middlegame short
2HfBd,8/p7/8/8/P4kp1/3K4/7P/8 w - - 0 43,d3c4 f4f3 a4a5 f3g2 c4b5 g2h2 b5a6 g4g3 a6a7 g3g2 a7b7 g2g1q,966,advancedPawn crushing endgame pawnEndgame promotion veryLong
2HgkU,r7/5p1k/2p2p1p/4p3/p2rP3/Rb1P2PP/1P3PK1/R3N3 b - - 2 26,c6c5 a3b3 a4b3 a1a8,1312,advantage discoveredAttack endgame short
2HtSA,5R2/5P2/8/2k5/8/2pp4/2r5/4K3 b - - 0 46,d3d2 e1e2 c2c1 f8d8 c5b5 f7f8q c1e1 e2f2,2478,advancedPawn clearance crushing defensiveMove endgame promotion rookEndgame veryLong
2HxfS,r1r3k1/pp2ppnp/3p1npQ/q2P1bN1/2P3P1/2N4P/PP2BP2/2R2RK1 w - - 5 19,g4f5 g7f5 g5f7 f5h6,1231,advantage middlegame short trappedPiece
2I3kD,5rk1/3Q2p1/p5q1/1p5r/3P3p/2N3bP/PP3PP1/R1B2R1K w - - 6 27,f2g3 f8f1 h1h2 h4g3,1066,hangingPiece intermezzo kingsideAttack mate mateIn2 middlegame short
2I6KU,b5k1/3q2p1/5p1p/4p3/2pP3N/6QP/2P2PP1/6K1 b - - 0 37,e5d4 g3b8 g8f7 b8a8 d4d3 c2d3,1077,advantage endgame fork long master
2I6SQ,1Q4k1/5ppp/pq2b3/8/8/Prp2N1P/3R1PP1/3R2K1 b - - 0 28,b6b8 d2d8 b8d8 d1d8,615,backRankMate endgame fork mate mateIn2 short
2ISWP,r1bqk2r/pp1nbpp1/3p1n1p/2pPp3/4P2N/2N1B3/PPPQ1PPP/2KR1B1R b kq - 1 9,f6e4 c3e4 e7h4 e4d6,1250,advantage opening short
2IYDf,3r1r1k/6p1/pp1Pp3/7R/1P3QP1/5P2/1B4K1/4q3 b - - 0 40,h8g8 h5h8 g8h8 f4h6 h8g8 h6g7,1636,attraction endgame long master mate mateIn3 pin sacrifice
2Ibrl,r1br3k/pp2n1pp/2p5/4N3/4n3/1B6/PPP2PPP/R3K2R b KQ - 1 15,c8f5 e5f7 h8g8 f7d8,935,advantage discoveredAttack discoveredCheck fork middlegame short
2Ik77,1r2kbQ1/p1q2p2/3ppQnB/1pp5/8/1PPP3P/1P4b1/R3KNr1 b Q - 4 27,c7e7 f6e7 g6e7 g8f8,1503,crushing middlegame pin short
2Il6o,3rrbk1/1pp2ppp/p1q5/2P1N3/3P2b1/1QP5/P2B2PP/R4RK1 b - - 1 17,e8e5 b3f7 g8h8 f7f8 d8f8 f1f8,1219,backRankMate deflection long mate mateIn3 middlegame
2InWq,2r3k1/4q1pp/4p3/3p1pP1/3P1P2/2nQ1N2/1rR1K2P/R7 w - - 0 33,d3c3 b2c2 c3c2 c8c2,1337,crushing fork middlegame short xRayAttack
2IsZ8,6k1/5pp1/1NP2n1p/8/B7/6P1/r3rn1P/2R2RK1 w - - 0 30,c6c7 f2h3 g1h1 e2h2,1006,discoveredAttack mate mateIn2 middlegame short vukovicMate
2Iwmh,r1b1k2r/pp3ppp/2nbp3/3pq3/8/1QN3P1/PP2BP1P/R1B2RK1 b kq - 0 13,e8g8 c1f4 e5f6 f4d6,1303,advantage master opening short skewer
2J1i5,8/1p3R2/4pBp1/Pk1b2P1/1P1P1r2/8/4K3/8 b - - 0 44,b5b4 f6e7 b4b5 f7f4,1262,crushing discoveredAttack endgame master masterVsMaster short
2J2Ag,r5k1/2b1qpp1/p1Q2n1p/2p2P2/3p4/PP2p1B1/2P3PP/4RR1K b - - 6 32,c7g3 c6a8 g8h7 h2g3,1520,crushing hangingPiece intermezzo middlegame short
2JJOE,8/8/7p/1p6/1Pp1k1P1/P1K5/8/8 b - - 7 57,e4f4 a3a4 b5a4 c3c4 f4g4 b4b5 h6h5 b5b6,2339,crushing deflection endgame pawnEndgame quietMove veryLong
2JOCQ,5r1k/p3Nppp/8/2Q5/4p3/1P1b4/1q3PPP/2R3K1 b - - 4 27,f8b8 c5c8 b8c8 c1c8,1098,backRankMate endgame mate mateIn2 sacrifice short
2JZtX,3r1b2/2k1p3/P3Qp2/3pnB1r/3p4/1RP4P/5qP1/1R5K b - - 0 28,f2f5 b3b7,1290,mate mateIn1 middlegame oneMove
2JnUx,r2qk2r/ppp1bpQp/3p4/8/2B5/2P2b2/PPP2PPP/R3K2R b KQkq - 0 11,e7f6 g7f7,1061,attackingF2F7 mate mateIn1 middlegame oneMove
2JyQo,8/8/2k1P3/6p1/4K3/5P1p/3R4/6r1 b - - 2 46,g1g2 e6e7 g2d2 e7e8q,1474,advancedPawn crushing endgame master promotion rookEndgame short
2KFxA,7n/1p4pk/p1p1QpP1/4pP2/2P1P3/1q4N1/1P5K/8 b - - 0 42,h7h6 e6e8 h6g5 e8h8 g5f4 h8h4,2665,crushing endgame long trappedPiece
2KJ1g,3r2k1/1b3pp1/3P4/1N5p/1Q2P1q1/P7/1P3BPP/4R1K1 w - - 5 33,e4e5 g4g2,970,mate mateIn1 middlegame oneMove
2KOIc,2r1k2r/2q1b1pp/p2pQn2/1p1P2B1/8/3R4/PP3PPP/K3R3 w k - 2 19,g5f6 c7c1 e1c1 c8c1,735,backRankMate mate mateIn2 middlegame sacrifice short
2KXUz,8/1p6/p6R/3kbBp1/6P1/5K2/Pr6/8 b - - 0 38,b2a2 f5e6 d5c5 e6a2,1268,crushing endgame short skewer
2Kbrs,2r3k1/1p3ppp/8/8/2bR3N/1p3P2/r5PP/1KR5 b - - 3 29,c4e6 c1c8 e6c8 d4d8,922,backRankMate endgame mate mateIn2 short
2KhTb,8/b7/Pp3p1p/4k2P/2K1B3/1P6/8/8 w - - 2 43,c4b5 e5e4 b5c6 b6b5,2179,bishopEndgame crushing defensiveMove endgame hangingPiece short
2KjhH,4R3/p5qk/3r3p/3r4/8/4Q3/PP2R2P/4K3 w - - 4 41,e8e7 d5d1 e1f2 d6f6,1225,crushing endgame short
2KlRF,3k4/7p/8/2K5/6p1/1P4P1/8/8 w - - 6 44,c5c6 h7h5 c6d5 h5h4 g3h4 g4g3 d5e4 g3g2,1303,advancedPawn crushing endgame pawnEndgame quietMove veryLong
2Kn62,r5k1/1p1r1pp1/1qp1p1p1/p2n4/2R5/7R/1P2BPPP/2Q3K1 b - - 13 28,b6c7 c4h4 f7f5 h4h8 g8f7 h8a8,1556,advantage long middlegame quietMove skewer
2Kq6S,r1b1kbnr/1pq1pQ1p/2n3p1/1p1pN3/3P4/8/PPP2PPP/RNB1K2R b KQkq - 0 9,e8d8 f7f8,1019,hangingPiece mate mateIn1 oneMove opening
2L8gj,3r4/8/1p3k2/p1p1p3/8/5B2/PPP2PPP/4R1K1 w - - 2 24,e1e2 d8d1 e2e1 d1e1,399,backRankMate endgame mate mateIn2 short
2L9MZ,3r2k1/p4ppp/4p3/2p5/3p2Q1/2q1P3/P1P2PPP/2RK1R2 w - - 0 21,g4e4 d4e3 d1e2 d8d2 e2f3 e3e2,2068,advancedPawn crushing discoveredAttack endgame long
2LK6c,r1b1k2r/pp1p1ppp/1qn5/8/4n3/2B2N2/PP3PPP/R2QKB1R w KQkq - 0 11,c3g7 b6f2,1269,attackingF2F7 mate mateIn1 oneMove opening
2LMzS,4r1k1/b2q1ppp/8/2p5/3p1Pn1/2B1PQPb/PP5P/R3R1KB w - - 0 26,e3d4 c5d4 e1e8 d7e8 f3a8 e8a8 h1a8 d4c3,1904,crushing discoveredAttack discoveredCheck middlegame veryLong
2LSoJ,r3kbnr/pp1b1ppp/4p3/3pP3/3P4/3NP3/q2NK1PP/1R1Q1B1R b kq - 2 13,d7c6 b1a1 a2a1 d1a1,1752,advantage opening short trappedPiece
2LbQi,r4r2/1p1b1pkp/p2p2p1/4p1q1/3pP3/3P2NP/PPP3B1/R2Q1RK1 w - - 2 20,d1c1 g5g3 f1f3 g3h4,1503,crushing hangingPiece middlegame short
2Litq,8/8/4K3/2p2P2/1p6/1P6/k5P1/8 b - - 0 54,a2b3 f5f6 c5c4 f6f7 c4c3 f7f8q,755,advancedPawn crushing endgame long pawnEndgame promotion
2Lj12,r1q2r1k/1p2b1pp/1Qb1p3/p1P2p2/P1BPpP2/B3P3/6PP/1R3RK1 w - - 6 25,c4b5 e7d8 b5c6 d8b6 c6b7 c8b7,1638,crushing long middlegame trappedPiece
2MWtj,r1b1k1nr/pppp1p1p/1b3qp1/3Np3/1PB1P3/3Q4/P1nP1PPP/R1B1K1NR w KQkq - 0 9,d3c2 f6f2 e1d1 f2g2,1537,advantage attackingF2F7 opening short
2MivE,8/6pp/Pk3p2/2Np1K2/3n3P/6P1/6P1/8 w - - 0 41,f5f4 b6c5 a6a7 d4e6,1783,crushing endgame hangingPiece knightEndgame short
2Mn87,3r4/1p1r1kp1/5b2/p1Q5/2P2P2/4P3/PP4P1/2K4R w - - 1 36,h1h7 d7d1 c1c2 d8d2 c2b3 d2b2 b3a4 b2a2,1726,crushing deflection endgame veryLong
2NIMV,3rr1k1/5pp1/b1p1p3/q1P1N1P1/1p1P4/pPn5/P1BQ1P2/2KR2R1 w - - 3 26,d2f4 c3e2 c1b1 e2f4,1333,crushing fork middlegame short
2NRgu,2r1r1k1/pb5p/6p1/q1Pp1p2/Q1n5/4PNP1/P4PBP/2R2RK1 w - - 3 22,a4d7 b7c6 d7c8 e8c8,1516,advantage middlegame short trappedPiece
2NXpH,r4rk1/1p4pp/pn1qpn2/8/2pP4/2N2Q1P/PPP1BPP1/3R1RK1 w - - 0 16,f3b7 b6d5 e2c4 f8b8 b7b3 b8b3,2487,advantage long middlegame trappedPiece
2NmwT,8/8/8/8/pp6/1B4RK/r2k4/8 w - - 4 60,b3e6 a2a3 g3a3 b4a3,1687,crushing endgame short
2Ny7r,Q3r1k1/1Pq3pp/P4p2/3p4/8/3b2PP/5P2/6K1 b - - 2 34,c7b8 a8b8 e8b8 a6a7,956,advancedPawn advantage endgame short
2OFSt,6k1/1p3p2/p1p4p/n7/1P3q2/P2Pp3/B1P1Q3/7K b - - 1 35,f4f2 e2f2 e3f2 h1g2 f2f1q g2f1 b7b6 b4a5,1947,advantage endgame trappedPiece veryLong
2OFpx,8/7p/4k3/4P1p1/4Rp2/7P/3r2P1/6K1 w - - 1 40,g1h2 f4f3 e4e3 d2g2,2184,crushing endgame pin rookEndgame short
2OKSP,1R6/5p1k/3p2p1/2r4p/PQ2PR2/4P1qP/8/r4B1K w - - 5 40,b8h8 h7h8 b4b2 h8g8 b2b8 g8g7,2152,crushing defensiveMove hangingPiece long master masterVsMaster middlegame
2OLT3,1r4k1/5pp1/3p1n1p/3P4/3P2PP/3Q4/1pB2P2/qR4K1 b - - 0 34,f6g4 d3h7 g8f8 h7h8 f8e7 h8b8,1198,crushing endgame long skewer
2OSNa,5rk1/p1q1bppp/1pB1pn2/7r/1P6/P3P3/1B3PPP/R2Q1RK1 w - - 1 22,a1c1 c7h2,842,kingsideAttack mate mateIn1 middlegame oneMove
2Ojdy,r6r/1b1nbkNp/p2p1n1B/q7/Np6/6Q1/PPP2PPP/3RR1K1 b - - 2 19,h8g8 e1e7 f7e7 g3d6 e7f7 d6e6 f7g6 d1d7,2073,advantage attraction discoveredAttack exposedKing middlegame pin veryLong
2OksJ,r2qkb1r/pppb1ppp/2n2n2/4p1N1/2Q5/2N3P1/PP1PPPBP/R1B1K2R b KQkq - 0 8,f8e7 c4f7,541,attackingF2F7 mate mateIn1 oneMove opening
2Om36,r1b2rk1/pp1p1pp1/4p2p/8/6q1/4P3/3Q1PPP/1R2KBNR w K - 1 16,g2g3 g4e4 f1d3 e4h1,1358,crushing fork middlegame pin short trappedPiece
2Oq4G,2k5/ppp2rpp/4R3/3P4/6PB/2P4b/PK6/8 b - - 0 27,h3g4 e6e8 c8d7 e8d8,1096,endgame mate mateIn2 operaMate short
2OqIx,1r1qk2r/1pb2pp1/p3pnp1/8/2NPB3/2P2QP1/PP4PP/R4RK1 b k - 4 18,f6e4 f3f7,667,attackingF2F7 mate mateIn1 middlegame oneMove
2OqLh,2kr1bnr/ppp1pppp/8/3N4/8/5Q2/P1Pq1PPP/R2R2K1 b - - 1 13,d2a5 f3f5 e7e6 d5e7,2039,advantage middlegame short
2OwxB,2r4k/7b/p3Bp2/n7/P2N4/4PP1P/1r4P1/R5K1 b - - 8 33,a5c6 e6c8 c6d4 e3d4,1927,crushing hangingPiece middlegame short
2OyxS,k6r/pp3pp1/2p3b1/3r4/2nP2BB/1N6/PP3P2/R3R1K1 b - - 0 24,h8h4 e1e8 d5d8 e8d8,565,backRankMate mate mateIn2 middlegame short
2P1si,8/8/5kp1/3p4/r7/8/8/3K1BR1 w - - 5 68,f1d3 a4a1 d1c2 a1g1,870,crushing endgame short skewer
2P9ac,5rk1/1p3q2/p1p4p/2P1Q3/6p1/1P1BR3/P5PP/6K1 w - - 1 28,g1h1 f7f1 d3f1 f8f1,859,backRankMate endgame mate mateIn2 sacrifice short
2PGum,8/5N2/p3k2p/5np1/8/7P/P5PK/8 w - - 2 37,g2g4 e6f7 g4f5 f7f6 h2g3 f6f5,1364,crushing endgame knightEndgame long
2PHD6,r4rk1/pp2bppp/3q1nn1/1Q1p4/2p5/P1N1PN1P/1PP2PP1/R1B2RK1 w - - 1 16,b5b7 f8b8 b7b4 b8b4,1534,crushing middlegame short trappedPiece
2PYZB,5b2/5pkp/p3b1p1/1p1p1p2/3P4/1PN1P1P1/P4PBP/6K1 w - - 3 27,g2d5 b5b4 c3b1 e6d5,1708,crushing endgame master short
2Pbwb,1r2r1k1/1b1qpp1p/p5p1/2pN4/4P1N1/1P5P/PQ3PP1/4R1K1 b - - 1 24,b7d5 g4h6 g8f8 b2h8,1156,kingsideAttack mate mateIn2 middlegame short
2PjiN,r3k2r/p1pbbpp1/2p2n2/4pq1p/5N2/3PBB1P/PPP2PP1/R2QK2R w KQkq - 0 14,g2g4 h5g4 h3g4 h8h1,1386,crushing discoveredAttack middlegame short
2PlsC,2r3k1/6R1/p3p3/1p1bN3/3P1Q1q/8/PP3P1P/6K1 b - - 0 25,g8g7 f4f7 g7h8 e5g6,958,cornerMate endgame mate mateIn2 short
2Plys,r4br1/6p1/p2k2p1/8/3P4/2N4P/PP1B2P1/5RK1 b - - 0 21,a8b8 d2f4 d6d7 f4b8,1114,crushing endgame short skewer
2Pv6C,3k4/8/2R5/PpPp4/3P3p/K5p1/8/1r6 b - - 2 53,b1b3 a3b3 g3g2 c6g6 h4h3 a5a6,1675,crushing endgame hangingPiece long rookEndgame
2PwCx,r5k1/pp3ppp/3r1b2/1N1Pp3/1P6/6Pb/4NP1P/R3R1K1 b - - 1 22,d6d5 b5c7 d5d8 c7a8,1142,equality fork middlegame short
2Q4xu,r1b1k1nr/pppp1ppp/5q2/2b1p3/4P1Q1/1PN5/1PPP1PPP/R1B1K1NR w KQkq - 1 7,c3d5 f6f2 e1d1 f2f1,1020,attackingF2F7 mate mateIn2 opening short
2QA2B,8/5Q2/pqp5/1p1kp3/8/8/P5PP/7K b - - 2 37,d5c5 f7f2 c5b4 f2b6,1308,crushing deflection endgame queenEndgame short skewer
2QHTe,4r1k1/4Qp1p/6pP/1p2p1q1/pB4b1/P7/1PP5/1K1R3R b - - 1 31,e8e7 d1d8 e7e8 d8e8,932,endgame mate mateIn2 short
2QJLQ,8/2Pb1kp1/7p/8/R3p3/1p2P1P1/P6P/6K1 w - - 1 42,a4b4 b3a2 b4a4 d7a4 c7c8q a2a1q,1167,advancedPawn crushing endgame long promotion
2QLf1,2br1rk1/ppq3pp/2p5/2Pp1p2/1P1N2nb/P2PP1P1/5PBP/R2Q1RK1 w - - 0 18,g3h4 c7h2,596,kingsideAttack mate mateIn1 middlegame oneMove
2QPGJ,6k1/p4pp1/1p1Np2p/2pnP1q1/2P5/P4Q1P/5PPB/6K1 w - - 2 30,c4d5 g5c1 f3d1 c1d1,812,backRankMate endgame mate mateIn2 short
2QUft,5rk1/pb4p1/1p2p2p/2bqB3/8/P2B4/1PP1Q1PP/R6K w - - 4 20,a1d1 f8f2 e2f2 c5f2 d3h7 g8h7,1473,crushing long middlegame
2Qdcr,8/8/7p/1pP2Ppk/6p1/6K1/8/8 b - - 0 53,b5b4 c5c6 b4b3 c6c7 b3b2 c7c8q b2b1q c8e8,1253,advancedPawn endgame mate mateIn4 pawnEndgame promotion veryLong
2QntB,r1bqkb1r/1p1pnppp/p3p3/8/N2BP3/8/PPP2PPP/R2QKB1R b KQkq - 0 8,b7b5 d4b6 b5a4 b6d8,1217,crushing opening short trappedPiece
2QzEp,2r2bk1/p3R1p1/2P1q1p1/8/3Q1p2/P6P/1B3KP1/2R5 b - - 0 34,f8e7 d4g7,743,endgame master masterVsMaster mate mateIn1 oneMove
2RWkh,r7/pp3kp1/2nbpq1r/3p1p2/3P4/2PB1R1P/PPQ2PP1/4R1K1 b - - 12 25,a8h8 d3f5 e6f5 f3f5 c6e7 f5f6,1573,advantage long middlegame pin
2RX8j,r1b1r1k1/5ppp/1n2q3/3p2R1/pP1P4/2P3N1/BP3PPP/R1BQ2K1 w - - 3 23,g3h5 e6e1 d1e1 e8e1,714,backRankMate mate mateIn2 middlegame short
2ReVd,5k2/6bQ/6P1/5b2/P1p5/3p4/3K4/8 w - - 1 51,a4a5 c4c3 d2e3 c3c2 e3d2 g7c3 d2c3 c2c1q,1567,advancedPawn attraction crushing deflection endgame exposedKing promotion veryLong
2RkGd,4R3/6p1/7p/K2k4/1P6/7P/P7/3q4 b - - 1 57,d5c4 e8c8 c4d3 c8d8 d3e2 d8d1,1134,crushing endgame long queenRookEndgame skewer
2Roek,1r3k2/5Ppp/7q/3Pp3/1p1b4/1Q6/PpP1R3/1K1R4 w - - 0 35,d1d4 h6c1,1481,endgame master mate mateIn1 oneMove
2Rq0b,r1bk1b1r/1ppp1ppp/p1n5/3NP3/4P1n1/2P2N2/Pq1B1PPP/R2QKB1R w KQ - 1 10,d2f4 b2f2,964,attackingF2F7 mate mateIn1 oneMove opening
2RyGA,1B3Qk1/pp3ppp/2p5/5p2/8/5q2/PPP2P2/4R1K1 b - - 0 28,g8f8 b8d6 f8g8 e1e8,848,backRankMate endgame mate mateIn2 short
2S5VJ,r2qkb1r/pp1bpppp/2n2n2/2p1N3/2BP4/2P5/PP3PPP/RNBQK2R b KQkq - 2 7,c5d4 c4f7,1001,attackingF2F7 mate mateIn1 oneMove opening
2SKwI,6k1/p3q2p/1p4p1/3p4/1P1P2n1/P2P4/2rB2PP/1R3QK1 w - - 1 25,f1d1 e7h4 d1c2 h4h2 g1f1 h2h1 f1e2 h1g2,2040,crushing deflection endgame master masterVsMaster sacrifice veryLong
2SM63,6k1/1p1r1p2/pR1P3p/2P1p3/P7/1P5P/b4PPK/8 b - - 0 36,a2b1 b6b7 d7b7 c5c6 b7b6 d6d7 b6c6 d7d8q,2090,advancedPawn crushing endgame promotion sacrifice veryLong
2SY3A,r6r/p3n2p/k1pQ2p1/8/2B5/2q5/P5PP/1R4K1 b - - 7 27,c3c4 d6a3 c4a4 a3a4,1168,endgame fork mate mateIn2 short
2Sc8N,r3kb1r/pR1n1p2/2Q1p1p1/4P2p/P1p2P2/4q1PP/8/1R3B1K b kq - 1 21,e3d4 b7d7 d4d7 c6a8,1989,crushing discoveredAttack master masterVsMaster middlegame short
2Scf6,2r3k1/5p1p/4p1p1/1p1p4/p1nq2P1/P6P/1PQ2P2/K1R2B2 b - - 3 30,d4d2 c2d2 c4d2 c1c8,1201,crushing discoveredAttack endgame short
2SvZ8,4rr1k/p1Q3pp/1p1p4/4q3/1PP5/P3p3/5PPP/2R1R1K1 w - - 0 24,e1e3 e5f4 c1f1 e8e3,2036,crushing discoveredAttack endgame short
2T1Qx,7r/pp1b2k1/3p1pP1/2pP4/2P1P2q/P2Q4/1P4P1/R4RK1 w - - 2 27,d3f3 h4h2 g1f2 h8h3 f1h1 h3f3,2347,advantage clearance endgame kingsideAttack long pin
2T4Fq,2br2k1/pp3R1p/1np1p1p1/4N3/2PP4/5Q2/PP4PP/2qB2K1 b - - 7 22,b6c4 f7g7 g8g7 f3f7 g7h6 e5g4,1737,attraction crushing kingsideAttack long middlegame sacrifice
2T5lb,4k3/5pp1/p7/1p1P4/5b2/PQN2qp1/1PK2P2/5R2 w - - 0 34,c3d1 f3e2 c2b1 e2f1,1467,advantage endgame fork short
2T6NC,7k/1pp3p1/p2p3p/4pr2/1PB2b2/P1P2P1q/4QR2/R5K1 w - - 4 33,c4e6 f5g5 e6g4 h6h5,1813,crushing middlegame pin short
2T8Wa,2r2rk1/p4p1p/8/5p2/2N4P/1P6/PB6/1K1Rb3 b - - 1 29,e1h4 d1g1 h4g3 g1g3,1030,endgame mate mateIn2 pillsburysMate short
2T9Qm,1k1r2nr/2p2p2/1p1p2q1/b2Np1pp/P1PnP1B1/3P4/1Q3PPP/1RB2RK1 w - - 0 18,d5b6 h5g4 b6d5 b8c8,2345,crushing defensiveMove hangingPiece middlegame short
2T9Xs,8/2R4P/4p1Pr/6K1/8/3kp3/2p5/8 b - - 1 64,h6h1 g6g7 h1h7 g7g8q h7c7 g8d8 c7d7 d8d7,2121,advancedPawn crushing endgame fork promotion rookEndgame veryLong
2TCA8,r3brk1/1pq4p/2p1pb2/p2p1p2/2P2P1Q/1PNBP3/PB1P4/2K3R1 b - - 4 22,g8h8 h4f6 f8f6 c3d5,2081,crushing kingsideAttack master middlegame pin sacrifice short
2TFHM,r1b2rk1/3pnpp1/pqpb3p/1p2P3/4P1n1/2P2NN1/PPB2PPP/R1BQK2R w KQ - 1 13,d1d4 d6c5 d4d2 c5f2,1531,advantage attackingF2F7 opening short
2TRhY,r3r1k1/p2n2pp/1p1BP1n1/2P2Q2/5P2/5q2/P4PRP/7K b - - 3 27,g6h4 f5f7 g8h8 f7g7,1324,fork mate mateIn2 middlegame short
2TTAZ,5rk1/1p3ppp/3p4/p7/Pp1qPPQ1/2r5/6PP/2R2R1K b - - 2 27,f8c8 g4c8 c3c8 c1c8,1408,backRankMate endgame mate mateIn2 short xRayAttack
2TURu,2r5/4nkpp/p1NKp3/1p3p2/1P6/2PR2P1/P4P1P/8 w - - 6 30,c6e7 c8d8 d6c7 d8d3,1112,advantage endgame short skewer
2TWXL,b3r1k1/5pbp/6p1/p2p4/P7/1Bq1BQP1/2P2P1P/3R2K1 w - - 3 29,d1d3 c3e1 g1g2 d5d4 b3f7 g8h8,1479,advantage long middlegame pin
2TdEX,4r1k1/2pbrppp/p1pb4/3p3n/3P4/2N2PPq/PPP2B1P/R1NQR1K1 w - - 13 17,c1d3 h5g3 h2g3 d6g3 f2g3 h3g3,2204,crushing kingsideAttack long middlegame
2TgR3,1r4k1/p2p1pbp/3Pp1p1/3n4/B1pQPB2/q1N2P2/P1P3PP/4K1NR w K - 1 19,d4a7 a3c3 e1f2 g7d4 a7d4 c3d4,1899,crushing exposedKing fork hangingPiece long middlegame
2TjF9,r2qk1nr/1b3ppp/2n1p3/p7/Pp6/1B2bQ2/1PPN2PP/RNB2R1K b kq - 3 14,e3d2 f3f7,864,attackingF2F7 mate mateIn1 oneMove opening
2ToYS,1rb1r1k1/1pp1n1bp/p1n1p1p1/5p2/1PN1N3/P2qP1P1/2R2PBP/2QR2K1 b - - 1 21,d3b3 e4c5 b3c2 c1c2,1692,advantage middlegame short trappedPiece
2TsEh,8/8/p1p1k2K/Pp5P/1P6/8/8/8 b - - 0 43,e6f7 h6g5 c6c5 b4c5 b5b4 c5c6 b4b3 c6c7 b3b2 c7c8q,2046,advancedPawn crushing endgame pawnEndgame promotion veryLong
2Tt8o,8/8/2p3p1/2P2k1p/2KP1p1P/5P2/8/8 b - - 4 37,g6g5 d4d5 g5h4 d5c6 f5e6 c4b5 h4h3 b5b6 h3h2 c6c7 h2h1q c7c8q,2225,advancedPawn crushing endgame pawnEndgame promotion veryLong
2U4EZ,4r1k1/ppq1r1p1/5n1p/3p1B2/3PP1PP/PQ3P1R/3n4/2R1K3 w - - 0 25,c1c7 d2b3 c7e7 e8e7,1219,advantage hangingPiece master middlegame short
2UTFl,rn2kb1r/2p1pppp/p7/1pqP4/4n1b1/1B4Q1/PPPP1PPP/R1B1K1NR w KQkq - 0 9,g3g4 c5f2 e1d1 f2f1,1180,attackingF2F7 mate mateIn2 opening short
2UU4Y,4n3/1b6/1Npk2p1/1p1p1p1p/1P1P1P1P/P2K1BP1/8/8 w - - 7 41,d3c3 d6c7 b6d5 c6d5,1673,advantage endgame short trappedPiece
2UWrX,8/1p6/p5k1/P1PpB1p1/3Pnp2/8/3r2PK/7Q w - - 0 47,h1b1 f4f3 h2h3 d2g2 b1d3 g5g4 h3h4 g2g1,2545,crushing defensiveMove endgame master masterVsMaster pin veryLong
2Ub5H,3r3k/p2r4/1p2Rq2/2p2P1p/3p1Qb1/P2B4/1P4P1/6K1 b - - 0 33,f6f8 e6h6 d7h7 f4e5 f8g7 h6h7 h8h7 f5f6,2217,crushing discoveredAttack exposedKing middlegame pin veryLong
2V7In,5rk1/p7/1pp1p3/4P1q1/2Pp3p/1Q4N1/PP2K3/6R1 w - - 0 36,e2d1 d4d3 b3d3 f8d8 d3d8 g5d8,2551,advantage endgame long master pin
2VA8p,3B4/p6p/k2p4/3pp1P1/8/2RKP1NP/r7/1R6 w - - 6 33,g3e2 e5e4 d3d4 a2d2 c3d3 d2d3,1719,endgame fork long mate mateIn3
2VD0N,8/3k4/1p6/pb1p4/3P4/2K2R2/1PPNr3/8 w - - 1 44,f3f6 e2e3,945,endgame mate mateIn1 oneMove
2VFQF,2kr3r/pp1n1ppp/3B1n2/8/8/5P2/PP3P1P/2KR1B1R b - - 0 17,b7b6 f1a6,1383,bodenMate mate mateIn1 middlegame oneMove
2VIYG,8/r1k2p1p/1N1n1p2/p2Rp3/4P3/5P2/5KPP/8 w - - 20 36,d5d6 c7d6 b6c8 d6c5 c8a7 a5a4,2240,crushing defensiveMove endgame hangingPiece long
2VMHK,r2qkbnr/ppp2ppp/2np4/4N3/2B1P1b1/2N5/PPPP1PPP/R1BQK2R b KQkq - 0 7,g4d1 c4f7 e8e7 c3d5,1309,attackingF2F7 mate mateIn2 opening short
2VVVc,8/6pk/8/1p1P4/1P5p/3R3P/1r5r/2R2K2 w - - 6 42,d5d6 h2h1,1362,endgame mate mateIn1 oneMove rookEndgame
2VWee,rnbqkbnr/1p1ppppp/p7/8/2B1P3/8/PB1N1PPP/R2QK1NR b KQkq - 1 6,b7b5 c4f7 e8f7 d1h5 g7g6 h5d5 e7e6 d5a8,1875,advantage attackingF2F7 attraction fork opening sacrifice veryLong
2VdCc,8/pp3kpQ/4p1rp/1b6/1P3P2/1B6/P2rRP1P/5K2 w - - 5 32,b3e6 f7f6 f2f3 d2e2,2389,crushing defensiveMove endgame pin short
2Vhoq,5rrk/pp3Qp1/2p4R/4P1P1/8/P2Bn3/1PPq2PP/6RK b - - 0 24,g7h6 f7h7,789,mate mateIn1 middlegame oneMove
2VjGz,2r4k/5ppb/Q1Nq3p/P6P/4P1P1/3p1P2/3R2K1/8 w - - 4 41,c6b4 d6a6 b4a6 c8c2,1822,advantage endgame pin short
2Vliw,8/3b1k1r/p3pr1P/P2p4/2p1P3/2Pn1N2/4K2R/R1B5 b - - 2 32,d5e4 f3g5 f7g8 g5h7,1173,advantage fork middlegame short
2VoWl,7k/p5pp/1p6/8/2P5/P1P2Q1P/1PKR4/5q2 b - - 0 28,f1f3 d2d8 f3f8 d8f8,591,backRankMate endgame mate mateIn2 queenRookEndgame short
2Vym0,8/p5r1/1pp1k3/4p2Q/8/P3Br2/6P1/1q2N1KR w - - 4 43,h5f3 b1e1 f3f1 e1e3,1091,advantage deflection endgame hangingPiece short
2W3fM,3r2k1/pp2qpbp/2p3p1/3rn3/3N4/1P2P2P/PB1RQPP1/3R2K1 b - - 3 18,c6c5 d4f5 g6f5 d2d5 d8d5 d1d5,1610,crushing discoveredAttack long master middlegame
2W9vL,8/8/2p5/4P1kP/3PKpP1/8/1p6/1B1b4 w - - 3 56,h5h6 d1g4 e4d3 g4f5 d3c3 f5b1,2022,bishopEndgame crushing endgame long skewer
2WC9J,rn2r1k1/ppN3p1/4b2p/2p1P3/3q4/3B1QP1/PP5P/R3K2R b KQ - 1 19,d4e5 f3e4 e5e4 d3e4 e8e7 c7a8,1914,advantage defensiveMove long middlegame trappedPiece
2WCtW,3q1rk1/p3R1p1/2p4p/3b1B2/3p1P1Q/P6P/1PP2P2/6K1 b - - 0 35,f8f5 e7g7 g8g7 h4d8,1016,advantage discoveredAttack endgame short
2WLnY,8/6pp/8/k3pp2/P7/4PK2/6PP/8 w - - 4 41,g2g4 g7g6 g4f5 g6f5 f3e2 a5a4,1852,crushing endgame long pawnEndgame quietMove
2WMZR,3q3k/2Q3pp/5r2/5p2/8/1P1P2P1/1PP3PP/4R1K1 b - - 0 26,d8c7 e1e8 f6f8 e8f8,615,backRankMate endgame mate mateIn2 queenRookEndgame short
2WeNy,3r3k/1R5p/6p1/pp3p2/8/P7/1P1rRPPP/5K2 b - - 1 29,d8d5 e2e8,877,endgame mate mateIn1 oneMove rookEndgame
2WeuR,3rr1k1/5p1p/p4p2/1p2b3/8/1P3N2/P4PPP/1R2R1K1 w - - 4 23,e1e4 e5h2 g1h2 e8e4,1377,crushing discoveredAttack endgame short
2WfJk,8/2pr3p/3pN1p1/3Pk3/1RP5/3b4/P5PP/6K1 b - - 0 30,d3c4 b4c4 e5d5 c4c7 d5e6 c7d7,1702,advantage endgame hangingPiece long
2Wihr,8/7R/4k1K1/8/8/8/8/6r1 w - - 5 63,g6h6 e6f6 h6h5 g1h1 h5g4 h1h7,1610,crushing endgame long rookEndgame skewer
2WlWz,1n3rk1/5pR1/7p/2p5/2B1P3/2PP4/PPQ4K/R1B1qr2 b - - 0 32,g8g7 c1h6 g7h6 a1e1,2045,crushing discoveredAttack middlegame short
2WsoS,8/4k3/6P1/K7/P3p3/8/8/8 w - - 0 48,a5b6 e4e3 a4a5 e3e2 g6g7 e7f7 a5a6 e2e1q g7g8q f7g8,1384,advancedPawn crushing endgame pawnEndgame promotion veryLong
2WysX,3r3k/6pp/R4p2/p7/8/1P6/2p3PP/2R4K w - - 2 34,c1c2 d8d1,572,backRankMate endgame mate mateIn1 oneMove rookEndgame
2X0bF,3n3k/1q2b1p1/6b1/6Pp/P1Q5/3rBP2/1P5P/2R1R1K1 w - - 1 34,c1d1 d3d1 e1d1 b7f3 d1d8 e7d8,1667,crushing fork long master masterVsMaster middlegame
2X6V1,8/3q1pk1/1p1P2p1/p7/P2Q4/1P6/2K5/8 b - - 2 52,g7f8 d4h8,790,endgame master mate mateIn1 oneMove queenEndgame
2X6a3,2r2rk1/1b3p1p/p1q3p1/2b1pPQN/2B3P1/P3p2P/1PP4K/R5R1 b - - 1 27,c6f3 a1f1 e3e2 f1f3 c5g1 h2g1 e2e1q f3f1,2261,crushing middlegame pin veryLong
2XDJo,8/r7/4P3/4k3/p3Pp2/5P1K/8/7R w - - 3 54,h3g4 a7g7 g4h3 g7h7 h3g2 h7h1,1577,crushing endgame long rookEndgame
2XgGz,2q5/6k1/8/4Q3/3P4/3K4/2p5/8 b - - 1 74,g7f8 e5h8 f8e7 h8c8 c2c1q c8c1,1877,crushing endgame long queenEndgame skewer
2XhT0,r1bq1rk1/ppp1n1bp/2n2pp1/1B1Pp3/8/2PPBN2/PP3PPP/RN1Q1RK1 b - - 0 9,d8d5 b5c4 d5c4 d3c4,1290,crushing opening pin short
2Xm5x,r1bq1r1k/pp2p2p/7P/n1pP2Q1/4P3/8/P3BPP1/1R2K2R b K - 0 17,d8d6 g5g7,771,mate mateIn1 middlegame oneMove
2XnWW,8/pp6/5p2/1P2p3/4Pk2/1R3P2/2r1BN1p/4K3 w - - 4 71,e2d1 c2f2 e1f2 h2h1q,1304,advancedPawn advantage attackingF2F7 endgame promotion short
2XqYY,6k1/1p3pp1/7p/5b2/P7/1B2pP2/2Pr1nPP/1NR3K1 w - - 0 31,b1d2 e3d2 c1f1 d2d1q f1d1 f2d1,1285,advancedPawn advantage endgame long pin promotion
2Xs6L,r1b1r1k1/ppp2ppp/1Pn3q1/6B1/3Pp3/1N3N2/PP3PPP/R2QR1K1 b - - 0 15,e4f3 e1e8,871,backRankMate hangingPiece mate mateIn1 middlegame oneMove
2Y22s,2b2R2/1r3pk1/p4Q2/q2N1p2/3n4/7P/PP3PP1/6K1 b - - 2 33,g7f8 f6h8,1406,endgame master mate mateIn1 oneMove
2Y5qu,r4rk1/ppp2ppp/1b1p1q2/4P3/2nN1Pb1/P1P1B3/1PQ3PP/RB3RK1 b - - 0 18,c4e3 c2h7,543,kingsideAttack mate mateIn1 middlegame oneMove
2YCjs,r1bq1rk1/1p2npp1/pb3n1p/6N1/2BP3R/P1NQ4/1PP3PP/5RK1 b - - 6 18,e7g6 g5f7 f8f7 d3g6 b6d4 g1h1,2508,advantage capturingDefender defensiveMove long middlegame pin
2YEVC,rn1q1r2/pppn1kp1/3b1pb1/3Qp3/6B1/3PP3/PPPB1P2/RN2K1NR b KQ - 0 14,f7e7 d5e6,897,mate mateIn1 oneMove opening
2YNiE,3r1B1k/6pp/p7/5p2/P1q1p3/4Q2P/5PP1/R1n4K b - - 0 29,c1d3 f8g7 h8g7 e3g5 g7f7 g5d8,1655,advantage attraction endgame fork long sacrifice
2YUH6,4r2Q/p1q3bp/nk3n2/Np2p3/4P1B1/8/PPP2PPP/3R1RK1 w - - 5 21,a5c4 b5c4 h8e8 f6e8,1744,advantage hangingPiece middlegame short trappedPiece
2YUMB,rn1qkb1r/pp3ppp/2p5/3nP3/2B3b1/2N2N2/PP3PPP/R1BQK2R b KQkq - 0 10,d5c3 c4f7 e8f7 d1d8,1455,attackingF2F7 crushing deflection opening short
2YkLj,r2q1rk1/pp1n1ppp/4p3/3pP1N1/3P1PPn/3Q4/PP1N3P/2R2RK1 b - - 2 15,h7h6 d3h7,456,mate mateIn1 middlegame oneMove
2Ykuo,2k3r1/1pp5/3b4/pP1p1p2/P2q3p/4N1rP/R3Q1P1/1N4RK w - - 0 31,e3f5 g3h3 g2h3 g8g1,1510,discoveredAttack kingsideAttack mate mateIn2 middlegame pillsburysMate short
2Ylol,r1b2r2/pp1nb1pk/1q2p3/3pp1N1/2p2B1P/2P1P3/PP3PP1/1R1QK2R b K - 1 15,e7g5 h4g5 h7g8 d1h5,2062,advantage defensiveMove discoveredAttack discoveredCheck middlegame short
2Yo8j,3r4/1Qpq1kb1/4p3/N3Pppp/4p3/P3P3/1PP2PPP/R5K1 w - - 1 20,b7c6 d7d1 a1d1 d8d1,813,backRankMate endgame mate mateIn2 sacrifice short
2YpA7,r2qkb1r/pp2p1pp/2n5/5p2/3p4/4P1N1/PPP1QPPP/R1B1K2R w KQkq - 2 11,g3f5 d8a5 b2b4 a5f5,1477,advantage fork middlegame short
2Yr15,8/3Pk3/2p1B2p/1p3Pp1/2pbK1P1/7P/P7/8 b - - 1 47,c4c3 e4d4 c3c2 f5f6,2120,bishopEndgame crushing endgame hangingPiece short
2Yukk,8/7k/2p4p/p1b5/2p3p1/1P1b1rP1/PB1R1P2/2R3K1 w - - 6 38,b3c4 f3g3 g1h2 g3h3,1543,crushing endgame master masterVsMaster pin short
2Ywbt,8/4kp2/4p3/4P1P1/1PpP1P2/p1Kb1NP1/8/8 w - - 0 37,f3d2 a3a2 c3b2 c4c3 b2c3 a2a1q,1060,advancedPawn advantage attraction deflection endgame long promotion
2Z3o5,6rk/1pp2q2/p2p3b/2PPp2p/P4p1Q/6PP/1P3P2/3R1RK1 w - - 0 31,c5d6 h6g5 h4g5 g8g5,1697,crushing endgame master masterVsMaster short trappedPiece
2Z7WJ,8/1p6/p1kP4/2P2K2/3r3p/4p3/PPR4P/8 w - - 0 43,f5e6 d4e4 e6f5 e3e2 f5e4 e2e1q,2035,advancedPawn advantage endgame long master promotion rookEndgame
2ZAB8,8/1p4pk/1p5p/2pP4/P1P5/1PK1R2P/1r3r2/6R1 w - - 3 40,e3e7 f2c2 c3d3 c2d2 d3e4 d2e2 e4f4 e2e7,2291,crushing endgame rookEndgame skewer veryLong
2ZNrq,r1br2k1/p1p2p2/4pbpQ/q3N3/3P4/1Pp5/2P1BPP1/1K1R3R b - - 1 21,a5a3 h6h7 g8f8 h7f7,1350,kingsideAttack master masterVsMaster mate mateIn2 middlegame short
2ZRv5,4k1nr/1p3ppp/p3p3/3p4/1b1P1B2/1P6/4QPPP/qN3RK1 b k - 0 16,a1d4 f4e5 d4e4 e2e4 d5e4 e5g7 g8e7 g7h8,1530,crushing middlegame trappedPiece veryLong
2ZUHD,5r1k/6pp/8/3p1r2/P1p2q2/7Q/2R3PP/3R1BK1 w - - 2 32,c2c1 f4f2 g1h1 f2f1 d1f1 f5f1 c1f1 f8f1,1388,backRankMate deflection mate mateIn4 middlegame veryLong
2ZWus,1r2k3/2p4R/p2bP1pB/3P4/4n1P1/1p6/8/1N4K1 b - - 0 34,a6a5 h7h8 e8e7 h8b8,973,crushing endgame short skewer
2Zkul,8/6kp/6p1/2P5/1P6/R5P1/P1r4r/KR6 w - - 5 37,a3b3 c2a2,653,endgame mate mateIn1 oneMove rookEndgame
2a86t,rn2kb2/4qp1r/2pP4/1b2p1p1/p7/1B1P1QP1/PPP2RPP/5RK1 b q - 0 22,e7d7 b3f7 h7f7 f3h5 a8a7 f2f7 d7f7 f1f7 a7f7 h5g6,2724,advantage attackingF2F7 attraction discoveredAttack middlegame sacrifice veryLong
2a9c3,8/1P6/K1P1k3/8/8/8/2P3p1/6b1 b - - 1 51,g1b6 b7b8q g2g1q b8b6,1598,advancedPawn crushing endgame master promotion short
2aCj3,8/4kr2/5q2/5p2/6pP/4Q1P1/5PK1/1B6 b - - 5 65,f6e6 e3e6 e7e6 b1a2 e6e7 a2f7,1786,attraction crushing endgame exposedKing long master skewer
2aHPS,1k6/4R3/1K6/2p5/5p2/1P3P1p/P1P2r2/8 b - - 0 32,f2c2 e7e8,1160,endgame mate mateIn1 oneMove rookEndgame
2aP8h,6k1/5p2/5Qpp/8/q7/4B3/2r2PPP/2R3K1 w - - 2 30,e3h6 c2c1 h6c1 a4d1,687,backRankMate clearance endgame mate mateIn2 short
2aStz,r3k2r/pp3ppp/2pQ1n2/2n5/P3p3/1P3B1P/2q2PP1/2R1R1K1 b kq - 1 18,c2b3 c1c5 b3e6 c5e5 e6e5 d6e5,1964,crushing hangingPiece long middlegame pin
2aU7c,5k2/8/5PpP/5B2/p7/6K1/1r6/8 b - - 0 53,g6f5 h6h7 f5f4 g3h3 f8f7 h7h8q,1854,advancedPawn crushing defensiveMove endgame long promotion rookEndgame
2aULs,3Q4/5pk1/6pp/3P4/4q3/7P/r1r2PP1/1R1R2K1 w - - 1 44,d1f1 c2f2 f1f2 e4b1 f2f1 b1b2,1972,crushing deflection discoveredAttack endgame long
2afsg,6k1/5p1p/pq4p1/4Q3/8/P7/r4PPP/5RK1 w - - 4 31,f1d1 b6f2 g1h1 f2g2,1147,endgame mate mateIn2 short
2ax97,6q1/r1p1kp2/pnBp4/3PpQ2/1P2R3/2P4P/5Pr1/R5K1 w - - 0 35,g1f1 g2g1 f1e2 g1a1,784,advantage middlegame short skewer
2aynX,4R3/p3r2p/4k1p1/2p5/2PpKPP1/P7/5P1P/8 w - - 3 38,e8c8 e6d7 e4d3 d7c8,1084,crushing discoveredAttack endgame rookEndgame short
2b9qb,r1b1Rnk1/pp4pp/1b6/3p1p2/2N2P2/3B3P/PP3PP1/6K1 b - - 1 23,d5c4 d3c4 c8e6 c4e6 g8h8 e8a8,1364,crushing endgame long pin
2bA5V,k3r3/pp1RP3/7p/5p2/4n2K/2P5/P6P/8 b - - 0 40,e4f6 d7d8 e8d8 e7d8q,776,advancedPawn backRankMate endgame master mate mateIn2 promotion short
2bDnG,r2Q1k1r/ppp1nppp/8/4P3/8/P7/1q3PPP/3R1RK1 b - - 4 17,a8d8 d1d8,410,backRankMate endgame mate mateIn1 oneMove
2bVba,8/6R1/7p/2N4k/1P1pP3/3Pb2K/8/2r5 w - - 1 37,e4e5 c1h1 h3g3 h1g1 g3f3 g1g7,1061,advantage endgame exposedKing long skewer
2bZ2n,3q3k/4r1pp/p3QR2/1p2P3/8/4P3/P5PP/5RK1 b - - 0 31,e7e6 f6f8 d8f8 f1f8,884,backRankMate endgame fork mate mateIn2 queenRookEndgame short
2bd78,rnbqk2r/ppp1npp1/4p2p/1Bb3N1/5P2/2N5/PPP3PP/R1BQK2R b KQkq - 1 8,c7c6 d1d8 e8d8 g5f7 d8e8 f7h8,1389,advantage attraction fork long opening
2bhrS,r1b1k2r/p2p1p1p/1qp1pp2/2b3B1/8/2N5/PPP2PPP/R2QKB1R w KQkq - 0 10,g5f6 c5f2 e1d2 b6e3,1171,attackingF2F7 mate mateIn2 opening short
2bkKl,2rr2k1/pp2bppp/8/5N2/3B4/Pn6/1P3PPP/R4RK1 b - - 0 22,b3d4 f5e7 g8f8 e7c8,1095,advantage fork hangingPiece middlegame short
2c84J,3r3k/2q1p3/pp4p1/4b2p/P3N2Q/1B3RPP/1P2n2K/8 b - - 2 30,c7c6 h4e7 c6e8 e7g5,2082,crushing fork middlegame short
2cCex,2r3k1/2Q2ppp/4p3/8/3p4/7P/5PPK/1R6 b - - 0 35,c8c7 b1b8 c7c8 b8c8,400,backRankMate endgame mate mateIn2 rookEndgame short
2cDnR,r1bqk2r/4pp1p/p5p1/1p2N2n/2pPPn2/2P2QP1/PPB4P/RN2K2R b KQkq - 0 17,f4h3 f3f7,467,attackingF2F7 mate mateIn1 middlegame oneMove
2cSbc,2kr4/1pp2pNp/p1p1q3/8/4P3/b1P1Q2P/b3B1P1/5R1K b - - 0 23,e6b3 e3a7 b3b6 e2g4 a2e6 a7a8 c8d7 f1f7 a3e7 g4e6 d7d6 e6c8,2748,advantage middlegame pin queensideAttack veryLong
2cZvn,4r1k1/pp4p1/1np4p/3p2P1/6Q1/2N5/PPP3PP/R3q2K w - - 1 22,a1e1 e8e1,421,backRankMate endgame mate mateIn1 oneMove
2cfkv,1r3rk1/2p2ppp/p1N1bq2/7Q/4p3/1P2P2N/PKPR1PPP/3n1B1R w - - 5 19,b2c1 f6a1,1364,mate mateIn1 middlegame oneMove
2cgV0,r1bqk2r/pppp1ppp/2n2n2/6N1/2B1p3/P1P4P/2PP1PP1/R1BQ1RK1 b kq - 1 9,h7h6 g5f7 d8e7 f7h8,1570,attackingF2F7 crushing fork opening short
2ciX1,2b4r/8/2p1pk2/4N1p1/1PBP1pK1/2P5/8/4R3 w - - 4 34,e5f3 e6e5 c4e6 c8e6,1189,discoveredAttack discoveredCheck endgame mate mateIn2 short
2cnKX,r1b3k1/ppbnBrpp/2p5/2Pp3q/3P4/2N2N2/PP4PP/R2QR1K1 w - - 7 17,f3g5 h5h2,1123,kingsideAttack mate mateIn1 middlegame oneMove
2cu8D,8/2k5/1b6/3R4/2Pn1P1P/3Bp1P1/1p2K3/8 w - - 1 53,e2e3 d4c2 e3d2 b2b1q,1464,advancedPawn advantage discoveredCheck doubleCheck endgame master promotion short superGM
2d1RA,rnbqk2r/1ppp1pp1/p6p/2b1p3/2B1P1n1/2NP4/PPP1NPPP/R1BQ1RK1 w kq - 4 7,e2g3 d8h4 h2h3 g4f2 f1f2 h4g3,2114,advantage capturingDefender long opening pin
2d26q,4rkq1/1pp1bp2/7R/p1pPPNr1/6P1/P4Q1P/1PP5/7K b - - 2 33,g5f5 f3f5 e7g5 h6h5,2372,advantage endgame hangingPiece short
2d5Vl,5rk1/pp2Q1pp/2p5/5r2/8/2N2q2/PP5P/R3R1K1 w - - 4 22,e1f1 f3g4 g1h1 f5f1 a1f1 f8f1,1383,deflection discoveredAttack long mate mateIn3 middlegame
2d5dY,2b2rk1/4ppbp/p1n3p1/1Np5/2PqP3/P4P1P/3nBNPQ/1R3RK1 b - - 4 24,d2f1 b5d4 f1h2 d4c6,1630,advantage middlegame short
2d7xy,8/p5kp/3q2p1/2R5/N7/1PPp3P/3P1PP1/3B1K2 w - - 3 46,c5c4 d6h2 f2f3 h2h1 f1f2 h1d1,993,advantage endgame long master skewer
2d9ci,8/7p/5p2/4pk2/p1r5/KP6/3R1PPP/8 b - - 0 36,c4d4 d2d4 e5d4 b3a4,1545,capturingDefender crushing endgame rookEndgame short
2dACx,2rb2k1/8/6p1/8/1p2pP1p/2P1P2P/1P2K2B/5R2 w - - 0 32,c3b4 c8c2 e2d1 c2h2,817,advantage endgame short skewer
2dFHX,8/8/8/8/8/1k6/p6p/K5bR w - - 0 73,h1h2 g1d4 h2b2 d4b2,1336,endgame mate mateIn2 short
2dHpW,1k1r1b1r/pp3ppp/5q2/Q7/2BpNP2/3Pn2P/PP4P1/R3R1K1 b - - 3 18,f6f4 a5d8,889,hangingPiece mate mateIn1 middlegame oneMove queensideAttack
2dW3g,r1b1k1nr/p2p1p2/1qp3pp/2b1P3/8/2p1BN2/PP2QPPP/RN2K2R w KQkq - 0 14,e3c5 c3b2 c5b6 b2a1q e1g1 a7b6,2038,advancedPawn advantage long opening pin promotion trappedPiece
2dXXI,8/4k1pp/p2R4/2r1Pp1P/1n6/1P4B1/PK3PP1/8 w - - 6 31,d6b6 b4d3 b2a1 c5c1,1737,endgame mate mateIn2 short
2daVw,7k/3b2rp/p1q1rn1R/3p2P1/3Q4/2PB1P2/PP5P/5R1K b - - 0 34,f6g8 h6h7,992,kingsideAttack mate mateIn1 middlegame oneMove pin
2datB,r1k2b1r/pp6/6qp/1R3pp1/2P5/1P1Q2B1/P4PPP/6K1 b - - 0 21,h8h7 b5f5 g6e8 f5f8 e8f8 d3h7,2098,crushing discoveredAttack long middlegame pin
2dtfN,8/8/P1N2k2/7p/8/3K4/5b2/8 b - - 3 57,f6f5 c6d4 f5e5 a6a7 f2d4 a7a8q,1621,advancedPawn crushing endgame long promotion
2e02j,8/p4p1p/6p1/3k4/4R3/4K3/PP3PPP/2r5 w - - 1 28,e4e7 c1e1 e3d3 e1e7,907,crushing endgame rookEndgame short skewer
2e27s,4r1k1/1pq1b2p/2p3p1/p2p1p2/3Pn2Q/2PN1B1P/PP3PP1/3R2K1 w - - 2 24,h4h6 e7g5 h6g5 e4g5,1249,crushing middlegame short trappedPiece
2eF9I,4r2k/q2p1pbp/p2N4/1pr1P3/4R3/5PBP/PP3P2/4R1K1 b - - 6 27,e8g8 d6f7,481,kingsideAttack mate mateIn1 middlegame oneMove smotheredMate
2eNRc,5r1k/6p1/p6p/4b3/1P2b3/4qN1P/1P4P1/3Q1R1K w - - 3 35,f3e5 e3h3 h1g1 h3g2,1643,endgame mate mateIn2 pin short
2eafp,r4rk1/1b2bppp/8/1Bp2Pn1/PnN2B2/2N5/1P5P/R4RK1 w - - 0 26,a1e1 g5h3,1541,mate mateIn1 middlegame oneMove
2edkY,1r2k2r/p4pp1/3b2p1/8/2pPPPnq/5R2/P1Q3BP/R1B3K1 w k - 3 25,f3h3 h4e1 g2f1 h8h3,1623,crushing discoveredAttack kingsideAttack middlegame pin short
2eer7,8/1Q1n1kbp/1n2b1p1/p1p2p2/1qP1p3/1PN1P1PP/PB3PB1/2N3K1 b - - 1 23,g7c3 a2a3 c3b2 a3b4,1597,advantage master middlegame short trappedPiece
2elDi,r1b2rk1/4nppp/4p3/p1qpP3/8/P1N2N2/1P3PPP/2RQ1RK1 w - - 4 16,d1d3 c8a6 d3d2 a6f1,1213,crushing middlegame short skewer
2enYX,rn6/ppp2kbQ/6p1/8/5pb1/1P1P4/P1P1RP1P/R1BK1q2 w - - 3 17,d1d2 f1e2,823,mate mateIn1 middlegame oneMove
2f1F8,n7/P7/1pK5/7p/7k/8/8/8 b - - 7 51,h4g3 c6b7 b6b5 b7a8,696,crushing endgame knightEndgame short trappedPiece
2f4Ep,3r2k1/1Q3Rpp/3b4/8/P3P3/2q3P1/2r2P1P/3R2K1 w - - 2 30,b7d5 d6e7 d5e6 d8d1 g1g2 c3c4 e6c4 c2c4,2535,advantage discoveredAttack middlegame quietMove skewer veryLong
2fE5d,r4rk1/ppp2pq1/3b4/3p3Q/3p1PP1/3Bn3/PPP2R2/RN4K1 b - - 0 18,e3g4 f2g2 f7f5 d3f5 f8f5 h5f5,1804,advantage long middlegame
2ffpk,8/8/p7/1p4k1/4K3/P1P4p/1P4N1/8 w - - 0 52,e4f3 h3h2 g2e1 h2h1q,1164,advancedPawn crushing endgame knightEndgame promotion short
2fgc8,8/8/2k5/p2pN1b1/2pPp3/2P1P3/P3K3/8 b - - 3 56,c6d6 e5f7 d6c6 f7g5,1018,crushing endgame fork short
2fyZG,6Q1/ppp3b1/1qk4p/5p2/5Bp1/2NP1n2/PP4PP/4R1K1 w - - 1 29,g1f1 b6g1 f1e2 g1e1,1844,mate mateIn2 middlegame short
2fycH,8/1p3k2/p2R4/2B2p2/1P4p1/P2KPnP1/5P2/3r4 w - - 7 35,d3c4 f3d2 c4d5 d2e4 d5e5 e4d6,1949,advantage discoveredAttack discoveredCheck endgame long
2g0g8,r1b2k1r/3pqNbp/ppnNp1p1/2p2p2/5P2/4P3/PPPP2PP/R1BQ1RK1 w - - 2 13,f7h8 e7d6 h8g6 h7g6,1367,advantage hangingPiece middlegame short trappedPiece
2gAy3,r1bqk1nr/pp3ppp/2nbp3/2ppN3/3P1B2/2P1P3/PP3PPP/RN1QKB1R b KQkq - 3 6,f7f6 d1h5 g7g6 e5g6 h7g6 h5h8,1455,crushing long opening pin trappedPiece
2gTS7,2r3k1/6pp/p3p3/1q1pP3/3P2PP/1P1b4/PbpBBQ2/5RK1 b - - 5 31,d3e2 f2f7 g8h8 f7f8 c8f8 f1f8,1092,backRankMate long mate mateIn3 middlegame sacrifice
2gVc3,r4rk1/pp4p1/3bp2p/2ppBb1q/3n4/PB3N1P/1PP2PPK/RN1QR3 b - - 2 16,d4f3 d1f3 h5f3 g2f3 d6e5 e1e5,1343,advantage long middlegame
2gp9M,8/8/2p5/2R5/1k1p3p/3r1P1P/4K3/8 w - - 0 40,e2d3 b4c5 f3f4 c5d5,1116,crushing defensiveMove endgame hangingPiece short
2h88t,3n1r2/3kRP2/p7/1p3pN1/2p4r/P1Pp4/1P1K4/4R3 b - - 1 35,d7c8 e7e8 f8f7 g5f7,1090,crushing endgame pin short
2hKvo,rnb1r1k1/pp3ppp/3q1n2/2bp2B1/8/2NB2N1/PPPQ2PP/2K2R1R w - - 4 13,g5f6 c5e3 d2e3 e8e3,1439,advantage middlegame pin short
2hOjr,r4k2/2q1bp2/p1p3r1/3pPQ1N/8/8/PPP3PP/R6K b - - 0 24,a8b8 a1f1 f8e8 f5f7,1606,advantage attackingF2F7 middlegame quietMove short
2hQNP,r1bbk1nr/pppq1pp1/2np3p/3NP3/2B2B2/1Q3N2/PP3PPP/R3K2R b KQkq - 0 10,g8e7 d5f6 g7f6 c4f7,1718,advantage attackingF2F7 discoveredAttack middlegame sacrifice short
2hR44,2kr3r/p1p2p1p/6p1/1p1qp3/3P2b1/3P1N2/PPQ2PPP/2R2RK1 b - - 2 15,g4f3 c2c7,412,mate mateIn1 middlegame oneMove queensideAttack
2hcKF,r3q2k/2p3p1/p2bb2p/1p1Q4/4P3/3B4/PPP1N1PP/5RK1 w - - 9 26,d5b7 d6c5 g1h1 a8a7 b7a7 c5a7,1935,advantage long middlegame trappedPiece
2hlwb,r1br3k/pN2q1pp/1np2p2/4b3/1B2P3/5BP1/PPQ2P1P/2RR2K1 b - - 0 21,e7b7 d1d8,692,backRankMate hangingPiece mate mateIn1 middlegame oneMove
2iOm3,6k1/8/5PP1/6K1/6N1/2r5/1p6/8 b - - 2 57,b2b1q g4h6 g8f8 g6g7 f8e8 g7g8q e8d7 g8d5 d7c8 f6f7 b1c1 g5h5 c3h3 h5g4,2593,advancedPawn crushing deflection endgame exposedKing promotion veryLong
2iPvC,8/4r1k1/2p3p1/p2p4/Q7/2P2P2/PPK1r1P1/8 w - - 4 31,c2d3 e7e3 d3d4 e3e4 f3e4 e2e4 d4c5 e4a4,1858,crushing endgame queenRookEndgame sacrifice skewer veryLong
2iRQM,2b2rk1/1pp2Rpp/1p6/6r1/1nB5/8/2P3PP/1K1R4 b - - 0 22,f8f7 d1d8,1481,endgame mate mateIn1 oneMove pin
2ie4v,r1bq2kr/pp1pn3/2n1pp1p/8/1bBpP1Q1/6P1/PPPN3P/R1B2RK1 b - - 1 13,g8h7 f1f6 d8g8 f6h6 h7h6 d2f3 h6h7 f3g5 h7g6 g5e6,2075,advantage discoveredAttack discoveredCheck middlegame sacrifice veryLong
2ih12,1k6/1pp5/p1pn1Np1/6P1/5P2/1qP1Q2P/1P6/1K6 b - - 0 39,d6c4 f6d7 b8a8 e3e8 a8a7 e8b8,1404,endgame long mate mateIn3
2ijPG,7r/pp1kR2p/6p1/1P1p4/8/8/1Pr3PP/4R1K1 b - - 1 23,d7d6 e1e6 d6c5 e7c7 c5b5 c7c2,1434,advantage endgame long rookEndgame skewer
2inL2,3k4/1Kn1b3/3p2P1/2r5/8/P6P/8/5Q2 b - - 0 66,c5b5 f1b5 c7b5 g6g7 e7f6 g7g8q,1826,advancedPawn crushing endgame long promotion sacrifice
2ipp8,3r2k1/1b1PQ1pp/pq6/1p3p2/P1p5/7P/1Pr3P1/R2R3K b - - 3 26,c2g2 e7e8 d8e8 d7e8q,1195,advancedPawn mate mateIn2 middlegame promotion short
2it6w,8/1r3k1p/3p2pP/1N1Pp1P1/2n1Pp2/1N3Q2/q4PK1/7R w - - 1 35,f3g4 c4e3 g2f3 e3g4,1077,crushing master middlegame pin short
2ixlU,8/5p1P/3pp3/3kb2R/1p4P1/1P1K4/5r2/8 b - - 0 39,f2f3 d3e2 d5e4 h5e5 d6e5 h7h8q,1577,advancedPawn advantage defensiveMove endgame long promotion
2iyMn,3r1rk1/pp2bppp/5n2/1Np1Nb2/2P2P2/P7/1P2BRPP/R1Bq3K w - - 0 16,e2d1 d8d1 f2f1 d1f1,526,backRankMate mate mateIn2 middlegame short
2j1ld,8/2n3pp/p1k2p2/3p4/1BbK4/P3P1PB/5P1P/8 w - - 3 41,h3g2 c7b5,1304,endgame master mate mateIn1 oneMove
2j5I7,2Qr3k/p5pp/q4p2/3Q4/8/6P1/1P1R1PKP/8 b - - 0 35,d8c8 d5d8 c8d8 d2d8,674,backRankMate endgame mate mateIn2 sacrifice short
2j5YS,4r3/1p6/p2kp3/3pRp1p/qP6/6QP/6P1/7K b - - 0 35,a4d7 e5d5 d6d5 g3d3 d5e5 d3d7,2065,attraction crushing discoveredCheck doubleCheck endgame long sacrifice skewer
2jPHQ,2b2r1k/r3n3/pp3NPP/2p1np1B/4p3/2P3K1/PP3P2/3R3R b - - 0 32,f8f6 d1d8 e7g8 h6h7 a7h7 g6h7,2014,advancedPawn advantage kingsideAttack long middlegame
2jS4i,5r1k/6pB/2b1p3/P2pP3/2p5/2P1R3/3q1PPP/1Q4K1 w - - 3 37,e3h3 d2f2 g1h1 f2f1 b1f1 f8f1,880,backRankMate endgame long mate mateIn3
2jUH5,r1b1rk2/2ppn1pN/p1n5/1p2Pq2/8/BBQ5/P4PPP/3R2K1 b - - 0 19,f5h7 c3f3 h7f5 f3f5,1675,mate mateIn2 middlegame pin short
2jfxH,2r2rk1/p5pp/1p2p3/3bN1q1/3Ppn2/P7/1P3PPP/1QR1RBK1 w - - 4 22,c1c8 f4h3 g1h1 h3f2 h1g1 f2h3,1999,advantage deflection kingsideAttack long middlegame pin
2jo7a,2r2rk1/p4pp1/6p1/6P1/2P2PQP/1P6/q3N3/2KR3R w - - 0 28,g4f3 c8c4 b3c4 f8b8 d1d8 b8d8,2220,advantage clearance long middlegame quietMove sacrifice
2jqfm,8/4Bp1p/2k3p1/P7/1P6/r5P1/4KP2/8 b - - 2 34,f7f5 b4b5 c6b5 e7a3,977,crushing discoveredAttack endgame short
2k4Z1,8/1k4pp/1pN1p3/1P2P3/3P2PP/2n1K3/8/8 b - - 2 37,c3b5 c6d8 b7c7 d8e6,911,crushing endgame knightEndgame short
2k6rh,2B2bk1/7p/p1p2Pp1/1p1q2P1/1Pn4P/5N2/P4PK1/4R3 b - - 2 31,c4d6 c8e6 d5e6 e1e6,854,crushing endgame fork short
2k8FZ,5rk1/r1pn2pp/p1N1p3/2b5/Q6q/2N1P3/PP3PPP/R1B1K2R w KQ - 2 15,c6a7 h4f2 e1d1 d7b6 c3e4 f8d8 c1d2 d8d2 d1c1 b6a4,2789,advantage attackingF2F7 middlegame veryLong
2kGCf,6r1/r3nqpk/4N1Rp/ppp2P2/2n1p2R/2P4P/P5P1/2Q3K1 b - - 1 29,e7g6 e6g5 h7h8 g5f7 a7f7 f5g6,1737,crushing long middlegame pin
2kQ3s,1r4k1/3nppbp/p2p1np1/2pP4/2P1P3/q1N2B2/P1QB1PPP/1R4K1 b - - 4 18,b8b1 c3b1 a3f3 g2f3,1402,crushing middlegame short trappedPiece
2kUr4,8/r3p3/3p1b2/2pP2pN/PnP1k3/1P3R1P/3K2P1/8 b - - 1 54,f6d4 h5g3 e4e5 f3f5,1155,endgame mate mateIn2 short
2kZll,8/5ppk/3Pqn2/2p5/1p4N1/6PP/3Q1P1K/8 b - - 3 48,e6d7 d2h6 g7h6 g4f6 h7g7 f6d7,2066,crushing deflection endgame fork long master sacrifice
2kayG,Q2k4/2pn3p/3b1N1n/5pr1/7q/8/6BP/B4R1K b - - 3 29,d8e7 a8e8,1196,master mate mateIn1 middlegame oneMove
2ki8x,1rr3k1/p3ppbp/3p1np1/8/3BP1P1/qPN2P2/P1PQ3P/1K1R3R w - - 1 17,c3d5 f6d5 e4d5 g7d4 d2d4 c8c2 b1c2 a3a2,2251,advantage attraction deflection discoveredAttack middlegame queensideAttack sacrifice veryLong
2kqTg,1k1r3r/ppp2pp1/2qp2b1/4p1Q1/4P3/3P3P/PPP2P2/R4RK1 b - - 0 18,h8h5 g5d8,462,hangingPiece mate mateIn1 middlegame oneMove queensideAttack
2kxwd,r1b1kb1r/1p1p1ppp/pqn1pn2/8/2PNP3/P1N1B3/1P3PPP/R2QKB1R b KQkq - 0 8,b6b2 c3a4 f8b4 a3b4,1872,advantage opening short
2l5sX,8/p1p1kpp1/2Q1b2p/4P3/2Pq4/8/P1P2nPP/R4R1K w - - 3 26,f1f2 d4a1 f2f1 a1f1,1584,endgame hangingPiece mate mateIn2 short
2l6gP,5R2/8/p3r3/1pB1rkp1/1Pp1p2p/P1P1P1P1/5PKP/8 b - - 5 39,e6f6 f8f6 f5f6 c5d4 h4h3 g2h3,1732,crushing endgame long pin
2l73a,r5k1/pp3ppp/3qp3/1P1p4/3P4/2rNP2P/1Q1n1PP1/R4RK1 b - - 3 20,d2f1 b2c3 f1e3 f2e3,1308,advantage hangingPiece middlegame short
2l8uL,r5k1/1p3p1p/p1p3p1/3p4/5q2/4R2P/PP1Q4/1B4K1 b - - 0 29,d5d4 e3e8 a8e8 d2f4,781,advantage discoveredAttack endgame short
2lVw2,4R3/p5pp/3p1pk1/3Q4/1prP3q/2P5/PP3P2/1K6 b - - 0 30,b4c3 d5c4 h4h1 b1c2 c3b2 c2b2,1490,advantage endgame hangingPiece long
2lYOf,r4r1k/ppp1Npp1/7p/2p3q1/2B1Pn2/2PP1Q1b/PP3PP1/RN3RK1 w - - 4 14,e7d5 f4e2 g1h1 h3g4,2503,advantage middlegame pin short
2ljjN,r3k2r/ppp1qppp/2n5/8/2b5/2P2N2/1R2BPPP/3Q1RK1 b kq - 3 15,c4e2 b2e2 e8g8 e2e7,1395,advantage middlegame pin short
2ljxO,q5k1/p3ppbp/6p1/pR6/3Pb3/P3BN2/2r1BPPP/3R1K2 b - - 15 25,a8c6 b5b8 g7f8 e3h6 c6c8 b8c8,1730,advantage long middlegame pin
2lptH,8/1p6/p3p1k1/P2pPp2/3P2pP/1P2P1K1/8/8 w - - 0 41,b3b4 g6h5 g3h2 h5h4,1237,crushing endgame pawnEndgame short zugzwang
2lr12,3r2k1/Q4p2/5bp1/4p2n/7P/4BP2/PPr5/R3K1R1 w Q - 0 23,a1d1 f6h4 e3f2 h4f2 a7f2 d8d1 e1d1 c2f2,1886,advantage attackingF2F7 exposedKing fork middlegame veryLong
2lxCC,3r4/ppp3pk/3b2p1/6N1/8/3KP2P/PP6/6R1 b - - 5 27,h7h6 g5f7 h6h5 f7d8,861,crushing endgame fork short
2mEgH,8/p5pk/1p6/2p2pQP/P2p1Bn1/1P1P1PP1/2P4q/6K1 w - - 3 42,g1f1 h2f2,1132,endgame master mate mateIn1 oneMove
2mOc7,6k1/2p3p1/5p1p/1n6/2b1BN2/R4P1P/1r4P1/2K5 b - - 0 41,b2g2 a3a8 g8f7 f4g2,1652,advantage endgame intermezzo short
2mPWn,rnbqk2r/pppp1ppp/8/4P3/1bB1n3/2N2Q2/PB3PPP/R3K1NR b KQkq - 4 8,e4c3 f3f7,776,attackingF2F7 mate mateIn1 oneMove opening
2mPob,2r1r1k1/pp1q2pp/5p2/3NbP2/1P1RQ1P1/8/P6P/5RK1 w - - 0 22,d5f6 e5f6 d4d7 e8e4,1340,advantage discoveredAttack hangingPiece middlegame short
2mdWc,3r2k1/pp4pp/2p2p2/8/4rP2/BP3RP1/P1q4P/R3Q2K w - - 0 28,f3e3 d8d2 e1d2 c2d2 e3e4 d2d5 a1e1 f6f5,1981,advantage middlegame pin veryLong
2mq5g,8/K5kP/8/6P1/1P3p2/P7/8/8 w - - 1 48,g5g6 f4f3 b4b5 f3f2 b5b6 f2f1q,1130,advancedPawn crushing endgame long pawnEndgame promotion
2n4QC,8/6rk/p3p3/2p4P/1pPb1R1Q/1P1Pn3/P7/7K w - - 5 48,h1h2 d4e5 h2h3 e3g2 f4e4 g2h4,2254,advantage endgame fork long pin
2n8CR,r4rk1/pp1nb1pp/1q6/8/4QP2/P4N1P/1PP3P1/1R3R1K b - - 0 21,f8e8 e4d5 g8h8 d5d7,1403,advantage fork middlegame short
2nCfu,2r3k1/pp1B1ppp/1q2pB2/n3Pn2/3p4/3Q1P2/PP3P1P/3K2R1 b - - 1 22,c8c7 d3f5 e6f5 g1g7 g8f8 g7h7 b6f6 e5f6,2186,advantage deflection kingsideAttack middlegame pin sacrifice veryLong
2nDa2,2r1r3/1b2q1k1/p2Q3p/1p2ppp1/8/1B3P2/PP4PP/3RR2K b - - 3 35,c8d8 d6e7 e8e7 d1d8,1191,crushing discoveredAttack middlegame short
2nL6E,2Q3R1/pp2pN2/1k4p1/2p5/3b4/8/PP2B2p/R5rK w - - 8 28,a1g1 h2g1q,1238,advancedPawn endgame mate mateIn1 oneMove promotion
2nYUL,3r3k/p5p1/5r1p/2p2p2/2Q2P2/4q3/PP2NR1P/1B3K2 w - - 2 30,c4c3 d8d1 f1g2 f6g6 e2g3 e3c3,1854,advantage deflection exposedKing fork long middlegame pin
2nhJN,8/ppk5/2p5/3np3/8/1PPK2P1/P2R1Br1/8 b - - 1 33,d5f6 f2b6 c7b6 d2g2,1186,advantage discoveredAttack endgame short
2nkcS,r1b2r2/p1p3k1/1p6/3pp1qp/3P2N1/P1P1P2Q/1P4PP/1BR1R1K1 w - - 0 25,d4e5 c8g4 h3g3 h5h4 g3f4 f8f4,1523,advantage long middlegame trappedPiece
2ntVM,k3Qn1r/pbq3pp/1ppr1n2/5B2/3P1B2/2P5/PP4PP/4RRK1 b - - 3 20,d6d8 e8f8 d8f8 f4c7,2398,advantage master middlegame short trappedPiece
2nzCw,rnbk3r/pp1p1p1p/2p3q1/4P2N/2BP1Q2/8/PP4P1/4R1K1 b - - 0 20,g6h5 c4f7 h5f7 f4f7,2286,crushing middlegame short trappedPiece
2o01k,rn2kbnr/ppp1Nppp/3q4/8/8/5B2/PPPP1PPP/R1BQK2R b KQkq - 0 8,g8e7 f3b7 b8d7 b7a8,1237,advantage opening short trappedPiece
2o90W,r4rk1/pp1nbpp1/2p2n1p/3pN3/Q2P2P1/1N6/Pqb1PPBP/R1B2RK1 b - - 4 16,d7b6 a4a5 b2a1 b3a1,2056,advantage master middlegame short trappedPiece
2oAoj,r1b3kr/ppppqpNp/5n1B/2b3Q1/6n1/8/PPP2PPP/RN2KB1R w KQ - 4 11,f1e2 c5f2 e1d1 e7d6 e2d3 f2e3,2395,advantage attackingF2F7 long opening
2oEvl,4r2k/pp4pp/4Qp2/8/8/5q1P/5P2/2R3K1 b - - 3 29,e8e6 c1c8 e6e8 c8e8,594,backRankMate endgame mate mateIn2 queenRookEndgame short
2oM47,8/1p4k1/5rpp/p7/P3p1P1/1P2P3/4K3/2R5 b - - 3 41,f6c6 c1c6 b7c6 b3b4 a5b4 a4a5,2039,crushing defensiveMove endgame long rookEndgame
2oPLf,r2r1k2/pp4pQ/4p1Bp/1b6/6p1/P7/1q3PP1/1R4KR b - - 3 27,b2e5 h1h5 e5d4 h5b5,2199,crushing middlegame short skewer
2ocKw,2k4r/1b1r2p1/P3p2p/3pPp2/1RpP4/4q3/6B1/1Q5K b - - 1 31,b7a8 b4b8 c8c7 b1b6,1609,fork mate mateIn2 middlegame short triangleMate
2oiky,rnb1r1k1/pp4pp/2p2p2/b6q/2BP1P2/B1P1PR2/P1Q3PP/R5K1 b - - 0 17,c8e6 c4e6 e8e6 f3h3 h5h3 g2h3,2390,crushing long middlegame
2oroA,r4r1k/1bp2p1p/p1np3p/1p2P3/1b1PBq2/2N2N1P/PP3PP1/R2Q1RK1 w - - 3 19,c3d5 f4e4 d5f6 e4g6 f3h4 g6g7,2450,crushing hangingPiece long middlegame
2osra,7r/2Q3pp/p1P1pk2/6q1/P2b4/5P2/4p2P/1R3R1K w - - 0 31,f1g1 d4g1 b1g1 g5g1 h1g1 e2e1q,1524,advancedPawn attraction crushing endgame long promotion
2p0MS,6k1/1N1b1p1p/p5p1/3r1p2/3N4/8/P4PPP/4RK2 w - - 1 28,d4f3 d7b5 f1g1 b5c6 e1b1 c6b7,2376,advantage endgame long trappedPiece
2p4bf,rn1qk2r/pbp1bppp/1p2pn2/4N3/3PN3/3B4/PPP1QPPP/R1B1K2R b KQkq - 3 8,b8d7 e5f7 e8f7 e4g5,2147,attackingF2F7 attraction crushing opening sacrifice short
2p4yV,r4rk1/4b1pp/2p1p3/5p1b/1P1Pq3/3NPN1P/6P1/2RQ1RK1 w - - 1 21,d3f4 e4e3 g1h1 e3f4,1361,crushing fork master middlegame short
2pI9M,1r1qr1nk/1b3pbp/pp1p1np1/3Pp1N1/2P1N3/1P4P1/PB3PBP/1R1QR1K1 b - - 3 18,f6e4 g5f7,956,kingsideAttack mate mateIn1 middlegame oneMove smotheredMate
2pJip,2k4r/pRp2p2/8/6pp/P5q1/2P4B/3r2Q1/R6K w - - 2 30,h3g4 h5g4 h1g1 d2g2 g1g2 c8b7,1324,advantage discoveredAttack discoveredCheck endgame exposedKing long
2pMGN,7k/ppp5/7p/3Pp3/3bQ3/PP1P2PP/1P6/1R1K1q2 w - - 2 35,e4e1 f1d3 e1d2 d3b1,1407,crushing endgame fork short
2pQxI,4r1k1/p7/2n2Pp1/3p2B1/P1pP2RP/2P5/6P1/R3r2K w - - 1 28,h1h2 e1a1 f6f7 g8f7,809,advantage endgame hangingPiece master short
2pVGl,r2q1rk1/p4p1p/1pb3pQ/2pp1p2/8/2P1PN2/PP3PPP/R4RK1 b - - 1 17,d5d4 f3g5 d8g5 h6g5,1365,crushing middlegame short
2pVLf,2k5/p1p3p1/1p2p3/1Pb1P2p/P3KP2/5BrP/4r3/R3B3 w - - 2 30,f3e2 g3e3,608,endgame master mate mateIn1 oneMove operaMate
2pbvN,2rqkb1r/1p2pppb/p1n2nP1/1B1pN3/3P4/2N2Q2/PPP2P2/R1B1K2R b KQk - 0 14,a6b5 g6f7,1414,advancedPawn attackingF2F7 mate mateIn1 middlegame oneMove
2peTo,r1br2k1/pp3ppp/1q2p3/8/1B1b4/1Q1PP1P1/P4PBP/2R2RK1 b - - 0 16,d4e3 f2e3 b6e3 g1h1,1009,advantage middlegame short
2phJO,3n2k1/BR3pp1/3b3p/8/2p5/5NPP/2P2P1K/3r4 w - - 1 25,b7d7 d6g3 h2g3 d1d7,1254,crushing discoveredAttack endgame short
2pkC8,r2Qk1nr/pp3p2/n1p2B2/4p2p/4P3/2N5/PPP2P1P/3R1K2 b kq - 2 17,a8d8 d1d8,564,mate mateIn1 middlegame oneMove operaMate
2pkee,7R/8/7P/2k5/3p4/K1p5/1r6/8 b - - 5 55,c5c4 h8c8 c4d3 h6h7,1049,advancedPawn crushing endgame master rookEndgame short
2poxk,R2b1qk1/6pp/pB1p4/3Pn3/P7/8/1P2bPPP/4R1K1 b - - 1 25,e2h5 a8d8 f8d8 b6d8,1267,advantage middlegame pin short
2pvVr,2k1R3/p6p/2p3p1/B4pn1/3r4/P7/1PP3PP/6K1 b - - 1 29,c8d7 e8d8 d7e6 d8d4,955,crushing endgame short skewer
2q2jH,8/pp1q2k1/2p1r2p/3p1p2/1P1P1Q2/2P4P/P4PP1/R5K1 w - - 0 28,f4f5 e6e1 a1e1 d7f5,678,advantage discoveredAttack endgame short
2q8M7,k2Qr3/pp5p/4Bq2/4pp2/8/8/PPPR1PPP/3R2K1 b - - 5 24,e8d8 d2d8 f6d8 d1d8,560,backRankMate endgame mate mateIn2 short
2qBoi,4r1k1/1p3ppp/p7/3r4/4NQ2/1P3P1q/1PP2P1P/3R1R1K w - - 8 25,d1d5 h3f1,857,endgame hangingPiece mate mateIn1 oneMove
2qFyl,r2qkb1r/pp1n1p2/2pp4/4PQ1p/3P1R2/8/PPP3PP/R1B3K1 b kq - 0 15,d6e5 f5f7,921,attackingF2F7 mate mateIn1 middlegame oneMove
2qUFx,6k1/RqB2p1p/1Pr3p1/3pP1n1/2p3b1/2P5/1Q3PKP/8 b - - 5 30,g4f3 g2g3 b7c8 a7a8 c8a8 b6b7,2292,advancedPawn advantage defensiveMove long middlegame pin sacrifice
2qVWr,3rrbk1/pp3pp1/2p1q2p/2Pn4/2NP1B2/P1Q5/5PPP/3RR1K1 w - - 2 27,c3g3 e6e1 d1e1 e8e1,521,backRankMate master mate mateIn2 middlegame short
2qZ1Y,6rr/p2qk1Np/bppp1pnQ/3P4/4P3/2N2R2/PPP3PP/6K1 b - - 9 23,g6e5 h6f6,1436,mate mateIn1 middlegame oneMove
2qf6f,2r2r1k/p3Nppp/Qp6/8/1P2n3/P3PN2/1Bq2PPP/3RK2R w K - 1 19,e7c8 c2f2,1188,attackingF2F7 mate mateIn1 middlegame oneMove
2qhnj,r3k2r/ppp2ppp/2n5/3pp3/1bP3n1/2NPPqP1/PP1BNP1P/R2QK1R1 w Qkq - 0 11,c3d5 f3f2,922,attackingF2F7 mate mateIn1 middlegame oneMove
2qjhN,3b2r1/3k1p1p/3p1p2/4p3/2R1P3/5P2/PP4PP/2R3K1 w - - 3 31,c4c8 d8b6 g1f1 g8c8 c1c8 d7c8,871,advantage discoveredAttack endgame long
2qyfD,5k2/4r3/p1p4p/1p2RBp1/8/P1P4P/1P1r1K2/4R3 w - - 1 40,e1e2 e7e5 e2d2 e5f5,1200,advantage endgame master pin short
2rATh,2r5/1b2qpk1/p3pNp1/1p1pP3/1P3P1P/P1rR4/6B1/3Q1R1K w - - 3 30,f1f3 c3c1 d1c1 c8c1,1102,advantage master middlegame pin short
2rE5I,r1b1Rn2/1p3ppk/p2p1q2/2pP4/2P2P2/P1N5/1P1Q2PP/6K1 w - - 0 22,e8f8 f6e7 f8c8 a8c8,1855,advantage endgame master short trappedPiece
2rRxu,3r1k2/5ppp/4p3/1nN5/1p1P4/4PK2/6PP/1R6 b - - 1 34,d8b8 c5d7 f8e8 d7b8,731,crushing endgame fork short
2rVuI,r1b2rk1/pp2ppbp/1qnp2p1/2p1n3/2P1P3/P1NP1N1P/1P2BPP1/R1BQR1K1 w - - 7 11,a1b1 e5f3 e2f3 g7c3 b2c3 b6b1,1541,capturingDefender crushing discoveredAttack long opening
2rY9I,8/2Q2ppk/p6p/1p1P4/7P/KP6/P4r2/1b6 w - - 6 38,d5d6 a6a5 c7a5 f2a2 a3b4 a2a5 b4a5 b1f5,2050,crushing defensiveMove endgame quietMove skewer veryLong
2rdHt,6k1/8/8/3P4/1pp1n1B1/4P3/1P2K1P1/8 w - - 2 43,g4f5 e4g3 e2d2 g3f5,1042,crushing endgame fork master short
2rgmw,r1bq2k1/ppp3pp/1bp4r/7n/3PPp2/2PB1P2/PP3BPP/RN1Q1R1K w - - 4 13,b1d2 h5g3 f2g3 f4g3,966,crushing kingsideAttack opening pin short
2rhJz,8/1P6/8/R5pk/K7/8/8/7r w - - 1 50,b7b8q h1a1 a4b5 a1b1 b5c5 b1b8,1194,crushing endgame long queenRookEndgame skewer
2sB8E,8/5kpp/3p1p2/pprPnP2/8/1B2N2P/P3K3/6R1 w - - 2 47,e2d2 e5f3 d2d3 f3g1,861,crushing endgame fork master short
2sMoz,r7/pppn1p1k/2np1qrp/4p2Q/2B1P3/2P1BP2/PPP4P/R5RK w - - 2 20,c4f7 f6f7 g1g6 f7g6,1596,advantage hangingPiece middlegame short
2sOW2,3n3r/1B6/1QPkpp2/4q3/8/2P4p/5Pr1/R2R3K b - - 2 31,d6e7 d1d7 e7f8 b6d8,1790,deflection mate mateIn2 middlegame short
2sP6x,2Q2bk1/p2npp1p/1p1r2p1/3qN3/8/1P2P3/PB3PPP/2R3K1 w - - 13 28,e5d7 d5d1 c1d1 d6d1,806,backRankMate mate mateIn2 middlegame sacrifice short
2sR5u,4r3/1R2P1k1/p2pB2p/2rnp1p1/6P1/4P2P/R7/6K1 b - - 0 47,e8e7 e6d5 e7b7 d5b7,1478,advantage endgame short
2sgzs,r2q1r2/pp3kpQ/4b1n1/3pP3/3P1p2/1B2P2R/P2N2PP/R5K1 w - - 1 24,a1f1 f8h8 h7h8 g6h8,1828,advantage middlegame short trappedPiece
2t4nH,r4k2/1pp2rp1/p2bp3/3p1qP1/3Pb2P/P3B2R/1PP1QP2/2KR1B2 w - - 3 26,f2f3 e4f3 h3f3 f5f3,1477,advantage middlegame short
2tFZu,r6k/1p2RQ1p/p2p1pp1/3P2b1/2P3n1/8/PP3qPP/2R4K b - - 1 22,f2h4 f7g7,1450,mate mateIn1 middlegame oneMove
2tYSQ,rnbqk2r/pp1pbpp1/2pn3p/8/4NQP1/1B6/PPPP1P1P/R1B1K1NR b KQkq - 0 9,d6e4 f4f7,1038,attackingF2F7 mate mateIn1 oneMove opening
2txDF,2rqk2r/1b3pp1/p3pb2/3pN2p/1pnP1B2/2P2PQP/PPB3P1/R3R1K1 b k - 3 26,c4b2 e5f7 e8f7 g3g6 f7f8 e1e6,2170,attackingF2F7 attraction crushing deflection long middlegame sacrifice
2uHx6,rn2k2r/1b3ppp/2n1p3/2bpP1P1/1p3P2/1N2B3/1PPQN2P/q1KR1B1R w kq - 6 20,b3a1 a8a1,511,backRankMate mate mateIn1 oneMove opening
2uONj,r3k2r/ppp2pbp/3p1qp1/3P4/8/4B3/PPP1QPPP/R3K2R b KQkq - 0 13,f6b2 e3d4 e8f8 d4b2,1227,advantage discoveredAttack middlegame short
2uR4l,r2q1rk1/b1p2ppp/p1p5/8/3p4/PPQ1P1P1/5P1P/R1B2RK1 w - - 0 17,e3d4 a7d4 c3c6 d4a1,1407,crushing middlegame short skewer
2v3fU,rn1q1rk1/pp2bppp/2p1b3/4p3/2P5/1P2P1P1/PB3PBP/R2QK1NR w KQ - 1 11,b2e5 d8a5 e1f1 a5e5,1975,crushing fork opening short
2v8Pz,8/2p5/6kP/6P1/pp3P1K/8/P7/8 w - - 1 46,h4g4 b4b3 f4f5 g6h7 f5f6 h7g6,2009,crushing endgame long pawnEndgame
2v8eD,8/8/6pp/4K3/1p3P2/k6P/3n2P1/2N5 b - - 3 49,b4b3 c1b3 a3b3 e5f6,1745,advantage endgame knightEndgame sacrifice short
2vDRV,r2qk1nr/1p1bppbp/p1np2p1/1Bp3N1/3P1B2/1QP1P3/PP3PPP/RN2K2R b KQkq - 1 8,a6b5 b3f7,555,attackingF2F7 mate mateIn1 middlegame oneMove
2vKrk,7k/5p1p/p4Np1/1p2PbPP/3R4/P3n3/1P2PK2/7r b - - 0 37,h1d1 f2e3 d1d4 e3d4 g6h5 f6h5,1606,crushing endgame hangingPiece long master
2vQkg,2k1r3/ppp2p1p/4rp2/4n3/8/2PP1N2/PP3PPP/3RR1K1 w - - 1 21,d3d4 e5f3 g2f3 e6e1 d1e1 e8e1,818,crushing discoveredAttack endgame kingsideAttack long
2vfRY,8/p2k1r2/2prN3/R2n3p/3p2p1/3P2P1/PPPK1P1P/4R3 b - - 10 29,d6e6 a5a7 d5c7 a7c7 d7c7 e1e6,1279,advantage deflection endgame long
2vlYv,2q1rk2/6pp/8/1p2p2P/1P1Pp2P/4P3/Q4P2/4K2R w K - 0 28,d4e5 c8c1 e1e2 c1h1,850,crushing endgame short skewer
2vymY,3Q4/2K5/5k2/5pp1/8/8/8/7q b - - 8 60,f6e5 d8d6 e5e4 d6c6 e4d4 c6h1,1248,crushing endgame long queenEndgame skewer
2w43z,3R4/2B2p1k/6p1/1p2Pb1p/4N3/2P5/2r3PP/5R1K w - - 3 43,f1f5 c2c1 d8d1 c1d1 f5f1 d1f1,759,backRankMate endgame long mate mateIn3
2w6XQ,2rr2k1/pp3ppp/1n1N2q1/2p5/5P2/PQ5P/1PP2RP1/3R2K1 w - - 1 23,d6c8 d8d1 f2f1 d1f1 g1f1 b6c8,1135,advantage hangingPiece kingsideAttack long middlegame
2wFaz,8/7p/8/p6R/4k3/r7/5K2/8 b - - 10 54,e4d3 h5h3 d3c4 h3a3 c4b4 a3a1,2179,crushing endgame long rookEndgame skewer
2wJnD,3q1r2/1p2b1p1/p1k1b1B1/4P2Q/P1n5/6B1/2P3PP/3R3K w - - 3 28,d1d8 f8f1,1243,backRankMate mate mateIn1 middlegame oneMove
2wUMP,2r1kb1r/pp3pp1/4p3/4P1Qp/3P1P2/PP6/1N4bP/2R4K w k - 0 26,g5g2 c8c1 g2g1 c1g1,824,crushing endgame hangingPiece kingsideAttack short
2wZAD,8/7p/4p1pP/3kPp2/2pr1P2/2KP1R2/3P4/8 b - - 1 31,c4d3 f3d3 d4d3 c3d3 d5c5 d3c3,1333,advantage defensiveMove endgame long pin rookEndgame zugzwang
2wcLE,3R4/5pkp/1r6/4bP2/8/8/P1P3PP/4R2K w - - 5 29,e1e5 b6b1 d8d1 b1d1 e5e1 d1e1,786,backRankMate endgame long mate mateIn3 rookEndgame
2wuSw,8/6p1/P6p/8/1K3pP1/7P/5k2/8 b - - 0 48,f2g3 a6a7 f4f3 a7a8q f3f2 a8h1,1663,advancedPawn crushing defensiveMove endgame long pawnEndgame promotion
2wuvu,r5q1/pppk3p/2n5/8/3P4/Q7/P1P2PrP/R4R1K b - - 1 20,g8d5 a3h3 g2g4 f2f3 h7h5 c2c4,1971,advantage long middlegame pin
2x2fp,4k3/p4p1p/6p1/1P1n2P1/7P/2n1rP2/1Q6/5BK1 w - - 1 42,b2a3 c3e2 f1e2 e3a3,1316,crushing discoveredAttack endgame short
2xYzE,4r1k1/pp3ppp/2n5/8/2bP1P2/Q1P5/P5PP/R3q2K w - - 6 26,a1e1 e8e1,844,backRankMate endgame mate mateIn1 oneMove
2xd5y,r5R1/p6R/1p2r3/3p3k/P1pP3p/2n5/6PK/2B5 b - - 8 39,e6h6 h7h6,1095,endgame mate mateIn1 oneMove operaMate
2xn8L,r3r1k1/1p2bppp/8/2pq4/1p4b1/1P2QN2/P4PPP/R1B1R1K1 b - - 0 18,e7f6 e3e8 a8e8 e1e8,899,backRankMate mate mateIn2 middlegame short
2xtLR,5rk1/1p3rp1/p2p3p/P1p1p3/1P1pP3/3P1P1P/2Pq1QPK/1R3R2 b - - 8 24,d2c3 b1b3 c5b4 b3c3,1013,crushing endgame short trappedPiece
2xv2I,3r2k1/5p1p/4q1pP/8/3RQP2/4p3/6P1/6K1 b - - 0 40,d8d4 e4a8 d4d8 a8d8 e6e8 d8e8,1138,endgame long mate mateIn3
2yVOp,r1bqk1nr/ppp2p2/2np3p/8/2BbP2P/2N1BQ2/PPP3P1/R4RK1 b kq - 1 11,c6e5 c4f7 e8f8 e3d4 e5f3 f1f3,2482,advantage attackingF2F7 long middlegame sacrifice
2yaqu,3r2k1/pb5p/6pQ/2b1Bp2/5P2/8/qPB3PP/5R1K b - - 0 26,a2f7 c2b3 b7d5 f1d1,1829,advantage middlegame pin short
2ycxu,8/1k1N4/6p1/8/PP1B4/5Pbp/4b3/6K1 w - - 4 47,d4e5 h3h2 g1g2 e2f3 g2g3 h2h1q,1447,advancedPawn crushing deflection endgame exposedKing long promotion
2ygsN,7r/1p3Pk1/1bp3p1/p2p1PQ1/3r4/P5NP/1P3nP1/4R2K w - - 3 34,h1g1 f2h3 g2h3 d4g4 g1g2 g4g5,1586,crushing discoveredAttack discoveredCheck kingsideAttack long master middlegame sacrifice
2yndG,8/p2P1kp1/5p1p/1qN4R/3p1P2/P5PK/7P/8 b - - 0 34,f7e7 d7d8q e7d8 c5e6 d8e7 h5b5,1633,advancedPawn attraction crushing discoveredAttack endgame long promotion
2yqpe,rn5k/pQ1n2pp/3b4/8/8/2N4P/PPPP1qPK/R1B1R3 w - - 2 18,h2h1 f2e1,675,hangingPiece kingsideAttack mate mateIn1 middlegame oneMove
2ysIR,rnb1k1nr/pppp1ppp/4pq2/2b5/2P5/2N3P1/PP1PPP1P/R1BQKBNR w KQkq - 1 4,f1g2 f6f2,697,attackingF2F7 mate mateIn1 oneMove opening
2ysep,r3kb1r/pp4pp/2pq2b1/3NP3/2Pn1P2/3B4/PP4PP/R2QK2R b KQkq - 0 14,d6c5 b2b4 c5b4 d5b4,2471,advantage middlegame short trappedPiece
2ywVg,rn1qk2r/pp2ppbp/2p3p1/8/3P4/1QN1PB2/PP4PP/R4RK1 b kq - 0 12,d8b6 f3c6 b8c6 b3f7,1506,advantage attackingF2F7 middlegame short
2z39W,r4rk1/1b1pbppp/pq2p3/1p1nP1N1/3PN3/3QB3/PP3PPP/R4RK1 b - - 2 15,d5b4 e4f6 g7f6 d3h7,1092,discoveredAttack kingsideAttack mate mateIn2 middlegame sacrifice short
2z8Qf,1r2kb1r/p2n1pp1/2Q1p2p/2Pp1b2/N2Pn3/4PNP1/PPq2P1P/R1B1KB1R w KQk - 3 14,f3e5 c2f2 e1d1 e4c3 a4c3 f5c2,2198,attackingF2F7 clearance long mate mateIn3 middlegame sacrifice
2zDmP,r1bqkb1r/ppp2ppp/2n5/3BPn2/8/5N2/PP3PPP/RNBQK2R b KQkq - 0 8,c6e7 d5f7 e8f7 d1d8,1234,attackingF2F7 crushing deflection discoveredAttack opening short
2zjoI,6r1/pq4bk/b3p3/8/4P3/P5Q1/1P4PP/1R3RK1 w - - 4 42,f1f4 g7d4 g1h1 g8g3,1303,crushing discoveredAttack master middlegame short
2zkGk,r6k/p2R1p1p/1p2pq2/8/1PP3Rn/8/P1Q1BPb1/6K1 w - - 0 29,g4h4 f6h4 c2c3 f7f6 g1g2 a8g8,1846,advantage hangingPiece long middlegame
2zmd6,4r1k1/R4npp/1pP5/3n4/1P2p3/6PP/5P2/6K1 b - - 0 32,e8e7 a7a8 f7d8 a8d8 g8f7 d8d5,1578,advantage endgame fork long
2zvVw,8/1R6/p3Np2/1b2k1p1/6P1/4p2P/5PK1/8 w - - 2 45,e6c7 b5c6 g2g3 c6b7,1602,crushing endgame fork short
306Zf,r2qkbnr/ppp1pppp/8/4N3/1nBP2b1/8/P1P3PP/RNBQK2R b KQkq - 1 7,g4d1 c4f7,1275,attackingF2F7 mate mateIn1 oneMove opening
30BD9,rn3k2/1p6/p1b2p2/4p1p1/6P1/PBnPNP2/2P2K2/7R b - - 0 29,b8d7 h1h8 f8g7 h8a8,962,advantage middlegame short skewer
30DQF,2br1r2/1p2nkpQ/4p2p/pR2P2P/P1q4B/2Pp4/1PB2PP1/5RK1 w - - 0 28,h4e7 d3c2 h7c2 f7e7,1809,advancedPawn advantage hangingPiece intermezzo middlegame short
30OV4,r1Bk4/5R1p/ppp2N1r/3P4/2P5/8/PP1K4/8 b - - 0 38,a8c8 f7d7,1369,endgame master mate mateIn1 oneMove
30W3C,r1b1kb1r/pp3pp1/3p4/4p2p/4P2P/2N2Nq1/PPPKBnP1/R1B1Q2R w kq - 4 13,h1f1 g3f4,1353,mate mateIn1 middlegame oneMove
30ak9,rn2k2r/ppp2ppp/4bp2/b2q4/3P4/2P1Q1P1/PP3PBP/RN2K1NR w KQkq - 3 11,b1d2 d5g2 e3e4 g2e4,1233,crushing hangingPiece opening short
30cC5,6R1/8/4kp2/r6p/7P/6P1/7K/8 w - - 3 55,g8g6 e6f7 g6h6 f7g7 h6h5 a5h5,1833,crushing endgame long rookEndgame trappedPiece
30cyU,2r2rk1/pb3ppp/1p2pn2/1BpqB3/3P4/4P3/PP1Q1PPP/2R2RK1 w - - 1 16,d2e2 d5g2,558,kingsideAttack mate mateIn1 middlegame oneMove
30eT3,1r6/8/8/8/8/3k4/pK6/R7 w - - 10 71,b2a2 d3c2 a2a3 b8a8 a3b4 a8a1,1617,crushing endgame exposedKing long rookEndgame skewer
30h5d,2r2k2/R4pp1/2b1pn1p/3p3P/5qP1/3Q1B2/2P1P3/5RK1 b - - 2 25,f6g4 a7f7 f4f7 f3g4 f7f1 g1f1,1909,crushing deflection long middlegame pin
30wPp,5rk1/1p4pp/p7/5q2/6n1/1P4B1/P2Q2PP/4R2K w - - 3 26,h2h3 f5f1 e1f1 f8f1,1304,endgame master mate mateIn2 sacrifice short
30wRU,b3r1k1/p1r1qpbp/1p4p1/n3p3/Q1P5/4P2P/P2N1PPB/2R1RBK1 w - - 0 21,d2b3 a8c6 a4a5 b6a5,1563,crushing master middlegame short trappedPiece
316mn,r1q2rk1/ppp2ppp/1bnp4/4p1Bn/2B1P2N/2PP3b/PP1N1PP1/R2Q1RK1 w - - 0 12,d1h5 h3g4 h5g4 c8g4,1481,advantage middlegame short trappedPiece
31Dle,3rr1k1/pb3ppp/1pp5/4Q3/2P1Pq2/5N1P/PPP2PP1/1K1R3R b - - 0 18,e8e5 d1d8 e5e8 d8e8,1070,backRankMate hangingPiece mate mateIn2 middlegame short
31Ql5,5k1r/p2n1ppp/1p2bB2/8/BP6/2P5/P5PP/3R2K1 b - - 0 26,d7f6 d1d8 f8e7 d8h8,837,advantage endgame short skewer
31XWX,r3r1k1/1pp2ppp/p2p1b2/8/P1BQP3/2N4q/1PP2P2/R3R1K1 w - - 0 16,d4d5 f6e5 d5f7 g8h8 f7f5 h3h2,2774,advantage long middlegame
31eYy,3r2k1/1p3pPp/p7/2p2NP1/4p3/2PrR2Q/PP1q4/6K1 b - - 2 34,d3e3 f5e7 g8g7 h3h6 g7h8 h6f6,1657,endgame long mate mateIn3
31jqs,6k1/1b3ppp/p3p3/1p6/1P2B3/P1N1P2P/5r1b/B1Rr3K w - - 0 26,c3d1 b7e4,1174,hangingPiece mate mateIn1 middlegame oneMove
31rPW,8/p4ppk/1p4qp/6b1/4P3/1P1R1Q1P/P1r5/4R2K w - - 5 36,e1e2 c2c1 h1g2 g5e3 f3g4 c1g1 g2f3 g1g4,2230,advantage discoveredAttack discoveredCheck endgame exposedKing skewer veryLong
31ue3,8/R5p1/7p/7P/6P1/p4K2/1b5k/8 w - - 25 64,f3f2 b2d4 f2e1 d4a7,963,crushing endgame fork master short
32EGY,6k1/5ppp/1p3n2/1B6/1P6/P3r3/5KP1/1nR5 b - - 3 34,e3b3 c1c8 f6e8 c8e8,541,backRankMate endgame master mate mateIn2 short
32Ow9,3r1rk1/p1qn1ppp/1p1R1n2/4p3/1pP5/P1Q1PN2/1B3PPP/3R2K1 w - - 0 18,a3b4 f6e4 c3c2 e4d6,1250,advantage fork middlegame short
32SzM,1n1r2k1/pp3ppp/q2Nb3/6R1/2N5/1P5P/P2Q1PP1/6K1 b - - 2 27,e6c4 g5g7 g8g7 d2g5 g7f8 g5d8,1642,attraction crushing fork long middlegame sacrifice
32U2I,r3k2r/ppp2ppp/2np4/4p3/4P2b/3P1Bq1/PPPB2P1/R2K2QR b kq - 3 14,h4g5 h1h3 g3h3 g2h3,1428,advantage middlegame short trappedPiece
32Y3o,3rkr2/p6R/1n1q2p1/4Rp2/6Q1/8/PP2N1PP/6K1 b - - 3 33,d6e5 g4g6 f8f7 g6f7,1359,attackingF2F7 mate mateIn2 middlegame short
32aPJ,r2qk2r/ppn1bppp/2p1pn2/3pNP2/3Pb3/2P1N1PB/PP2P2P/R1BQ1RK1 b kq - 2 13,f6d7 e5f7 e8f7 f5e6 f7g8 e6d7,1991,advancedPawn advantage attackingF2F7 attraction discoveredCheck doubleCheck fork long opening
32qle,1r3rk1/1p1R1pp1/p4q1p/4n3/2B5/1QP3PP/PP3P2/5RK1 w - - 2 22,d7b7 b8b7 b3b7 e5c4,1962,advantage middlegame short
33217,1k2r3/pp1R2p1/6q1/1Q2b3/8/2P1P3/PP6/2K5 b - - 3 30,g6c6 d7b7 c6b7 b5e8,1529,advantage deflection discoveredAttack endgame short skewer
335zZ,r1b3k1/1p2qrpp/p1p5/4N3/2B1P3/2P1b3/PP4PP/R2Q3K b - - 5 18,e7e5 d1d8 e5e8 d8e8,1218,kingsideAttack mate mateIn2 middlegame pin short
3385t,5r1k/p5pp/8/3R1p2/q3r2P/P4QP1/4PP2/3R2K1 w - - 7 32,d5f5 a4d1 g1h2 f8f5 f3f5 e4e8,1728,advantage endgame hangingPiece intermezzo long
